:020000040800F2
:1000000000A00020E5E800084DE900084DE90008DF
:100010004DE900084DE900084DE900080000000026
:100020000000000000000000000000004DE9000892
:100030004DE90008000000004DE90008D5800008E7
:100040004DE900084DE900084DE900084DE90008B8
:100050004DE900084DE900084DE900084DE90008A8
:100060004DE90008CF8000084DE900084DE900087F
:100070004DE900084DE9000851AF00084DE90008BE
:100080004DE900084DE900084DE900084DE9000878
:100090004DE900084DE900084DE900084DE9000868
:1000A000B1B1000869B10008C1B1000859B1000838
:1000B0006DB100087DB100088DB100084DE9000860
:1000C0004DE900084DE900084DE900084DE9000838
:1000D0004DE9000891AF00089DAF00084DE9000808
:1000E000C98000084DE900084DE900084DE9000805
:1000F000ADB100084DE900089DB100084DE90008C8
:100100000000000000000000000000004DE90008B1
:100110004DE900084DE900084DE900084DE90008E7
:100120004DE900084DE900084DE900084DE90008D7
:100130004DE900084DE90008000000000000000043
:100140004DE900084DE900084DE9000800000000F5
:10015000000000000000000000000000000000009F
:1001600000000000000000004DE900084DE9000813
:100170004DE9000800000000000000000000000041
:08018000000000004DE9000839
:1001C00010B50F4B1A786A2A17D15A88B2F5AA6F60
:1001D00013D11A79BE2A10D193F84E25EF2A0CD1EB
:1001E000084C002213F8011BA342104682EA0102C8
:1001F000F8D1431A5842584110BD0020FCE700BF17
:1002000000F0030850F50308024A93680343936023
:10021000704700BF68040020024A936823EA000385
:100220009360704768040020044A0123B2F8501517
:1002300083400B43A2F85035704700BF680400208C
:10024000044A01238340B2F8500520EA0300A2F8D3
:10025000500570476804002010B50C4CB4F85205E6
:10026000B4F85435184380B260B9FFF7E9FFB4F829
:10027000500510F0010004D1D4F85805003818BF1B
:10028000012010BD0020FFF7CFFFF0E76804002039
:10029000704B71481A68596870B5D0F85C45A21A5D
:1002A0008A4215DB1A7A9AB190F86025B0F8506549
:1002B0000132D2B280F86025002101252E4208D1FA
:1002C00001316D000929ADB2F8D15A6822441A6093
:1002D00070BD89B20139072905D8DFE801F01BACF0
:1002E00090819D452E7064225A605D7A5B4A4FF47E
:1002F00080404FF4005190612DB111854FF40041C1
:100300001185002204E091614FF4004191610122C6
:100310005A72DAE75D7A64225A604FF480404F4A9D
:100320004FF4004125B1108591614FF40051E7E78A
:10033000906191614FF40051E8E790F861154748EA
:1003400021B364225A604FF4804282614FF400521C
:1003500082614FF400420285B7E74FF48042018585
:1003600002854FF40052F6E790F861153B4869B1F9
:1003700064225A60828A92B282F4005282824FF4DE
:10038000804282614FF4004282619EE702F00302E4
:100390007821022A59604FF40041DED0032A0AD0A6
:1003A000012A01854FF4804201D0826100E002857C
:1003B0004FF40052E8E781614FF48042F5E790F88E
:1003C0006125002A81D064225A60244A4FF480417A
:1003D00011854FF4004191614FF40051916174E730
:1003E0001E4964225A604FF480428A614FF40042F1
:1003F0008A618A8A92B282F400528A8265E7642214
:100400005A60164A4FF4804191614FF40041916166
:100410004FF40051118558E7104964225A604FF497
:1004200000528A618A8A92B282F480428A824FF4B0
:1004300000428A6149E7642112F0010F5960074ABE
:100440004FF480414FF4004001D11085C3E7906123
:10045000DDE700BF0000002068040020000800481D
:10046000FDEEC07A17EE903A2033402B43D8DFEDF3
:10047000237A9FED237AB4EEE70AF1EE10FA28DC36
:10048000DFED207A9FED1E7AB4EEE70AF1EE10FA66
:1004900022D4DFED1D7AB4EEE70AF1EE10FA1EDD8C
:1004A00030EE670A37EEC00A60EE007ADFED176AB9
:1004B0009FED177AA7EEA67ADFED166AE7EE876A58
:1004C0009FED157AA7EEA67A20EE276AA6EE070A18
:1004D000704730EE470ACEE730EE070AD4E79FEDCB
:1004E0000F7AB4EEC70AF1EE10FA44BF30EE270AD5
:1004F00037EE400AD8E79FED0A0A7047DB0F494004
:10050000DB0FC940DB0F49C0DB0FC93F9A7C2E3699
:10051000FAAF4FB93587083CA4AA2ABEDB0FC9BF82
:100520000000000003685A1C026019707047002325
:100530001B68FFDE30B5484BD3F86425B3F96E1560
:100540009578D278B3F98C05002A41D00A1A82EA4C
:10055000E274A4EBE274AC4223DD012012F5997F32
:1005600083F88E051ADD062092FBF0F2502AA8BF10
:100570005022B3F89005024412B2A3F8AA25A3F8BA
:10058000902593F8B025002A61D040F2DC529142C8
:100590005DDC4FF47A72A3F8AA2530BD6FF031020A
:1005A000E7E793F88E2532B1D3F89825C3F8942560
:1005B000002283F88E25D3F89C25D3F8A04510445B
:1005C00022889042D8DB62888242A8BF0246D3E7E5
:1005D00040F2DC529142214C23DDA1F2DC529542E3
:1005E00028DAA1F2DC52002ABCBF6FF4BB628A1881
:1005F0009210782AA8BF7822C3F8AC250122A272F3
:1006000083F88E25D3F89C25D3F8A0451044228882
:10061000904203DB62888242A8BF0246A3F8AA2563
:10062000AFE7521A954205DAB1F5896FD9DC6FF060
:100630006302E1E70022A27293F88E45C3F8AC256D
:10064000002CDFD0D3F89845C3F89445D8E70022B2
:1006500083F8B025A1E700BF680400200000002057
:10066000134BD3ED037A134BF5EE407AF1EE10FA0B
:100670004FF0000203F1040103F1080003D11A60F6
:100680000A6002607047F0EE086A86EEA77A80ED95
:10069000007A27EEA77A67EE877A86EE876AF7EE0A
:1006A000006A86EEA77A81ED006A83ED007A7047D2
:1006B000000000201C0A0020034BB3F8C0351D2B9E
:1006C00001D80420B0E5704768040020054B0022E3
:1006D000C3F8C425C3F8C82503F2CC5300221A601E
:1006E0005A60704768040020074B0022C3F8D425E5
:1006F000C3F8D825C3F8DC2503F5BC6300221A60D3
:100700005A609A60704700BF6804002010B5164C0C
:1007100094F8EC355A0706D523F00503042084F835
:10072000EC3507F0AFFE94F8ED25104B0AB100222E
:100730001A7401225A74782200215A82042040F24D
:1007400014529A8284F8EE1584F8EF1584F8F015A7
:10075000C4F8F415FFF774FD0520FFF771FD84F868
:10076000F81584F8B01510BD6804002000000020C2
:100770002DE9F047C44C94F8F935B4F8FA2504EBA8
:100780004303B3F968359342C0F26481B4F8FC25A1
:10079000934200F35F8194F8FE550DB994F8FF552C
:1007A00094F8023684F8005684F80156002B00F0C5
:1007B0000D81D4F80476D4F80836FB1AC72B40F222
:1007C000058194F80C86B8F1000F40F0F5804146A1
:1007D000404608F0A7FBAD4BAD48002D08BF1846BA
:1007E0000BF0B0FED4F8106694F8FE95022E40F09F
:1007F0008681B4F85035DA0740F12E81A54BC4F854
:100800001436D4F81486B8F1000F06D00620002163
:1008100008F088FB40460BF095FE002110200136C1
:10082000C4F8106608F07EFBB4F8C0359A480A2177
:10083000B3FBF1F201FB12339BB298490AF090FF2F
:1008400095480BF07FFE0721002008F06BFBB9F103
:10085000000F40F05D8194F8FF2591488B4B002AF2
:1008600008BF18460BF06EFED4F82C66D4F85C3541
:1008700094F8302616F0010600F04C81002A40F072
:100880004E81C4F83426B4F85025D20504D501228F
:1008900084F83026C4F8383607210846D4F83436B0
:1008A0004FF47A724FF03C0AB3FBF2F808F03AFBCF
:1008B000B8FBFAF97B4978484A460AF051FF764876
:1008C0000BF040FE07210C2008F02CFB7649724803
:1008D0000AFB19820AF044FF6F480BF033FE102028
:1008E000072108F01FFB7148714B002E08BF184606
:1008F0000BF028FE002D5FD10221012008F012FB31
:100900000A266C49B4F93E26634892FBF6F20AF0D7
:1009100027FF61480BF016FE0321012008F002FBBF
:100920006549B4F93C265C4892FBF6F20AF018FFE0
:1009300059480BF007FE0421012008F0F3FAB4F93E
:1009400042265E4954480AF00BFF53480BF0FAFD6B
:1009500002210B2008F0E6FAB4F96A2558494E48FE
:100960000AF0FEFE4C480BF0EDFD03210B2008F0D1
:10097000D9FAB4F96825504947480AF0F1FE4648CB
:100980000BF0E0FD04210B2008F0CCFAB4F96C2543
:100990004A4941480AF0E4FE3F480BF0D3FD0521E7
:1009A0000B2008F0BFFAB4F96E2546493A480AF020
:1009B000D7FE39480BF0C6FD94F84436AB4201D05F
:1009C0000BF0A9FD84F84456C4F80876002D00F019
:1009D000228107F087FBD4F84836C31A002BC0F2F7
:1009E000A480394DAB690344C4F848362B7F9BB1D2
:1009F000364B00264FF400522E729A614FF400429B
:100A00009A6101214FF480429A6108460AF028FA5F
:100A100001232E7784F84C362D4BC4F8503604222F
:100A2000A4F85426188A10F004001CBF00210846C0
:100A30004FF4802208BF0121C4F8582608F058F965
:100A4000012102200AF00CFABDE8F0470121002044
:100A50000AF006BA0025A3E6980701D51D4BCEE69D
:100A6000D90601D41A0701D51B4BC8E6980605D450
:100A7000B9F1000F04D194F8FF250AB9174BBEE66F
:100A800059072FD5164BBAE668040020701C0108E0
:100A90006A1C0108881C0108800A0020E21C010869
:100AA000761C0108EA1C0108F21C01087C1C0108E4
:100AB000821C0108F81C0108021D01080C1D010818
:100AC000161D0108201D0108000000200008004834
:100AD00000040048921C01089C1C0108A61C010887
:100AE000B01C01085A0601D55B4B88E6180601D5F3
:100AF0005A4B84E6D9057FF584AE594B7FE6052E27
:100B000001BF584BC4F81436C4F81086464678E640
:100B10005548A7E6002A3FF4BFAE84F83066D4F803
:100B200038269B1AC4F83436B6E6504A0023A2F1A0
:100B3000B801101D157815B3032B06D050F82350BB
:100B400021F8135001330132F4E7D4F86C36A4F8DD
:100B50006E3594F8703613B10023A4F87236444E03
:100B60000023012516F8012B002A50D0DBB2013BEF
:100B7000042B08D8DFE803F0111B293741000133AB
:100B8000042BE0D1E5E701200BF006FD002384F8FB
:100B9000753684F874560123E4E701200BF0EEFC6F
:100BA000002384F8743684F875560223DAE70420AB
:100BB0000BF0F2FC40200BF0E1FC012384F87636C8
:100BC000002384F877360323CCE740200BF0E4FCC5
:100BD00004200BF0D3FC012384F87736002384F83B
:100BE00076360423BEE708200BF0D6FC002384F8F9
:100BF000793684F878560523B4E708200BF0BEFC5C
:100C0000002384F8795684F87836BDE8F0870133FC
:100C1000062BA7D1F9E794F84C36002BF5D001212B
:100C20002846C4F8605684F85C56C4F8645684F8C4
:100C30005D56C4F8685684F85E56C4F86C5684F85D
:100C40005F5684F870560AF00BF90A4B84F84C563C
:100C500001221A721A77D8E7BA1C0108C41C0108CD
:100C6000CE1C0108D81C0108761C0108C40A00200B
:100C7000DC0A002000000020224B93F8EC2512F043
:100C8000010F02F0040103D1D3F87C06012833DC04
:100C900093F8800680B393F8810668BB39B11A4A8D
:100CA0001346516843F8081BD2681A607047D3F89E
:100CB0002C16480124D491071FD442F0040283F873
:100CC000EC2593F8EE2522B9012283F8EE25D3F81E
:100CD0005C250E4AB3F84216D183D3F85C25D3F8CD
:100CE0005C1593F88E214FF47A7012FB00120520E8
:100CF000C3F8942607F0C6BB11B9012007F0E8BB82
:100D0000704700BF68040020EC0A002000000020AB
:100D100070B5104CD4F89856284607F01FFC287A76
:100D200004F29C6400226FF01806192112FB026382
:100D3000434303F6C41353430132072A93FBF1F3F1
:100D400024F8023BF2D128460349BDE8704007F081
:100D500021BC00BF68040020380500202DE9F84FB1
:100D60004FF4AA622DED028B0021C8489FEDC88A7E
:100D70000FF0FEF9C54A02F5E4730021C2F8AC3663
:100D800002F22A566A2303244FF4006015461370BA
:100D9000547182F8B016C2F89866FFF735FA8020D1
:100DA000FFF732FA0220FFF72FFA4FF40060FFF747
:100DB0002BFA4FF48070FFF727FAC823A5F8FA3012
:100DC000B44BDFF83CC3DFF83CE385F832414FF425
:100DD0008037C5E93B73B04BC5F8F4304FF47A73F4
:100DE000A5F8343142F22013C5E94AC34FF0A0639D
:100DF000C5F8C431A94B85F828154FF07E58C5E9D0
:100E000051E340F64303A5F84C312A46A5F8E41017
:100E100085F8E610C5F8FC10A5F80011C5F8E81033
:100E200085F8F810C5F81081C5F81481C5F8188147
:100E300085ED478A85ED488A85ED498AA5F8301108
:100E4000A5F8B81185ED6F8A85ED708AA5F83E1179
:100E50002B462C460329CCBF0122002201F10101BF
:100E600083F84E2114BF1E220522122983F84F2138
:100E700003F10203EED18A4BC4F84031834B0022C8
:100E80004FF47A704FF4FA610132042AA3F8720128
:100E9000A3F8741103F10403F6D1824A824B83490B
:100EA000C4E96323824BC4F8D030A3F1FA73643BE6
:100EB000C4F8D43003F5602303F5CB73C4F8D830FD
:100EC0007C4B00274FF00109C4E9371384F8827185
:100ED00084F894910AF012FD40F6AC53A381764B4E
:100EE000C4F8C83103F10343A3F51D23A3F29D7396
:100EF000C4F8CC317148724B724AC4F8F821C4E985
:100F00007403714BC4F8D8312D2384F8DD3141F6D8
:100F10001E63A4F8DE316D4BC4F8E031C4F8FC2147
:100F200045F205336A4AA4F8E431C4F81422642374
:100F30004B2284F8E63184F8182240F201534FF432
:100F4000FA72A4F8E831A4F81A22624BC4F8043209
:100F500040F2DC52C4F80832A4F834255E4BC4F8E1
:100F6000F43144F25A125D4BA4F82A254FF07F5118
:100F70003222A773C4F81032C4F81C72C4F82C25AE
:100F8000A4F8307584F83275C4F8EC11C4F8F01187
:100F9000C4F8008284ED838AA4F82272C4F82C324B
:100FA00042F62803A4F83032152384F834324C4B2F
:100FB000C4F82472C4F838324A4F4B4B84F8449238
:100FC000DFF83891C4F83C3240F60822474BA4F8C9
:100FD0002822C4F84032BA4609F1080BB84617F87F
:100FE000011B002943D14FF42053A4F8DE324FF403
:100FF0004873A4F8E2323E4BC4F88431C823A4F805
:101000008A3184F8DD1284F8E01284F8E41284F85E
:1010100088110C23013B05F1100585ED008AF9D1FB
:1010200034494FF4907288180BF0C2FA31494FF4EA
:10103000907201F510700BF0BBFAD4F82A35C4F8A1
:1010400036352D4A73685360B368D4F82A15936017
:10105000C4F842155361012384F84033716811616B
:10106000022384F86034BDEC028BBDE8F88F23487E
:101070000FF0CCF80028B1D058453FBFA0EB0900D5
:101080000019A8EB0A0880F83681A7E76804002059
:10109000000000002A005802FA0020006C077503C7
:1010A000001E0001000105960101C800B4053200D0
:1010B0004C04D00750463200012828962828783C56
:1010C0000A0A4600CDCCCC3E0002210A1E321E0088
:1010D000000040408FC2F53C000020400000A040CE
:1010E0009A99193F2A1D0108F6287C3F1F856B3FFE
:1010F0000AC81405300600209E0900203814010893
:10110000190A0A2ADC054C042DE9F843FFF758F8C0
:1011100010B9032007F047F9C14C07F00BFB4FF45F
:10112000AA62C04920460BF043FA94F82865022EC3
:1011300088BF00264FF4907506FB05F504EB050209
:1011400088BF84F8286592F82032022B84BF0023E0
:1011500082F820320C2284F8B03605F5E47702FBE1
:10116000034303F22A5308202744C4F89836C4F8EE
:10117000AC76FFF751F84FF40050FFF74DF801201F
:10118000FFF74AF84FF48040FFF746F8FFF73CF8C6
:101190004FF4907303FB0643002283F8452241F28B
:1011A0000302A3F84622A04AC3F8482202F1805263
:1011B000A2F57E42C3F84C229C4A4FF4866CC3E9E8
:1011C00094C2202283F85822052384F8F93540F28E
:1011D000AA53A4F8FA3540F20E63A4F8FC35944BF8
:1011E000012283F82020A36846F209021A4203D1A3
:1011F0004FF40050FFF708F8A368D80703D54FF461
:101200000050FFF709F8A368590409D50820FFF733
:1012100003F84FF40050FEF7FFFF0120FEF7FCFF3C
:10122000A3681A0706D54FF40050FEF7F5FF01201A
:10123000FEF7F2FFA3689B0402D54020FEF7ECFF07
:10124000012384F8B93194F88C312BB194F89031A2
:1012500013B1002384F89031DFF8EC81C4F8B48630
:10126000002002464FF0FF0E04EBC003B3F89A11C2
:101270004B0803F077334FEA910909F03339CB1A61
:10128000A3EB09034FEAD10909F01139A3EB0903D4
:1012900003EB231303F00F33B3FBFEF9C9EB09296A
:1012A00001F0010CA3EB09036244012BD2B207DD6C
:1012B000022B0BD1BCF1000F08D011F0BC0F05D0F0
:1012C00001300428D0D1013A012A01D90AF016FBD5
:1012D000FFF71EFD302200215648DFF870910EF016
:1012E00047FF05F24520394620440AF035FB4FF40C
:1012F000907303FB0646C4F8E89696F8C80105F01B
:10130000B9FA09F18E03C4F8EC3694F88431DFEDB4
:101310004A6AC4F830876421C82213FB0123B4F859
:10132000F210C4F8F4360023C4F8F836C4F8FC36DA
:10133000C4F80037C4F80437C4F80837C4F80C37C9
:10134000A4F81037C4F81437C4F8183707EE901A09
:1013500009F10603C4F82037A9F11E03B4F8F4100C
:10136000C4F82437F8EE677A09F19A03C4F82C37E9
:1013700009F23E63C3ED017A07EE901AB6F828121F
:10138000A4F8341796F8441284F8361794F88F119D
:1013900084F84017B6F8E212C4F8443707EE101A82
:1013A000F8EE677AB8EEC77AC3ED027AC6EE877AAE
:1013B00005F50C732344C4F8483705F2DD2509F21E
:1013C0005663A9F126022544C4F82827C4F85077AB
:1013D0004FF07E519FED197A67EE877AC3ED007A60
:1013E00009F25E63C4F86455C4F8A025144A1A6073
:1013F0004FF07C5209F272695A6000229A60D960FB
:101400001A61104BC9F80030C9F80410C9F8082057
:10141000C9F80C10C9F81020BDE8F84307F0A2B9CC
:101420006804002000F003083001030010050010DC
:1014300000000020200B0020000061444C3D0F44C0
:101440000AD7233CCDCCCC3D9E0500205E05002074
:101450002DE9F74F07F06EF9434B6A221A704FF4EB
:10146000AA625A80BE221A71EF22A3F84E2540F2DA
:10147000515100221846013955D13C4B80F84F2577
:101480001A69120604D53A4A5A6002F188325A6043
:10149000364C384E03254FF03409C4F80C900AF04E
:1014A0001BFA0428DFF8C08038D1236943F0020317
:1014B0002361314B6361236943F0400323610AF0E8
:1014C0000BFA2369042823F00203236126D14FF08D
:1014D000000BDA4658F8047BCDF804A00AF0FCF9BA
:1014E00004281BD1236943F0010323610BF100633E
:1014F00003F57C33BAB21A800AF0EEF9042816D14B
:101500000BEB06030193019B3F0C1F800AF0E4F9EB
:101510002369042823F0010323610DD0013D15F058
:10152000FF05BAD10DE013F8014B6240A3E7236930
:1015300023F001032361F1E70BF1040BBBF5AA6F64
:10154000C8D10A4A1369042843F08003136102D109
:10155000FEF736FE10B9042006F025FF03B0BDE803
:10156000F04F07F0FFB800BF6804002000200240E1
:101570002301674502F0030800F003082DE9F04F4E
:10158000D54ED6F89886B6F96EE5B8F80A202DED56
:10159000048B9645A9B0C0F2B581BEF5FA6F98F8F4
:1015A0000740BDBFAEEB020313FB04F3C2F5FA62C2
:1015B000C4F16403BCBF93FBF2F3C3F16403019372
:1015C000B6F844310393C54BD6F8ACB6069303F591
:1015D0000B7203F13C070592A3F5AD6503F22F22D0
:1015E00008F10403DA460492002064210793069B65
:1015F00033F9022B029206931346039A9B1A03F2C5
:10160000F31240F2E634A24200F27E81002BB8BF12
:101610005B42022800F07B819BF815211AB19A42A7
:10162000B4BF9B1A0023B3FBF1FC05EB4C024FF651
:101630009C74B2F99A97B2F99C271CFB043CA2EB6C
:1016400009020CFB02F292FBF1F24A443A80079A3B
:10165000125C12FB03F3A24A93FBF2F3019A643388
:101660009BB2534393FBF1F31AF8012F059C5A43A5
:1016700092FBF1F204F8012B9AF8162005945A43D4
:10168000049B92FBF1F203F8012B022804931EBF86
:10169000944B019AC254DDE9023208BF85F8AA17BB
:1016A0009342B8BF3B8800F10100BCBF5B423B8066
:1016B000032807F102079AD1DFF83492D5F82C8677
:1016C000B9F92230581C0DD018F0080F0AD0D5F8FF
:1016D0009825323B934205DC40F2DC539E45C8BF5F
:1016E000A5F86E3595F8EF351BB1B9F81430A5F8AB
:1016F0006E35B5F96E35B5F846219342C0F23281A8
:10170000B3F5FA6FA8BF4FF4FA639B1A4FF47A71DE
:101710004B43C2F5FA626424B3FBF2F393FBF4F19A
:1017200005EB41026FF06307B2F9AC07B2F9AE27DF
:1017300007FB0133121A534393FBF4F30344A5F858
:10174000AA35B5F8C437590639D5B5F84236B9F8CF
:101750001E20DFED657A9FED650A9B1A1BB205EE30
:10176000903AF8EEE55A65EEA75A35EE800AFEF794
:1017700077FEB0EE405AB0EE650AFEF771FEB5F99D
:10178000A63506EE903AB5F9A43507EE103AF8EE14
:10179000E66AB8EEC77A67EE007A20EE660AE6EEF1
:1017A000857AA7EE050AFDEEE77ABDEEC00A10EED7
:1017B000103AA5F8A43517EE903AA5F8A635D5F855
:1017C000C8A71AF0020F00F0E280D5F8CC27D5F8B0
:1017D000D03745F20721D31A8B4240F3D88002203C
:1017E000C5F8D02709F0A2FBC2075EBFC0F3CF0443
:1017F0001923B4FBF3F495F8D437D5F8D82705EBC3
:10180000430148BF4FF6FF74B1F8DC07A1F8DC478D
:10181000121A144401336422B3FBF2F102FB1133B8
:1018200085F8D43795F8A438C5F8D847632B9EBF00
:101830000133DBB285F8A438B4FBF3F495F8A5388E
:10184000A7B2032BA5F8C07540F08E800A2F40F296
:101850009E8099F8241001EB810101EB81010023A6
:101860004FEAC11B01EB01114FF416721FFA8BFBFB
:10187000C90085F8A538282041F26803A5F8A628F4
:10188000A5F8A838A5F8AC18A5F8AAB806F07CFD0C
:101890002A21B7FBF1F107EB8707013107EB870737
:1018A00089B2BF000829BFB228BF0821A7EB0B07E8
:1018B0004FF4167241F268037A43A3EB0B0389F8E5
:1018C000241092FBF3F3A5F8AE38034AB2F8AC3813
:1018D000A4B2633BA3420DE068040020D0090020BD
:1018E0000CFEFFFF100C002035FA8E3CDB0FC93FC9
:1018F000000000204BDD0123082082F8A53806F007
:10190000C1FD44E064235AE64FF4FA7381E69BF884
:1019100016211AB19A42B4BF9B1A0023B3FBF1FC03
:1019200005EB4C024FF69C74B2F99C96B2F99E26D8
:101930001CFB043CA2EB09020CFB02F295F9EEC081
:1019400092FBF1F2CCF1000C4A4412FB0CF2A5F828
:10195000A82598F8062012FB03F3B74A93FBF2F38D
:10196000643381E61346D0E60A2F00F2AD800323EC
:1019700085F8A538002389F82430A5F8AC38A5F8F7
:10198000AA38A5F8A838A5F8A638A5F8AE381AF4EC
:10199000006FAA4C59D0D4F8CC27D4F8B03845F20F
:1019A0000721D31A8B4250DDD4F85C35C4F8B02837
:1019B000D4F8B428C4F8B4380120A3EB020B09F022
:1019C000B5FA00B2632840F3B080642390FBF3F0D3
:1019D00007EE900AF8EEE77AB2EE047AC7EE876A6D
:1019E0009FED977AC6EE877AFCEEE77A17EE903A8B
:1019F000B3F5803FAABF00221A461346C4F8B828A0
:101A00009BB2DFF848A2D4F8C078DAF80420E3FBF0
:101A10000B72914600238B4A384649460AF0DCFE99
:101A2000C317B0F5803F73F100032ABF00230346BC
:101A30001846C4F8C838B4F8AE38C4F8C0781B1AD1
:101A40009BB2CAF80490C4F8CC3818F4805F02D076
:101A50000A2006F017FDD4F8D098B9F1000F22D073
:101A6000D4F85C35D4F8D4289A421CD894F8DA38E3
:101A7000B4F8D878002B5AD1D9F80430012284F870
:101A8000DA28DB5D3BB137B999F80030053B93426A
:101A900001D806F027FBD9F80430DB5DFE2B4AD1D4
:101AA0000023A4F8D83894F8EC154B074FF0080041
:101AB00051D5FEF7B9FB0720FEF7C2FB0620FEF763
:101AC000BFFB614F0023C4E0012B05D0022B1FD0C8
:101AD000002B3FF4FAAE5AE795F8EC3523F00203F9
:101AE00085F8EC35B5F8AA38A4B2633BA34204DD0F
:101AF000022385F8A538072014E0B5F8AC38643324
:101B00009C420EDD002385F8A538FEF7D5FD3EE7A3
:101B1000B5F8AA38A4B264339C42ECDD012385F801
:101B2000A538082006F0AEFCEFE7002369E70023A4
:101B300084F8DA38AFE7FF2B02D106F091FCB2E768
:101B4000D4F85C250A2113FB01230137C4F8D438EB
:101B5000A4F8D878A7E7FEF773FB18F0010F10D1AF
:101B600094F8DB381F0702D594F88036CBBB0720EA
:101B700021F0010184F8EC15FEF762FB0620FEF768
:101B800053FBB4F8502594F8DC38500734D5EBB942
:101B900084F81C37D4F814374BB94FF49673C4F853
:101BA0001437D4F85C3503F59673C4F81837D4F8B5
:101BB0005C35D4F818279B1A002B1FDB012384F80F
:101BC000DC380023C4F81437C4F8183794F8DB382D
:101BD0001B0713D50220FEF733FB002384F8DC3803
:101BE0000CE041F00101072084F8EC15FEF71CFB26
:101BF0000620FEF725FBC4E7002BE7D1B4F8C0357B
:101C0000222B11D90023032084F88136FEF718FB1C
:101C1000FEF722FB00283FF454AF94F8EC3523F094
:101C2000010384F8EC354CE70123032084F8813666
:101C3000FEF7FAFAECE700BF0CFEFFFF6804002095
:101C40006F12033B80EE36004C0E0020280D002062
:101C5000132397F84A800193B8F1010F40F0BE8139
:101C60003B68C4F8E078C4F8E4384FF005094FF059
:101C7000000BD4F8E40803685B689847002800F07C
:101C80006D81D4F8E4080368DB689847D4F8E0A8CD
:101C90009AF84830052B12D8DFE803F0030A9FA416
:101CA000B3BD242840F0CD8001238AF8483006E0F7
:101CB000A0F14D014842484140008AF848009AF896
:101CC0004830062BD5D19AF849307C2B00F2CC80D5
:101CD000002B00F016875A1E7B2A00F20D87DFE8E2
:101CE00012F0160123018F019A01AF010B070B07B8
:101CF0000B070B070B070B070B070B070B070B0754
:101D00000B070B070B070B070B070B070B070B0743
:101D10000B070B070B070B070B070B070B070B0733
:101D20000B070B0755040B0799050B079E050B07BF
:101D3000BF050B07D1050B07D7050B070B070B07D3
:101D40000B070B0726060B077C040B076D060B071A
:101D5000AC050B071F034E040B0750030B070B07C3
:101D60002D060B073F060B070B07DB069206B20694
:101D70000B075A030B07F5050B0703060B070B07A9
:101D80000B070B070B070B070B070B070B070B07C3
:101D90000B070B070B070B070B070B070B070B07B3
:101DA0000B070B070B070B070B07F301A7020B072A
:101DB000DD02F0020B070B070703150324035F0383
:101DC000A1030B0716055B05A50441040B07ED04F1
:101DD0000B070B070B07F90600073C2814BF00236D
:101DE000032362E7402802D98AF848B067E78AF8F7
:101DF00005008AF804B08AF807B08AF806000423C0
:101E000053E79AF806308AF8490043408AF80630CA
:101E10008AF8489053E79AF804309AF805109AF82F
:101E20000620994208D942408AF806205A1C534499
:101E30008AF80420187242E790420CBF0623002360
:101E400033E794F8EC355A073FF539AFD4F8E83862
:101E50001B7883427FF433AF8F4B904AC3F8FC2F3B
:101E60008F4B904ADA602AE7F02B00F0B2843CD81E
:101E7000DD2B00F02586DE2B00F02686A02B00F05F
:101E8000B684C72B40F23D86C83B2A2B00F2398628
:101E9000DFE813F0B506370603073706DD078808C5
:101EA00092081B08800837069C06AC06B006370669
:101EB0006008370637066E087B0837063706370690
:101EC000370637063706370637063706370637062A
:101ED000370637063706370637063706370637061A
:101EE0003706E20637063706B006FE2B00F064849C
:101EF000FF2B00F06981F22BC3D9FA2B40F0018649
:101F000094F8EC355B0740F16C8600F0FABD0320D5
:101F100006F00DFC002006F0ABFB002006F0A8FB4D
:101F2000182006F0A5FB0FE0082006F000FCDFF803
:101F300084914FF0000819F8010B08F1010806F030
:101F400097FBB8F1080FF6D1D4F8E038987906F08D
:101F50008FFBD4F8E038002283F8482094F8AF399A
:101F6000002B3BD0D7F80080D8F8003040465B69A2
:101F70009847002801F05681D4F8C8374A49D80458
:101F80004CBFD4F82437D4F8283794F8B0099B888C
:101F900000221BB25FFA82FC8445C1F0488109F03F
:101FA00037F8322006F0F0F9002394F8B0193F4AD0
:101FB0009C46D8B28842C1F03F81322006F0E4F955
:101FC000D4F8C837590306D5A3685A0303D440F29E
:101FD000DC5006F0D9F9324B324ADA60019B132B00
:101FE00007F14C077FF434AED4F8843A002B01F0AB
:101FF00044812F4829B0BDEC048BBDE8F04F184751
:10200000032006F094FB022006F032FB022006F0CB
:102010002FFB002085E7102006F089FB0C2006F03E
:1020200057FBDFF894904FF0000819F8010B08F106
:10203000010806F01DFBB8F10C0FF6D10020D5E029
:102040001A2006F074FBDFF874904FF0000819F8BE
:10205000010B08F1010806F00BFBB8F10B0FF6D1EC
:10206000DFF85C904FF0000819F8010B08F1010847
:1020700006F0FEFAB8F1080FF6D1DFF848904FF0FD
:10208000000819F8010B08F1010806F0F1FAB8F19F
:10209000070FF6D158E700BF00900020EFBEADDE7D
:1020A00000ED00E00400FA05E40B00201C0E002007
:1020B000F40E0020331D01083C1D0108491D0108D4
:1020C000541D01085D1D01080B2006F030FBB4F81B
:1020D000500506F0FDFAD4F8EC28CB4B9A420CBF21
:1020E000B4F8F008B4F8F20880B206F0F1FAD6F8C5
:1020F000F438C3F3C000C3F38002800040EA42001A
:10210000C3F340021043C3F3401240EAC200C3F3DA
:10211000001340EA031000F01F0006F0D9FAB6F8E9
:10212000C42796F8EC35D6F82C1696F8F888DFF820
:10213000E0C2500000F00200C3F380030343C2F387
:10214000400043EA800302F008000343C2F380002A
:1021500043EA0013C2F3801043EA401301F4E07035
:102160001843C2F3001340EA4320C2F3401340EA8D
:102170008320C2F3002340EAC32001F47F230343FA
:1021800001F480100343C2F3402043EA405301F0BE
:102190000071C2F380220B43002043EA82634FF0B8
:1021A000010E0246424504D306F09BFA94F8280536
:1021B000B7E61CF8011B0EFA01F119421CBF0EFA1A
:1021C00002F108430132EDE70023B4F85015A4F8FA
:1021D000143901220A420CD101335200092B92B268
:1021E000F8D1022006F0A3FAB4F8140906F070FA48
:1021F000AAE69BB2013B072B05D8DFE803F0080AEB
:102200000C0F111315170123A4F81439E9E7022361
:10221000FAE74023F8E74FF48073F5E78023F3E70C
:102220002023F1E71023EFE70823EDE70423EBE792
:10223000122006F07CFA754BB5F91609DB8CB3F564
:10224000806F88BF4FF0080890FBF8F080B206F06E
:102250003FFAB5F9180990FBF8F080B206F038FAA9
:10226000B5F91A0990FBF8F080B206F031FAB5F82A
:102270001C0906F02DFAB5F81E0906F029FAB5F882
:10228000200906F025FAB5F8220906F021FAB5F87A
:10229000240906F01DFAB5F82609A7E7102006F074
:1022A00046FADFF870914FF00F0808F1FF3819F87F
:1022B000010B5FFA88F806F0DBF9B8F1FF0FF4D1F3
:1022C00042E694F82809DFF85091400000F0FE0043
:1022D00006F02DFA4FF0000894F828399845BFF41D
:1022E00033AE39F8020B06F0F3F908F10108F3E711
:1022F000062006F01CFAB4F82A0906F0E9F9B4F849
:102300002C0906F0E5F9B4F842066FE7062006F05E
:102310000EFAD4F8980506F0E4F9B4F8300965E748
:10232000042006F004FA002070E2072006F0FFF90E
:10233000B4F8C005FF28A8BFFF20C0B206F098F986
:10234000D4F8CC384FF6FF784345A8BF434623EA7C
:10235000E37080B206F0BCF9B4F8340906F0B8F9BD
:1023600094F83331D4F8B80843B10A2358434045B0
:10237000A8BF404620EAE07080B237E700F30F00C4
:10238000FAE7022006F0D3F994F88E0106F070F90E
:1023900094F88D01C5E5022006F0C9F9A08925E76A
:1023A0000B2006F0C4F9D5F89836187806F060F9D5
:1023B000D5F89836587806F05BF9D5F8983618793C
:1023C00006F056F9D5F89836587906F051F9D5F84F
:1023D0009836987906F04CF9D5F89836D87906F001
:1023E00047F9D5F89836987806F042F9D5F8983636
:1023F000D87806F03DF9D5F89836588906F068F98E
:10240000D5F89836187A8CE500540040000000207A
:10241000610D0020E40B0020D00900200000C8421C
:1024200000007A44212006F082F9D4F8AC361B78FB
:10243000022B4FF000087DD11FED089A5FED088A4E
:10244000B2EE048AD6F8AC3603EB880393ED090AA2
:1024500020EE080A0CF0A8FB80F30800C0B206F0DA
:1024600007F9D6F8AC3603EB880393ED0C0A20EE9F
:10247000090A0CF099FB80F30800C0B206F0F8F8E6
:10248000D6F8AC3603EB880393ED0F0A20EE280A4A
:102490000CF08AFB80F30800C0B208F1010806F0D6
:1024A000E7F8B8F1030FCDD1B8F1070FD4F8AC3687
:1024B0002AD193ED120A20EE080A0CF075FB80F386
:1024C0000800C0B206F0D4F8D4F8AC3693ED130A85
:1024D00020EE080A0CF068FB80F30800C0B206F09A
:1024E000C7F8D4F8AC3693F8503000EE103AB8EE96
:1024F000400A0CF059FBFF28A8BFFF20C0B206F02D
:10250000B7F84FF00808CFE74344587806F0B0F822
:10251000D4F8AC364344187B06F0AAF8D4F8AC36AD
:10252000434408F10108D87D06F0A2F8B8F10B0F7A
:10253000BAD109E5D4F8AC364344587806F098F897
:10254000D4F8AC364344187B06F092F8D4F8AC3695
:10255000434408F10108D87D06F08AF8B8F10B0F62
:10256000E8D1F1E42F2006F0E2F8DFF83C8418F817
:10257000010B00283FF4E8AC06F07AF8F7E70120F9
:1025800006F0D5F8D4F8AC361878CAE4502006F036
:10259000CEF8DFF818A44FF000094FF00C0BD4F878
:1025A000AC3603EB890809F1010998F87D300BFB83
:1025B00003A393F8500006F05BF898F87E0006F04D
:1025C00057F898F87F0006F053F898F8800006F066
:1025D0004FF8B9F1140FE2D1B6E4482006F0A7F89D
:1025E0004FF000094FF0060AD5F8AC360AFB09385F
:1025F00009F1010998F8D20006F03AF898F8CD00F0
:1026000006F036F898F8CE0006F032F898F8CF00C9
:1026100006F02EF898F8D00006F02AF898F8D100C5
:1026200006F026F8B9F10C0FDED18DE402230293F7
:102630004FF0000A4FF0010BD949D94B94F8F80834
:10264000CB1A83420CDB029B012B3FF47DAC5FFA7B
:102650008AF006F06CF8012302934FF0000BEBE7D1
:1026600011F8010B00230C2202FB03F8CD4A18F8E5
:1026700002C0844503D001331C2BF4D1DDE7C94BE4
:1026800003919844D8F804000AF03AF803990346F5
:10269000BBF1000F10D08244CFE7D8F8040010F847
:1026A0000900CDE9031305F0E3FFDDE9031309F1A8
:1026B00001094B45F1DCC0E7D946FAE7DFF8ECA2A7
:1026C00094F8F808DFF8D89206F031F84FF00008D7
:1026D0004FF00C0B0AF1480294F8F8389845BFF413
:1026E00033AC19F8010B00210BFB01F313F802C006
:1026F000844505D001311C29F6D108F10108EBE72A
:10270000534493F8500005F0B3FFA64AF5E71620AE
:1027100006F00DF8B6F8440105F0DAFFB6F8D0007F
:1027200005F0D6FFB6F8D20005F0D2FFB6F8D40017
:1027300005F0CEFFB6F8860105F0CAFF002005F0CF
:1027400097FF002005F094FF002005F091FF96F818
:10275000330105F08DFF96F8400105F089FF002058
:1027600005F086FFD6F8AC36B3F95A000A2390FB81
:10277000F3F080B205F0ACFF96F8280105F078FF81
:1027800096F82C0105F074FF96F82B0105F070FF08
:1027900096F82D01FFF7C5BB082005F0C8FF4FF0E4
:1027A00001085FFA88F008F1010805F061FFB8F14F
:1027B000090FF6D1FFF7C8BB082005F0B8FF0020CD
:1027C00005F086FF002005F083FF002005F080FF64
:1027D00034E4042005F0ABFFD4F8AC36B3F85E0067
:1027E00005F076FFD4F8AC36B3F85C00FEE4DFF811
:1027F000C0810C2005F09BFFD8F8AC0705F071FFF5
:10280000D8F8B00705F06DFFD8F8B40705F069FFF8
:10281000FFF79ABB042005F08AFFA068F6E70620C0
:1028200005F085FFB4F8E80005F052FFB4F8EA00BF
:1028300005F04EFFB4F8EC00D8E4042005F077FF73
:1028400094F8280105F014FF94F82C0105F010FF0E
:1028500094F82B0105F00CFF94F82D01FFF761BBF4
:10286000072005F064FFB4F82E0105F031FFB4F83D
:10287000300105F02DFF94F8320105F0F9FEB4F8AF
:102880003401B3E4012005F052FF6079FFF749BB42
:102890000C2005F04CFF94F83E0105F0E9FEB4F879
:1028A000480105F015FFB4F8440105F011FFB4F834
:1028B000460105F00DFF94F83F0105F0D9FEB4F88C
:1028C0004A0105F005FFB4F84C018FE4042005F03F
:1028D0002EFF94F8840105F0CBFE94F8850105F0F5
:1028E000C7FEB4F8860181E494F82809DFF8C480B3
:1028F00000EB4000C0B205F01AFF4FF0000994F859
:102900002839994508F10208BFF41EAB98F84C012C
:1029100005F0AEFE98F84D0100EB800000EB800062
:1029200000F2EE2005F0D4FE09F10109E7E70120ED
:1029300005F0FDFE94F84001FFF7F3BA082005F01A
:10294000F6FEDFF874904FF0000819F8010F08F157
:10295000010805F08DFEB8F1080FF6D1FFF7F4BAC3
:10296000102005F0E4FE607905F082FEA06805F015
:10297000B8FE94F83E0105F07BFEB4F8E80005F0DF
:10298000A7FEB4F8EA0005F0A3FEB4F8EC0005F0E9
:102990009FFEB4F82E0105F09BFEB4F8300125E44B
:1029A000610D0020801401084D140108381401083D
:1029B00000F0FF1F680400209D05002094F83609F0
:1029C000DFF80084C0EBC000C0B205F0B0FE4FF0ED
:1029D000000908F6381A4FF00C0B98F998010023FB
:1029E0000BFB03F212F90A20824200F02D8401331E
:1029F000042BF5D109F10109B9F1040F08F1080818
:102A0000EBD1FFF7A1BADFF8A8830D2005F08FFE08
:102A100009F08AFC05F02CFEB8F8280005F061FEEC
:102A2000D8F8340005F05DFE94F8693994F8680927
:102A3000984296BF181AC0F1800000231844D4F8B9
:102A40006C391844E2E605F069FE8046842005F002
:102A50006EFE404605F045FED54B5A6B08F18003EB
:102A600093428CBFA2EB08094FF0800909F088FC63
:102A70004A46404608A909F021FD0DF1200881468B
:102A80004FF0000ACA45BFF65FAA18F8010B05F01F
:102A9000EFFD0AF1010AF5E7132005F048FEDFF823
:102AA00028934FF0000819F8010B08F1010805F010
:102AB000DFFDB8F10B0FF6D1002005F012FE32E475
:102AC00005F022FEFFF740BA05F028FE05F026FECD
:102AD000FFF73ABA022005F02AFEB54B588CFFF7F3
:102AE00085BB032005F023FE94F8ED0505F0F0FD0D
:102AF000AF4B187CFFF715BA4E2B3FF6C2A9222B1D
:102B000003D808F029FEFFF71FBA233B4FF0000857
:102B10002B2BF6D801A252F823F000BF852D000818
:102B2000032B0008FB2F0008032B000809300008C6
:102B3000032B000845300008032B0008032B000876
:102B4000032B000867300008032B0008032B000844
:102B5000032B0008032B0008032B00081B3100087F
:102B6000032B0008052E0008032B000897310008EE
:102B7000032B000823300008032B0008032B000858
:102B8000892C0008032B00086F2C0008032B000879
:102B9000032B000825310008032B000855310008DD
:102BA00015320008032B0008032B0008032B000834
:102BB000D12F0008032B0008812C0008032B0008EC
:102BC000AB300008032B0008C530000894F8EC3542
:102BD0005B070FD405F08EFD032828BF002084F882
:102BE0002805FEF735FCFEF78FFA03E005F08CFDB3
:102BF000A4F87206002005F09AFDFFF7A5B99AF82F
:102C00000580B8F1250F00F2D0800DF120094FEAC0
:102C10005808CB464FF0000AC2450CD365494346DD
:102C20000022084690450DDC0022122B10D1012312
:102C300084F89439DEE705F067FD0AF1010A2BF804
:102C4000020BE9E739F802CB21F802CB0132E9E7C0
:102C500020F813200133E8E705F056FDD4F8AC86E0
:102C6000A8F85E0005F050FDA8F85C00C2E705F08A
:102C700041FD84F88E0105F03DFD84F88D01B9E732
:102C800005F042FDA081B5E7D4F8AC8605F032FD31
:102C900088F8000003F0EEFDACE7D4F8AC8698F8B5
:102CA0000030022B5DD19FED449ADFED448A08F19C
:102CB000240908F1300AB2EE048A05F01BFD07EE84
:102CC000900AF8EE677A87EE887AA9EC017A05F027
:102CD00011FD07EE900AF8EE677A87EE897A89EDA2
:102CE000027A05F007FD07EE900AF8EE677ACA450A
:102CF00087EEA87A89ED057ADFD108F104094FF053
:102D0000030ABAF1070F1FD105F0F4FC07EE900A91
:102D1000F8EE677A87EE887A88ED127A05F0EAFC99
:102D200007EE900AF8EE677A87EE887A88ED137AD4
:102D300005F0E0FC88F850000AF1010ABAF10B0F27
:102D400009F10109DDD155E705F0D4FC89F800004F
:102D500005F0D0FC89F80B0005F0CCFC89F81600D2
:102D6000EAE708F10B0905F0C5FC08F8010F05F0CA
:102D7000C1FC88F80B0005F0BDFCC14588F81600C1
:102D8000F1D137E705F0B6FC132880460DD8D4F80A
:102D9000AC9605F0AFFC0A4A0023117A814215D0A7
:102DA00001331C2B02F10C02F7D108F0D5FC21E70E
:102DB00000000020D80D00200000C84200007A4426
:102DC0008014010868040020491D0108DC4A0C2118
:102DD00001FB032309EB880893F8483088F87D301D
:102DE00005F088FC88F87E0005F084FC88F87F00F8
:102DF00005F080FC494688F8800009F17D0008F064
:102E0000ABFDF7E605F076FC0B288146CDD8D4F86B
:102E1000AC8605F06FFC0328C7D8062303FB09889E
:102E200088F8D20005F066FC88F8CD0005F062FC59
:102E300088F8CE0005F05EFC88F8CF0005F05AFC5B
:102E400088F8D00005F056FC88F8D100D2E69AF850
:102E50000530092BA9D9D5F8988605F04BFC88F8E0
:102E6000000005F047FC88F8010005F043FC6428E9
:102E7000A8BF642088F8040005F03CFC6428A8BFC3
:102E8000642088F8050005F035FC88F8060005F098
:102E900031FC642828BF642088F8070005F02AFC6C
:102EA00088F8020005F026FC88F8030005F02CFCE9
:102EB000D5F8E038A8F80A005B790A2B7FF69AAEBD
:102EC00005F018FC88F8080094E605F01DFC6FF486
:102ED000AF6C00EB0C039BB2C62B98BFA4F8440167
:102EE00005F012FCA5F8D00005F00EFCA5F8D20004
:102EF00005F00AFCA5F8D40005F006FCA5F886014B
:102F000005F0F8FB05F0F6FB05F0F4FB05F0F2FB2D
:102F100085F8330105F0EEFB85F8400105F0EAFB8A
:102F200005F0F2FBD5F8AC3600EB80004000A3F8CA
:102F30005A0005F0DFFB85F8280105F0DBFB85F87A
:102F40002C0105F0D7FB85F82B0105F0D3FB85F8A4
:102F50002D014FE6DFF8F0914FF0000805F0D4FBAB
:102F600008F10108B8F1080F29F8020BF6D141E683
:102F700094F8EF35002B7FF43DAE05F0C5FB714BA7
:102F800084F8ED0501221A7434E605F0BDFB6D4BA3
:102F900058842FE694F8EC3558073FF52BAEFDF733
:102FA000DDFE1EE694F8EC3559073FF523AE4FF4ED
:102FB000C873A4F852351DE694F8EC355A073FF56E
:102FC00019AE94F8DB3843F0040384F8DB3811E6DB
:102FD00045F2082009F0C6F9062007F079FF012321
:102FE000C72084F8AE3907F073FF002384F86939ED
:102FF00084F86839C4F86C39FCE5C4F8088005F039
:103000008DFBFDF701F9F5E505F07EFBA4F8E8007E
:1030100005F07AFBA4F8EA0005F076FBA4F8EC00D2
:10302000E8E505F067FB84F8280105F063FB84F808
:103030002C0105F05FFB84F82B0105F05BFB84F8A5
:103040002D01D7E505F060FBA4F82E0105F05CFB2F
:10305000A4F8300105F04EFB84F8320105F054FB72
:10306000A4F83401C6E505F045FB84F83E0105F0FF
:103070004BFBA4F8480105F047FBA4F8440105F018
:1030800043FBA4F8460105F035FB84F83F019AF8AC
:103090000530082B7FF6AEAD05F036FBA4F84A01EB
:1030A00005F032FBA4F84C01A4E505F023FB84F8FD
:1030B000840105F01FFB84F8850105F025FBA4F8C9
:1030C000860197E59AF80580B8F1380F3FF66DAEA6
:1030D000DFF878904FF0000A40F6CA0B0323B8FBE4
:1030E000F3F8C24509F10209BFF484AD05F002FB13
:1030F00089F84C0105F008FB5845A8BF584640F236
:10310000EE239842B8BF18461922B0FBF2F01E38E1
:1031100089F84D010AF1010AE3E705F0EBFA84F8BA
:10312000400167E5DFF828904FF0000805F0E2FA6B
:1031300008F10108B8F1080F09F8010FF6D159E5B7
:103140003814010800000020FE0D00206804002053
:103150009D05002005F0CEFAC4F8088005F0DEFADF
:10316000FDF752F805F0C6FA84F83E0105F0CCFAF6
:10317000A4F8E80005F0C8FAA4F8EA0005F0C4FADB
:10318000A4F8EC0005F0C0FAA4F82E0105F0BCFA92
:10319000A4F830012EE59AF805304FF00708B3FB8C
:1031A000F8F8C8EBC8029B1ADBB2002B7FF4FDAD28
:1031B0005FFA88F808F1FF385FFA88F8B8F1FF0F76
:1031C0003FF418AD05F096FAD4F8E82840B2002391
:1031D000911C11F933C0844503D00133042BF8D17D
:1031E000E3E502EBC30989F8020005F08DFAA9F8BE
:1031F000040005F07FFA89F8060005F07BFA89F8EB
:10320000070005F077FA89F8090005F073FA89F8E4
:103210000800CFE71B4B4FF480421A85012384F846
:10322000AF39E7E40A2005F0AFF8FEF79DBE21F8BC
:10323000023B0132FEF7AEBE52F8040B00680133C8
:10324000C0F800C0FEF7B5BEC0B205F011FAB8F87C
:103250009A0105F03DFA98F89C0105F009FA98F8F2
:103260009D0105F005FA98F89F0105F001FA98F81C
:103270009E0105F0FDF9FFF7BDBB29B0BDEC048B45
:10328000BDE8F08F0008004808B5FEF7E1F8FDF74B
:103290003BFFBDE80840012005F01AB92DE9F04FC9
:1032A000B44DD5F8CC2795F8946A02F59C432033A9
:1032B0008BB0C5F8903A002E00F0DF80D5F8983A30
:1032C0009A4202D9013E85F8946AAA4CD4F8C8877C
:1032D00018F48053019305D0D4F82C36D80701D4C4
:1032E000FDF714FAD4F8B426937A23B304EB43031E
:1032F000127BB3F966351AB1C3F53B6308331BB2D1
:10330000A3F57A73B3F57A7FA8BF4FF47A7323EAF3
:10331000E37307EE903ADFED986AF8EEE77A87EE0E
:10332000A67ADFED967A67EE277AFCEEE77A17EE5B
:10333000903AA5F8343918F4807F00F03081D4F841
:10334000CC178F4A94F8F236914240F2258113B996
:10335000012384F8F23694F8116794F8EC25D4F838
:103360002CA6012E02F0040B14BF032700274FF0F8
:103370000009A2E1072C98BF195D8248BB6B88BF8A
:1033800021469847032C19D8C0B1D5F8B43603EBC1
:1033900084039A8FDB8F801A9B1A08FB00F090FB46
:1033A000F3F040F2EE2300F57A709842B8BF184669
:1033B00040F6CA039842A8BF184680B205EB440401
:1033C0000136A4F89C0A95F828B9D5F8B436F4B2B9
:1033D000A345CFD8D5F8C827D5F85C05019042F2AF
:1033E00001010A40039208D095F8FF2585F8FE25D3
:1033F000654A92F83D1082F83C1095F8FE85B8F1C8
:10340000000F04D0604A92F83C8088F0010895F8DB
:10341000C17A01995D4C0F2285F8C02A0322B7FBBF
:10342000F2F202EB420201F51671BA1AD2B205911C
:10343000A4F5AD61049204F25A5904F2A45A22464A
:10344000002602915E451CDB4A4E96F8C03A0F2BCF
:103450006DD1D6F82C365B0169D4D6F85C35D6F838
:10346000FC26C6F8F8369B1AC82B02D9012386F829
:103470001137013786F8C17A27E7434F4FF47A783E
:10348000A1E7B8F1000F33D0414931F91600998A0C
:1034900080B281422ED8D98A81422BD30599CAF8AD
:1034A0000010039900B2D9B1049929F811000299CA
:1034B00091F8541B29B9022F12D90298012180F8E2
:1034C000541BB9F80010B9F802000844B9F8041008
:1034D0000844304900B221F81600032190FBF1F0B6
:1034E00022F8020B013609F106090AF1040AA9E7DC
:1034F0004046CCE7DAF800100198814201D91088E3
:10350000CFE7F0B2CDE9063205F044F9032EDDE94C
:103510000632C6DCDFF85CE04FF0010C9EF8C01A02
:103520000CFA06FC21EA0C018EF8C01AB9E7164B1A
:10353000012283F83D2083F83C20D6F85C35D6F88C
:10354000F826C6F8FC369B1AD6F8F426934202D920
:10355000002386F811374FF0000807E05FFA88F083
:1035600005F018F924F8020B08F10108C345F5DC51
:103570007FE700BF6804002000007A4400C07F4459
:10358000404B4C00900D002000000020D00900208E
:10359000040F0020BE0F0020002B7FF4DCAE019B47
:1035A000B4F96E95002B00F0E580B4F84431B4F81E
:1035B000DE20991A494580F2E08013444B4540F3E0
:1035C000DC80FDF783F8FDF78FF84FF0000AAC4B75
:1035D00093F83EB094F8EC35590740F1D58018F0D7
:1035E000100F00F0D18094F8DB38DA0600F1CC80BF
:1035F000BBF1000F00F01D8194F88E31BAF1000F7D
:1036000040F006813BB1D4F85C15D4F894365B1ACF
:10361000002BC0F2B580102004F034FF012384F8A1
:10362000743BB1E0BBF1000F0DD0012E05D0052099
:10363000FCF7FAFD022384F8ED35002FAFD03846B1
:1036400004F020FFABE71AF0806F4FF4806005D0E4
:1036500008F0A2FF0023C4F80037EEE708F08EFF61
:10366000F8E7012E29D1052125E0012E04BF05210F
:1036700084F81017BBF1000F0FD0D5F8701BB1F90B
:103680000E10A5F86A15A5F86C15A5F86815D5F8FB
:10369000EC164988A5F86E156746D4F85C05D4F891
:1036A0000417814202D3BBF1000F60D142F21071C6
:1036B000C4F80C17032184F8101794F810C794F875
:1036C000EC05BCF1050FB8D801A151F82CF000BFF2
:1036D00025360008633600086B360008E936000816
:1036E000193700085137000840F0020085F8EC0552
:1036F000FDF70CF8D5F85C05D5F80C170144C5F8B2
:103700000817042185F810174FF4806008F036FF81
:103710000520FCF795FDD0E7012E11D1D4F85C35DA
:10372000D4F80817994288D2554991F83E1011B93A
:103730001AF0010F81D120F0020084F8EC0592E725
:10374000D4F85C25D4F80C371344C4F8083774E770
:10375000D5F8EC06D5F85C15C08885F8F396642397
:1037600003FB0011C5F8001785F81097CCE7012E70
:10377000A3D062E7B4F8463120E74FF0010A26E70C
:10378000FCF7C4FF84F874AB94F88C31019394F87F
:103790008D01B4F846C1B4F848E13A4900231E4609
:1037A00031F9027BB6086745C4BF66F07F06F6B202
:1037B00001337745B8BF46F04006042BF0D194F8AA
:1037C000753BB34239D194F8767BF92F03D8013792
:1037D000FFB284F8767B84F8756B08F00408BBF1BF
:1037E000000F40F0CC84D4F82C36DB0738D5BAF182
:1037F000000F24D194F8EC35D80706D5590702D428
:10380000012384F8B035FDF737FA142F53D140E087
:103810003BB1D4F85C154FF47A7013FB0013C4F875
:10382000943694F8743B002BAED004F019FE0023BC
:10383000F5E6BAF1000FF4D1EDE60027C9E7D4F8B8
:103840007C360A2BE1DCB4F850355A07DDD494F805
:10385000EF35002BD9D1FCF739FFFCF745FFD2E754
:1038600094F8EC355B07D0D594F8FE35002BCCD01E
:1038700010B1FCF74BFFC8E7BAF1000FC5D1F8E76C
:1038800000000020D0090020019B13B17D2E00F024
:10389000808494F8EC355F070DD4572E40F0CD802E
:1038A000D4F8F4384FF47A7213F00803A4F85425CE
:1038B00001D1A4F84236B8F1000F40F0E480D4F80A
:1038C000AC660023C4F82C3606F17F0706F1CF085A
:1038D0004FF0010917F8010C394604F019FE40B108
:1038E00017F8023CD4F82C2609FA03F31343C4F862
:1038F0002C3604374745EDD1B24F06F1CE0B4FF0D1
:103900000C0806F58B764FF000094FF0010A1BF802
:10391000010C594604F0FCFDE8B19BF804109BF83B
:10392000023008FB0140013BD0F8BC2603EB430307
:103930003B4493420FD09BF80320C0F8BC3694F868
:103940007D3B80F8B8260AFA01F123EA0103C0F8AA
:10395000C09684F87D3B0BF1060B5E45D7D1D4F8B9
:103960005C35019394F8FE350293019BD4F898B628
:10397000954F03F5FA73002603937968002900F048
:10398000388191F800A0BAF1000F00F03281BA68D6
:10399000019B9A1A002A0ADB039B94F87D2BBB60DB
:1039A000012303FA06F022EA000284F87D2B029B31
:1039B000002B00F01E813A78487894F87D8B043211
:1039C000D2B2002840F0888304EB4202B2F96805C5
:1039D000B4F8442102F1C80C604540F3F98091F835
:1039E000029048FA06F1CA0700F10381B9F1000F0D
:1039F000CCBF0220012004F06BFD0AF1FF31132936
:103A000000F28081DFE811F0710185019001A001D1
:103A1000B801C0011E027902E0020E033A037E01E2
:103A2000A001AD01C0011E027902E40141029E0223
:103A30000B2004F027FD84F8767BB8F1000F01D04D
:103A40005A2E17D0A6F15603082B57D8DFE803F0FB
:103A5000545656565652560550000123DEB2013BCD
:103A600084F82835FDF7F4FCFDF74EFB304604F0F2
:103A70002FFD20E794F8773B4BB1002384F8773B88
:103A8000012384F8783B94F8793B53B91FE094F80C
:103A9000793B83F0010384F8793BABB10C2004F04F
:103AA000F1FC94F8EC35580711D5B4F846314B4584
:103AB0000DDAD4F82C3613F0010302BF3222A4F839
:103AC0007A2B84F8793B02E00D2004F0DBFCD4F87B
:103AD0002C36D90366D594F87C3B2BB994F8773B08
:103AE00013B93223A4F87A3B012384F87C3BE6E641
:103AF0000323B3E70223B1E7FFF7C6FB334B93F889
:103B00003E3043B16F2E02D1FDF7B6F8D3E6019BEC
:103B10000BB17E2EF8D0972E04D14FF4C873A4F8C1
:103B20005235C8E6A72E06D194F8DB3843F00403DB
:103B300084F8DB38BFE60023B73E0993072E3FF633
:103B4000BAAE01A353F826F09F3B0008B73800082F
:103B5000B7380008B7380008693B0008B7380008D4
:103B6000973B00086F3B00080223002201E000237E
:103B70000222D5F8AC16B1F85C000244A1F85C2032
:103B8000B1F85E201344A1F85E30FFF77DFB0023FF
:103B900085F8763B8FE600236FF00102E9E76FF0CE
:103BA0000103E2E794F8773B002B3FF488AE94F8EA
:103BB000EC3513F0040302BF84F8773B012384F84B
:103BC000783B7CE6D0150108200B00200000002087
:103BD000C83A904203DA8A78C2F1000901E701236A
:103BE000B34028EA030384F87D3B019B03F5FA7395
:103BF000BB600136042E07F10C077FF4BEAED4F88B
:103C00002C56AB0706D4D4F8C837DF0507D594F88F
:103C1000F33623B1D4F8F4389E0700F196820120E0
:103C200008F0ACFC0123690740F19A82002B00F0F8
:103C30009782012008F0A2FCB4F8C4379A0704D494
:103C40000220FCF743FD08F0A7FC94F8EC355B0775
:103C500008D4B4F8C43703F044031BB1B4F84236B7
:103C6000A4F87236D4F8F43813F00A0F2AD0EF060D
:103C700040F17A82B4F8C4375E0706D4042008F015
:103C80008BFCB4F84236A4F87236A80640F1708274
:103C9000B4F8C437590602D4402008F07DFC6A0607
:103CA00042BFC54AB4F84236D38315F0080307D0A3
:103CB00094F8F83533B9C04AB4F84236D3830123B7
:103CC00084F8F8352B054FF4807040F1558208F0E8
:103CD00063FC6379082B02D00E2B40F061824020F8
:103CE0000BB0BDE8F04F08F049BC9BF800304B44E6
:103CF000FA2BA8BFFA2323EAE3738BF80030584667
:103D000004F02CFC0123B34048EA030884F87D8BBF
:103D10006FE79BF801304B44642BA8BF642323EA70
:103D2000E3738BF80130EAE79BF803304B44642BD4
:103D3000A8BF642323EAE3738BF80330D4F8801B15
:103D4000584604F027FCDDE79BF805104944642938
:103D5000A8BF642121EAE171BAF10D0F8BF80510BB
:103D6000D0D09BF804304B44642BA8BF642323EAD3
:103D7000E3738BF80430C5E79BF806304B4483F3BC
:103D800008038BF80630BDE7D4F8840B01780229CC
:103D900043D107EE909AF8EEE76AF2EE047A86EEE7
:103DA000A77AD0ED0A7A37EE277AB5EEC07AF1EE2F
:103DB00010FA2FD4DFED827AB4EEE77AF1EE10FA42
:103DC000D8BFF0EE477AC0ED0A7ABAF10F0F99D05A
:103DD000D4F8841B0B78022B2BD107EE909AF8EEC7
:103DE000E76AF2EE047A86EEA77AD1ED097A37EE29
:103DF000277AB5EEC07AF1EE10FA17D4DFED707ABB
:103E0000B4EEE77AF1EE10FAD8BFF0EE477AC1EDE2
:103E1000097A77E7DFED6B7AD5E781784944C829DD
:103E2000A8BFC82121EAE1718170CEE7DFED657A94
:103E3000EDE74B784B44C82BA8BFC82323EAE373B4
:103E40004B705FE7D4F8840B0178022940D107EE6C
:103E5000909AF8EEE76ADFED5A7A86EEA77AD0ED0F
:103E60000D6A37EE267AB5EEC07AF1EE10FA2CD450
:103E7000B4EEE77AF1EE10FAD8BFF0EE477AC0ED73
:103E80000D7ABAF1100F3FF43DAFD4F8841B0B78D4
:103E9000022B29D107EE909AF8EEE76ADFED487A17
:103EA00086EEA77AD1ED0C6A37EE267AB5EEC07AA7
:103EB000F1EE10FA15D4B4EEE77AF1EE10FAD8BFAD
:103EC000F0EE477AC1ED0C7A1CE7DFED3E7AD6E7DB
:103ED000417B4944C829A8BFC82121EAE171417347
:103EE000CFE7DFED387AEDE70B7B4B44C82BA8BF5B
:103EF000C82323EAE3730B7304E7D4F8840B017837
:103F0000022944D107EE909AF8EEE76ADFED2B7AAA
:103F100086EEA77AD0ED107A37EE277AB5EEC07A22
:103F2000F1EE10FA30D4DFED267AB4EEE77AF1EE56
:103F300010FAD8BFF0EE477AC0ED107ABAF1110F3F
:103F40003FF4E0AED4F8841B0B78022B2BD107EEA4
:103F5000909AF8EEE76ADFED197A86EEA77AD1ED4E
:103F60000F7A37EE277AB5EEC07AF1EE10FA17D451
:103F7000DFED137AB4EEE77AF1EE10FAD8BFF0EE87
:103F8000477AC1ED0F7ABDE6DFED0E7AD4E7017E08
:103F90004944C829A8BFC82121EAE1710176CDE7CB
:103FA000DFED087AEDE7CB7D4B44C82BA8BFC823D3
:103FB00023EAE373CB75A5E60000002000007A44F5
:103FC0000000C84200000000D4F8841B0B78022BCC
:103FD0001FD107EE909AF8EEE76AF2EE047A86EEC9
:103FE000A77AD1ED0B7A37EE277AB5EEC07AF1EEEB
:103FF00010FA0BD45FED0E7AB4EEE77AF1EE10FA18
:10400000D8BFF0EE477AC1ED0B7A7BE65FED137A0D
:10401000F9E7CB784B44C82BA8BFC82323EAE37346
:10402000CB706FE6D4F8841B0B78022B1DD107EE02
:10403000909AF8EEE76A5FED1E7A86EEA77AD1EDE8
:104040000E6A37EE267AB5EEC07AF1EE10FA09D490
:10405000B4EEE77AF1EE10FAD8BFF0EE477AC1ED90
:104060000E7A4FE65FED297AF9E78B7B4B44C82B3C
:10407000A8BFC82323EAE3738B7343E6D4F8841BF9
:104080000B78022B1FD107EE909AF8EEE76A5FEDEE
:10409000357A86EEA77AD1ED117A37EE277AB5EE2A
:1040A000C07AF1EE10FA0BD45FED3B7AB4EEE77A0A
:1040B000F1EE10FAD8BFF0EE477AC1ED117A21E6A1
:1040C0005FED407AF9E74B7E4B44C82BA8BFC8236D
:1040D00023EAE3734B7615E601287FF413AEBAF1B9
:1040E0000C0F7FF40FAE04EB42028978B2F9680539
:1040F00040F633029042A8BF1046B0F5617FB8BFCA
:104100004FF46170A0F561704FF49662B2FBF1F26A
:10411000B0FBF2F094F8B026C0B282423FF4F2ADA8
:10412000032894BF0246022285F8B0260AFB0252F9
:1041300002F22A520490C5F89826FCF7E9FD04988B
:104140000130C0B204F0C4F9DCE5B4F8C437D807D4
:1041500004D40120FCF7BAFA08F01EFA002362E545
:10416000022008F00BFA70E5042008F007FA8CE54D
:10417000402008F003FA92E508F000FAA9E5142FB0
:104180007FF499AB94F8EC755F2E07F004077FF489
:104190007BAB002F3FF44CACFCF7B8FAFFF779BBD0
:1041A0000BB0BDE8F08F1649D1F8883043F47003A6
:1041B000C1F88830134B1A6842F001021A6058683F
:1041C000114A02405A601A6822F0847222F4803246
:1041D0001A601A6822F480221A605A6822F4FE02D9
:1041E0005A60DA6A22F00F02DA62186B074A02405C
:1041F0001A6300229A604FF000638B60704700BF23
:1042000000ED00E0001002400CC07FF8CCFC00FF85
:1042100080EAE073A3EBE0738B4206DB002801DD4C
:10422000401A704702D008447047002070472DE9BB
:10423000F041824CD4F8883BA0EB030842F20F73A4
:1042400098452DED048B40F2EB8044F620639845B1
:104250007B4DC4F8880B81BF0023C4F8943BC4F89D
:10426000983BC4F89C3B95F83F3043B394F8EC2559
:1042700012F0040223D1734BC4F8942B002119606F
:1042800040F2DC50C4F8982BC4F89C2B85F83F20F2
:10429000C4F8A42BC4F89C25A3F24C42A3F5876371
:1042A000694EA4F88C054FF07E5010605660916006
:1042B000D060116118605E609960D8601961D4F8AF
:1042C000A86BD4F8AC3BB3426ED0F31A08EE903A28
:1042D000DFED5E7A5E4BF8EE688A68EEA78AD3ED72
:1042E000007AF5EEC07AF1EE10FA40F29D8013EDFF
:1042F000017AB5EEC07AF1EE10FA40F2958087EEC1
:10430000270AB5EEC00AF1EE10FA40F28D80DFED1B
:10431000517A93ED018A38EE278A0AF073FBDFEDBC
:104320004E7A28EE000A20EE270ADFED4C7A20EEC6
:10433000270AF6EE007AF4EEE78AF1EE10FA31DCA5
:10434000B4F9B03B0F2B72D1B4F9B23B444A02EB43
:10435000830201331BB20F2B08BF0023A4F8B23B2A
:10436000D2ED007A0E23A4F8B03B3E4B93ED017AD8
:1043700077EE877A30EE670A83ED000AB4F92A39BE
:10438000002BB8BF5B429BB21E2B07D8B4F92C3967
:10439000002BB8BF5B429BB21E2B4CD9324BEB605B
:1043A000FCF75EF9C4F8AC6BD4F8983B002BC9BF9E
:1043B000D4F8942B9FED2D9A07EE902AB8EEE77A69
:1043C000C4BF07EE903AF8EEE77A294BC8BF87EEF4
:1043D000279A9FED287AA3EC019AD3ED007A69EE33
:1043E000277AF4EEC77AF1EE10FA08D49FED227A1C
:1043F000F4EEC77AF1EE10FAD8BFB0EE677AB4F9EE
:10440000083C1E4E0027052B86ED007AC4F8947BED
:10441000C4F8987BC4F89C7B36DC0133A4F8083CD4
:10442000BDEC048BBDE8F0819FED100A81E7144BD1
:10443000D3ED007A99E74FF08043B0E7680400209D
:104440000000002008100020CDCCCC3D6F12833A34
:10445000F00A0020339388438E2BEA410000C842C3
:104460001C1000205C1000200000A0400000000094
:1044700064100020000048C4000048446C10002074
:10448000581000200024744907EE908A1FED036A3B
:1044900016ED190A56ED039A56ED058AF8EE677A7D
:1044A000A6F5CA63C7EE866AA6F5C96216ED046A68
:1044B000D3ED005AD6ED027A66EE255AA6F24C6389
:1044C000E5EEA67AD3ED005AC6ED027A66EE255ADD
:1044D00077EE877AA5EEA60AD2ED005A26EE256A77
:1044E00067EEA67AE6EE269AB0EE407AB6EE006A5D
:1044F000A7EE867A30EE270AE7EE268A06ED190A3D
:1045000046ED039A46ED058A0AF04EFB39EEA80AFD
:1045100008EE100A0AF048FBB4F9B01BB5F84020C9
:104520000E2902F1010207EE900A12B2A6F1500321
:1045300000F3F2800E2ACCBF3A46174603EB820303
:104540000131A5F84070C3ED008AA4F8B01B834F79
:1045500097ED036A97ED007AD7ED016A97ED020AAD
:1045600057ED045A36EE076AB8EEC88A76EE266A28
:1045700038EE408A86EE267AF7EE006AA7EE080A41
:1045800087ED047A36EEC77A17ED038A87ED020AC3
:1045900027EE067A17ED056A87ED037A17ED027AA2
:1045A00037EE067AF8EEE77A77EE255A77EEC87A94
:1045B00087EE256AA6EE278A76EEC66A07ED016ABF
:1045C00066EE876A07ED038A47ED026A0AF0ECFAA5
:1045D000B0EE480A0646C4F8100C0AF0E5FAB4F941
:1045E0003C36C4F89805002BB8BF5B429BB2B3F5CC
:1045F000487F07F2AC4780F0AE80B4F93E36002B1E
:10460000B8BF5B429BB2B3F5487F80F0A48094F8BA
:10461000EC25AB7A97ED007AD4F8508712F00402BB
:1046200008BFC4F89405002B40F08E80D4F8943570
:10463000181AB0F5FA7F4A4BA8BF4FF4FA709842A7
:10464000B8BF18460521FFF7E3FD98F80430454947
:1046500043438B427BDB002BB8BF7F33DB11B3F5C9
:10466000967FA8BF4FF49673991B98F80A303E487E
:104670004B4383426DDB002BB8BF1F335B11B3F597
:10468000967FA8BF4FF496732AB198F81500D4F816
:10469000A42B01FB0022B2F5161F3449A8BF4FF42A
:1046A00016128A42B8BF0A46C4F8A42B002ABCBF1F
:1046B00002F5FF521F3203EB623398F8202007EE19
:1046C000902A37EE097AF8EEE77A6FF0950167EEF7
:1046D000877A9FED277A67EE877AFDEEE77A17EE05
:1046E000902A962AA8BF96228A42ACBF9B1A5B1AD0
:1046F00030460521C4F89C3587ED009AFFF788FD08
:10470000002EB8BF7642C82EC8BF0123C4F83009B6
:10471000C8BF85F83F3083E6B4F8B21BA5F8402047
:1047200001310F2A09B206D1A5F84070C3ED008A05
:10473000A4F8B21B0BE703EB82030F29C3ED008A39
:10474000F6D1A4F8B27B02E7D4F8AC358CE7094B7C
:104750008AE7084B98E70023CAE700BFD00B002088
:104760000CFEFFFF8169FFFF61DAFFFF0080DAFFC7
:104770000000003BD4FEFFFFD0ED005A9FED2B4A16
:1047800008B535EE840AFBF76BFEF0EE403AB0EE6A
:10479000650AFBF765FE90ED015AF0EE404A35EEF2
:1047A000040AFBF75DFEF0EE405AB0EE450AFBF757
:1047B00057FE90ED023AB0EE405A33EE040AFBF792
:1047C0004FFEB0EE404AB0EE430AFBF749FE65EEFD
:1047D000C07A20EE236A24EE847AC1ED017AF0EEED
:1047E000467AE5EE077A24EE233A64EE806AC1ED5C
:1047F000037AF0EE437AE5EE667AA5EE067AE5EE08
:10480000436A24EE254A64EEE54A65EEA35A81ED3B
:10481000004A81ED025AC1ED047AC1ED054AC1EDAD
:10482000066A81ED077AC1ED085A08BDDB0FC93F62
:104830002DE9F04F2DED028BB1B04FF00009FBF7E1
:10484000BFFC18B9FCF78AFAFCF702FEBA4DBB4C64
:10485000FCF75AFC95F8188C48F0010385F8183CD1
:10486000B74B4FF47002C3F88820002304930593DC
:104870000693236843F480332360236803F40033F2
:104880000593049B01330493059B1BB9049BB3F56B
:10489000A04FF2D1236813F4003318BF012305930E
:1048A000059B012B40F0018302230693A54B1222A6
:1048B0001A606368636063686360636843F480637D
:1048C0006360636823F47C136360636843F4E813F4
:1048D0006360236843F08073236023689F01FCD5E5
:1048E000636823F003036360636843F0020363605B
:1048F000636803F00C03082BFAD1069B904EC5F8B1
:104900001C3C914BF360636A636A43F0807363629B
:10491000636943F4FC031CAF636103238DF87230B9
:10492000394641F6FF734FF09040ADF8703006F015
:10493000BDFC4FF6FF738548ADF87030394606F080
:10494000B5FC8348394606F0B1FC8248394606F08A
:10495000ADFC8148394606F0A9FC39467F4806F08F
:10496000A5FC384603F0DCFF1C9B7D4AB3FBF2F349
:10497000C5F8203C7B4B7C4ADFF8FCC14FF0000EB1
:10498000C5F824ECC3F804E04FF0E0230DF1740AFD
:104990005A61F02286F823200722C3F818E01A6132
:1049A000BCE80F003E460FC6BCE80F000FC69CE8EF
:1049B0000F00D5F808B0C5F8C8B786E80F006369DE
:1049C00043F400236361636943F400236361636913
:1049D00043F400236361636943F4003363614FF080
:1049E000904310221A8520221A8540221A85584A9F
:1049F0004FF4804393614FF4005393614FF40043AD
:104A0000936176465AF8040C5146013606F04EFC86
:104A1000062E0AF1080AF5D1544B1C936369DFF89E
:104A20005CA14A4843F480236361394606F03EFCAA
:104A30009AF820200823002A40F03A82434A9361E2
:104A40004B48C5F8E80804233022002100F2A27088
:104A500085F8363901260BF08BFB1422002117A8AC
:104A600085F8446948F005080BF082FB1BF4802FA1
:104A700008BF85F82C6C85F8188CE369334E43F435
:104A80008043E361236943F480432361636943F412
:104A900080236361736A23F470037362736A43F45F
:104AA000A0037362736A23F070637362736A43F0E6
:104AB000A0637362736A23F070437362736A43F096
:104AC000A0437362336A23F470033362336A43F49E
:104AD000A0033362736A23F470237362736A43F42E
:104AE000A023736240F2023B4FF4604339463046E4
:104AF000CDE91C3B06F098FB2022012339463046C5
:104B00004FF480581C928DF8743006F08DFB3946B6
:104B10003046CDF8708006F087FB236943F480436C
:104B20002361236923F480432361124B998821F484
:104B300080510904090C23E06804002000100240A1
:104B400000ED00E0002002400005FA0500040048E6
:104B500000080048000C00480010004800140048FD
:104B600040420F008C1000203F1901000800010294
:104B7000FE050020003800400C160108000000204F
:104B80009980998889B241EA08019980198801F4CD
:104B9000415141F4437141F003011980998821F496
:104BA00070610904090C41F4E0619980998B21F44A
:104BB00000610904090C998307211982198889B2B7
:104BC000202241F040011980B261C6F81880636963
:104BD000DFF8B883C5F8EC8843F480236361E369A8
:104BE00043F40013E361236B23F010032363236B6F
:104BF00043F010032363736A23F00F037362736A35
:104C000043F004037362736A23F0F0037362736A00
:104C100043F04003736239464FF480733046CDE968
:104C20001C3B06F001FB4FF40073394630461C93E1
:104C300006F0FAFAD8F80030B5F9E81023F00103CD
:104C4000C8F80030D8F80020C24B1340C8F8003034
:104C5000C14BC8F81030D8F80030B5F9EA20002070
:104C600043F00103C8F80030C8F80800C8F80C0089
:104C7000C8F80800D8F8083043F40043C8F80830F2
:104C8000D8F80030C8F80030D8F8043023F0784362
:104C900023F40043C8F80430D8F8003043F001038F
:104CA000C8F80030B5F9EC3041EA02041C431FD0CB
:104CB00007EE901A9FEDA97A8AF84200F8EEE77A9B
:104CC000A74967EE877A3846CDED1C7A07EE902A21
:104CD000F8EEE77A67EE877ACDED1D7A07EE903A27
:104CE000F8EEE77A67EE877ACDED1E7AFFF744FD9E
:104CF0009C4EB5F8F03003934FF0000B102259464C
:104D0000A6F5EE70C5F858BC95F8EF4095F8F78019
:104D100085F854BCC6E901BB0BF02AFA2320C5F87C
:104D200068BCA5F864BCC6E905BBC5F874BC03F053
:104D30002BFB0BAA0121752004F0BAF9002840D002
:104D4000894AC5F86C2C894AC5F8702C43F6433261
:104D5000A5F8682C01210FAA584604F0A9F99DF87E
:104D60003C20002800F0A780EA2A40F0A48042F608
:104D70003352594606267F20A5F8682C85F8646CC6
:104D800004F0E5F80A2003F0FFFA7821032004F08C
:104D9000DEF80A2003F0F8FA0121304604F0D7F8D3
:104DA0000A2003F0F1FA3F21072004F0D0F8142084
:104DB00003F0EAFA5946072004F0C9F80A2003F084
:104DC000E3FA95F8643C0022062B85F8782C40F035
:104DD000DF80674BC5F87C3A664BC5F8803A664B76
:104DE0006649D960D5F8F4380A2C43F00101C5F8BA
:104DF000F41828BF144640F2FD2121FA04F212F003
:104E0000010240F05681012C40F051819E0785F847
:104E1000792C00F15B81D5F87C3A03989847002300
:104E200085F87A3CB8F1000F40F054814FF000084B
:104E3000002422467F2168208DF8704004F063F83A
:104E400032220F21682004F05EF8224603216820F8
:104E500004F059F801223B4611460C2004F0A5F855
:104E60009DF87030092B40F03E81454BC5F87C3CE5
:104E7000444BC5F8803C072385F87A3CD5F8F438D4
:104E800043F00803C5F8F43895F8E4300BB185F821
:104E9000783C95F8E5300BB185F8793C95F8E6302B
:104EA000002B78D085F87A3C75E00123069324E541
:104EB000354A1385C4E502F07E028DF83C2040B1EE
:104EC000682A06D1012385F8643C1D2385F8683CD7
:104ED00077E79DF82C3003F07E03682B8DF82C309B
:104EE00032D1062102233A46084685F8643C04F094
:104EF000DFF89DF875309DF873209B00520002F09A
:104F0000020203F0040313439DF8712002F0010232
:104F100013430CD0012B03D1002385F8653C50E7E7
:104F2000022B01D10123F8E7022003F03CFA13AA77
:104F300001210C2004F0BCF89DF84C3013F00F0355
:104F4000F2D0042BEED1E7E7702B04BF042385F8E1
:104F5000643C36E7FFE0CF007A25E00035FA8E3C6E
:104F600098100020C0100020B19000084F8F00085A
:104F7000A9B30008C1620008E40E00202D23FA3B0B
:104F8000578F0008C79000080004004800540040F4
:104F9000022385F8543C95F8F830052B7DD8012480
:104FA00004FA03F313F0160F40F0A58013F0290F55
:104FB00073D00A2003F0E8F94CF6EF030FA90220A2
:104FC000ADF83C3006F002FE002800F09480204648
:104FD00003F0DAF913A902208DF84C908DF84D906A
:104FE00006F0DAFC002800F08680BDF84C305BBA91
:104FF00003F03F03082B7ED1424B9DF84C90D3F831
:10500000040293F808321C9039463B7105209DF844
:105010004DB006F0DBFD00286DD03B4C4FF2C77859
:1050200004F110060FA90220ADF83C8006F0CEFD79
:10503000002860D0012003F0A7F913A902208DF801
:105040004C908DF84DB006F0A7FCBDF84C309DF8A3
:105050004C909DF84DB05BBA9BB200284BD007EE48
:10506000903AF8EEE77AE4EC017AA642DAD1274BDF
:10507000C5F8A83C264BC5F8B03C264B00221A6068
:105080006223C5F8B83CD5F85C35C5F8BC3C0320B4
:10509000002385F8C03C06F0EDFDD5F8F43843F068
:1050A0000403C5F8F4381C4C49F6117647E0144661
:1050B000A3E6002285F8792C184AC5F8582C43F04D
:1050C0000303174AC5F85C2CC5F8F438D5F8583CEA
:1050D0009847A0E6A8F10203032B7FF6A9AEB8F12A
:1050E000010F04D1D0E6B8F1000F3FF4CDAE00239C
:1050F00085F87A3C9AE695F8543C43F0200385F80D
:10510000543CD0E738140108EC10002075BC0008AE
:1051100031BA00081C1100200008004895B30008AF
:105120008D620008A38A9BB283F40053A382A38AF2
:105130009BB283F48043A382642003F025F93B46AD
:10514000022200214020ADF8706003F0E9FD002844
:10515000E8D0D5F81C3C012B02BF95F8543C43F035
:10516000400385F8543C95F8540C00287FF4DDAEDC
:1051700095F8183CC24C43F0020385F8183C4FF4F4
:10518000005323854FF48043A3610F26A38A9BB26B
:1051900083F40053A382A38A9BB283F48043A38247
:1051A000A38A9BB283F40043A382192003F0ECF896
:1051B000013E192003F0E8F816F0FF06E6D14FF49F
:1051C0008043A3614FF40053A3614FF40043A361F4
:1051D000D5F8F4381C0705D5D5F87C3C9847012351
:1051E00085F8C13CD5F84437DFEDA66A1B7BA5F8EE
:1051F000C23CBAF82630A44807EE103AB8EEC77A97
:105200001A22C6EE877AFF219FEDA07A67EE877A91
:10521000C0ED007AA0F206300AF0AAFFD5F8F41823
:1052200001230022880785F8F83885F8F92807D582
:1052300085F8FA38032385F8F838022385F8FB3817
:105240004A0708D595F8F8385A1C2B4485F8F828F1
:10525000032283F8F92895F8F83811F00A0F03F1C2
:105260000102D2B210D0E9182A44042081F8F908CA
:10527000052182F8F918DA1C023355FA83F385F810
:10528000F828062283F8F928D5F8C877BB0608D590
:1052900095F8F8385A1C2B4485F8F828072283F82B
:1052A000F9286B79082B01D00E2B08D195F8F83826
:1052B0005A1C2B4485F8F8280B2283F8F92895F816
:1052C000F828A918531C0C207C07DBB281F8F908D8
:1052D00005D52B440232102183F8F918D3B2E9180E
:1052E00012205A1CD2B281F8F908780585F8F828FE
:1052F00009D595F8B81131B102332A4485F8F83848
:10530000132382F8F938B90508D595F8F8385A1CEE
:105310002B4485F8F828152283F8F928FA0508D5D2
:1053200095F8F8385A1C2B4485F8F8281A2283F887
:10533000F928982200215648564C0AF019FF0120FE
:1053400003F08EF94FF04C0B00286AD1D5F8E43900
:10535000B5F944C1C5F8E4384F4BC5F8703B00229D
:10536000A5F8F02685F8F226C5F81427C5F8182701
:10537000C5F8B43685F8C12AD5F8AC16B5F844019D
:1053800003F23246624603F6D613F82526F8022BBE
:105390000135D4F85C25EDB202F516720A2D43F8FA
:1053A000042B65D1FB0454BFB4F84A310346A4F87A
:1053B0006E3501F1500591F87D30ABB991F87F2041
:1053C00091F880309A420FD2002A6BD0013A02EB5A
:1053D000820202EB820202F5617293B291F87E20A2
:1053E00004EB4202A2F8703504318D42E3D13E074E
:1053F0006DD594F83E21062A63D8DFE812F05B00F1
:10540000310434045C047D04970497040BFB06FA12
:1054100004EB0A0999F82E8AB8F1000F04D001367E
:10542000F6B2022EF2D191E702791C4B90F90000FE
:10543000CDF8048003EB820303220092D3F80C32F0
:105440004246012106F0BEFE039068B1144848228E
:10545000414650440AF08CFE039BC9F8E43901230D
:105460001E4489F82E3AF6B2012003F0D3F86BE718
:10547000022D9DBFB4F84621643212B2624685E720
:10548000000800480AE81C41681000200000C842DB
:105490004C0E0020680400209E05002038140108EE
:1054A000500E0020013303EB830303EB830303F56A
:1054B000617393E745F2F053A4F8C43C06F0BAFEDA
:1054C00028B90820FAF7A8FEC54BC64A9A6317F414
:1054D000804F18BF1223C24D1EBF84F82839C24B1B
:1054E000AB6342F201031F4211D044F62063A4F8DB
:1054F000C43CBB0441BF082384F82839BB4BAB63D1
:10550000FE0741BF0C2384F82839B94BAB6394F8EC
:105510002839B84F043B84F8293932209F234FF4AF
:1055200080580DF14C091CAE139302F02DFF00239F
:10553000A7F828800422494630468DF8713006F0DD
:10554000C3FE9DF87130C7F818809DF872201B04C7
:1055500043EA02239DF873201343A74A934200F0C5
:10556000268400F31D84A2F51A42033A934200F008
:10557000258402F51A420232934200F04B84002344
:10558000C5E90C33AB6202F0ADFD6379C4F8180DC8
:10559000052B04BF4FF4C873A4F85235FBF760F82D
:1055A0004FF47A73DFF87C82A4F854350320D4F8E2
:1055B000A83C9847DFED917A47460837C8ED007A56
:1055C0004FF0650AB0EE677AB0EE678AB5EE407AC2
:1055D000F1EE10FAC7ED007A40F04384BAF1010A07
:1055E00040F02A8494F8DB3843F0080384F8DB3871
:1055F00094F8EC3523F0020384F8EC35D4F8C8377E
:1056000040F602021A4222D00027032384F8A5386C
:10561000394601237A4885F82430C822A4F8A878AE
:10562000A4F8AC78A4F8AA78A4F8AE780AF0A0FDA3
:10563000D4F85C35C4F8B438724BC4F8D87700207D
:105640000021C3E9000184F8D47784F8A47894F8A1
:10565000183C6D4FD4F80880C4F8C88763F07F0306
:1056600084F8183C3B464FF0804243F8042B674ACD
:105670001A60674BBB604FF49663A4F87235654BB4
:10568000AB610120644D84F82C0C002105F035FE3F
:105690000321002005F031FE95E80F000DF11C0AF2
:1056A0008AE80F0005F110030FCB0DF12C0E8EE8E8
:1056B0000F0005F120030FCB0DF13C0C8CE80F001F
:1056C00005F130030FCB89E80F0005F140030FCB44
:1056D00086E80F009AE80F0007F10C0585E80F0037
:1056E0009EE80F0007F11C0A8AE80F009CE80F00F3
:1056F00007F12C0E8EE80F0099E80F0007F13C0C23
:105700008CE80F0096E80F0007F14C0C8CE80F00B6
:105710004FF4967002F038FE4FF48C7207F15C0083
:1057200000210AF025FD3D4BDA6942F00702DA61FB
:105730009A6942F4A5229A615A6942F4C0225A61D8
:1057400000200F27AA7B696895F80FC002F00703B5
:10575000D20801EB82029B00116A0CFA03FC07FAE3
:1057600003F321EA03031362136A04304CEA0303D0
:105770001428136205F11005E4D16279D4F8E81811
:10578000182A9DBF264BD34003F0010300238DF858
:1057900066300022881C10F93250022D00F09383ED
:1057A0000132042AF7D100228DF86120C8F34002AB
:1057B0008DF86220C8F380128DF86420C8F340325F
:1057C0008DF85C20C8F3C0328DF85F2018F40062B9
:1057D0002AD094F83221D51E6A426A4124E000BFE3
:1057E00000000020C9600008E5600008CD600008E6
:1057F000D96000080004004818BA2000000000002A
:10580000440C0020280D002084110020ABAAAA3FE0
:1058100026B4973EA08601006416010800100240DD
:1058200000410001EC0A00208DF86020C8F300421E
:105830008DF8652008F001028DF85D20C8F3C002E4
:105840008DF85E20C8F3804218F4805FB4F8D4105D
:105850008DF86320B4F8E020ADF86A101CBFB4F8EE
:10586000DC10ADF86A10B2F5FA7FADF8682094BF8D
:10587000BDF86A200022ADF86A2094F8822184F8ED
:10588000902E00225B0018F0090FA4F8912ECB4A4D
:1058900018BF013302EB83034FF6FF79D3F87C3254
:1058A000A3F102080833039338F8020F484500F0CB
:1058B000C880030A022B00F0C080C14AC0B2012B8D
:1058C0004FEA001B02EB001040F085839DF85D302D
:1058D000002B00F0B28004EB0B07002384F8943E09
:1058E000C4F8983EC4F89C3EC4F8A03EC4F8D43E28
:1058F00084F8DC3E97F8353DB7F8302DC4F8E80E53
:1059000031468DF87230D7F82C0DADF87020022397
:10591000C4F8D89E8DF8733005F0C8FC94F8902E2A
:10592000D7F8285D97F832AD012A18BF00212A6AFE
:1059300008BF0321BAF1000F40F0CC8222F001022F
:105940002A62AA69286A22F0F30242EA011220F0D0
:105950000A0042F0010240F00100AA612862AA692F
:1059600022F00C02AA61AA69AA610122002128463C
:1059700005F0A2FB2A88934F92B242F00102BB4489
:105980002A809BF833BD584606F0CEFABBF11B0FB8
:1059900002D1192006F0C8FA8B4AC7F8EC2E4FF056
:1059A000000B8A4AC7F8F02E2846C7F8F4BE05F067
:1059B000FBFA062841D80A214143854A01EB9A01A6
:1059C00007EB810C131DCCF8782DCCF8883D4FEAFD
:1059D0009A0C0223E96803FA0CF39BB20B43EB60C9
:1059E00028234343A2F5BA7203F120011144EFF3D7
:1059F000128C4FF0500E8EF312880C33134453F870
:105A0000042F0AB10A60111D0BF1010BBBF1040F49
:105A1000F5D100230B605FFA8CFC8CF311882823EE
:105A200003FB0077D7F8983D002B40F0D082EB685D
:105A300023F001031B041B0CEB60039B43457FF425
:105A400033AF644E644D042384F8B0390FCE0FC5D4
:105A50000FCE0FC50FCE0FC596E80F0085E80F00DB
:105A6000D4F8C837D4F82867D4F8240703F4805250
:105A7000A5F256650023002A00F0E082818825F80F
:105A8000021B01330C2BF6D1544B0F934FF0904374
:105A9000CDE913334FF44173ADF82C30504B514DD9
:105AA00021954FF0A041CDE91C1301204FF0805308
:105AB000002713AC0BAE05F10D094FF0020B0DF1F1
:105AC0001C080DF13C0ACDE91E0303F558531CA830
:105AD0002093ADF81C70CDF89490CDF89CB0CDF823
:105AE0008880CDF88CA02494269606F0F3F83E4AE0
:105AF0003E490F922022ADF8402007C984E80700F4
:105B00003B4ADFF808C111889278ADF82C10B270CA
:105B1000384AADF81C704FF08053CDE91CC21F937A
:105B20000DF1700C03F5585303202093279005F1D5
:105B30000E0360462193CDE9228A8DF81E70CDF8C0
:105B400078B0CDF894902494269606F0C3F84FF4DC
:105B50000053ADF83C30284B13930523DFF8B0E039
:105B60008DF82C30254B8DF81C70CDE91CE3244BAF
:105B7000CDF878B04FF00052CDE91F2305F11402A3
:105B80002192012227921CAA1046CDE9228ACDF843
:105B900094902494269606F09DF81A4A13490F9281
:105BA0004FF48052ADF8402001F10C0207CA84E89E
:105BB0000700154A124B118892782BE0381401081F
:105BC0009011002068040020356300082563000858
:105BD00054130020C41601082414002008000400F7
:105BE00008000240E414002004001000041701081B
:105BF000631D0108080402400004004858040240E4
:105C00000036001000800040671D010800010050B0
:105C100000040050ADF82C104FF00050CDE91F03E8
:105C2000BA49B2700320BA4A279016351CA8CDE9AC
:105C30001C12CDE9228AADF81C708DF81E70CDF8CB
:105C400078B02195CDF894902494269606F042F8E9
:105C50001E2031B0BDEC028BBDE8F04F02F094BBCA
:105C600042F6F82328E442F6F823AA4AA4F8C43CF2
:105C700000010A23B0FBF3F00023A0F5B06001336C
:105C8000122B42F8040BFAD1A34AA4499163402095
:105C900084F8283902F0E4FC00283FF412AC012318
:105CA000072590F900009E4ACDE9003540219D4B23
:105CB00006F088FA04E442F6F823A4F8C43C964BB4
:105CC000994A9A634020102384F8283902F0C8FCCE
:105CD00000283FF4F6AB01230021944A90F900001C
:105CE000CDE900314FF4E133402106F06BFA003882
:105CF00018BF0120FFF7E4BB42F6F823A4F8C43C28
:105D0000854B8B4A9A634020082384F8283902F097
:105D1000A7FC00283FF4D5AB0123002290F9000036
:105D2000CDE90032834A4FF4E133DDE742F6F82350
:105D3000062AA4F8C43C4FF00C0318BF052284F8CF
:105D4000283984F8143D744B84F8152D4FF0000564
:105D50000CBF21211B21784A08BF784E84F8105DC2
:105D60004FF0400018BF4FF4E13684F8115D84F81D
:105D7000125D84F8131D9A6302F072FC00283FF450
:105D8000A0AB012390F900006D4A009301953346C2
:105D9000402106F017FA401B18BF0120FFF790BB07
:105DA000684A934236D0013293427FF4E8AB4FF019
:105DB0000123AB624FF40052634B04E0634BAB62D0
:105DC000614B4FF400421A85AB8D2F8D1B025F4350
:105DD0002B6301236F6384F8AE39002F3FF4D3ABFC
:105DE000FF0A4FF0000ABA450DDA0AEB070808EB84
:105DF000D8784FEA6808102231464FEAC82006F0EA
:105E00005DFB0F280CDCFF0206F0BAFAC4F86C79CF
:105E1000FFF7B9BB4E4BAB624FF480424A4BD2E71F
:105E20003246002352F8041B013140F0098101334E
:105E3000042BF7D14746D6E74FF0230B02F052F977
:105E400005F0C6F90A2002F09FFABBF1010B414BA5
:105E5000F4D193ED007AD3ED027A88ED007AFFF762
:105E6000B5BB88ED008A87ED008A4FF00F0B4FF02D
:105E70000A0A02F037F905F0ABF90A2002F084FAB9
:105E8000BAF1010A334BF4D1D8ED007A93ED007AE0
:105E9000D7ED006A37EE277AD3ED027A88ED007AE3
:105EA00077EEA67ABBF1010BC7ED007ADFD1F2EEF7
:105EB0000E6A87EE266A87EEA67A88ED006A87ED7D
:105EC000007AFFF78FBB01EBC2018A88003A18BF46
:105ED000012269E4BAF1040F3ED122F0100212044B
:105EE000120C2A62AA69286A20F0A00022F47342E8
:105EF000000442EA0132000C42F4807240F01000CB
:105F0000AA612862AA6922F440622BE500050050CC
:105F10001C0402403011002000000020F160000845
:105F200019810008A0860100216100086D81000828
:105F300031610008258200081562000890D0030036
:105F4000BD8200081740EF00000800482000000153
:105F500080000001F00A0020BAF1080F1DD122F4E0
:105F600080721204120C2A62EA69286A92B222F044
:105F7000F30242EA01124FF2FF51014042F00102E6
:105F800041F48071EA612962EA6922F00C0212048C
:105F9000120CEA61EA69EA61E7E422F48052120431
:105FA000120C2A62EA69286A22F440721205120D64
:105FB00042EA013245F6FF71014042F4807241F439
:105FC0008051EA612962EA6922F44062DFE7EB6806
:105FD00043F0010330E5032B7FF42FAD94F8923E9C
:105FE0009DF863209D0052B100234FF6FF720821F7
:105FF00005F00AFA6319C3F8B409134B11E0BDF8B0
:106000006810BDF86A30B1F5FA7F11D90F4AB2FBBA
:10601000F1F2122192B205F0F7F96319C3F8B4094D
:106020000B4BC36094F8923E013384F8923E04E532
:10603000084AB2FBF1F2012192B2D9E7B1881EE51C
:1060400008F1010AB846F5E61563000880A81201B8
:10605000F562000840420F00F0B50124B0FBF4F5F2
:106060008D4203D200261CB91C70F0BD4C43F5E7ED
:10607000B0FBF4F5B4FBF1F704FB15002EB9002DCD
:1060800003DC8C420CD33C46EDE7092D08DD002AE9
:106090000CBF572437242C4403F8014B0136F2E798
:1060A0003024F8E738B5074D044600236A6895F9AF
:1060B000001003B138BD002AFCD0A142FAD19047AC
:1060C0000123F3E78C10002000207047014B33F8C8
:1060D00011007047F2150020014B33F81100704792
:1060E000F2150020014B33F811007047D80D002045
:1060F000094BDFED0A7A03EB810393ED007AB8EEEA
:10610000477AF6EE046AE7EE267AFCEEE77A17EEB7
:10611000903A98B2704700BF3011002000005C44F4
:10612000024B33F81100C008704700BF98150020DB
:1061300007299ABF024B33F821000020704700BFA7
:10614000D015002003788B420AD9064B53F8210062
:10615000054B1B7803B1400800F5777080B270479B
:1061600000207047241500205418002000222549E3
:1061700070B5134641F2210684180C44647883EA12
:10618000042308241DB2002DB4BF86EA45055B0038
:1061900004F1FF34B4BFABB29BB214F0FF04F1D1F1
:1061A0000132192AE8D100F119020A44547800F1A9
:1061B0001A020A44527802EB042292B29A420CD19B
:1061C000114B124C1A7800EB4202D2B24FF4AF6579
:1061D000904203D10E4B01221A7070BD461CF3B2DF
:1061E000013351FA86F60B4476785B7803EB06238D
:1061F0009BB26B431B1303F54873023024F8023B38
:10620000C0B2E5E7541800207C1100207618002069
:106210007811002003788B4283BF034B03EB4103CB
:10622000588C0020704700BF54180020084BDA68D3
:10623000D10709D4DA68D20608D4DB6813F0040F5A
:106240000CBF0420032070470120704702207047D4
:10625000002002408161704701857047838A9BB2AC
:106260004B408382704702464FF08043934202D8EE
:10627000002013B970479B08F8E7C11891424FEA14
:1062800050009CBFC018521A9B08F2E737B50B4B61
:1062900004465D6858786A460621A84758B1BDF89B
:1062A00000305BBA2380BDF802305BBA6380BDF872
:1062B00004305BBAA38003B030BD00BFD010002013
:1062C00037B50B4B04465D6818786A460621A84727
:1062D00058B1BDF800305BBA2380BDF802305BBA1C
:1062E0006380BDF804305BBAA38003B030BD00BF4B
:1062F000D0100020064B53F820301A681B89A1F5F6
:106300007A7159434FF47A7391FBF3F1116070473E
:106310001C0E0020024B53F820301B681960704798
:106320001C0E0020024A136C01330B4413647047A7
:10633000FC120020324B186C9A680144F0B48A1A9F
:106340009960596040F68C218A42DA603CD919780C
:1063500093F9452093F90040914229D10A1F082A58
:1063600026D893F84620182A03D8013283F846200D
:1063700001E083F8444093F9442091420FD193F80F
:10638000471061B11F48204D002106468A4211DCAA
:1063900000210C2A14D11D490A7801320A70012209
:1063A00083F84720002283F845401A70F0BC7047FC
:1063B0000022DBE755F8047F20F8027B0131E5E796
:1063C00026F812100132E4E793F847100029EDD0C7
:1063D000A2F2EF2040F2DA51884208D819780B294E
:1063E00005D8081D013143F820201970DEE700218F
:1063F000F0BC074883F84710302209F0B9BE00BF4F
:10640000FC120020F215002008130020F0150020D7
:106410000C130020836A8169426B1944D160416A80
:106420008B422BBF0169CB1AC91A536028BF516038
:106430004FF0000380F84430136828BF002143F078
:106440000103816213607047036B10B502464BB1C4
:10645000046C59680B1B8C42D8B202D9D36818441B
:10646000C0B210BDD0E907408442C1B238BFD06885
:10647000E3B236BFC018581A401AF1E7D0E9091242
:106480000369914238BFC9188A1A416B581E19B165
:106490004B681A44904202D9801AC0B2704700205B
:1064A0007047436B13B190F844007047D0E909037B
:1064B0001B1A584258417047034610B51C6B40697F
:1064C000D96844B11A6C8C1A013A005D18BF1146A4
:1064D000C0B2196410BD1A6A805C01328A4238BFAA
:1064E0001446C0B21C62F5E710B4426A8469A15434
:1064F000426A016901328A4228BF00224262426B2D
:106500002AB11368DB0707D45DF8044B82E7026DFC
:10651000136843F0800313605DF8044B7047026D0D
:10652000036B70B5D569044633B9A90604D5C36AAF
:10653000DBB1908C80B29847616B81B92A060ED589
:10654000A26A606A236D82421CD0501CA669A062B8
:10655000B25CD2B21A852369984200D3A1622B079C
:1065600042BF236D08221A6270BDE169928C4069B6
:106570004E1CD2B2E6614254E169E268914228BF02
:10658000E361D9E71A6822F080021A60E7E72DE993
:10659000F0410669C3681E40F70704460D4621D442
:1065A000B0072ED4710707D56FF004032361686824
:1065B000A16B036889B29847320707D56FF00803CB
:1065C0002361A868E16B036889B29847F30621D577
:1065D0006FF010032361E868216C0368BDE8F041A7
:1065E00089B218476FF001030361C16A2F6A1FFA6D
:1065F00081F8002FD4D03B683846414698477F68E1
:10660000F7E76FF0020323612868616B036889B2C2
:106610009847C7E7BDE8F081036823F001031B0436
:106620001B0C03600023036043608360C360294B3D
:10663000984204D1284A536843F00F0326E0274BC1
:10664000984204D1244A536843F0F0031EE0244BDF
:10665000984204D1204A536843F4706316E0214BFA
:10666000984204D11C4A536843F470430EE01E4B19
:10667000984204D1184A536843F4702306E01B4B38
:10668000984205D1144A536843F47003536070472D
:10669000174B984204D1104A536843F07063F5E7F2
:1066A000144B984201D1144AC5E7144B984201D1CA
:1066B000114AC8E7124B984201D10F4ACBE7114B60
:1066C000984201D10C4ACEE70F4B9842DFD10A4ADB
:1066D000D1E700BF08000240000002401C00024059
:1066E0003000024044000240580002406C0002406A
:1066F0008000024008040240000402401C040240E2
:10670000300402404404024058040240002A70B59C
:106710000CBF202530251C4614F8016B0A460139B0
:106720000EB1002AF8DC114604E00468661C06601D
:10673000013925700029F8DC22EAE27219460C467C
:1067400014F8015B15B9D31AC81870BD01684E1C46
:1067500006600D702146F2E7F0B54FF0FF33CF0829
:10676000136001F007013D460026052D00D806B153
:10677000F0BD435DAF4203BF0B41DBB20C46344674
:1067800013F0010604D004EBC50414600135ECE7F6
:106790000134082C4FEA5303F2D1F7E7044B984237
:1067A0000CBF044A044A138801339BB2138070471C
:1067B00000540040580D00205A0D002038B590EDCF
:1067C000010AD0ED027A2DED028B20EE000A90ED49
:1067D000008AA8EE080A04460D46A7EEA70A08F0AC
:1067E00041F9B7EE007AC7EE007A1F4BB3F84020AC
:1067F0000132A3F8402093ED0F7A37EE277A83ED2C
:106800000F7AB0EE007AF4EEC77AF1EE10FA21D5E5
:10681000B6EE007AF4EEC77AF1EE10FA06DC9FEDE0
:10682000137AF4EEC77AF1EE10FA1ADD28EE278A11
:10683000012085ED008A94ED017A27EE277A85ED17
:10684000017A94ED027A67EE277AC5ED027ABDEC03
:10685000028B38BD9FED067AF4EEC77AF1EE10FA9E
:10686000E4D40020F3E700BF54180020BD3786357C
:10687000002474490138042810D8DFE800F0030729
:10688000090B0D00064B074A13607047064BFAE7E9
:10689000064BF8E7064BF6E7064BF4E7064BF2E744
:1068A000217E0008700000207D6C000885720008C1
:1068B00069750008A1780008B56F00082DE9F0435C
:1068C000964E974BD6ED007A964AB3F90030B2F95E
:1068D00000209FED957A954D2DED088BF1EE677AAE
:1068E0008DB0CDED007AD6ED017A9B1AF1EE677A84
:1068F000CDED017A07EE903A8D4BB3F90020F8EE1A
:10690000E77A09EE902AB3F90220B3F9043067EE72
:10691000877A08EE102A044603A96846B8EEC88AAA
:1069200009EE103ACDED027AFDF726FF9DED060A3D
:10693000DDED037A9DED07AA7E4B9DED057A1B6880
:10694000F8EEE99A28EE000AB8EEC99AA9EEA70A6D
:106950009B78DDED097A28EE0AAAA9EE270A012B19
:10696000DDED047AA9EEA7AADDED0A7AA9EE27AA41
:10697000DDED087A68EE277AE9EE877A9DED0B7AED
:10698000E9EE077A40F0C7806B4B1B785B0715D4A4
:106990006A490A6892B16B6C002B1846B8BFD81DC3
:1069A000A3EBE00307EE103AB8EEC77A013A37EEF0
:1069B000277A0A60BDEEC77A85ED117A6B6C002BE1
:1069C000B8BF0733DB1007EE103AB8EEC77A5C4F5A
:1069D00077EEC78A08F0E8F85A4BD3F8009099F898
:1069E00000804146FDF714FC3B68B0EE4A0A0344C0
:1069F0003B6008F0D9F84146FDF70AFC7B68B0EE31
:106A0000680A03447B6008F0CFF899F80190494682
:106A1000FDF7FEFB96ED01AABB68D6ED008A0344A4
:106A2000B0EE4A0ABB6008F03FF8F0EE40AAB0EEC4
:106A30004A0A08F079F8B0EE40BAB0EE680A08F0F9
:106A400073F8B0EE40AAB0EE680A08F02DF86BEECD
:106A50000A5ADFED3D6AF0EE657AE0EE667A41466D
:106A60002BEE006AF0EE408AE5EEA68AF0EE464A8A
:106A7000EAEE264A68EE277AF0EE4A5A2AEE8AAA09
:106A80002AEEA65AE9EEAA7A68EE288A28EE0A8A41
:106A9000D6EE265AE9EE858AABEE698AE9EE247ACB
:106AA0002AEE807AE9EE258AA9EE078AC5ED127AE8
:106AB000FDEEE77AC5ED138A85ED148A17EE900A8C
:106AC000224DFDF7A5FBFDEEE87A2B684146034415
:106AD00017EE900A2B60FDF79BFB6B68FDEEC87A02
:106AE0000344494617EE900A6B60FDF791FBAB68D3
:106AF000174A0344AB60136823441360154A1368B4
:106B000001331360144A1368013313600DB0BDECF8
:106B1000088BBDE8F083114B1B8854E7EC1600206E
:106B2000AA0A00201E00002035FA8E3C54180020CE
:106B30007E0D0020AC0B0020540A0020C00900206C
:106B4000F40F0020B00B00200000000040180020CF
:106B500004100020001000204C1800202600002007
:106B600008B52DED068BF0EE409AB0EE600AF0EE1F
:106B700041AAF0EE608A07F097FFB0EE408AB0EECF
:106B8000680A07F0D1FFB0EE409AB0EE690A07F04C
:106B9000CBFFF0EE408AB0EE690A07F085FFB0EE59
:106BA00040AAB0EE6A0A07F0BFFFF0EE409AB0EEDE
:106BB0006A0A07F079FF1A4B28EE007A29EE286A54
:106BC00083ED007A29EECA7A69EE0A6AA6EE007AA7
:106BD00060EE687A83ED017A28EEA97A68EE288A59
:106BE000A6EE807AB1EE499A83ED027A28EE297AF0
:106BF00028EE0A8A83ED037A2AEE007AE6EEA97A75
:106C0000A6EE297A83ED069AC3ED078A83ED088AFA
:106C1000BDEC068B83ED047AC3ED057A08BD00BF99
:106C20004400002006EE901A9FED116A114B9FED73
:106C3000127A1B88F8EEE66AF7EE005A66EE866A6C
:106C400007EE903A85EEA66AF8EE677A67EE877AE5
:106C500090ED007A76EE276A87EEA66A70EE477AA4
:106C6000A6EE277AB0EE470A80ED007A704700BFA3
:106C7000DB0FC94064170020BD3786352DE9F04F82
:106C80002DED048B87B0DFEDB47A0593B34B0392FF
:106C90001B8808EE103AB24B1B880093B8EE488A66
:106CA00013F0020328EE278A05460493F7EE009AB4
:106CB00000F01381149BDA89AA4BB3F90000801A03
:106CC00000F2F31740F2E634A74200F203810028F5
:106CD000B8BF4042B3F902309A1A02F2F31440F2FC
:106CE000E6339C429CBF82EAE273A3EBE27395F821
:106CF000502088BF4FF4FA73002A00F0F1808342DD
:106D0000B8BF0346C3F5FA7307EE903ADFED966A13
:106D1000F8EEE77A642387EEA67AB3FBF2F307EE88
:106D2000903A37EE697AF8EEE77AF0EE698AE7EEA4
:106D3000278AF5EEC08AF1EE10FA00F1D180F4EE68
:106D4000E98AF1EE10FAC8BFF0EE698ADFF858B2AE
:106D5000DFF85892DFF858A29FED849ACB1C02937B
:106D6000834B019305F124060BF10C080BF1180776
:106D70000024029A022C12F8013F0292F2EE044A19
:106D800040F0B180BAF80410DFED7A6A0A3311FBE3
:106D900003F107EE901AB8EEE77AC7EE267A764B43
:106DA00095F8551033F9143007EE103A734BB8EEDE
:106DB000C77AD3ED036A019BE7EE667A13F8012BDD
:106DC000019303EE902AB0EE675AF6EC017AF8EEE2
:106DD000E33A67EE857A67EEA37A87EE894A41B196
:106DE000674800EB8400B0EE440AFFF71BFFB0EEEB
:106DF000404AD6ED027A28EE057A27EE277AD9EDB9
:106E0000007AE7EE247ADFED5F4AF4EEE47AF1EE01
:106E100010FA08D4DFED5C4AF4EEE47AF1EE10FAF1
:106E2000D8BFF0EE674A89EE887ADBED007AD8EDBC
:106E3000006AE9EC014A75EE677AABEC015A27EE7D
:106E4000277AD7ED007AA8EC017AE7EC016A76EEB2
:106E5000A77A95F8541037EE870A21B14B4800EB1A
:106E60008400FFF7DFFEB0EE087AC0EE077A96EDF9
:106E7000057A67EE877A67EEA37A87EE897ADFED87
:106E8000447AB4EEE77AF1EE10FA08D4DFED417AF5
:106E9000B4EEE77AF1EE10FAD8BFF0EE477A34EEAE
:106EA000240A30EE270A07F07FFE3B4BB0F57A7FCD
:106EB000A8BF4FF47A709842B8BF1846374B23F8F2
:106EC00014000134032C7FF454AF07B0BDEC048BE5
:106ED000BDE8F08F4FF4FA70FCE6F0EE698A35E712
:106EE000DFED2F8A32E7039A3AF9140051428842C3
:106EF0004FEA440C03DB82421146A8BF0146294AEF
:106F000032F90CC0059AA1EB0C0132F914C0009AB9
:106F1000614407EE901AF8EEE77AD207C7EEA46A4A
:106F200004D5D5ED127A66EEA77A38E7143313FB51
:106F300000F307EE903A9FED0F6A049BB8EEE77AF4
:106F4000C7EE067A002B3FF42AAF95ED137A66EE72
:106F5000876AE6EEA87A22E7BD37863564170020F7
:106F60002C0C0020D00900200000FA430000C84289
:106F7000100C002000004842840D0020E40E002088
:106F8000CC18002000007AC300007A43D8180020F3
:106F9000000096C30000964318FCFFFF98170020DE
:106FA00000000000920D0020A8180020480A0020D0
:106FB0000C0A00202DE9F04F89B0CDE90623A34A41
:106FC000DFF8B492B2F90030B2F90210DFF8ACA2E7
:106FD000DFF8AC820192002BB8BF5B420029B8BF3A
:106FE00049429BB289B28B4238BF0B46B3F5FA7F58
:106FF00028BF4FF4FA73029309F10803059309F1CE
:1070000014030493924B0393002600F10C030746EC
:107010000093354634468F4B1B8803F0010003F084
:10702000020C9B073FD0022C36D0019B069AB3F985
:1070300000305242B2EB430F4FEA430103DC069AA1
:107040008A42A8BF0A46844BBD7F33F91430D21A56
:10705000079B33F914301A443B7A6421534393FB62
:10706000F1F3C5EB8571C5EB81059D4203DC6D42F3
:107070009D42A8BF1D46DAF800301A4442F2107350
:107080009A42A8BF1A46754B9A42B8BF1A46CAF828
:107090000020FE7C5643361328B1BCF1000F02D10C
:1070A000022C40F0CF80019BB3F900E0009B0EEB77
:1070B0008E0213F80B3C120192FBF3F2039BB3F91F
:1070C00000B0BBF1000F5B46B8BF0BF10303A2EBAE
:1070D000A303D8F800201344B3F57A5F604AA8BF31
:1070E0004FF47A539342B8BF1346BBF1000FB8BFB9
:1070F000CBF1000B1FFA8BFBBBF5206F7146C8F874
:1071000000300AD8022C0BD1504AB2F90420002AD0
:10711000B8BF524292B2642A02D90023C8F80030A4
:107120007D2293FBF2F3009A12785A4348BF3F3214
:107130009211BCF1000F7DD0022C11D0029B02995C
:107140000298C3F5FA7311FB0EF142434FF4FA7C37
:1071500005FB031106FB032291FBFCF192FBFCF201
:10716000039B404833F902BB005D0393BBF1000F62
:107170005B46B8BF0BF103039B1013FB00F36FF0EA
:107180004F0093FBF0F30B4497F8551005EE103ABF
:1071900041B13548B8EEC50A00EB8400FFF742FD67
:1071A000BDEEC05A059B39F9021B1868049B29F8EB
:1071B00002BC1B68BBEB010148BF033103444FEA2B
:1071C000A10C03EBA103049941F8040B0491059968
:1071D00041F804CB059197F8541061B107EE903A4D
:1071E0002248B8EEE70A00EB8400FFF71BFDFDEE36
:1071F000C07A17EE903A15EE100A104402461C4869
:10720000005D434348BF1F336100A2EB6312194B7B
:107210005A52019B02330193009B01340133032C2A
:107220000AF1040A08F1040800937FF4F4AE09B0EF
:10723000BDE8F08F002893D0022C1ABF32462946B1
:1072400071468DE7324629468AE700BF0C0A0020C6
:10725000840D00202C0C0020920D0020F0D8FFFFA0
:1072600080C1FFFFFC0B0020CC180020D8180020A4
:10727000FF0B002098170020E41800202C0A0020A3
:107280003C0A00202DE9F04F8BB0CDE9072109938E
:10729000A44B1B88049313F00203044614D0A24AA3
:1072A000B2F90030B2F90220002BB8BF5B42002ACD
:1072B000B8BF52429BB292B2934238BF1346B3F565
:1072C000007F28BF4FF400730293984B984F0193AF
:1072D000984B0693DFF8848204F10B0307F104094D
:1072E00007F10C0B039300258F4B33F915C0924B1C
:1072F00033F91560002E3046B8BFF01C831005939B
:10730000019B1A460432019286EAE672A2EBE6720B
:1073100092B2B2F5206F4FEA4C0100F2FC80059A60
:107320001B688A1A1A44B2F57A5F844BA8BF4FF4DF
:107330007A529A42B8BF1A46019B039843F8042C2C
:1073400010F8013F0390D2115A4310F80B3C4B4305
:10735000049989074FEAA2124FEAA31346D007996E
:107360004942B1EB4C0F4FEA4C0E03DC07997145D3
:10737000A8BF7146DFF8E8C109983CF915C0A1EB38
:107380000C0130F915C08C44D8F8001042F2107E80
:1073900061447145A8BF7146DFF8C8E17145B8BFC7
:1073A0007146C8F8001094F808A00CFB0AFA94F88B
:1073B0001EC00CEB8C0CCCF1000EBEEBEA1F4FEAAA
:1073C000EA1003DC6045A8BF6046864694F813C007
:1073D00001FB0CFC0299A2EB2C324A43A3EB0E03F7
:1073E00052124B4302EB2C320EEB632354490598A7
:1073F000495D11FB00F1A3EBA11A94F8551061B19E
:1074000007EE90AA4F48B8EEE70A00EB8500FFF7B9
:1074100009FCFDEEC07A17EE90AA37F9020BDBF8F3
:10742000001027F8026C301A48BF0330D9F800600A
:107430004BF8046B831049F8043B314401EBA00185
:1074400000EE101A94F8541041B13F48B8EEC00A4B
:1074500000EB8500FFF7E6FBBDEEC00A069911F8C8
:10746000013B069110EE101A59430AEB0203374A0A
:10747000A3EB611322F815306B1C022B08F10408F2
:107480004FF001057FF430AF089B9A79264B9B881B
:107490000F3213FB02F3284AB2F904201B11002A11
:1074A000B8BF0332002BA3EBA201B8BF5B42322B63
:1074B0001E4A32DCA07B936801FB003324488342E0
:1074C000A8BF034623488342B8BF03469360E278CF
:1074D0004A432149097803294FEAA2120AD9B4F88C
:1074E0005210B1F5FA7F05D24842904217DC8A4229
:1074F000A8BF0A465B13B3F5807FA8BF4FF4807323
:107500006FF0FF018B42ACBFD21852180F4B9A801C
:107510000BB0BDE8F08F00220EE70023D6E702464D
:10752000E8E700BF2C0C00200C0A00203C0A0020D9
:1075300004190020FF0B0020840D002080C1FFFFF4
:10754000FC0B0020CC180020D81800209817002031
:10755000FEFFFF0F020000F0180E00202C0A002092
:10756000920D0020F0D8FFFF2DE9F04F89B0CDE952
:107570000521BA4A0793B2F90030B2F90220DFF8C8
:107580001083DFF810A3DFF8F8920090002BB8BF4B
:107590005B42002AB8BF52429BB292B2934238BFBC
:1075A0001346B3F5FA7F28BF4FF4FA73019308F13D
:1075B0000C0300270393AA4B0293054608F1040B22
:1075C0003C463E46A74B1A8802F001030493A34BA6
:1075D00002F00200920733F9163038D0059A524271
:1075E000B2EB430F4FEA430403DC059AA242A8BF63
:1075F00022469D4C34F91670D71B079A32F9162093
:1076000017442A7A64247A4392FBF4F2AC7FC4EBE9
:10761000847CC4EB8C04944203DC64429442A8BF93
:107620001446DAF80020174442F210729742A8BFBD
:1076300017468E4A9742B8BF1746CAF80070EA7CD0
:107640005743049A3F1312B1002800F0FF80029ABA
:10765000B2F9002082EAE27CACEBE27C1FFA8CFCFF
:10766000BCF5206F00F2E980002A0099B8BF033210
:1076700003EB830E91F801C04FEA0E1E9EFBFCFC4B
:10768000ACEBA20CD9F800206244B2F57A5FDFF8C7
:1076900008C2A8BF4FF47A526245B8BF6246C9F823
:1076A00000204FF07D0C92FBFCFC009A127B61469F
:1076B0004A4348BF3F329211002800F0C080019831
:1076C000019910FB03F3C1F5FA7104FB01334FF488
:1076D000FA7C93FBFCF0019B5A4307FB012292FBCF
:1076E000FCF20299DFF8B4C131F9023B1CF806C084
:1076F0000291002B1946B8BFD91C891011FB0CF15F
:107700006FF04F0C91FBFCF1014405EE101A95F857
:10771000551051B156480493B8EEC50A00EB8600E7
:10772000FFF780FA049BBDEEC05A38F9020B0399AB
:1077300028F8023C181A0968DBF8003048BF03300B
:10774000194401EBA00100EE101A03994FEAA00CB6
:1077500041F8043B4BF804CB039195F8541041B128
:107760004448B8EEC00A00EB8600FFF75BFABDEEB6
:10777000C00A15EE103A13443F4A10EE101A925DFB
:1077800051430A4648BF1F32A3EB621370003B4AC5
:107790001352009A731C0132022B0AF1040A09F1F8
:1077A000040900924FF001067FF40CAF069B9A7912
:1077B0002A4B9B880F3213FB02F3294AB2F90420AB
:1077C0001B11002AB8BF0332002BA3EBA201B8BFE4
:1077D0005B42322B2A4A3CDCA87B936801FB0033D6
:1077E00028488342A8BF034627488342B8BF0346C0
:1077F0009360EA784A432549097803294FEAA2129F
:107800000AD9B5F85210B1F5FA7F05D24842904234
:1078100021DC8A42A8BF0A465B13B3F5807FA8BF6C
:107820004FF480736FF0FF018B42ACBFD218521837
:10783000124B9A8009B0BDE8F08F00222FE704991F
:10784000002916BF3A46184620464AE73A462046DF
:1078500047E70023CCE70246DEE700BF0C0A002022
:10786000840D00202C0C0020920D0020F0D8FFFF8A
:10787000CC180020D8180020FF0B002098170020FB
:107880003C0A0020FEFFFF0F020000F0180E00204F
:10789000181900202C0A002080C1FFFFFC0B0020DB
:1078A0002DE9F04F2DED088B87B00446059390F835
:1078B000543004910292002B00F01082322BA8BFAA
:1078C000322307EE903ADFEDDA6AF8EEE77A86EED9
:1078D000A77AD84B1B88012B38BF012307EE903ABB
:1078E0009FEDD5AAD54BF8EEE78AB3F800A028EEB5
:1078F0008AAA1AF0020337EE0A7A0393CAEE079AAD
:1079000000F0EF81CE49B1F90020B1F90210002A50
:10791000B8BF52420029B8BF494292B289B28A42E6
:1079200038BF0A46B2F5E17F28BF4FF4E17207EE97
:10793000902A9FEDC47AF8EEE77AC7EE87AAC24B89
:10794000DFF858930193DFF85883C04BC04F009382
:1079500009F1080B04F10C0600259FEDBEBAB0EE4C
:107960004B9ABD4BB64933F9150031F9153007EE86
:10797000900AB8EEE75AF5EE047A25EE275A00EEA3
:10798000103ABDEEC55ADFEDB57AB8EEC55A1AF019
:10799000030F25EE275AB8EEC00A6CD070EE007ABD
:1079A000029BFDEEE77A594217EE90CA8C4503DB45
:1079B00063451946A8BF6146A94B9FEDAA6A33F9F2
:1079C00015C0059BA1EB0C0133F915C0A37F06EE92
:1079D000903A237AF8EE666A6144B1EE047A07EED3
:1079E000901A66EE876A07EE103AF8EEE77AB8EE7C
:1079F000477AB1EE669A27EE277ABDEEC99A27EE4E
:107A0000067A19EE103ABDEEC77A17EE101A9942AF
:107A100008DBFDEEE66A16EE903A8B42A8BF0B46F5
:107A200009EE103A98ED007AAAEE277AFBEE0E7A6C
:107A3000B4EEE77AF1EE10FAB8EEC99A08D4F3EE94
:107A40000E7AB4EEE77AF1EE10FAD8BFF0EE477A8C
:107A5000C8ED007AE37C08EE103AB8EE488A1AF0D6
:107A6000010F28EE278ADFED807A28EE278AB0EE14
:107A700048BA40F03C810028B8BF404280B2B0F51F
:107A8000206F00F2318116F80B3CDFED786A07EECB
:107A9000103A60EE266AB8EE477AC6EE877A97ED1E
:107AA000007A77EEC57AAAEE277ADFED717AB4EE26
:107AB000E77AF1EE10FA08D4DFED6E7AB4EEE77AE9
:107AC000F1EE10FAD8BFF0EE477AC7ED007A3378BE
:107AD00008EE103AB8EE488A039B28EE278ADFEDBD
:107AE000667A28EE278A5BB170EE497AB0EE490AD1
:107AF000A7EEAA0A78EE4B7AB0EE4B8AA7EEAA8AD6
:107B0000009B94F8551013F8012B9FED5C7A0093BD
:107B100007EE902AF8EEE77A65EE677AA7EE870A15
:107B200021B1574800EB8500FFF77CF899ED007A0A
:107B3000A9EC015A35EE475ADBED007A019B85EE40
:107B40000A7A13F8012B019308F10408043701366F
:107B500030EE080A37EE677AE7EE297A07EE102A48
:107B6000B8EEC77AEBEC017A67EEC77A9FED457AFB
:107B7000A7EE870A07F018F8691C434B022923F87F
:107B800015004FF001057FF4ECAEFDEEE88ADFED65
:107B90003F7A94F857703E4D18EE903A23F0030365
:107BA00008EE903A264BB3F90480049B9E792A4B49
:107BB000B3F90430F8EEE88A00EE103A88EEA79A9E
:107BC000BAEECF0A002F00F0BC8088EAE879E778A7
:107BD000A9EBE87906F0E8FF1FFA89F92D4BDFEDF4
:107BE0002E6A06FB09F696FBF3F6643607EE100ADA
:107BF0007E43642396FBF3F307EE903AB8EEC77A20
:107C0000F8EEE77A80EAE07367EE877AA3EBE07339
:107C100087EEA67AB3F5207F07EE908AB8EEE70AE2
:107C200030EE470A3EDCB9F1640F63D93AE000BF99
:107C300083F9223E64170020BD3786352C0C0020C6
:107C40000C0A00200000E143FF0B0020FC0B002089
:107C5000480A002000000000840D0020CDCC4C40DC
:107C6000920D00206F12033C0AD7A33D0000A043F1
:107C7000000040C3000040430AD7233CA69B443B7E
:107C8000CC180020F7CC92389817002000803B4594
:107C90003C0A00200CFEFFFF0000A0422C1900202F
:107CA000340A00200023AB6094F8551011B15448F9
:107CB000FEF7B8FF30EE080ABDEEC00A10EE103A2B
:107CC0001BB200EE103AB8EEC00A06F06DFF4D4B45
:107CD000988007B0BDEC088BBDE8F08F9FED4A7A25
:107CE000F7E5DFED4AAA2AE6DFED487AEDE6B0EEE9
:107CF000490A05E708EB88031B0193FBF7F31B1AFE
:107D000007EE903AF8EEE77AAA6867EE897AFDEE18
:107D1000E77A17EE903A1344B3F57A5F3C4AA8BF6E
:107D20004FF47A539342B8BF1346AB607D2293FB66
:107D3000F2F3A27B53439B1107EE903AB8EEE78A29
:107D4000B2E7760006F030FF283616FB08F676110B
:107D5000301A002E07EE900AB8BF7642322EF8EEA7
:107D6000E77A16DCA37BAA6807EE103AB8EE477AEA
:107D700027EE277A27EE097ABDEEC77A17EE103A7A
:107D80009F18244A9742A8BF1746234A9742B8BF74
:107D900017467B13B3F5807FA8BF4FF480736FF055
:107DA000FF029342FDEEE77AB8BF1346AF6007EEDD
:107DB000103AE27817EE903A53439B1100EE103AD6
:107DC000164B1B78032BB8EEC78AB8EEC00A7FF6B5
:107DD0006BAFB4F85220B2F5FA7FBFF465AFFDEE99
:107DE000C07A534217EE901A994203DB91420B4638
:107DF000A8BF134607EE903AB8EEE70A54E700BF73
:107E0000D418002098170020AF4C593C0000000007
:107E100080C1FFFFFEFFFF0F020000F0180E0020E0
:107E20002DE9F04F8BB004460893984B06921B88BF
:107E3000029313F00203079300F0F180149BD8899A
:107E4000934BB3F90020121A02F2F31640F2E63512
:107E5000AE4200F2DE80002AB8BF5242B3F90230CF
:107E60001B1A03F2F31540F2E630854200F2D4808B
:107E7000002BB8BF5B429342B8BF1346C3F5FA73F9
:107E80000522B3FBF2F3A27F643BD21053430A22D4
:107E900093FBF2F3643323EAE3735BB27D4D7E48D8
:107EA00003930268D5F8E830DFED7C7AD31A05EE4B
:107EB000103AB8EE455A0368C5F8E83025EE275A5F
:107EC000CB1C774A0593774B049285ED3B5A05F11D
:107ED000F00B05F1F80AA14605F582780022059815
:107EE000022A10F801EF059040F09B806E498988C6
:107EF0000EF1140011FB00F14911C5F80C116B498A
:107F000058F8046B31F91270002F3946B8BFF91CCC
:107F1000A6EBA106049911F8010B049119F8011FB1
:107F2000019071434143642091FBF0F1C91100EECF
:107F3000101A94F8551051B15D480993B8EEC00A73
:107F400000EB8200FEF76EFE099BBDEEC00A5949A8
:107F500099F80BC0098818687143C912019E0CFB7F
:107F600001F171434FF0640C91FBFCF10144B1F558
:107F7000001F5148A8BF4FF400118142B5EEC05A0E
:107F8000B8BF0146F1EE10FA43F8041B4FEA613125
:107F900016DDBBF90000DAED006A381A07EE900A28
:107FA000F8EEE77AB1EE087A77EEE67AB2EE046A96
:107FB00067EE877A87EE867A77EE267ACAED007AC0
:107FC0002BF8027B99F81600BAEC017ADFED3B6AD8
:107FD00007EE900AF8EEE77A67EE877A9DED017A70
:107FE000B8EEC77A67EE877A87EEA67ABDEEC77AD3
:107FF00017EE100AA1EBA01110EE100A0144304850
:1080000020F812100132032A7FF469AF0BB0BDE8EB
:10801000F08F4FF4FA7221E74FF4FA732BE76423E1
:108020003CE7214830F9126006984042B0EB460F19
:108030004FEA42074FEA460C03DC06986045A8BFAA
:1080400060462049CF5F0899C01B31F91270029930
:10805000C907384416D40EF1140111FB06F1079E2E
:108060000911C8F80010002E3FF449AFE67C7043B8
:10807000039E7043642690FBF6F001EB2011C8F8D4
:1080800000103CE7217A41430911F8E72C0C00204D
:10809000D009002054180020C40900206F12833A30
:1080A000100C00203C0A00200C0A0020840D002047
:1080B000CC180020641700200000E0FF0000C84238
:1080C00098170020920D00202820FDF7EBBF092013
:1080D000FDF7E8BF024A136801331360704700BF21
:1080E000C409002010B50A4B4FF0E02019688469DC
:1080F00000BF1A688A42F9D1064B19684FF47A70AA
:1081000000FB01F31B1BB3FBF1F300FB023010BDBE
:10811000C40900208810002010B50446FFF7E2FFD4
:108120000F4AD2F8103140F6AC51C31A8B42C4BF8B
:10813000002382F8143192F814310A49CC541BB947
:108140000F2C0BD1C2F810010133DBB282F81431CD
:10815000192B054B0CBF012200221A7010BD00BF65
:1081600054180020551500205415002010B5044661
:10817000FFF7B8FF264AD2F81831C2F81801C31A1F
:10818000B3F57A6F84BF002382F81C3192F81C315A
:1081900043B9A82C30D11F490B701F490B801F49D0
:1081A000CC5406E0022B02D11D490C70F7E7242BBA
:1081B000F5D91B4909780133DBB20231B3EB410F2A
:1081C00082F81C314FEA410017DA1349088880EA27
:1081D000042080B2082341F2210402B2002AB4BF75
:1081E00084EA4202400003F1FF33B4BF90B280B290
:1081F00013F0FF03F1D1088010BD411C8B42FBD16D
:10820000002382F81C31034B01221A70F4E700BFEF
:10821000541800206E1500207015002072150020E3
:108220006F15002010B50446FFF75CFF0D4BD3F827
:108230002021C3F82001821A41F288318A4284BF8A
:10824000002283F8242193F824210749142A8C540E
:108250000BBF064B0132012283F8242108BF1A709C
:1082600010BD00BF54180020B9150020B81500201B
:1082700010B50446FFF736FF0D4BD3F82821C3F89D
:108280002801821A41F288318A4284BF002283F891
:108290002C2193F82C2107490F2AE4B28C540BBFF0
:1082A000054B0132012283F82C2108BF1A7010BD42
:1082B000541800201115002009150020F8B52D4C88
:1082C0002D4E2E4F0546FFF70DFFD4F83031C4F880
:1082D0003001C31AB3F5FA5F82BF002333703B70DD
:1082E000337853B9A12D08D101223A70E218013335
:1082F000EDB2DBB25570337002E03A78002AF5D166
:108300001F4D2A789A4208D11E4B1B78052B05D0A9
:10831000062B06D000233B703370F8BD0020FDF71C
:1083200025FFA3781E2BF5D195F800C000250CF190
:10833000FF3C2846654507DB644463789842E9D1F1
:108340000320FDF713FFE5E7631908225B78DBB232
:1083500080EA030141F3000121F07301013A81EA4F
:10836000530312F0FF02DBB24FEA5000F0D10135A7
:108370001846DFE7541800207A11002079110020F8
:108380007B1100207D11002038B50446013C00D24D
:1083900038BDFFF7A7FE0546FFF7A4FE431BB3F564
:1083A0007A7FF9D3F2E72DE98848064600F04008C5
:1083B0002A4C4FF01E0B052502273FE0B8F1000FB5
:1083C00004D0A38A9BB283F40053A382BAF1000FB6
:1083D00004D0A38A9BB283F48043A382B9F1000F37
:1083E00004D0A38A9BB283F40043A3825846FFF7CC
:1083F000CBFFB8F1000F04D0A38A9BB283F40053E3
:10840000A382BAF1000F04D0A38A9BB283F4804305
:10841000A382B9F1000F04D0A38A9BB283F4004376
:10842000A3825846FFF7B0FF85B1013DC6D14FF496
:10843000FA70FFF7A9FF4FF0960B002557EA0503E6
:1084400006D006F0200A06F00209B7E7013FF4E77C
:108450004FF47A70FFF798FFAAE700BF00080048C2
:10846000044A00231370044A1360044A1380044A28
:1084700013607047420D00203C0D0020400D00208D
:10848000380D00200E4B30B500220C2404FB02F105
:10849000CD5C854203D00132102AF7D130BD094AA4
:1084A000106820B15C18407864788442F6D20B449E
:1084B0001360054A00231380044A1360EEE700BFEF
:1084C00030180108380D0020400D00203C0D002020
:1084D0004300142B0C4A30B4A8BF142300210225FA
:1084E0001424023199421570547002F10202F8DB33
:1084F000064A002808BF02231344FF2283F83421D0
:1085000030BC0F20BEE700BF88190020541800209F
:1085100010B50A784B789A421BD20F4904301924BF
:1085200031F9100040F633018842A8BF0846B0F583
:10853000617F40F28331B8BF4FF4617012FB0412C7
:10854000904206DD13FB04139842CCBF00200120AB
:1085500010BD0020FCE700BFD00900200C4970B519
:1085600000226FF0180640F6C414437812FB02652F
:108570006B4303F6C413057853430132072A05FB06
:1085800003F393FBF4F321F8023BEED170BD00BF7F
:10859000020C00202DE9F0411D4C00220A264FF468
:1085A0007A758778A2EB070E0FFA8EFEBEF1000FE8
:1085B000BC462ADDC7F16407FFB290F803800EFBCA
:1085C0000EF308FB03F3C8F1640817FB07F70CEB85
:1085D0008C0C93FBF7F343440EFB03F393FBF6F38E
:1085E00003EB4C031BB22380B1F800C04F880A3262
:1085F000A7EB0C0792B27B43782A93FBF5F39C44DC
:1086000024F802CBCDD1BDE8F08108BF0127D4E723
:10861000140C0020F0B5104B104C1B6894F84A1154
:1086200000251E1DCAB2032A04D90DB184F84A21BF
:1086300000200EE036F831C010EA0C0F01F10107FE
:108640004FF0010506D003EBC1002A44023084F844
:108650004A21F0BD3946E5E7500D002054180020AE
:10866000024B002283F84A21D4E700BF54180020AF
:10867000064B10B504461868036821461B689847E6
:10868000034B1B689A7954409C7110BD4C0D00201F
:10869000480D002038B5054624200C46FFF7E8FFBA
:1086A0004D20FFF7E5FF002D084D0CBF3E20212097
:1086B000FFF7DEFF2B68002220469A71FFF7D8FFF4
:1086C0002B6893F84900BDE83840D1E7480D0020F9
:1086D00010B50446C0B2FFF7CBFF200ABDE810403A
:1086E000C6E710B5044680B2FFF7F2FF200CBDE8E4
:1086F0001040EDE7034B1B68DA79511CD971134424
:10870000187A7047480D002010B5FFF7F3FF0446B4
:10871000FFF7F0FF04EB002080B210BD10B5FFF7AB
:10872000F3FF0446FFF7F0FF04EB004010BD0146E5
:108730000020AFE708B5FFF7D5FC074B00F5B710F1
:1087400000F558701860054B02221A70044A9368AD
:1087500003F2DC53936008BD000F0020FC0E0020E4
:10876000580B002008B5FFF7BDFC064B1860064B00
:1087700002221A70054B1A68054B9A60012283F891
:10878000212008BD000F0020FC0E0020C40900209D
:10879000580B0020104B1B6803EB4002117E29B1DF
:1087A00002290DD00D4B33F810007047022805D96F
:1087B0000328F7D10A4A1268D20409D5D88970472C
:1087C000507E00EB800000EB800000F2EE2070474E
:1087D0004FF49660704700BF1C0B0020D0090020AA
:1087E000300C002038B52DED048B4A4B0C46016847
:1087F000C3F84C118188A3F85011023A062A05D813
:10880000DFE802F05259606773798000B3F84C21B9
:108810002280B3F84E216280B3F950313E4AA380E2
:108820001278002A3DD1B4F900203C4D09EE102AFF
:10883000B4F9022095ED030AD5ED007A08EE902AEE
:10884000F8EEE88AB8EEC99A28EE800AA7EE890AFF
:1088500007EE903AB8EEE78AD5ED067AA7EE880AD9
:1088600006F0A2F995ED040AD5ED017A208028EEF4
:10887000800AA9EE270AD5ED077AA8EE270A06F0A6
:1088800093F9D5ED057A608028EEA70AD5ED027A36
:10889000A9EE270AD5ED087AA8EE270A06F084F992
:1088A000A080BDEC048B38BDB3F84E212280B3F814
:1088B0004C215242AFE7B3F84C2152422280B3F828
:1088C0004E21F6E7B3F84E2152422280B3F84C21F4
:1088D000A1E7B3F84C2152422280B3F84E216280C6
:1088E000B3F850315B421BB298E7B3F84E212280B7
:1088F000B3F84C21F3E7B3F84C212280B3F84E21B2
:108900005242ECE7B3F84E2152422280B3F84C2198
:10891000F6E700BF54180020420000209810002005
:108920009F4B5A6802F00C02082A2DE9F04140F0F2
:10893000AB8059685A68D60349BFDA6A994A9A4C9B
:1089400002F00F02C1F3834148BF013201F102017D
:1089500048BFB4FBF2F251430C4604605A68DFF89A
:108960004CE2C2F30312724492F8C0205FFA82FC18
:1089700024FA02F242605D68C5F30225754495F859
:10898000C06022FA06F686605D68C5F3C2257544AC
:1089900095F8C050EA40C260D3F82C80EFB2C8F31B
:1089A00003150EEB450518F4807FB5F8D050ADB235
:1089B0006DD0002D6BD0B1FBF5F50561D3F82C809F
:1089C000C8F343250EEB450E18F4005FBEF8D050F7
:1089D000ADB25ED0002D5CD0B1FBF5F54561D3F8AA
:1089E00030E0714D1EF0100F0CBFAE46A646C0F829
:1089F00018E0D3F830E01EF0200F0CBFAE46A646BC
:108A0000C0F81CE0D3F830E01EF0400F18BF254638
:108A100005621D6BED053ED5A1423CD1BC453AD166
:108A20004D0045621D6BED0437D5A14235D1BC45E3
:108A300033D14D0085621D6BAD0530D5A1422ED1DD
:108A4000BC452CD14D00C5621D6B6D0529D5A142D9
:108A500027D1BC4525D14D0045641D6B2D0522D580
:108A6000A14220D1BC451ED14D0085641D6BAD04D3
:108A70001BD5A14219D1BC4517D16100C164196B46
:108A8000890714D1026318E0474C002165E72546A9
:108A900093E72546A2E71546C3E71546CAE71546FC
:108AA000D1E71546D8E71546DFE78264E7E71A6B9A
:108AB00002F00302012A16D104631A6B12F4403F3C
:108AC00020D146631A6B12F4402F35D186631A6B9E
:108AD00012F4401F4AD1C6631A6B12F4400F67D1DB
:108AE0000664BDE8F0811A6B02F00302022A02D18B
:108AF0004FF40042C6E71A6B02F00302032ADCD1EE
:108B0000294ABFE71A6B02F44032B2F5803F01D127
:108B10004463D7E71A6B02F44032B2F5003F03D149
:108B20004FF400424263CDE71A6B02F44032B2F5D3
:108B3000403FC7D11C4AF5E71A6B02F44022B2F558
:108B4000802F01D18463C2E71A6B02F44022B2F590
:108B5000002F03D14FF400428263B8E71A6B02F48E
:108B60004022B2F5402FB2D10F4AF5E71A6B02F45A
:108B70004012B2F5801F01D1C463ADE71A6B02F455
:108B80004012B2F5001F03D14FF40042C263A3E7C5
:108B90001A6B02F44012B2F5401F9DD1024AF5E76C
:108BA0000010024000093D0000127A003018010850
:108BB0001A6B02F44002B2F5800F01D1046490E711
:108BC0001A6B02F44002B2F5000F03D14FF40043D8
:108BD000036486E71B6B03F44003B3F5400F80D1B9
:108BE000004BF5E700127A002DE9F041046DD0F852
:108BF0000880236823F0010394B0236086794779C5
:108C0000206820F0010020606068330320F44050A9
:108C100003F4005303436360236807F00105310246
:108C200023F4B05317F0020701F480614FEA850284
:108C300023F00C0318BF42F008020B431A432260D2
:108C4000A36823F44073A3606846FFF769FE224BD4
:108C50009C4231D10C9A23681B0448BF5200B2FBDE
:108C6000F8F308FB1322B2EB580F226828BF013338
:108C7000100406D5C3F3420223F00F031B041B0CA0
:108C800013439BB2A38163682D04F10745EA0745AE
:108C90004BBF1D43AB4365606360A36832074CBFA5
:108CA00043F0080323F00803A360236843F00103A3
:108CB000236014B0BDE8F081084B9C4201D10D9AAD
:108CC000C9E7074B9C4201D10E9AC4E7054B9C4271
:108CD0000CBF0F9A109ABEE70038014000440040D4
:108CE00000480040004C004081607DE741717BE717
:108CF000084B0C2202FB003030B40D4607C8064C6E
:108D000084E80700054901EB8501D1F8F030A1881E
:108D100030BC18474C170108B80A00203018010869
:108D20004000F8B5C5B23B48006849F6FF74866953
:108D300036040BD5013CA71CF9D1374B4FF0FF325D
:108D4000C3F85421FDF72AFD0020F8BD446824F043
:108D50007F7424F4593424F47F7424F003042C43E6
:108D600044F0807444F4903444602B4C4FF420461B
:108D7000C4F854618669B60707D4D4F85461771EE5
:108D8000C4F85471002EF5D1DCE7816249F6FF7119
:108D90008669370605D4C4F8541101398E1CF7D101
:108DA000D0E7416821F07F7121F4593121F47F71BE
:108DB00021F00301294341EA024141F00071416081
:108DC0001A449A420DD14FF42043C4F85431002282
:108DD00081698D0616D4013B591C4FF00102F7D171
:108DE00009E049F6FF718569AF0707D401398E1C88
:108DF000F9D14FF0FF33C4F85431A3E713F8011B46
:108E00008162DEE70AB1C4F854312023C361012036
:108E10009BE700BF540D00205418002000232DE9CB
:108E2000F74306460D461F4615F80380B8F1000FBC
:108E300000D01FB1384603B0BDE8F0835C1CB8F128
:108E4000FF0F15F8049029D19C1C2A5DB9F1030F7E
:108E50003AD8DFE809F0020B131B1C1D2B44DB780A
:108E600003EB0223A6F834312346DDE71C1D2B4417
:108E7000DB7803EB0223A6F83631F5E71C1D2B4403
:108E8000DB7803EB0223A6F83831EDE71C1D2B44F9
:108E9000DB7803EB0223A6F83C31E5E7B8F1040FD9
:108EA00012D89C1C2919424601A803F081FB96F8B0
:108EB0005C0101AB42464946FFF732FF00284444BB
:108EC00008BF6FF01307CFE76FF00307CCE707B5D4
:108ED00052BAADF8042001AB0222FFF721FF0028AF
:108EE0000CBF6FF01300002003B05DF804FB08B561
:108EF00006220B46B021FFF713FF00280CBF6FF0CE
:108F00001300002008BD07B58DF807200DF10703F9
:108F10000122FFF705FF03B05DF804FB0246802144
:108F20003C20F0E710B50446A1F15000C0B2FFF7B5
:108F3000F5FF04EB4400400004EB440400F00E0095
:108F4000FFF7ECFFE0081030BDE81040E6E70A4606
:108F500001466820D7E708B5012232210C20FFF72F
:108F6000D2FF4FF47A70FFF70FFA012231210C2063
:108F7000FFF7C9FF0120FFF707FA012008BD08B578
:108F8000FFF7C1FF00280CBF6FF01300002008BDE1
:108F900038B504460D4601F07F0290F860018A2141
:108FA000FFF7EDFF84F8605138BDF8B53E4D400045
:108FB000C6B2286849F6FF7487693F040CD5013CA6
:108FC000A71CF9D1394B4FF0FF32C3F85421FDF7FC
:108FD000E5FB00210846F8BD446824F07F7424F4C2
:108FE000593424F47F7424F00304344344F490345B
:108FF00044602E4C4FF42047C4F854718769BF0772
:1090000008D4D4F8547107F1FF3CC4F854C1002FC0
:10901000F4D1DCE7816249F6FF7187697F0605D4E8
:10902000C4F8541101398F1CF7D1D0E7416821F001
:109030007F7121F4593121F47F7121F00301314313
:1090400041EA024141F0007141F410514160013B9D
:109050000021914228680DD14FF42043C4F85431C7
:1090600000228569AE0618D4013B5D1C4FF0010259
:10907000F7D109E049F6FF7687697F0707D4013EFB
:10908000B71CF9D14FF0FF33C4F854319FE7406A61
:1090900003F8010F0131C9B2DBE70AB1C4F854315A
:1090A0002023C36196E700BF540D00205418002010
:1090B00008B513460A4601466820FFF776FF0038D8
:1090C00018BF012008BD13B5002304468DF80030F9
:1090D00001226B4610210C20FFF767FFD0B19DF8ED
:1090E0000030DB0716D56B46072211210C20FFF755
:1090F0005CFF78B1BDF800302380BDF8023063809A
:10910000BDF80430A380012231210C2002B0BDE85B
:109110001040F8E6002002B010BD2DE9F04F85B0F8
:10912000DFF8BCB00E9D109F01950646894610469B
:109130001C464FF000084FF0010A0F9B984523D1C1
:109140003D6096F85C012146FFF7D1FE05460028F8
:1091500042D102AB062296F85C01B021FFF725FF51
:10916000002804F1FF3208BF6FF0130502AB05348D
:1091700013F8011B12F8010F88420DD1A242F7D15A
:10918000284605B0BDE8F08F01AA2946FDF7E4FAAC
:10919000019A531C03D13D606FF03105F0E702F1F5
:1091A000B40189090BEB8101D1F8FC10003918BF1B
:1091B00001214945EFD14FEAD20C2F2A02F00705D1
:1091C0009FBF14F80C100AFA05F5294304F80C1097
:1091D000551C08F10108B0E76FF01305D0E700BF98
:1091E0003018010813B5144601AB0422FFF7DDFE69
:1091F000019B00281BBA0CBF6FF0130000202360F6
:1092000002B010BD13B5144601AB0222FFF7CDFE2C
:10921000BDF8043000285BBA0CBF6FF013000020CB
:10922000238002B010BDF7B590F8DA30013B022B75
:1092300004462AD890F85C01154F0DF106020E2164
:10924000FFF7E0FFBDF8065007EA4545B8B994F8C6
:109250005C010DF106020C21FFF7D4FFB5F57F0F7D
:10926000BDF8066004D807EA4646B6F57F0F0CD96C
:1092700058B90849204603B0BDE8F040CEE5B5F541
:109280007F0F02D86FF01300EFE703B0F0BD00BF0F
:109290000000FE1F74000020F7B514461F4601228F
:1092A0000DF1070305460E46FFF77FFE18B96FF074
:1092B000130003B0F0BD9DF8073004EA03023A43FF
:1092C00031462846FFF71FFE0028F0D00020F0E7C7
:1092D00008B513460122FFF768FE00280CBF6FF0A7
:1092E0001300002008BD13B500230C4690F85C0164
:1092F0008DF807300DF107020121FFF7E9FF78B97A
:109300009DF80730C3F300122270C3F3C002A270AD
:10931000C3F380026270C3F38012DB09E270237131
:1093200002B010BD37B5044644F6206594F8DA3033
:1093300094F85C01042B0DF1070211D11321FFF702
:10934000C7FF9DF8073013F0180F03F0070203D092
:109350006FF0050003B030BD68B16FF01300F9E79E
:109360001421FFF7B5FF0028F7D19DF80730DB0780
:1093700003D50020EEE7042AFBD0013D03D00A20EC
:10938000FFF702F8D2E76FF00600E3E7F7B506460D
:10939000002290F85C018321FFF7F1FD0546E0B95A
:1093A00044F6206796F85C010DF107028321FFF770
:1093B0008FFF9DF8073004462BB970B90135BD42C7
:1093C000F0D16FF0060496F85C0101228321FFF7CB
:1093D000D6FD204340B203B0F0BD6FF01304F2E7B6
:1093E00013B50129144614BF5021702190F85C0177
:1093F0000DF10702FFF76CFF30B99DF8073001331C
:109400005B00237002B010BD6FF01300FAE7F0B5F7
:1094100085B000240229074615468DF80240ADF8B4
:10942000064024D10DF103022146FFF7D9FFD8B938
:1094300097F85C010DF102024621FFF749FF4C4B02
:109440009DF803409DF802205C4304F5FA744FF444
:109450007A73B4FBF3F402FB044404F5FA74B4FB2E
:10946000F3F42C6005B0F0BD6FF01300E7E70329BB
:109470002FD121460DF10302FFF7B2FF014600286C
:1094800072D10DF103023846FFF7AAFFF0B997F841
:109490005C010DF106025121FFF7B4FEBDF8063064
:1094A0009DF80640324A1B0A9C409DF80330013467
:1094B0005343A4B24FF47A7203F5FA73B3FBF2F399
:1094C0005C4304F5FA74B4FBF2F4CAE76FF01300DE
:1094D000E4E702A9FFF707FF9DF80B30002B3DD012
:1094E0000DF1030221463846FFF77AFFC0BB97F81B
:1094F0005C010DF106025121FFF784FEBDF8063034
:109500009DF806401B0A9C400134A4B240BB0DF1FB
:10951000030201213846FFF763FF08BB01AA97F851
:109520005C017121FFF76EFEBDF804209DF8043048
:10953000120A934001339BB20D499DF803201B1B77
:109540004A439BB24FF47A7102F5FA72B2FBF1F220
:10955000534303F5FA73B3FBF1F482E71C46D6E7F5
:1095600000236FF01300E7E76FF0130079E700BF07
:10957000002F3A002DE9F047037C86B00B700446BB
:109580000D4690F85C0103AAF8210026FFF73AFE89
:1095900028B16FF01306304606B0BDE8F08794F8A6
:1095A0005C0104AA0421FFF71DFE0028F1D1BDF8DB
:1095B0000C201AB1049BB3FBF2F3AB60AB68A36160
:1095C00000232B7394F85C0104AA2021FFF71AFEF4
:1095D0000028DED1BDF810304BBB226A2A6194F816
:1095E0005C01237704AA2821FFF70CFE0028D0D1C4
:1095F000BDF81030C3F30B0213F4006F18BFA2F5CF
:109600008052FA2312FB03F36B6104F1270805F182
:1096100017074FF0000A05F124091FFA8AF3013BEE
:10962000042B09D8DFE803F00C1C1E202000DB000F
:109630002B6123620123D2E7636B49F82A3023E0D0
:1096400094F85C0104AA4421FFF7DCFD0028A0D1B6
:10965000BDF8102053029AB1AB62A363012311E05D
:10966000E36BEAE7236CE8E794F85C0104AA642161
:10967000FFF7C8FD00288CD1BDF810305B02DCE795
:10968000A26BAA6284F829300AF1010A18F8013F96
:1096900007F8013FBAF1060FBFD194F85C0104AAA4
:1096A0000121FFF715FE00287FF473AF9DF81030FD
:1096B00084F83031DB0985F83C3084F84C304FF4C5
:1096C000FA63CDE9023040F636336B6004A92046D8
:1096D0008DF811608DF81260FFF705FE0646002830
:1096E0007FF457AF9DF811709DF812809DF810908F
:1096F00047EA080359EA03031AD002AA02212046C6
:10970000FFF785FE00287FF444AFB9F1000F05D0C4
:10971000029B03F24E226B6813446B60B8F1000F9A
:109720001DD0029B03F2B2226B6803EB42036B6015
:109730009DF81330DBB99DF814306BB101AA0421F8
:109740002046FFF764FE019B03F226226B68134458
:109750006B6000287FF41DAF6B6863611BE7002F0F
:10976000E6D0029B03F525726B681344DFE703AA7A
:1097700003212046FFF74BFE039B03F525726B6820
:1097800013446B600028D6D003E702297FB5044656
:1097900015462DD10DF105020021FFF721FE18B16C
:1097A0006FF0130004B070BD9DF80530554A94F871
:1097B0005C014FF47A71534303F5FA734FF4FA6284
:1097C000B3FBF2F2B3FBF1F301FB0522B2FBF3F2C0
:1097D00093B2B3F5807F9ABF02F1FF32D2B2FF227B
:1097E0004621A4F8D82004B0BDE87040FFF7C7BBFD
:1097F000032935D10DF105020021FFF7F1FD414BA1
:109800009DF805204FF47A715A4302F5FA724FF42D
:10981000FA63B2FBF3F3B2FBF1F201FB0533B3FBE6
:10982000F2F39AB242B1531E0022FF2B02F1010162
:1098300013D803EB02239AB2ADF80620A4F8D8207F
:109840000028ADD194F85C015121FFF740FB0028BE
:10985000A6D1C4F8E4500020A4E75B080A46E4E778
:1098600002A9FFF740FD9DF80B60C6B10DF105029E
:1098700000212046FFF7B4FD002891D194F85C0147
:109880000DF106025121FFF7BDFC002888D1BDF87B
:1098900006309DF806601B0A9E400136B6B20DF1F7
:1098A000050201212046FFF79BFD00287FF478AFD9
:1098B000144A9DF805304FF47A71534303F5FA7357
:1098C0004FF4FA62B3FBF2F2B3FBF1F301FB0522B2
:1098D000B2FBF3F2921907D0013AFF2A00F101031B
:1098E0000DD802EB002292B294F85C017121FFF7CF
:1098F000EEFA00287FF454AFC4F8DC50ABE752080E
:109900001846EAE7002F3A002DE9FF474FF4FA62C4
:109910000023CDE9003244F61F62914206460F460D
:1099200005D86FF00305284604B0BDE8F08702A90A
:109930008DF809308DF80A30FFF7D5FC054610B1D7
:109940006FF01305EFE79DF809809DF80A909DF8E8
:1099500008A049EA08035AEA0303A7F636341BD0E5
:1099600001AA02213046FFF752FD0028E8D1BAF1E2
:10997000000F05D0019B03F24E239C42D1D9E41A7B
:10998000B9F1000F25D0019B03F2B223B4EB430FD2
:109990004FEA4302C5D9A41A9DF80B3063B16A4659
:1099A00003213046FFF733FD009B03F525739C42EE
:1099B000B7D90028C4D1E41A9DF80C30002BB2D0DE
:1099C000A4F2262204213046FFF7DFFE7761054628
:1099D000A9E7B8F1000FDFD0019B03F525739C4286
:1099E0009FD9E41AD8E773B50646002501220B215A
:1099F00096F85C01FFF7C3FA002204460B2196F8A3
:109A00005C01FFF7BCFA0DF107020443132196F83D
:109A10005C01FFF75DFC9DF8073064B2044301353B
:109A20005B0760B2EDB207D0032D0AD00028DDD06D
:109A30006FF0130002B070BD032D08BF6FF00B0074
:109A4000F8E76FF00B00F5E72DE9F04F9BB090F8C9
:109A500030310E910546002490F85C010593C02238
:109A600001212746FFF78BFA002840F03D830122B1
:109A7000802195F85C012C74FFF781FA0122FF2107
:109A800095F85C01FFF77BFA2246214695F85C01C8
:109A9000FFF775FA95F83A2195F85C019121FFF7E7
:109AA0006EFA0122214695F85C01FFF768FA22461A
:109AB000FF2195F85C01FFF762FA2246802195F8B4
:109AC0005C01FFF75CFA214695F85C010122FFF783
:109AD00056FA0146002840F0078301238DF84C30E8
:109AE000064644F620689DF84C30DB0706F1010677
:109AF0000BD5002940F0F582464508D095F85C0169
:109B000013AAFFF7E5FB0146EDE7464505D16FF0E7
:109B1000060630461BB0BDE8F08F002940F0E48215
:109B20002846FFF7FFFB06460028F2D1032385F8FD
:109B3000323195F85C0110AB0C221421FFF735FA95
:109B4000002800F0D182BDF8423003935BBABDF823
:109B50004660ADF832309BB2BDF84A800293B5F84A
:109B6000523195F8312176BA98FA98F8B6B2B3F531
:109B70007A7F1FFA88F84FEA46260DD008FB03F3D8
:109B80004FF47A7103F5FA73B3FBF1F3297F0029DF
:109B900040F09B801FFA83F8002A00F0A1804FEA72
:109BA0008813DBB206934FEA98089DF84020BDF871
:109BB0004830C2F3C302002101925BBAADF84C10E9
:109BC0009BB201995B024FF2A102CA40079395F83C
:109BD0002830049302F001020D92002B00F0C681A0
:109BE0002C7F002C00F088802A6A029B5A43803226
:109BF000140A06EB122295F8E0104FF47A7A0AFB69
:109C000002F9082909F500490CBF4FF0020B4FF08B
:109C1000030B5FEA194073D1384BC5F840319A46BF
:109C20006B6B84B2002B00F0A48153452CBF4FF026
:109C3000000B4FF0010B95F82A90B9F1000F00F0DE
:109C4000AC8195F85C01D5F83CA00122FF21FFF71B
:109C500096F9002800F08F816FF01300BDF84C20BA
:109C60005202C5F84821BAF1000F00F09481524524
:109C700094BF00220122002840F0128295F82B1098
:109C8000002900F08E81039B002B00F08881029850
:109C90003302B3FBF0F3286C83422CBF0023012373
:109CA0000D98002840F0018201980138092800F23F
:109CB000EC81DFE810F0780178017801EA01EA012F
:109CC000FC01EA01FE01FC01FE010298298C4143DE
:109CD000B6EB212F4FEA212005D152B948F6E028F2
:109CE0000023069361E79BB27343311AB3FBF1F390
:109CF00050E742F2B82852E732467CE7AE878F023F
:109D0000DFF8D4C3D5F8DC3008930CFB01F101F582
:109D1000FA730A93D5F8E430099395F8E830099975
:109D20000CFB03F303F5FA734FF4FA6CB3FBFCFE80
:109D30000AFB01EE0A99B1FBFCFC0899B3FBFAF3AC
:109D40000AFB01CCBEFBF3F30A99B1FBFAF1BCFBB1
:109D5000F1FC63440BFB03F340F27761DB0203F594
:109D6000FA73B3FBFAF34B4303F5FA73B3FBFAF15F
:109D700002F180030A931A0A079B0F914A4302F1EA
:109D8000800C0AFB03F2CD4B1A40B2FBF0F2CC4838
:109D90004FEA1C2C824228BF0246BCF1010F4FF44F
:109DA000167038BF4FF0010C00FB02F30C2000FBD3
:109DB0000CF00B93FCF757FAC04B0AFB04F4B4F514
:109DC000481F09EA030928BF4FF4481409F5FA7936
:109DD000A9EB4404BB4BB9FBFAF9B4FBFAF4240237
:109DE000B4FBF9F42402C4F5803441F25C2203FB95
:109DF00008F3B3FBF2F35C4304F50044640C04F590
:109E0000004464434FF44873A40B5C430B9B04F57C
:109E1000004403F50049240C64434FEA19494FEA12
:109E2000400B09FB0940FCF71EFA0304642232339D
:109E300041F2883AB3FBF2F340F6B532B3FBFBF3E1
:109E400002FB03AAA04B0F990F919A459CBF42F2C7
:109E50001073BAFBF3FADDE90832134403F5FA7321
:109E60004FF47A7B4FF4FA62B3FBFBF0B3FBF2F2F0
:109E700002F5C812B2FBF0F088BF4FF4704AFCF74D
:109E8000F2F9000200F5FA70B0FBFBF040430AFB68
:109E90000A00FCF7E8F98D4B0F990BFB00FA9A4585
:109EA000B5F854B128BF9A46D5F85831C5F840A145
:109EB00003FB0BF380331B0A03FB0BFB002E53D079
:109EC000834B0A9A03EA822303EB5603B3FBF6F3B0
:109ED00003EB43035B4303F500431B0C062009F12E
:109EE0000309B9FBF0F9C9EBC909B9F5803F37BFE0
:109EF0000B9A784A0332B2FBF0F23FBFC2EBC202C8
:109F000002F50042120C524304EB510414440BF1CD
:109F10002000B4FBF1F4A403FE227F348009B4FBDB
:109F2000F2F45C4304F5FA744FF47A73B4FBF3F47F
:109F3000FCF799F9240104F5FA74B4F57A7F8146A7
:109F400023BF4FF4FA604FF47A73B4FBF0F00020B3
:109F500022BF5844B4FBF3F4B0FBF4F0FCF783F9F0
:109F6000484528BF48465BE63346B7E7DDF810B002
:109F700061E69B465FE613AA95F85C01B621FFF700
:109F800041F9024600287FF467AE95F85C01FF2195
:109F9000FEF7F5FF62E652466DE64A466EE6039B23
:109FA00079E60B467CE60527049895F829C0002839
:109FB00008BF4BF0010B019885F82EB004281ABF9A
:109FC000BCFA8CF040090120B9F1000F08BF42F043
:109FD0000102002908BF43F0010385F82F0085F82E
:109FE000302085F8313005F1500CBCE80F000DF140
:109FF0004C0EAEE80F009CE8070000238EE8070037
:10A000001493079B1793BDF83230ADF86030069B70
:10A0100016968DF863308DF8647013AEADF8564027
:10A02000ADF854800FCE05F150040FC49EE8070030
:10A030008CE807002846FFF7D6FC064600287FF488
:10A0400068AD95F85C010122FF21FEF798FF00281A
:10A050004AD10E9A95F85C01B621FFF7D3F8002893
:10A0600042D195F85C013246FF21FEF788FF0028B7
:10A070003AD1059A95F85C010121FEF780FF06466A
:10A0800090BB059B85F8303143E5012A11D001983A
:10A09000042810D07BB9BBF1000F1FD10F465A46E0
:10A0A000394600273B463C467EE7FF277CE70427EE
:10A0B0007AE7032778E7022776E700BF0000FFFF73
:10A0C000666666009A9906000F279F24AE878F0266
:10A0D0000000FCFF0000F0FF002F3A005F461A4628
:10A0E00062E746453FF413AD6FF0130611E510B576
:10A0F00041F001020446002190F85C01FEF73FFFA9
:10A1000078B92046FFF70EF968B92046FFF76BFCD7
:10A1100048B90246014694F85C01BDE81040FEF7DC
:10A120002EBF6FF0130010BD2DE9F3474FF0000A6A
:10A130000546884690F85C019DF828708DF807A0C8
:10A14000FF21164601229946FEF719FF52460446A2
:10A15000514695F85C01FEF712FF52460443FF2179
:10A1600095F85C01FEF70BFF64B2044364B2B9F1E9
:10A17000000F07D095F85C014246CB21FFF7A8F805
:10A18000044364B247B195F85C010DF10702EE217A
:10A19000FFF79EF8044364B295F85C010122FF21A9
:10A1A000FEF7EDFE01220443002195F85C01FEF765
:10A1B000E6FE64B20443002295F85C01FF21FEF73D
:10A1C000DEFE64B29DF80730204323F0100340B256
:10A1D000337002B0BDE8F0872DE9FF471546012234
:10A1E00090F830710446884690F85C014FF0000A00
:10A1F00011461E468DF80FA0FEF7C1FE8146B0BB8A
:10A2000040212046FFF773FF60BB012E34D1009040
:10A2100033460DF10F0241462046FFF785FF40BB54
:10A2200094F85C0102220121FEF7A9FE804658BB8A
:10A2300001462046FFF75BFF08BB012E22D10346F3
:10A2400000962A460DF10F012046FFF76DFF80B9F9
:10A2500094F85C013A460121FEF791FE48B984F872
:10A26000307101E088F8009004B0BDE8F08788F80C
:10A2700000A06FF01300F7E788F80000D0E785F83A
:10A280000080F1E72870E3E700232B70F1E72DE968
:10A29000F04F002391B0CDE90712B0F83C61C0F84F
:10A2A0002431A0F8283101220446FF2190F85C01F6
:10A2B0008DF82D30CDE90C338DF82C30FEF75FFE94
:10A2C000024628B16FF01305284611B0BDE8F08FA3
:10A2D00094F85C014F21FEF752FE0028F2D12C22A7
:10A2E00094F85C014E21FEF74AFE02460028E9D1AF
:10A2F00094F85C01FF21FEF742FE0028E2D1B4226F
:10A3000094F85C01B621FEF73AFE02460028D9D146
:10A3100094F85C018021FEF732FE03460028D1D17B
:10A320000BAA0DF12D012046FFF756FF0546002828
:10A33000CAD104F59573059304F5927703230DF1C3
:10A340003408CDE900030146CDF808803B4604F50A
:10A3500095722046FEF7E1FE05460028B4D10DF1C6
:10A360002E012046DDF83490FFF76EFB05460028ED
:10A37000AAD1BDF82E20B24253D96149C4F82401B4
:10A38000A4F8280109F1B402920901EB8202D2F883
:10A39000FC2012B9B9F12B0F40D94FF0030ACDE9D7
:10A3A000009A059ACDF808803B4601212046FEF729
:10A3B000B4FE002840F0A1800DF12E012046DDF80A
:10A3C0003490FFF741FB002840F09780BDF82E2025
:10A3D000B24200F289804FF0010B964240F2878032
:10A3E000921B82EAE273A3EBE273069303230493C6
:10A3F00004F592735FFA8BF80993099B93E80300C5
:10A400000CAA0E90ADF83C1005984946FCF7A4F94B
:10A410000C9B5A1C08D16FF031006EE009F1010964
:10A42000B0E74FF0000BD8E7354903F1B4029209C9
:10A4300001EB8202D2F8FC20003A18BF01225A45F3
:10A440003AD1049A2F2B02F1010A4FEAD30C03F000
:10A450000701E0D80120884017F80C10014307F8E5
:10A460000C10394694F85C0103F10109FEF73FFD39
:10A47000002840D10DF12E012046FFF7E5FA002813
:10A480003BD1BDF82E00811B0029B8BF4942B04224
:10A4900026D9069B8B4211D20EAE314694F85C0150
:10A4A000FEF725FD034696E80300C4F82401A4F84E
:10A4B0002811002B7FF406AFDDF810A0079BC3F82E
:10A4C00000A0089B83F80080012384F81531079BC6
:10A4D0001B6884F81331089B1B7884F81431F3E669
:10A4E000CDF810A0069188E74FF00108E6E74FF09D
:10A4F0000008C246E2E76FF013000546E4E600BF3D
:10A50000301801082DE9F04F804B002504469DB01E
:10A510002A46C0F86031061D88212920FEF72FFD4C
:10A520004FF47A73A4F856314FF4C873A4F8583135
:10A53000774BC4F85C31774B84F8F4506562C4F80B
:10A54000D8300CA930468DF830508DF83150FFF7D7
:10A5500011F8054690B9ADF830000DF1300CBCE8AB
:10A560000F0004F114070FC7BCE80F000FC7BCE8C9
:10A570000F000FC79CE80F0087E80F00664BC4F878
:10A5800038314FF4FA730127A4F83C314FF42063BB
:10A59000A4F840313A46802194F8600184F854715F
:10A5A000FEF7EDFC3A468046FF2194F86001FEF785
:10A5B000E6FC002248EA0008114694F86001FEF724
:10A5C000DEFC45EA08056DB20DF128080543424658
:10A5D000912194F86001FEF77BFE6DB29DF8283062
:10A5E00084F83E3105433A46002194F86001FEF7B5
:10A5F000C6FC6DB205430022FF2194F86001FEF70E
:10A60000BEFC6DB20543002294F860018021FEF784
:10A61000B6FC6DB205436DB24FF0000904F12C0A8F
:10A62000002D46D11FFA89F3013B042B04D8DFE843
:10A6300003F0435054586000012384F82C300AF88A
:10A64000097009F10109B9F1060FE9D18DBB94F840
:10A650006001E5850223FE226021FEF71DFE40BB5E
:10A6600094F8600184F830501023EF226021FEF747
:10A6700013FEF0B94FF49013A36394F82D3084F8CF
:10A680003150CBBB4FF480454FF40C13C4E90F534A
:10A690000023FF2594F86001636484F834512A464E
:10A6A0000121FEF76CFC4FF0010B84F836B18246B5
:10A6B000A0B36FF0130955E1E26B94F86001C2F3A7
:10A6C0004F224421FEF703FC0028B8D06FF0130599
:10A6D000B7E7012384F82E30B1E7012384F82F3047
:10A6E000ADE70023FE2294F860016021FEF7D4FD5F
:10A6F000EAE70023EF22F6E794F8600120224421E4
:10A70000FEF7E5FB0028BDD0D3E700BF290190018B
:10A71000856B0100A4700900640084039C4F84F8D9
:10A72000190187F85801014640220CA805F020FDC8
:10A7300094F8F490ADF81EA0B9F1070F8DF81BA0A6
:10A740008DF81CA0CDF820A000F0FA805A46802198
:10A7500094F86001FEF713FC294605905A4694F8D8
:10A760006001FEF70CFC059B03435BB25246514669
:10A7700094F860010593FEF702FC059B03435BB26E
:10A780002946062294F860010593FEF7F8FB059B25
:10A7900003435BB20DF11D02832194F86001059320
:10A7A000FEF796FD059B9DF81D2003435BB242F02A
:10A7B0000402832194F860010593FEF7E0FB059BFA
:10A7C00003435BB22946072294F860010593FEF724
:10A7D000D6FB059B5A4643EA0005812194F86001A7
:10A7E000FEF7CDFB6DB205430A20FDF7CDFD94F8D1
:10A7F00060015A468021FEF7C2FB6DB2054319F095
:10A8000001036DB2059340F0B1806B22942194F85E
:10A810006001FEF7B4FB82463046FEF7B7FD09AA99
:10A820004AEA000A902194F86001FEF7DBFC45EA51
:10A830000A05099B6DB224229421054394F8600116
:10A84000C3F3062AC3F3C03BFEF799FB6DB2054381
:10A850003046FEF79BFD6DB2054309AA902194F89E
:10A860006001FEF7BFFC099A6DB212BA942105434C
:10A870000A9294F860012522FEF781FB6DB2054330
:10A880003046FEF783FD6DB2054309AA902194F886
:10A890006001FEF7A7FC099A6DB2110E0543120C78
:10A8A0006DB28DF82C108DF82D200022812194F8A6
:10A8B0006001FEF764FB06220543FF2194F8600166
:10A8C000FEF75DFB6DB205430DF11D02832194F887
:10A8D0006001FEF7FDFC9DF81D206DB2054302F0FE
:10A8E000FB02832194F86001FEF749FB6DB205433A
:10A8F0000122FF2194F86001FEF741FB6DB2054390
:10A900000122002194F86001FEF739FB6DB2054386
:10A910000022FF2194F86001FEF731FB6DB2054380
:10A92000002294F860018021FEF729FB6DB20543F7
:10A930006DB22DB9059BDBB149F0010984F8F490A3
:10A9400094F81851012D05D894F817A11CD1BAF12B
:10A95000200F1FD907AA08A93046FFF798FC8146A7
:10A96000002857D00A4B83F8589195E1D3469CE7CD
:10A970000A98B8F8043084F817A184F818B1C4F81C
:10A980002E01A4F83231D7E7BAF10C0FE1E700BF8E
:10A9900054180020012294F86001FF21FEF7EFFA1D
:10A9A0000246C8B994F860014F21FEF7E8FA98B959
:10A9B0002C2294F860014E21FEF7E1FA024658B9C4
:10A9C00094F86001FF21FEF7DAFA28B994F86001E3
:10A9D000B422B621FEF7D3FA0023C4F82831A4F834
:10A9E0002C31002D40F03C812B460093CDE901A88D
:10A9F00004F5947304F5977229463046FEF78DFBF3
:10AA000081460028AED1012384F8193184F817A1BA
:10AA100084F8185194F85431002B40F02381D4F875
:10AA200050113046FEF7FAF9814600289AD10246C5
:10AA30000A2194F86001FEF7A2FA034600287FF489
:10AA400038AE94F86001EF228421FEF725FC00283F
:10AA50007FF42FAE84F8DE003046FEF7C4FF814657
:10AA600000287FF47FAF0122FF2194F86001FEF7F8
:10AA700086FA0DF11E020546842194F86001FEF766
:10AA8000C1FB4A460543FF2194F86001FEF777FABF
:10AA90006DB205436DB2002D7FF40BAEBDF81E30D4
:10AAA0001B01C4F8D8300CA93046FEF763FD00281E
:10AAB0007FF4FFAD94F860010DF11B020921FEF750
:10AAC00007FC00287FF4F5AD9DF81B300CAD03F0BA
:10AAD000010384F835318DF81B300FCD04F1140CCF
:10AAE000ACE80F000FCDACE80F000FCDACE80F00C5
:10AAF00095E80F008CE80F000DF11B0294F860013F
:10AB00000121FEF7E5FB00287FF4D3AD9DF81B3053
:10AB10008DF8280084F8343194F860014246012110
:10AB2000FEF7D6FB00287FF4C4AD9DF82850E80658
:10AB300010D505F0EF0594F860012A460121FEF7D3
:10AB40001EFA00287FF4B5ADA16984F8345130466F
:10AB5000FEF7DAFE002394F860018DF828304246B3
:10AB60000121FEF7B5FB00287FF4A3AD9DF8285026
:10AB7000690710D505F0FB0594F860012A4601210C
:10AB8000FEF7FDF900287FF494ADA16984F83451F3
:10AB90003046FEF7B9FE032584F8365109AA002194
:10ABA0003046FEF71DFC00287FF483AD9DF824306D
:10ABB00084F8EC3009AA01213046FEF711FC002888
:10ABC0007FF477AD9DF8243084F8E430424629467E
:10ABD0003046FEF71CFC00287FF46BAD0A9BC4F8DE
:10ABE000E830424604213046FEF711FC00287FF48D
:10ABF00060AD0A9BC4F8E03008AA09A93046FFF707
:10AC000046FB87F85801002846D101230DF11D02AB
:10AC10000DF11E013046FFF7DFFA87F858010028D2
:10AC20003AD1E26B94F860010125257584F82C5027
:10AC3000C2F34F224421FEF74AF9A8B1EC2387F86A
:10AC4000583129E0013303F1B402920901EB820289
:10AC5000D2F8FC20002A7FF4C8AE2C2BF2D1C4E637
:10AC60007C49F0E77C49DCE694F8600184F82D50DB
:10AC70000C224421FEF72BF90028DFD14FF470138A
:10AC800041F69912C4E90E3244F620613046FEF7CF
:10AC90003BFE87F8580110B11DB0BDE8F08F50227F
:10ACA000572194F86001FEF76AF994F860010822D0
:10ACB0005621FEF764F90028C0D10AAA03213046C4
:10ACC000FEF7A5FB18B1122384F8EC30B6E70CAA06
:10ACD00002213046FEF79BFB0028F4D194F8600176
:10ACE00008225021FEF74BF90028ECD10A9A0321E3
:10ACF0003046FEF74AFD0028E5D10C9A0221304685
:10AD0000FEF743FD122384F8EC30002896D1A169A8
:10AD1000DFF848813046FEF7F7FD70B9012194F85D
:10AD2000600194F834510222FEF729F90146002807
:10AD300084D13046FFF7DBF910B188F85801ABE752
:10AD400094F860012A460121FEF719F9814600288E
:10AD50007FF474AF4822114684F8345188F85801C2
:10AD600094F86001FEF70BF90822472194F860017E
:10AD7000FEF705F903220546322194F86001FEF73B
:10AD8000FEF807220543302194F86001FEF7F7F83A
:10AD90006DB205430122FF2194F86001FEF7EFF840
:10ADA0006DB205432022302194F86001FEF7E7F8E8
:10ADB0006DB205434A4694F86001FF21FEF7DFF8C3
:10ADC0006DB205436DB225B16FF0130588F8585187
:10ADD00062E70CAA04213046FEF719FB18B10E23D6
:10ADE00084F8E430F0E794F8600106227021FEF761
:10ADF000C6F80028F3D10C9A04213046FEF7C5FCB2
:10AE00000E2384F8E4300028DED1A1693046FEF735
:10AE10007BFD05460028D9D194F8600194F834717F
:10AE200002220121FEF7ABF80028CDD12946304699
:10AE3000FFF75DF905460028C8D194F860013A464D
:10AE40000121FEF79CF805460028BDD184F8347135
:10AE5000BCE700BF301801082A0200205418002067
:10AE6000012803D0022813D008B37047174A19B934
:10AE70004FF4804393617047012903D14FF480431D
:10AE800013857047938A9BB283F480439382704703
:10AE90000E4A11B94FF40053ECE7012902D14FF4E7
:10AEA0000053EDE7938A9BB283F40053EEE7074A21
:10AEB00011B94FF40043DDE7012902D14FF40043FB
:10AEC000DEE7938A9BB283F40043DFE70008004883
:10AED000134B4FF480521A85124A40F2E93311891C
:10AEE00089070BD510730F4A40F2E9331189C9075E
:10AEF00014D4013B9BB2002BF8D103E0013B9BB281
:10AF0000002BECD1084AB2F85A3101339BB2A2F8B7
:10AF10005A31034B4FF480529A617047137BF8E724
:10AF200000040048003800405418002007B50146CE
:10AF300001AB02224020FEF738F830B1BDF8040022
:10AF400040BA80B203B05DF804FB4FF6FF70F9E73A
:10AF50000D4B0E484FF400525A605A6C4FF6FE717A
:10AF60000A405A64D0F8902113680B401360D0E96E
:10AF700060239A4203D000F5AE70FBF74BBA012371
:10AF800080F8A031704700BF000002405418002034
:10AF90000148FBF7C4BA00BFB01900200148FBF715
:10AFA000BEBA00BF041A0020184AB2EB902F4FEA35
:10AFB000902323D3083A93420FD8493A93421FD0A3
:10AFC000013293421ED0B3F5801F4FF0FF3018BFFF
:10AFD000002080F0FE00C0B27047A3F580134B3B09
:10AFE000072B0BD8DFE803F0100A040A0A060A0848
:10AFF000042070470520704706207047FE207047E8
:10B000000220704703207047002070475200100054
:10B010002DE9F84F234D244FDFF8948000242E783B
:10B02000E0B2864211D8214B1B685B030BD500248C
:10B030001D4DDFF88080224650274FF02809A24698
:10B04000E3B29E420CD8BDE8F88F57F820302BB100
:10B050000B2803D8DB6838F8101098470134DEE776
:10B060002B6859689142AB4612D00846FFF79CFF07
:10B07000EFF3128387F312884A6A09FB00800132DA
:10B0800042624A6942F001024A61DBB283F31188ED
:10B09000DBF800301B680435C3F800A001340A4611
:10B0A000CEE700BF180E00201C0E0020300C002040
:10B0B000E40B0020E0110020224B10B5224C53433A
:10B0C000224AB2FBF3F203880139013AA04289B265
:10B0D00092B29BB206D123F070039BB223F440736B
:10B0E0009BB214E01A4CA042F5D0B0F1804FF2D0E0
:10B0F000A4F59834A042EED004F58064A042EAD0D2
:10B10000144CA04203D004F58064A042E6D1038031
:10B110000D4BC162984202850FD003F5006398423F
:10B120000BD003F54063984207D003F58063984243
:10B1300003D003F58063984201D1002303860123E5
:10B14000436110BD40420F00002C014000A24A04A0
:10B15000003401400010004001490248FBF717BAD3
:10B16000E0110020002C0140FFF7F6BF02494FF02C
:10B170008040FBF70CBA00BF0812002001490248CA
:10B18000FBF705BA301200200004004001490248D4
:10B19000FBF7FDB9581200200008004001490248A1
:10B1A000FBF7F5B98012002000340140FFF7F6BF2D
:10B1B00001490248FBF7EBB9A8120020004001400A
:10B1C00001490248FBF7E3B9D012002000480140D2
:10B1D00070B50F4E0F4C4FF47A73B0FBF3F596F841
:10B1E00004322BB9636903209847012386F804329F
:10B1F000E369094A09492846984740B1084B1A684B
:10B20000084B03201A606369BDE87040184770BDA1
:10B2100054180020FC100020F80A0020F00A00203A
:10B22000C4090020101000202DE9F0410022012661
:10B2300003250B6806FA02FE3EEA030331D10C79BE
:10B240005700631E05FA07FC012B6FEA0C0C17D898
:10B25000836803EA0C0383604B79D0F80880BB4015
:10B2600043EA0803836083889BB223EA0E0383804A
:10B270008B79B0F804E0934043EA0E039BB28380DD
:10B28000036803EA0C0303600368BC401C430460CA
:10B29000C46805FA07F324EA0304CB79BB402343CF
:10B2A000C3600132102AC4D1BDE8F08173B50C46E9
:10B2B00000250126228806FA05F31A4218D00093C9
:10B2C000A37803F003028DF80420E278022A02D06A
:10B2D000032A18BF01228DF805206946C3F3011225
:10B2E000C3F381038DF806208DF80730FFF79CFF2C
:10B2F0000135102DDED102B070BD104A104B13B5D0
:10B300000C460C2101FB002007C883E8070002213E
:10B310008DF807109988ADF804100A490A482144AD
:10B3200091F80C118DF806104169114341611868BC
:10B3300001A9FFF7BBFF02B010BD00BF4C17010809
:10B34000B80A0020301801080010024013B50E4C56
:10B3500094F80532B3B90D4B1B689BB11A681AB14A
:10B360000B49486902434A619A889868ADF80420FD
:10B3700001A94FF40072ADF80620FFF797FF0123F3
:10B3800084F8053202B010BD54180020DC100020F3
:10B390000010024008B5FFF7D9FF024B4FF480526E
:10B3A0001A8008BD2600002010B5164CFFF7CEFF0E
:10B3B000A36820217F2098471420FCF7E5FFA368AD
:10B3C0001F21012098470A20FCF7DEFF0021A36817
:10B3D000084698470A20FCF7D7FFA36835211420B8
:10B3E00098470A20FCF7D0FFA36800211020984757
:10B3F0000A20FCF7C9FFA3680021BDE81040112016
:10B40000184700BFD01000202DE9F74F824D046887
:10B410009A4695F80632074690465A1C85F8062249
:10B4200020460A4605F5027941464FEA031B09EB1F
:10B430000319FFF741FE3B89ADF80430786840F20C
:10B44000022301A9ADF80630FFF730FFBE7A082EBF
:10B4500000F0A28022D8002E41D0042E74D03B7B75
:10B460001BB1636C43F40043636423889BB243F0D5
:10B470000103082E238000F0CA8000F2B480002E61
:10B4800000F0B980042E00F0BD805D444846A5F868
:10B490001082C5F80C4203B0BDE8F08F0C2EDED14F
:10B4A000236A5E4823F480532362226A6168E36959
:10B4B000844223F4E64343F4E04342F4405203D091
:10B4C00000F50060844201D141F480416160E36194
:10B4D000C4F840A02262E36943F4006378E0236A81
:10B4E0004E4823F001032362236A6168A26922F4B3
:10B4F000803222F07302844242F070021BD000F5C9
:10B500000060844217D000F54060844213D000F5FB
:10B51000806084420FD000F5806084420BD043F0FD
:10B5200003036160A261C4F834A02362A36943F0FD
:10B530000803A36193E723F00C0321F4407143F067
:10B54000030341F48071ECE7236A344823F01003CD
:10B550002362236A6168A26922F0807222F4E642C3
:10B56000844242F4E0420ED000F5006084420AD0EA
:10B5700043F030036160A261C4F838A02362A3697C
:10B5800043F40063D5E723F0C00321F4406143F0A6
:10B59000300341F48061EDE7236A204923F480738E
:10B5A0002362206A6268E3698C4223F0730343F0EC
:10B5B00070030FD001F500618C420BD040F4407055
:10B5C0006260E361C4F83CA02062E36943F00803D1
:10B5D000E36144E720F4406022F4405240F44070BC
:10B5E00042F48052ECE70C2E7FF44FAF05EB0B03D7
:10B5F00004F1400203E005EB0B0304F13402C3F84D
:10B60000082242E705EB0B0304F13802F7E705EBEC
:10B610000B0304F13C02F2E754180020002C014017
:10B62000154A0023136053609360144A13605360FB
:10B630009360134A136053609360124A136053601F
:10B640009360114B93ED000AB4EE400AF1EE10FA4C
:10B650000AD693ED021AB4EE411AF1EE10FA03D6AF
:10B66000D3ED010AFBF77CBA9FED081AF0EE410A10
:10B67000B0EE410AF6E700BFB8160020D016002051
:10B68000DC160020C4160020EC160020000000008C
:10B6900010B5304CD4ED013A94ED046A94ED003AC3
:10B6A00094ED037A94ED024AD4ED056A63EE867A4E
:10B6B000F6EE005AE3EE077A8AB02146B0EE635AFE
:10B6C000E4EE267A07A8F0EE444A67EEA57AF0EE9B
:10B6D000435AA6EE675AE6EEE74AA3EEE76AE7EEBC
:10B6E000675AE4EE676AA3EE677A66EE647ACDED98
:10B6F000066AE5EE267A66EEE56A8DED047AE4EEFA
:10B70000876A27EE457ACDED075AA5EE867A8DED4C
:10B71000085ACDED094A8DED056ACDED017ACDEDE2
:10B72000026A8DED037AFBF749F818B90AB0BDE853
:10B73000104075E704F10C0104A8FBF73FF800285E
:10B74000F4D004F1180101A8FBF738F80028EDD077
:10B750000AB010BD4400002000210120FCF79ABF70
:10B760000EB42DE9F04386B00DAC5A4B54F8045B8F
:10B77000CDE9013400264FF00A092B782BB3252B95
:10B7800005D00135019A511C019113704AE06B7884
:10B79000302B08BFAB78A3F1300219BF02354FF050
:10B7A000000803354FF00108092A4FF0000721D99E
:10B7B0006C2B2BD115F8013B0121642B69D033D8B8
:10B7C000252BDFD024D8002BD7D1019B0022304677
:10B7D0001A7006B0BDE8F04303B07047A3F1410210
:10B7E000052AE5D8A3F137020A2A0FD115F8013B43
:10B7F00009FB0727A3F13002D1B20929F6D9A3F139
:10B800006102052AEAD8A3F15702EDE70021D4E747
:10B81000582B4BD0632BB0D1019B14F8042B1A701A
:10B82000591C01910136A8E7A3F16E02D0B20A2893
:10B83000A3D80A2AA1D801A050F822F0CBB800085A
:10B840007BB700087BB700087BB700087BB7000810
:10B85000C3B800087BB7000869B800087BB70008C8
:10B860007BB70008ADB8000854F8040B03AB59B11E
:10B8700000220A21FAF7F0FB03AB4246394601A841
:10B88000FAF744FF064478E70A460A21FAF7E4FB90
:10B89000F2E754F8040B0028BFBF2D238DF80C30BD
:10B8A00040420DF10D03A8BF03ABE1E7583B5A42FC
:10B8B0005A4154F8040B03AB09B11021DAE7102107
:10B8C000E4E754F8043B0022D8E754F8043B1E6038
:10B8D00053E700BF800A002010B5FAF7A7FC4FF429
:10B8E0003024012806D10CB9052010BDFAF79EFCC2
:10B8F000013CF6E7002C08BF0520F6E7F8B5222248
:10B9000000211248124D04F033FC124B002219465C
:10B91000052401201646013215F9017B83F8987140
:10B92000042A83F89C4183F89D0183F89F6183F882
:10B930009E4103F10803EED10223A1F8A231522364
:10B9400081F89631A1F89A01F8BD00BFFE050020EC
:10B950002C180108680400200B4B0C4A1A600C4B91
:10B96000196000F1500302781AB98178C2789142C7
:10B9700008D304309842F6D10023064A83F001032D
:10B98000137070470123F8E7E80F00203805002006
:10B99000EC0F00203E00002070B5224C25686B683B
:10B9A00023F07F7323F4593323F47F7323F00303CD
:10B9B00043EA004302461C4818436860002320689D
:10B9C00049F6FF758669760717D5406AC854013372
:10B9D000D8B28242F3D1154920684FF42042C1F811
:10B9E000542100248569AE0614D4013A551C4FF049
:10B9F0000104F7D1C1F8542107E0013DAE1CE1D1AB
:10BA00000A4B4FF0FF32C3F85421FAF7C7FE002368
:10BA1000184670BD0CB1C1F854212022DBB2C261BE
:10BA2000F6E700BF540D0020C62400025418002081
:10BA3000F0B5544E377885B00D461446002F67D1C7
:10BA4000514B1B68C01A514B1B68984261D301A926
:10BA50000920FFF7A1FF00285BD0002D56D0002C55
:10BA600054D0BDF80430DFED4A6ADFED4A7A4A4A25
:10BA7000DFED4A5A9FED4A6A9FED4A4ADFED4A4A96
:10BA80009DF807709DF808009DF80A105BBA9BB2FC
:10BA900007EE103AB8EE477A444BE7EE267ADFED30
:10BAA000446AC2ED007ADFED437A93ED035A37EE34
:10BAB000677AD3ED007A67EE277A67EE877AE7EE4A
:10BAC000A56AD3ED017A67EE277A67EE877A67EE8B
:10BAD000A57AE5EE067A93ED026A9FED375A27EED6
:10BAE000066A26EE077A9FED356AA7EE256A66EEAE
:10BAF000845AE6EE245AE7EE855AF5EE405AF1EE06
:10BB000010FA09D100232B601368236001233370DE
:10BB10000127384605B0F0BD27EE867A66EEA73AD3
:10BB200027EE047A26EE866AA3EEA47A030243EA9D
:10BB300007430B43A6EE057A9FED216A87EE255A4F
:10BB40009FED207ADFED205A27EE677A76EEE77ACE
:10BB5000A6EE867A76EE856AA5EE657AC7EE275A56
:10BB600007EE903A36EE656AF8EEE77A26EE266A38
:10BB700077EE857A86EE277A77EE257AC5ED007A1C
:10BB8000C2E700BF2811002024110020201100204E
:10BB900000002F3B000034C21C1100200000803345
:10BBA000000000450050C3C600B808C7EC100020D4
:10BBB0000000604A0000004700606A470000384B00
:10BBC00000C82F4700409C4700B80847254A38B5B1
:10BBD0000346106849F6FF72846925040BD5013AC3
:10BBE000941CF9D1204B4FF0FF32C3F85421FAF7DF
:10BBF000D5FD002038BD44681C4D1D4A2C40224311
:10BC0000426042682A4042EA034242F0007242F037
:10BC1000C602426049F6FF728469A50703D4013A5F
:10BC2000941CF9D1DEE7013B11F8012B826213F07D
:10BC3000FF03EFD10C494FF42042C1F8542184692D
:10BC4000A50607D4013A541C4FF00103F7D1C1F8FF
:10BC50005421CCE70BB1C1F854212023C36101204A
:10BC6000C8E700BF540D002054180020009800FCC5
:10BC7000C6200101022813B518D003281AD0E8B154
:10BC8000072246F625030F4C5BBA01A90220226069
:10BC9000ADF80430FFF79AFF0B4B206800221A70B2
:10BCA0000A4B1A680A4B1A6002B010BD182247F2FC
:10BCB000DF03E8E7622247F66603E4E7032246F281
:10BCC0009C03E0E72011002028110020C409002077
:10BCD000241100202DE9F74340F203234FF6FF71B2
:10BCE000CDE900134FF000080446464694F82C5066
:10BCF0005FFA88F7BD426CD82269130F844BD96A6A
:10BD000014BF21F4785121F4F871D962D96A0A4339
:10BD1000DA62D4E90202596902430A4360685A614F
:10BD2000FAF77AFC026823686169012E94BF4FF02C
:10BD3000000C4FF0010C6FF30E1242EACC1242F4E9
:10BD4000145242F0200203F140070260466087600F
:10BD5000C1600268B3F1A04F42F0010202606D4879
:10BD600002D06D4A934248D16C498A68024042F43D
:10BD700068328A60D9686A4A0A4042F40052DA603E
:10BD80001A6B013E22F00F0216431E6300200121B0
:10BD9000382707264FF01F0CC2B295422FD89A6859
:10BDA00042F001029A601A68D207FCD5DA6822F0E4
:10BDB0000202DA60DA6842F00202DA60DA6842F01F
:10BDC0000102DA609A6842F004029A6003B0BDE8AA
:10BDD000F083A369DB5D6BB1E36933F8173000933F
:10BDE000236A694653F82700FFF71EFA626A731C3C
:10BDF000D655DEB208F1010878E74A49B5E7A269ED
:10BE0000125C4AB3A26A0429125C27D801EB410EE6
:10BE1000D3F830804FEA4E0E0CFA0EF928EA0908E2
:10BE200002FA0EFE4EEA080EC3F830E0092A58D98D
:10BE30000A3AD3F818E0D3F818E002EB420206FA07
:10BE400002F22EEA020EC3F818E0D3F818E042EA34
:10BE50000E029A610131C9B201309DE7092914D857
:10BE6000A1F1050E0EEB4E0ED3F834804FEA4E0EC4
:10BE70004FF01F0909FA0EF928EA090802FA0EFE26
:10BE80004EEA080EC3F834E0D0E70E2914D8A1F129
:10BE90000A0E0EEB4E0ED3F838804FEA4E0E4FF0DE
:10BEA0001F0909FA0EF928EA090802FA0EFE4EEAFD
:10BEB000080EC3F838E0B9E7A1F10F0E0EEB4E0EF5
:10BEC000D3F83C804FEA4E0E4FF01F0909FA0EF9E5
:10BED00028EA090802FA0EFE4EEA080EC3F83CE012
:10BEE000A4E7013AD3F814E0D3F814E002EB4202DD
:10BEF00007FA02F82EEA080EC3F814E0D3F814E0AB
:10BF0000033206FA02F242EA0E025A61A2E700BFC9
:10BF100000100240E010FCFF000100500003005040
:10BF200007C0FFFD000700500B4B0C49DB68DB43EB
:10BF3000C3F302230122C3F1040310B502FA03F391
:10BF40000C181B01DBB284F80033430900F01F001A
:10BF5000824041F8232010BD00ED00E000E100E048
:10BF60002DE9F3411D468F4B9DF82070984288467D
:10BF7000164640F0B9808C4C8C4BC4F85C3104F50B
:10BF80003273C4F8703104F57273C4F874314FF42D
:10BF90008073C4E95A33864BC4F89031A3F5484303
:10BFA000203BC4F8A8310433C4F8A43103F5574347
:10BFB000D833C4F864219A69C4F8AC0142F48042D1
:10BFC0009A615A6942F001025A6140F20233ADF8B7
:10BFD000043000239F428DF806300CBF012302235A
:10BFE000012D8DF807300FD04FF090404FF40073C3
:10BFF0000093436A23F0F0034362436A43F0700303
:10C0000043626946FFF710F94FF090404FF48063A8
:10C010000093436A674C23F470634362436A43F4BA
:10C02000E06343626946FFF7FFF80E20FFF77CFFED
:10C030002520FFF779FF012384F8443000232046B0
:10C04000C4E90733C4E90933C4F82C806571A660DC
:10C05000A771FCF7C9FD206B002800F09380E76C06
:10C06000E1686669FAF7D8FA0368226D6FF30E1378
:10C0700043F4855389B2036041608760C6600368FA
:10C0800043F001030360936843F040039360436807
:10C090009BB22364012D1ED0606B00287AD0A56C62
:10C0A0002169FAF7B9FA03686FF30E1343F4845366
:10C0B00043F01003036089B2002341608560C360D0
:10C0C000026842F002020260226D4360436093689E
:10C0D00043F080039360226D136843F00103136003
:10C0E000204602B0BDE8F081334B984258D12E4C27
:10C0F0002E4BC4F8B0314FF48073C4E96F33C4F8E9
:10C10000B82104F599632D4AC4F8C43104F5B96324
:10C11000C4F8C831D369C4F8000243F40033D361D2
:10C1200040F20233ADF8043000239F428DF8063010
:10C130000CBF01230223012D8DF807300ED04FF0E4
:10C14000904004230093036A23F470630362036A3C
:10C1500043F4E06303626946FFF766F84FF09040EE
:10C1600008230093036A164C23F470430362036AA6
:10C1700043F4E04303626946FFF756F82620FFF7D1
:10C18000D3FE58E7236D20221A621A6842F020027B
:10C190001A607FE7226D136843F0800313609AE70B
:10C1A00000249DE700380140541800204019010880
:10C1B00044000240B019002000440040001002403A
:10C1C000041A00202DE9F341DFF864C09DF82470C3
:10C1D0000E4611461A469DF8203004464FF00C08D2
:10C1E000002008FB00FE0EEB0C051CF90EE0A64536
:10C1F00004D001300428F4D1002005E0288900286B
:10C20000FAD124B1012C0CD002B0BDE8F08106486F
:10C210000097FFF7A5FE0028F6D004712E81686014
:10C22000F2E702480097F4E700380140004400407C
:10C23000A00D002007B51B4B1B4A1A601B4B93F83F
:10C240003E3123B3012B09D1194903200870194944
:10C250000720087018490B700C231370174B184AED
:10C260001A604020FCF7FCF970B10123002290F91C
:10C2700000004021CDE90032124A4FF4E133FFF7CC
:10C28000A1FF003818BF012003B05DF804FB084986
:10C290000220087007490320087007490B70072324
:10C2A000DBE700BF0C150020900D00206804002083
:10C2B0000A15002010150020541800203800002016
:10C2C000456100087182000870B5154DAB894FF4C7
:10C2D0007A73E2B169B111F8016B2C89A4070AD510
:10C2E0002E732C89E40713D45C1EA4B243B12346F9
:10C2F000F7E7FF26F1E75C1EA4B20BB12346ECE79B
:10C30000084AB2F85A3101339BB2A2F85A3170BDD3
:10C310002C7BE4B208B100F8014B013AD9E700BF29
:10C32000003800405418002073B50C4C207880B1C0
:10C330000B4D05234FF48056ADF8003001A82E8533
:10C3400002226946FFF7C0FFAE619DF8050000F0CC
:10C350000100207080F0010002B070BD160E0020B8
:10C360000004004870B5054D2E680446FFF7DCFF59
:10C3700018B92B689B1BA342F8D970BDC4090020D3
:10C380002DE9F04F464BDFF82C911C7899F80030DE
:10C390009C4289B015D0434A434FDFF81CB104EBEF
:10C3A0000201CDE9041296BF1C1BC4F180040023D6
:10C3B000CDE906431C443CB9394A002389F80030D2
:10C3C000137009B0BDE8F08F3B683A8854FA83F1E6
:10C3D000B1F5807FDBF80C10DEB28CBFC6F580763D
:10C3E00026468B4252BAE7D202211B0C06208DF85A
:10C3F0000C108DF80D30ADF80E20FFF7B3FF0620BE
:10C40000FEF766FD294B01221A70294B4FF480522A
:10C410001A8503A904220020FFF756FF069D6DB37D
:10C42000B542DDF810802BD22A4641460020FFF7A6
:10C430004BFF721B0023454404950693079DA5B14D
:10C44000AA42DDF8148020D805AB0DF11C0A414644
:10C450000020CDE90023FFF737FF009A019B08EB8E
:10C460000201AA1A1960CAF80020114B4FF4805239
:10C470009A613B683344A41B3B609CE73246DDE78E
:10C48000324604AB0DF1180AE1E741462A46002086
:10C49000FFF71AFF08EB0501002305910793E4E776
:10C4A000D00D0020BD170020D40D0020160E002056
:10C4B00000040048D10D002028000020F7B5032318
:10C4C0008DF80430030C40BAADF8060006200D4686
:10C4D00014468DF80530FFF745FF90B10A4E04224F
:10C4E0004FF480570DEB020100203785FFF7ECFE7B
:10C4F000224600212846FFF7E7FEB761204603B039
:10C50000F0BD0446FAE700BF00040048024640219F
:10C510003C20FCF7F8BC10B5B020FCF7FFFC402035
:10C52000FCF7FCFC0020FCF7F9FC1020FCF7F6FC03
:10C530004FF40064013C0020A4B2FFF7E7FF002C99
:10C54000F8D110BDF8B50C4F461E16F8013F03B9DF
:10C55000F8BD03EB8303A3F1A1043C44002501359E
:10C5600014F8010FEDB2FFF7D1FF052DF7D1002030
:10C57000FFF7CCFFE9E700BF5C190108054A138803
:10C5800023EA00008342108002D00120FBF7A0BF05
:10C59000704700BF2C0C0020044A138818438342C4
:10C5A000108002D00120FBF793BF70472C0C0020B5
:10C5B000844641EA000313F003036DD1403A41D3AE
:10C5C00051F8043B40F8043B51F8043B40F8043B6D
:10C5D00051F8043B40F8043B51F8043B40F8043B5D
:10C5E00051F8043B40F8043B51F8043B40F8043B4D
:10C5F00051F8043B40F8043B51F8043B40F8043B3D
:10C6000051F8043B40F8043B51F8043B40F8043B2C
:10C6100051F8043B40F8043B51F8043B40F8043B1C
:10C6200051F8043B40F8043B51F8043B40F8043B0C
:10C6300051F8043B40F8043B51F8043B40F8043BFC
:10C64000403ABDD2303211D351F8043B40F8043B9C
:10C6500051F8043B40F8043B51F8043B40F8043BDC
:10C6600051F8043B40F8043B103AEDD20C3205D3AC
:10C6700051F8043B40F8043B043AF9D2043208D0A4
:10C68000D2071CBF11F8013B00F8013B01D30B8816
:10C6900003806046704700BF082A13D38B078DD0F4
:10C6A00010F003038AD0C3F10403D21ADB071CBFC6
:10C6B00011F8013B00F8013B80D331F8023B20F830
:10C6C000023B7BE7043AD9D3013A11F8013B00F869
:10C6D000013BF9D20B7803704B7843708B788370F1
:10C6E00060467047000000000000000000000000ED
:10C6F000000000000000000000000000000000003A
:10C7000030B490F800F020F007016FF0000C10F04A
:10C71000070491F820F040F048804FF000046FF0DB
:10C720000700D1E9002391F840F000F1080082FAF7
:10C730004CF2A4FA8CF283FA4CF3A2FA8CF34BBBC2
:10C74000D1E9022382FA4CF200F10800A4FA8CF23B
:10C7500083FA4CF3A2FA8CF3E3B9D1E9042382FA09
:10C760004CF200F10800A4FA8CF283FA4CF3A2FA1E
:10C770008CF37BB9D1E9062301F1200182FA4CF256
:10C7800000F10800A4FA8CF283FA4CF3A2FA8CF3BD
:10C79000002BC6D0002A04BF04301A4612BAB2FADF
:10C7A00082F200EBD20030BC7047D1E9002304F0E4
:10C7B0000305C4F100004FEAC50514F0040F91F819
:10C7C00040F00CFA05F562EA05021CBF63EA0503B6
:10C7D00062464FF00004AAE753B94AB9002908BFDE
:10C7E00000281CBF4FF0FF314FF0FF3000F0E2B8DF
:10C7F000ADF1080C6DE904CE03F082FDDDF804E034
:10C80000DDE9022304B0704700F1340191E83800FB
:10C810009C46A6464CF8045D90E8FF0FE54600BD37
:10C8200090EC210B704700BF80EC210B704700BFDC
:10C8300090EC200B704700BF80EC200B704700BFCE
:10C84000D0EC200B704700BFC0EC200B704700BF3E
:10C85000F0EC0201F0EC0211F0EC0221F0EC0231FC
:10C86000F0EC0241F0EC0251F0EC0261F0EC0271EC
:10C87000F0EC0281F0EC0291F0EC02A1F0EC02B1DC
:10C88000F0EC02C1F0EC02D1F0EC02E1F0EC02F1CC
:10C89000704700BFE0EC0201E0EC0211E0EC022185
:10C8A000E0EC0231E0EC0241E0EC0251E0EC02612C
:10C8B000E0EC0271E0EC0281E0EC0291E0EC02A11C
:10C8C000E0EC02B1E0EC02C1E0EC02D1E0EC02E10C
:10C8D000E0EC02F1704700BFB0FC0181B0FC0191B7
:10C8E000B0FC01A1B0FC01B1704700BFA0FC018108
:10C8F000A0FC0191A0FC01A1A0FC01B1704700BF08
:10C90000EC4600B52DE900502DE9FF1F4FF0000364
:10C910002DE90C0001A903F0CDFFDDF840E012B0D5
:10C92000704700BFEC4600B52DE900502DE9FF1F10
:10C930004FF000032DE90C0001A903F0F9FFDDF829
:10C9400040E012B0704700BFEC4600B52DE9005042
:10C950002DE9FF1F4FF000032DE90C0001A904F0A1
:10C9600009F8DDF840E012B0704700BFEC4600B5B2
:10C970002DE900502DE9FF1F4FF000032DE90C00B9
:10C9800001AB03F0CDFFDDF840E012B0704700BF0F
:10C99000EC4600B52DE900502DE9FF1F4FF00003D4
:10C9A0002DE90C0001AA04F041F8DDF840E012B0D6
:10C9B000704700BF704700BF2DE9F04F2DED108B81
:10C9C0008BB0F7F735FF3A4D3A4C94F80236002B0E
:10C9D0003FD0D4F85C3555F8602CC4F804369B1A67
:10C9E000B3F5FA6F5CD200210220FCF79BFA324BC0
:10C9F000324A334904F5C360FEF7B2FE04F5C36062
:10CA0000FFF7A0FD02210846FCF78CFA2D48FFF73E
:10CA100099FD04210020FCF785FA2B4B2B4A2C4969
:10CA200004F5C360FEF79CFE04F5C360FFF78AFDC2
:10CA300006210220FCF776FA264A274904F5C3604E
:10CA4000FEF78EFE04F5C360FFF77CFD012384F83A
:10CA50000C3694F8FE35D4F8CC674BB155F85C3CF5
:10CA6000F31A002BA2BF002384F8FE3584F8FF35AB
:10CA7000D4F8C82742F20103134008BF05F8583C18
:10CA8000100768D5D4F8B4361B7A062B63D8DFE8D4
:10CA900013F025002500A10150028302B302B30266
:10CAA00094F80C36002BD4D0FFF735FD0023CEE7E9
:10CAB00060150020680400206B1D0108781D010826
:10CAC000801D01088A1D01089C1D0108A31D010885
:10CAD000A91D0108491D0108B81D010815F8573C9A
:10CAE000CBB3002305F8573C55F8543C15F856CC09
:10CAF00093F800E015F8508C0221681810F84F3CAC
:10CB000043FA0CF303F00F0373450FD20B2B0DD830
:10CB100010F84F7C481C284405EB830310F84F0C99
:10CB200007EA080700EB072043F83C0C0231102904
:10CB3000E3D10123012105F8581C9F49C3F34003A9
:10CB400081F83C3083F0010384F8FE3506F5C333E9
:10CB5000A03345F85C3C530419D594F89439002B64
:10CB600000F05382012105F8581C84F8FE15924903
:10CB7000002384F8943981F83C3006F5F42303F55A
:10CB8000907345F85C3C94F8FE3584F86135D7071E
:10CB900017D595F8901095F891308B420DD0012360
:10CBA00084F8FF35844B85F89110002083F83D0010
:10CBB00006F5C333A03345F85C3C94F8FF3584F8A0
:10CBC0006135900409D57D4A002332F8021B002903
:10CBD00041F06F8601330C2BF7D1F3F759FB15F8B1
:10CBE000588CB8F1000F05D1D4F8903AF31A002B05
:10CBF000C0F20E82F6F752FB012385F8AA3095F8B1
:10CC0000AB305BB1D4F8F438590707D5D4F82C36DB
:10CC10001A0700F111820820FFF7B0FCFBF762FA57
:10CC2000A389C4F8CC072BB1D5F8D020821A002AEA
:10CC3000FFF6CAAE0344C5F8D0306148D4F8803A54
:10CC4000D4F8AC769847002879D05D4994F8782CD0
:10CC50000846FBF7C7FDB4F85485B8F1000F59D06A
:10CC6000D4F8E836574E1B78DFF854B1DFED568A1A
:10CC700008EE103A06F13C0A06F144090022B8F524
:10CC80007A7F02BF0023C9F800303361BBF900008E
:10CC9000D9F8003007EE900A0344306949F8043BA4
:10CCA000411C0129F8EEE77A316140F0C082C6EDFF
:10CCB000017AB0EE687AB8F1010F2BF8022B2AF84E
:10CCC000022BC6ED007A86ED027A40F0D18201296E
:10CCD000C6BF07EE900A96ED037A9FED3B0A0293DA
:10CCE000C4BFF8EEE77A87EE270A01F0BBFE029B8D
:10CCF000002218EE101A002900F0B282F8EEC87A6D
:10CD0000F4EEC07AF1EE10FA40F1AA824FF47A7391
:10CD1000A4F85435B4F81C39B5F810219B1AA4F8BE
:10CD20001C39B5F81221B4F81E399B1AA4F81E3923
:10CD3000B5F81421B4F820399B1AA4F82039FBF770
:10CD4000D1F9D5F824319FED217ADFED21AAC5F87C
:10CD50002401C31A07EE903AF8EE677AC7EE878A85
:10CD6000F4EEEA8AF1EE10FA40F3AC820023C5F843
:10CD70002831FBF7B7F9D4F8183DC4F8CC07C31A2B
:10CD8000A5F8043294F8EC35C4F8180D13F0040338
:10CD900001F0A583D4F8F435002B01F09180013B1C
:10CDA000062B01F28D80DFE813F07508120A5D0A88
:10CDB000D20AEE0A0D0B750B00000020F2150020C0
:10CDC000840D002034160020000000000024744967
:10CDD000CDCC4C3E15F80C3C002B3FF4BCAE15F806
:10CDE000090C002305F80C3C15F80A3C00F007017B
:10CDF00043EA012315F8081CC4F8C83C01F03F03BE
:10CE00005B0143EAD003C4F8CC3C15F8073C9B0017
:10CE100043EA911315F8061C01F0010043EA802350
:10CE200015F8050CC4F8D03C00F00F03DB0143EA11
:10CE3000510315F8041CC4F8D43C01F07F031B0116
:10CE400043EA1013C4F8D83C15F8033C15F8020C5B
:10CE50005B0043EAD11300F0030143EA412315F8D4
:10CE6000011CC4F8DC3C01F01F039B0143EA900362
:10CE7000C4F8E03C2B78A878DB0043EA5113C4F8EF
:10CE8000E43C6B7800F0070143EA0123E978C4F839
:10CE9000E83C01F03F035B0143EAD003C4F8EC3CFB
:10CEA0002B799B0043EA9113697901F0010043EA71
:10CEB0008023A879C4F8F03C00F00F03DB0143EABB
:10CEC0005103E979C4F8F43C01F07F031B0143EA04
:10CED0001013C4F8F83C2B7A687A5B0043EAD1134C
:10CEE00000F0030143EA4123A97AC4F8FC3C01F0B5
:10CEF0001F039B0143EA9003C4F8003DEB7ADB007B
:10CF000043EA5113297BC4F8043D11F0010F40F2AC
:10CF100014730CBFAD20184611F0020F08BFAD23EB
:10CF20000907C4F8080DC4F80C3D7FF502AE0323D1
:10CF300000E6A97B00293FF40EAEE87B2F8A002192
:10CF4000A97305EB400191F815C0897D41EA0C21D8
:10CF50008F427FF400AEE97C01290BD081297FF458
:10CF6000FAAD102801D91020E873CB49002701F150
:10CF7000260E0AE00B46F4E791F8018091F802C012
:10CF80004CEA082C2EF802CB01375FFA87FC60458B
:10CF900001F10201F0D8CDE595F85830002B3FF4AF
:10CFA000DAAD002385F8583095F85930A82B7FF476
:10CFB000D2AD95F86C30002B7FF4CDADB7499FED25
:10CFC000B86ADFEDB86A01F1170791F803C0087974
:10CFD00000EB0C2007EE900AB8EEE77A0133C7EEBB
:10CFE000067A082B01F1020177EEE67AFCEEE77A89
:10CFF000E7EC017AE9D19CE594F8103D002B3FF471
:10D00000AAAD002384F8103D93E505F8583CBAE535
:10D01000D5F8AC707B1C012FC5F8AC3000F0F18066
:10D02000022F00F0F780EFB1D5F8AC30042BC4BF6D
:10D030000023C5F8AC30F1E5B4F8C46716F0080673
:10D040007FF4ECAD0820FFF7A7FAD4F89835C4F8C0
:10D05000943540F2DC53A4F88C35C4F8A46BC4F8C2
:10D060009C65DBE5D4F8F4381B07DDD5D5F8B03086
:10D07000F31A002BD8DB07EE906A9FED8B7AD4F879
:10D08000803C8A48C5F8B460F8EE677A77EE877A14
:10D09000FCEEE77AC5ED2C7A9847844994F87A2C0F
:10D0A0000846FBF79FFB94F8DB385E071ED5D5F8E2
:10D0B000B020C5F8B8207E4A85F8BC70176097800C
:10D0C000B4F92229A5F8BE20A5F8C420B4F9242972
:10D0D000A5F8C020A5F8C62023F00403B4F926293A
:10D0E000A5F8C220A5F8C82084F8DB38D5F8B82008
:10D0F000DAB1D5F8B0309B1A6E4A93424FF0000374
:10D1000044D86D4A694E901D36F9021B32F9027BF4
:10D11000B94230F9027BB8BF22F8021C0133B94290
:10D12000C8BF20F8021C032BEED194F8C13C002BA1
:10D130003FF47AAFB4F82439B4F80421B4F82219D2
:10D140009B1AB4F80A2112FB03F210B2B4F80631AC
:10D15000B4F82629D21AB4F80C3113FB02F3B4F850
:10D160000221891AB4F8082112FB01F21BB20A212C
:10D1700012B293FBF1F392FBF1F2A4F82639A4F872
:10D18000222990FBF1F2A4F824294DE74A484B4F9D
:10D19000C5F8B83000F1060C00F10C0630F902EBCE
:10D1A0003CF9022B0EEB020101EBD171A2EB0E0256
:10D1B0000133491002EB8202032B27F8021F26F8E5
:10D1C000022BEBD1B5F9CA10B5F9CC20B5F9CE00D8
:10D1D0008B1803440A26734300EB400001EB410126
:10D1E00002EB420293FBF1F193FBF2F2A4F8081177
:10D1F00093FBF0F3A4F80A21A4F80C31F6F744F8F5
:10D2000093E7D4F8F43858077FF50EAF3046FDF7B2
:10D21000DFFF09E7F3F720F830B93046F7F707F8F2
:10D22000012384F88036FFE684F88086FCE696EDDC
:10D23000007A06EE901A37EEC76AF8EEE65AC6EEA6
:10D24000256A76EE876A96ED027AC6ED016A77EE78
:10D25000E67AA6EE277AF0EE667A86ED037A2AE57C
:10D2600003F5FA734FF47A7093FBF0F32AF8023C5B
:10D27000134B1436B3427FF402ADB8F1010F05D160
:10D280004046FBF7FFF86423C4F8583508F1FF382F
:10D29000A4F854853EE500BF72150020B9150020A2
:10D2A000CDCCCC400080BB43003EC6478A0D002059
:10D2B0006A0500207FC3C9011E16002068050020F2
:10D2C00070160020D4F8F43813F0020300F0DA8569
:10D2D000D4F85C3C50489847002800F0DB804E4969
:10D2E00094F8792C0846FBF77DFAB4F85265002EC5
:10D2F0003ED0D4F820174948A1F1020CA0F1080E45
:10D3000001F104090022B6F5C87F08BF0260036876
:10D31000BEF900802EF8022B434440F8043B2CF861
:10D32000022FE145EFD1012E1FD1D5F834314FF452
:10D33000C870C83393FBF0F30B80D5F83831C8338D
:10D3400093FBF0F34B80D5F83C31C83393FBF0F3FB
:10D350003348C08C1B1A8B80A7F85C20A7F85E208E
:10D36000F5F792FF6423C4F85835013EA4F85265DE
:10D37000D4F8C837590779D5B4F87A8BD4F8206730
:10D38000B8F1320F50D13388A5F840317388A5F831
:10D390004231B388A5F84431B7F85C30A5F846317E
:10D3A000B7F85E30A5F848311E4AB01EA2F1200C35
:10D3B00006F104090021B8F1320F08BF11601368AB
:10D3C000BCF900E02CF8021B734442F8043B20F83F
:10D3D000021F8145EFD1B8F1010F17D10C2084F85D
:10D3E0007C1B84F8778BFBF74DF8B5F84031338020
:10D3F000B5F842317380B5F84431B380B5F84631A1
:10D40000A7F85C30B5F84831A7F85E3008F1FF3373
:10D41000A4F87A3B0BE000BF8C1600209416002085
:10D4200000000020AC160020B8F1000FBCD194F829
:10D43000783BDBB13221D5F84C3193FBF1F33380EB
:10D44000D5F8503193FBF1F37380D5F8543193FB49
:10D45000F1F3F449C98C00225B1AB380A7F85C2071
:10D46000A7F85E2084F8782BF5F70EFFD4F8202774
:10D47000B5F82C3111885B1AA5F82C315188B5F814
:10D480002E3192885B1AA5F82E31B5F830319B1AEF
:10D49000A5F83031B4F91E399FEDE36AD5ED567A1F
:10D4A000E04E9FEDE2BA96ED162AD6ED134A96EDC0
:10D4B000193A96ED11AA96ED140AD6ED182AD6ED72
:10D4C000171A96ED124A9FEDDACA07EE103AB4F930
:10D4D000203905EE903AB4F91C3906EE903AF8EE90
:10D4E000E66AB8EEC77AE6EE867AD5ED576AC5EDFC
:10D4F000597AE7EE066AF8EEE55A95ED587AC5EDE9
:10D500005A6AA5EE867A95ED5C6A85ED5B7A77EED0
:10D51000867A95ED5F6AD6ED155A77EE867A95EDA7
:10D520005D6A76EE866A95ED606A76EE866A95EDBE
:10D530005E6A37EE067A95ED616A66EEA86A37EEA6
:10D54000067A67EEA87A27EE287A64EEE63A22EEAB
:10D55000665A23EE666AE7EE043AA7EE255AA7EE6E
:10D56000226A6AEE479A60EE470A25EEE71A21EE34
:10D57000C77AE7EEA49AE7EE820AA7EE837A24EE52
:10D58000678AA6EE801A62EEE77AA6EE8A8AE6EE4F
:10D59000A17A72EE016A73EE8A3A34EE294A74EE89
:10D5A000884A35EE005A75EEA05A32EE877A73EE4D
:10D5B000277AC6ED166A76EE216AC6ED113A86ED37
:10D5C000124AC6ED134A86ED145AC6ED155AC6ED39
:10D5D000176A86ED187AC6ED197AFEF759F8D5F86C
:10D5E000B420D5F88831DFED939A9FED93AA9A4243
:10D5F00040F0C7829FED917AD5ED5F7A67EE877A2A
:10D60000C5ED5F7AD5ED607A67EE877AC5ED607A11
:10D61000D5ED617A67EE877AC5ED617AB5F92C317F
:10D6200096ED15EAD6ED12EAD6ED14FAD6ED18DA33
:10D6300096ED11FA96ED17DAD6ED16AA96ED137A55
:10D6400096ED199AD5ED4A5A8DED057A5B4207EEB3
:10D65000903AB5F92E315B4208EE103AB5F9303107
:10D660005B42F8EEE76AB8EEC88A07EE903AB8EE89
:10D67000E76A68EE0E7A6EEE88CAE6EEAF7A28EEBA
:10D680002D8AEFEE26CAA6EE8D8AE6EE2A7AE7EE1E
:10D6900006CAA6EE098A9FED6A6AC5ED697A67EE49
:10D6A000867AC5ED68CA27EEA75A6CEE86CAB0EE38
:10D6B000450AACEEAC0A85ED6A8A28EE068AB4EE1D
:10D6C0006A7A78EEA55AF1EE10FAA8EE080A6CBF55
:10D6D00001270027C5ED4A5ACDED045ACDED037A56
:10D6E0008DED025A01F0BEF9CCEE80BA9DED025AE2
:10D6F000ABEEAB5AB0EE450AA8EE080A01F0B2F95B
:10D70000DDED037AC7EE80CA2CEEAC0AABEEAB0AB5
:10D71000A8EE080A01F0A6F9C8EE007AF0EE6B4A0E
:10D72000E7EEA94AB0EE6C5A97EEE95A2EEE248A3B
:10D7300069EEEC7A6AEEA4AA6FEEA4CA9DED057AB2
:10D7400095ED5A0AEBEEA97AEFEE05CAAEEE858AA0
:10D75000E7EE05AAEDEE27CAADEEA78AE9EE27AA05
:10D7600020EE000AD5ED597AC5ED70CAA7EEA70ADA
:10D77000D5ED5B7A85ED718AA7EEA70AC5ED72AA91
:10D78000CDED07CA8DED088ACDED09AA01F06AF941
:10D7900096ED1B5ADDED045AB4EECB5AF1EE10FAB9
:10D7A000B4EECA0A44BF9FED215A86ED1BBAF1EED2
:10D7B00010FA00F10883DFED237AB4EEE70AF1EE08
:10D7C00010FA00F30383C0EE0A7A6CEEA77AB4EE87
:10D7D000CA0A27EE856AF1EE10FA85ED5C6A00F15F
:10D7E000F882DFED187AB4EEE70AF1EE10FA00F3F2
:10D7F000F382C0EE0A7A68EE277AB4EECA0A27EE00
:10D80000857AF1EE10FA85ED5D7A00F1E882DFEDC0
:10D810000D7AB4EEE70AF1EE10FA00F3E382C0EEFF
:10D820000A7A19E000000020487D8B3ACDCC4C3DAF
:10D83000C2B8B23E00000000F3665F3FEC51783F93
:10D840000000803958A00B41728A0E3C4C3D0F44B9
:10D850000000E144DB0F4940D4F82C36DB076AEEC8
:10D86000A77A67EE857AC5ED5E7A0DD4B2EE005ADE
:10D8700026EE056A27EE057A67EE857A85ED5C6A05
:10D8800085ED5D7AC5ED5E7AB4EECC0AF1EE10FA64
:10D890001FD55FED137A95ED6B7A95ED736A6CEE9B
:10D8A000A7CA28EE278AA5EEAC7A6AEEA7AA85ED6C
:10D8B0006B7AD5ED6D7A95ED6C7AE5EEAA7AA5EEE8
:10D8C000887A75EE865A85ED6C7AC5ED6D7AC5ED70
:10D8D000735AD5ED737AB1EE047AF4EEC77AF1EEAD
:10D8E00010FA4FDB95ED747A95ED6B6A67EE877AE7
:10D8F000B1EE677AB4EEC76AF1EE10FA00F1758204
:10D90000F4EEC67AF1EE10FA54BFF0EE465AF0EE9D
:10D91000675A95ED6C6AB4EEC67AF1EE10FA00F330
:10D920006782F4EEC67AF1EE10FA48BFB0EE676A8D
:10D9300095ED6D5AB4EEC57AF1EE10FA08DCF4EE0E
:10D94000C57AF1EE10FA54BFB0EE457AB0EE677AC0
:10D95000D5ED567AC5ED6B9A77EEA57AC5ED6C9A42
:10D96000C5ED567AD5ED577AC5ED6D9A77EE867A84
:10D97000C5ED739AC5ED577AD5ED587A77EE877A6B
:10D98000C5ED587AB4EE6EFAF1EE10FAF4EE4EFAF6
:10D9900068BF47F00107F1EE10FAB4EE6DDA68BF28
:10D9A00047F00107F1EE10FAC5ED4A9A07D6B4EE3A
:10D9B000499AF1EE10FA02D6002F00F01C82FDF712
:10D9C0002FFEB36C96ED170AC5F8D831F36C96EDBF
:10D9D00011BA96ED14AAD6ED18AA96ED19CAC5F893
:10D9E000DC31B4EE400A736DC5F8E431F1EE10FAA3
:10D9F000B36D85ED75BA85ED78AAC5F8E83185ED8A
:10DA00007B0AC5ED7CAA85ED7DCA80F11282F7EE16
:10DA1000007AB4EEE70AF1EE10FA80F20D82FFEE22
:10DA2000007AB4EEE70AF1EE10FA40F2088200F054
:10DA3000BBFFB1EE408AF0EE4C0AB0EE6A0A85ED0B
:10DA4000648A00F0DDFFF0EE4B0AF0EE40AA85EDAF
:10DA5000630AB0EE4A0A00F0D3FF1FED84BA85EDE9
:10DA6000650AB0EE40AA2AEE8B0A01F09DF828EE76
:10DA70000B0A07B2A4F83C7601F096F85FED8C7AB9
:10DA8000A4F82A792AEE67AA5FED8E7A8AEE270A31
:10DA90000FFA80F8A4F83E86A4F82C89F2EE047AF6
:10DAA00030EE290A80EE270A01F07EF803B2002B3F
:10DAB00002DA00F5B47003B2A4F84236D4F8443761
:10DAC000B6F826C0E14E93F80090DFF8B4E30022E8
:10DAD00006F1CC001146B7EE007A36F9023BB9F1F7
:10DAE000000F18D007EE909AF8EEE77AC7EE276A93
:10DAF00007EE903AF8EEE77A37EE666A67EEA67AB6
:10DB0000D0ED006AE6EE867AC0ED007AFDEEE77AA7
:10DB100017EE903A1BB20131C9B203292EF8023B2D
:10DB200000F1040003FB03F393FBFCF31A44D4D18C
:10DB3000DFEDC77A68EEA78A6423FCEEE87A5343E8
:10DB400017EE900A93FBFCF3C4F87C36F8F7B6FEA8
:10DB500088EAE870B4F9C22C94F8DB38A0EBE870DE
:10DB600080B2904280F26E81002FB8BF7F42BFB278
:10DB7000BA4240F3678143F0080384F8DB38FFF7CB
:10DB8000F8B8D31A0CEE903AB4F924399FEDB17A73
:10DB9000D6ED170AD6ED197AD6ED186AC5F88821A0
:10DBA00008EE103AB4F926390DEE903AB4F922395C
:10DBB000F8EE6CCA0EEE103A95F8BC306CEE87CADF
:10DBC000B8EEC88AF8EEEDDAB8EECEEA83BB26EE00
:10DBD000ED0AB7EE007AA8EE270A6DEEA77AA0EE5E
:10DBE000E07AE8EE267AB1EE400A60EEE70AE7EE68
:10DBF0000E0A00F005FF9FED981AB4EEC10AF1EE8F
:10DC000010FA08D49FED951AB4EEC10AF1EE10FA9D
:10DC1000D8BFB0EE401AD5ED640A95ED630AF8F767
:10DC20009FFF0123C5ED5F9AC5ED609A85F8BC3072
:10DC300096ED12DAD6ED117A28EE0DDAA7EE8EDA2D
:10DC4000D6ED137AA7EEADDAD6ED157A85ED66DA64
:10DC500028EE278AD6ED147AA7EE8E8AD6ED167AAC
:10DC6000A7EEAD8A28EE08EA85ED678AB0EE4E0A87
:10DC7000ADEE0D0A00F0F6FECDEE00DAB0EE4E0A83
:10DC8000ADEEAD0A00F0EEFE9FED757AF0EEED7AA6
:10DC9000F4EE477AF1EE10FA00F38C80C8EE007AC9
:10DCA000F0EEE76AF4EE476AF1EE10FA00F38280D4
:10DCB000DDEEA97AB0EE67DA95ED5A0AD5ED597A1C
:10DCC000D6ED19DA20EE000A6DEE2DDAA7EEA70ADE
:10DCD000D5ED5B7AA7EEA70A00F0C4FE96ED1A7A9E
:10DCE000B4EECB7AF1EE10FAB4EECA0A44BF9FED5F
:10DCF0005D7A86ED1ABAF1EE10FAB0EE40EA5CD425
:10DD0000DFED597AB4EEE70AF1EE10FA58DCC0EE16
:10DD10000A7A6DEEA77A95ED690A27EE878A20EEDA
:10DD2000000AD5ED687AA7EEA70A00F09BFEF1EE97
:10DD3000007AB4EEE70AF1EE10FA9ABFF1EE027A39
:10DD400037EEC00A9FED490AD4F82C3698BF20EE72
:10DD50002A0ADA0768EE007A58BFB2EE007AC5EDFB
:10DD6000617A5CBF67EE877AC5ED617AF0EE007A82
:10DD7000F4EEE7CAF1EE10FA0ED5B4EECCEAF1EE0D
:10DD800010FA09D5DFED3A7A6DEEA7DAD5ED6D7AA6
:10DD9000ECEEAD7AC5ED6D7A95ED6E7AB5F8BC31E5
:10DDA000F0EECD7A77EE877A0133C5ED6E7AA5F87D
:10DDB000BC3133E49FED2FDA7EE7F7EE007AA8E777
:10DDC000F2EE047AA5E7F7EE007AFEE4F2EE047ACA
:10DDD000FBE4F7EE007A0EE5F2EE047A0BE5F7EEDF
:10DDE000007A39E5F2EE047A36E5F0EE475A90E52E
:10DDF000B0EE476A9CE5F7EE007AB4EEE7DAF1EEB2
:10DE000010FA07D5FFEE007AB4EEE7DAF1EE10FA79
:10DE10003FF7D7ADFDF73CFCD6ED177AB2EE047AAA
:10DE2000F0EEE77AF4EEC77AF1EE10FA7FF7C9ADBB
:10DE3000C5E59FED100AFCE59FED0F0AF9E59FEDA2
:10DE40000F0AF6E523F0080397E600BF8C160020C2
:10DE500000247449BD3786359A9949C09A9949403A
:10DE6000FFFF7F7FCDCC4C3D58A00B41CDCCCC3DAE
:10DE70000AD7233C00000000DB0FC93FDB0FC9BFFE
:10DE80007E0D0020A5F82C31A5F82E31A5F83031F3
:10DE9000FEF76FBFD5F80822D4F85C35D4F82C66AD
:10DEA0009B1A40F69802934240F2528146F00806CF
:10DEB00000230120C4F82C66C4F8F435FEF76CFB8F
:10DEC000D4F8AC9699F85630002B40F01283F3F753
:10DED00055FB94F84331002B52D0B5F80432C748B3
:10DEE000B4F8C46C00EE103A0121B8EE400AF8F71D
:10DEF00099FEBCEEC00A95F8AA2010EE103A9BB22B
:10DF0000B6FBF3F0411CB5F9243209B2002A00F047
:10DF10000B83BB4EDFF8088306F1080C002738F9A5
:10DF200002EBBCF90090B6F900202CF802EBAEEB46
:10DF3000090901375A43042F92FBF1F24A4426F8AB
:10DF4000022BECD1002385F8AA3003B2002B40F35A
:10DF5000EE82AC4FDFF8C8C2A5F82432A7F1080E54
:10DF6000002037F9026B3EF9022B013013FB02F25D
:10DF7000042892FBF1F2A6EB02022CF8022BF0D15E
:10DF8000F2F7F6FBD4F8F4280123160785F8AB3036
:10DF90004FD5B4F96C3540F2DC518B42CCBFA3F2C3
:10DFA000DC53CB1AB3F5967F80F2CE82B4F8C43737
:10DFB00003F04403002B00F0C78295F8363273B1AA
:10DFC000B4F92039032B40F3B6829B10452B30DC8B
:10DFD000002385F83632B4F84236A4F87236B4F825
:10DFE0007216B4F842365B1A99B21BB213F1B30F32
:10DFF00002DA01F5B4710BB2B32BC4BFA3F5B4734D
:10E000001BB213F11E0FC0F29C821E2BA8BF1E2351
:10E01000D4F8AC16497A11FB03F31BB2B3F5C87FF1
:10E020007949A8BF4FF4C8738B42B8BF0B46A4F818
:10E03000A83512F0140F13D0B4F8C43703F40273E8
:10E0400073B194F8DB38D80640F18682B4F8A6356F
:10E0500094F99421B4F99C1501FB0233A4F8A63578
:10E06000DFF8C08198F83E3043B1B4F84631B4F9D6
:10E070006E259A42DCBF0023A4F8A835D4F8AC760C
:10E0800097F81C6166B3B4F8C437990728D09FEDA0
:10E090005F0A80EE000A00F05BFC5D4BD3ED007A76
:10E0A00020EE270A00F080FD07EE906AB0F5617F50
:10E0B000A8BF4FF46170F8EEE75A07EE900AB8EE89
:10E0C000E70ADFED547A80EE270AF2F7C9F925EE68
:10E0D000800A00F069FDB4F8AA351844A4F8AA052E
:10E0E0004D4B0093D8F87060B4F8FA20D4F8981625
:10E0F00007F15C033846B04794F8B039D4F82CC720
:10E100000293032B16D9BCF80210B1F5FA7F11D295
:10E11000B4F9A825B5F93C02002AB8BF524292B220
:10E120004B429B1A834203DC8B188342A8BF0346F1
:10E13000A5F83C32394AB4F9AA85B5F93A92B5F94D
:10E1400038A2B5F93CE2A2F504631E46002032E293
:10E150000120FEF721FAD4F8987644F64B33BB80C1
:10E16000D4F8103C86F00806632BC4F82C6604DC57
:10E170004FF4FA63A4F86E35A2E60120FEF7FEF92B
:10E1800095F80C226E2362B97B714FF47A73A4F870
:10E190006A350223C4F8F435D4F85C35C5F810327A
:10E1A0008EE6012A06D17B714FF4FA63A4F86A3532
:10E1B0000523EFE7032A3B7104D14FF47A73A4F8E7
:10E1C0006835E6E74FF4FA63A4F86835F0E7D4F869
:10E1D0002C36012083F00803C4F82C36FEF7CEF964
:10E1E00095F80C324FF47A72F3B9B4F93E36A4F8CC
:10E1F0006A25B3F5E17F1BDD0323CBE78017002001
:10E20000861700208E17002070FEFFFF0000000020
:10E21000B40B0020EFB6B0449E050020241400206B
:10E220000C0A002000000020032BA4F8682513D05E
:10E230000223C4F8F435D4F85C35D5F810229B1AC3
:10E24000B3F5FA6FFFF43CAE0023C4F8F435C5F81B
:10E250001032F2F75BFA33E6B4F93C26B2F5E17F0F
:10E26000E6DD97E795F80C3293B9B4F93E36B3F58D
:10E27000E17F51DDD4F82C36012083F00803C4F887
:10E280002C36FEF77BF940F27E43A4F86A35D2E7DC
:10E29000032B7FF415AEB4F93C36B3F5E17F19DDFD
:10E2A000D4F82C36012083F00803C4F82C36FEF78E
:10E2B00065F94FF48363A4F86835D4F85C35D5F874
:10E2C00010229B1AB3F5FA6FFFF4FAAD0023C4F8DD
:10E2D000F43563E79BB2B3F5E17F3FF6F1ADB4F8F7
:10E2E0003E36FA339BB2B3F5FA7F3FF6E9ADD4F888
:10E2F0002C36012043F00803C4F82C36FEF74CF905
:10E300004FF48363A4F86835D4F85C35C5F810324F
:10E310000423C4F8F435D3E59BB2B3F5E17F3FF6AF
:10E32000CFADB4F83C36FA339BB2B3F5FA7F3FF683
:10E33000C7ADD4F82C36012043F00803C4F82C36BE
:10E34000FEF72AF940F20143A4F86A35DCE7D4F875
:10E350002C36012043F00803C4F82C36FEF71CF9D4
:10E360004FF4FA63A4F86E35D4F8983644F64B327D
:10E370009A80D5F81022D4F85C359B1A40F2DC5212
:10E380009342A3D8C4E70120FEF7F8F895F80C32C1
:10E39000012B0AD14FF4FA63A4F86A35B4F93E367A
:10E3A00013F5E17F07DA0623F4E640F2B772022B99
:10E3B000A4F8682503D00523C4F8F4357DE7B4F943
:10E3C0003C36EDE795F80C02012811D1B4F93E3640
:10E3D00013F5E17F42DAD4F82C3683F00803C4F851
:10E3E0002C36FEF7CBF840F23A73A4F86A3564E7AE
:10E3F00002287FF465ADB4F93C3613F5E17F0BDA02
:10E40000D4F82C36012083F00803C4F82C36FEF72C
:10E41000B5F840F2B7734EE703F5E1739BB2B3F57D
:10E42000C87F3FF64DADB4F83E36FA339BB2B3F534
:10E43000FA7F3FF645ADD4F82C36012043F00803AF
:10E44000C4F82C36FEF7A8F840F23A73A4F8683501
:10E45000D4F85C35C5F8103207235AE703F5E173A9
:10E460009BB2B3F5C87F3FF62BADB4F83C36FA3318
:10E470009BB2B3F5FA7F3FF623ADD4F82C3643F0C8
:10E480000803C4F82C36FEF787F840F2B773A4F8F7
:10E490006A35DDE7D4F82C36012043F00803C4F8D0
:10E4A0002C36FEF779F895F80C32012B1CBF4FF48F
:10E4B000AF63A4F868354FF4FA63A4F86E35D4F866
:10E4C000983644F64B329A80D5F81022D4F85C3551
:10E4D0009B1A40F2DC5293423FF6F8AEBCE7C4F818
:10E4E000F435C5F81032D4F8983644F64B329A8099
:10E4F000E6E4DFF80083BB4F0026B8F9003099F856
:10E50000561000EE103A3846B8EEC00AF8F78AFB0B
:10E51000BDEEC00A013610EE103A032E28F8023B79
:10E5200007F10407E9D1D2E4013B1BB20EE5002359
:10E53000A5F8243224E5002BB8BF03339B105B42BF
:10E5400044E56FF01D0363E5012385F83632B4F826
:10E550004236A4F872366CE5F1F7ECFF80E507EE81
:10E56000908AB8EEE77A07EE909A52ED026A9CF92B
:10E570000110F8EEE77A494267EEA67A52ED046A96
:10E58000E7EE267A0EFB01F1013007EE10AA52EDFC
:10E59000036AB8EEC77AE7EE267A07EE101A52ED54
:10E5A000016AB8EEC77AE7EE267AFDEEE77A17EE53
:10E5B000901A26F8021B0299884202F11002CED36B
:10E5C00094F8EC25520740F1E18094F8F326049288
:10E5D000B4F97C2718460121029E8E4273D8D4F8E4
:10E5E0002817D4F8C8A74888B4F96E658242C4BF1A
:10E5F000121A1FFA82FB0AF480520592D4F82407FB
:10E60000D4F830270392D8BF4FF0000B4FF0000929
:10E61000029A4A455ED8744E96F82C3C0BB1FCF732
:10E62000F7FC94F8EC355F072FD5B4F8C437D8075A
:10E630002BD5B4F93C36002BB8BF5B429BB2B3F587
:10E640002F7F1AD8B4F93E36002BB8BF5B429BB27D
:10E65000B3F52F7F11D8B4F91639002BB8BF5B4240
:10E660009BB242F6E062934207D8B4F91839002B06
:10E67000B8BF5B429BB2934207D9D6F8F43523B9B1
:10E680000220F1F7D1FDF2F741F896F8ED75022F6F
:10E6900000F0B280032F00F0F880012F7EF494A9DF
:10E6A000DFF8488198F81030002B3EF48DA996F8D9
:10E6B000EC4514F0040475D04C4A002386F8ED357F
:10E6C0001374FEF781B930F9026FB242B8BF324617
:10E6D000013181E71A88059FA2EB0B0212B21A8062
:10E6E00077B3039F9CF80080B7F80EE0B8F1000FF5
:10E6F00008D1B0F80680AEEB0807B74202DAF04462
:10E70000B04517DC76450EDDB0F802E0964504DC36
:10E71000B1F802E09645A8BF9646A3F800E009F1DB
:10E720000109023374E7B1F804E09645F5DCB0F86E
:10E7300000E0EFE77645CCBF428802881A80EEE71A
:10E74000049FB1F8028047B1B1F804E09645E4DCDB
:10E750004245A8BF42469646DFE7B1F800E096453D
:10E7600003DC4245A8BF42469646039AA3F800E060
:10E77000128A9642D3DA1AF0100F01D08A88DDE7A8
:10E780009CF80020002ACAD10A88D7E7184BA3F2C8
:10E790001A2203F1100153F8040B42F8040B8B42C8
:10E7A000F9D138E7D6F82C36D9077EF50DA9F1F75F
:10E7B0008DFFF1F799FFF2F75FFA96F8F035C5E9AA
:10E7C0009044C5E99344002B7EF4FEA8B8F81230BB
:10E7D000D6F8982586F8F0751344C6F89435FEF7F8
:10E7E000F3B800BF74170020680400200000002068
:10E7F000FE0D0020840D0020354F3B7C002B3EF4A5
:10E80000E3A8012386F8EF357B7C43B1D6F85C356D
:10E8100003F5EA433033C5F8583200237B74D4F84B
:10E820005C25D5F85832D21A002A09DBF1F76EFFC1
:10E8300000233B7484F8EF3501237B74FEF7C4B8E2
:10E84000B5F93021002AB8BF524292B242F23411D7
:10E850008A4206D900243C74F1F758FF86F8EF4548
:10E86000EAE7D4F85C25D21A002AD4F85C25CCBF9C
:10E87000D31A9B1A46F6605293423EF7A5A8D6F8E3
:10E88000103C0733FEF6A0A8E4E7D6F8F435002BD9
:10E890007FF412AFB6F8C42752077FF50DAF85F8A5
:10E8A0000C320123C6F8F435D6F85C35C5F80832C9
:10E8B00002E7012384F8FF35054B002283F83D2051
:10E8C00006F5C333A03345F85C3CFEF786B900BFBC
:10E8D00000000020014B024A1A60704730170020E8
:10E8E0005B82183911481249026800608A4218D0C8
:10E8F000002103E00F4B5B58435004310E480F4B8F
:10E9000042189A42F6D30E4A02E0002342F8043B32
:10E910000C4B9A42F9D3F5F746FCFEF74DF87047D9
:10E92000FEE70948D0F800D040680047FC9F00206F
:10E93000EFBEADDEE02401080000002068040020E6
:10E94000680400205C20002000D8FF1FFEE70000C4
:10E9500008B52DED028BB0EE408A00F03FFAB4EE20
:10E96000488AF1EE10FAF0EE408A0AD6B0EE480A74
:10E9700000F0D2F8F7EE007AB4EEE70AF1EE10FA02
:10E9800004DCB0EE680ABDEC028B08BD01F0EAFBC6
:10E99000BDEC028B034621221A600248BDE8084004
:10E9A00000F0FCB8481F010808B52DED028BB0EE51
:10E9B000408A00F037FBB4EE488AF1EE10FAF0EE30
:10E9C000408A0AD6B0EE480A00F0A6F8F7EE007AC0
:10E9D000B4EEE70AF1EE10FA04DCB0EE680ABDEC22
:10E9E000028B08BD01F0BEFBBDEC028B0346212269
:10E9F0001A600248BDE8084000F0D0B8481F01087E
:10EA000000F00ABC08B52DED028BB0EE408A00F094
:10EA1000A9FCB4EE488AF1EE10FA0FD6B5EEC08A22
:10EA2000F1EE10FA0ADCB5EE408AF1EE10FA08D1E8
:10EA300001F098FB22239FED090A0360BDEC028BD5
:10EA400008BD01F08FFBBDEC028B034621221A604A
:10EA50000348BDE8084000F0A1B800BF000080FFF7
:10EA6000481F010808B52DED028BB0EE408A00F07A
:10EA7000E7F8B4EE488AF1EE10FA06D6DFED098A1F
:10EA8000B4EEE88AF1EE10FA02D4BDEC028B08BDB8
:10EA900001F068FB88EEA80ABDEC028B212303601D
:10EAA00008BD00BF0000000010EE103A184923F026
:10EAB00000428A421AD9B2F1FF4F02D330EE400A27
:10EAC000704700B583B0684600F046FD00F00300D3
:10EAD00001289DED000ADDED010A10D0022809D0C1
:10EAE00090B900F0B1F803B05DF804FBDFED090A5E
:10EAF00000F0AAB800F0A8F8B1EE400AF3E700F081
:10EB000025F9B1EE400AEEE7012000F01FF9EAE72F
:10EB1000D80F493F0000000010EE103A23F00043E8
:10EB200000EE103A704700BF10EE103A194923F07A
:10EB300000428A421BD9B2F1FF4F02D330EE400AA5
:10EB4000704700B583B0684600F006FD00F0030092
:10EB500001289DED000ADDED010A13D002280BD03B
:10EB600098B9012000F0F2F803B05DF804FBDFED86
:10EB70000A0A002000F0EAB8012000F0E7F8B1EE40
:10EB8000400AF1E700F060F8EEE700F05DF8B1EE62
:10EB9000400AE9E7D80F493F000000009FED010A55
:10EBA000704700BF0000C07F10B485B08DED010A32
:10EBB000019BC3F3C752A2F17F011E2931DC162944
:10EBC0004FEAD37425DC1D4BDDED017A03EB8403A2
:10EBD00093ED007A77EE277ACDED037ADDED037AB7
:10EBE00077EEC77A17EE903A33F000400DD0C3F3BA
:10EBF000C7507F381FD4C3F3160343F40003C0F19A
:10EC0000170023FA00F004B1404205B05DF8044B50
:10EC10007047C3F3160343F40003963A03FA02F075
:10EC2000F1E7DDED017AFDEEE77A17EE900A05B027
:10EC30005DF8044B70470020E5E700BF4C1F01085A
:10EC4000B1EEC00A704700BF10EE103A23F0004347
:10EC5000B3F1485F2CD2FDEEC07A17EE903A002B4C
:10EC600060D060EE007A9FED317A9FED315ADFED92
:10EC7000315A9FED316ADFED316AA7EE875A9FED79
:10EC8000307AE7EE855AA7EEA56AA7EE867AE7EE18
:10EC9000876A67EEA66A60EEC00AB6EE007AE7EE13
:10ECA000A60AB7EE000AD7EE870A30EE600A704770
:10ECB00060EE007A9FED1D7A9FED1D5ADFED1D5A23
:10ECC0009FED1D6ADFED1D6A1E4AA7EE875A93422B
:10ECD0009FED1B7AE5EE275AA5EEA76AA6EE277AE6
:10ECE000E7EE276A66EEA76AD5D9174A934214D889
:10ECF00003F17F4307EE103AB7EE006A36EE476A3B
:10ED000060EEC00AF6EE005A97EEA57AE7EEA60A84
:10ED100037EE607A36EE470A7047B6EE076AB5EE10
:10ED2000027AEDE7B7EE000A704700BF4ED747AD55
:10ED3000F6740F317CF293B4010DD037ABAA2A3DA3
:10ED4000610BB6BA9999993E0000483F10EE103A0F
:10ED500023F00043B3F1485F04D2FDEEC07A17EE12
:10ED6000903A5BB360EE007A9FED157ADFED155AAD
:10ED70009FED156ADFED156AE7EE875A9FED147A6D
:10ED8000A5EEA76A20EE275AE6EE276AA6EEA77A36
:10ED900030B9DFED106AE7EE876AA6EE850A7047A4
:10EDA00027EE457AF6EE006AA0EEA67ADFED0A6A53
:10EDB000D7EE270AE5EE260A30EE600A704700BF5C
:10EDC000D3C92E2F342FD7B21BEF3836010D50B9CF
:10EDD0008988083CABAA2ABEABAA2A3E08B510EE29
:10EDE000102A22F00043B3F17E5F2DED028B12D08A
:10EDF0000AD8B3F17C5F16D2B3F10C5F67D8BDECD3
:10EE0000028B9FED770A08BD70EE407A87EEA70A65
:10EE1000BDEC028B08BD002A40F3DD80BDEC028B07
:10EE20009FED700A08BD002AC0F28E80F7EE008ABE
:10EE300038EEC00AF6EE007A20EE278AB0EE480AD5
:10EE4000FFF7FEFEDFED687A9FED687ADFED686A16
:10EE5000DFED685A9FED686AA8EE277ADFED677AE2
:10EE6000E7EE086AE8EE067AE6EE885A9FED646AF5
:10EE70009FED647ADFED646AA5EE886AA7EE887A72
:10EE8000DFED627AE6EE087A10EE103AE7EE086AF5
:10EE90006FF30B03B0EE677A07EE903AF0EE485A44
:10EEA000E7EEE75AE6EE888A30EE276A27EE087A20
:10EEB000C5EE866A87EE286ABDEC028BB0EE667AF4
:10EEC000A0EE067A37EE870A30EE000A08BD20EE83
:10EED000007ADFED457A9FED456ADFED456A9FEDEB
:10EEE000465ADFED445AA7EE276ABDEC028BE6EEE8
:10EEF000076ADFED427A9FED436AE7EE057AE6EEB8
:10EF0000875AA7EE876A9FED3E5ADFED3F7ADFED25
:10EF10003F6AA5EE875AE6EE077AE5EE076AF7EE56
:10EF2000005AE7EE875A26EE877A9FED396ADFEDC1
:10EF3000397AC7EE256AB0EE467AA0EE667A30EEF0
:10EF4000470A37EEC00A08BDB7EE007A30EE070A6E
:10EF5000F6EE007A60EE277ADFED236A9FED236AF2
:10EF6000DFED234ADFED245A9FED225A9FED278AD9
:10EF7000A7EEA66ADFED216AE6EE274AE7EEA56A6C
:10EF8000DFED205A9FED1E6AA4EEA75AE6EEA75ABF
:10EF9000DFED1D6AA5EE276AE5EEA76AA6EE278AD1
:10EFA000A6EEA77A28EE278AF0EE478AB0EE670A27
:10EFB000FFF746FE88EE286A9FED177ADFED177A95
:10EFC000A0EE067AF0EE006A37EE007AE7EE667A97
:10EFD000B0EE670A1CE7BDEC028B9FED110A08BD7D
:10EFE000DB0FC93F0000000008EF1138047F4F3AE3
:10EFF000461124BDA80A4E3E2EC69D3D613330BF4A
:10F0000090B0A6BE2D57014039D119C0ABAA2A3EF7
:10F010006821A233DA0FC93F6821A2B3DA0F494051
:10F02000DB0F494038B510EE105A25F00044B4F11A
:10F030007E5F2DED048BF0EE407A7FD077D8B4F16F
:10F040007C5F0ED2B4F1485F80F090809FED627AD1
:10F0500030EE077AF7EE006AB4EEE67AF1EE10FAD7
:10F0600062DCB0EE670AFFF757FDF7EE007A37EE85
:10F07000C08AB6EE007A28EE078ADFED586A9FED67
:10F08000587A9FED586A9FED585ADFED585ADFEDD8
:10F09000588AE8EE076A9FED577AA8EE067AA6EE40
:10F0A000885A9FED556ADFED556AA7EE086AE5EECE
:10F0B000085A9FED537AA6EE087AE5EE886AE7EEE5
:10F0C000087AE6EE888AB0EE480AB0EE679AFFF753
:10F0D000B7FD4C4B68EE888A9C4288EE896A38D826
:10F0E00010EE103A6FF30B0306EE903AA6EEE68AA6
:10F0F00070EE267A9FED447AC8EE274AF0EE005A69
:10F10000A4EEE57ADFED417A30EE000AB0EE675A00
:10F1100090EE067AA6EEE55A37EE457A37EEC70A44
:10F12000002D01DCB1EE400ABDEC048B38BDBDEC16
:10F13000048B70EE407A87EEA70A38BDBDEC048BD5
:10F140009FED310A9FED327A27EE800AA7EE870AFB
:10F1500038BDA0EE060A9FED2F7ADFED2D7AF0EE96
:10F16000006AA0EE267A37EEC70AD9E720EE007AC9
:10F17000DFED1B6A9FED196ADFED1B5A9FED195AEF
:10F18000DFED1A4AA7EE266ABDEC048BE6EE075ABD
:10F19000DFED186A9FED186AE7EE056AE5EE874A2B
:10F1A000A6EE876A9FED155ADFED155ADFED106A5E
:10F1B000A4EE875AE6EE075AE5EE076AB7EE006A54
:10F1C000A5EE876A26EE877AC7EE066AE0EE267A13
:10F1D000B0EE670A38BD00BFCAF24971047F4F3AEA
:10F1E00008EF11382EC69D3D461124BDA80A4E3E9B
:10F1F000ABAA2A3E613330BF2D57014090B0A6BE66
:10F2000039D119C09999793F2EBD3BB3DB0F493FE6
:10F21000DB0FC93F2EBD3B3310B582B0CDED010AE7
:10F22000019B23F00042B2F1FF4FF0EE407A30D85C
:10F2300010EE100A20F00041B1F1FF4F29D8B3F1D0
:10F240007E5F3ED09C1704F0020444EAD07431B3D0
:10F250007AB3B2F1FF4F3FD0B1F1FF4F29D0891AF5
:10F26000B1F1F45F4FEAE15233DA002B41DA3C327C
:10F270003FDA9FED330A012C4DD0022C42D064B10D
:10F280009FED307ADFED307A30EE070A30EE670A14
:10F2900003E09DED017A37EE270A02B010BD022C83
:10F2A0000CD09FED2A7A032C08BFB0EE470A02B0BB
:10F2B00010BD00280ADB9FED260AEEE79FED220A2B
:10F2C000EBE702B0BDE8104000F07CBA9FED210AE8
:10F2D000E3E79FED1F0ACEE7B1F1FF4F04F1FF34E2
:10F2E00020D0022C26D81C4B03EB840393ED000A9C
:10F2F000D3E79DED017A87EE870AFFF70DFC00F05A
:10F3000061FAB8E79FED0F7ADFED0F7A30EE070A6A
:10F3100037EEC00AC1E710EE103A03F1004300EEE9
:10F32000103ABAE7022C08D80C4B03EB840393ED98
:10F33000000AB2E79FED020AAFE79FED090AACE7CA
:10F34000000000002EBDBB33DB0F4940DB0F49C07E
:10F35000DB0FC93FDB0FC9BF541F0108601F010845
:10F36000DB0F493F10EE102A32F000432FD0002A65
:10F37000134633DBB2F1FF4F40DAB2F5000F34DB56
:10F380004FF0000C6448C3F31601084400F4000277
:10F3900082F07E520A43DB1500EE102A7F3B5F4A63
:10F3A000634401F10F0CF7EE007A0CEA020230EE32
:10F3B000670A03EBD05322BBB5EE400AF1EE10FA18
:10F3C00062D1002B40F090809FED550A70479FED71
:10F3D000557ADFED537A87EE270A704770EE407A50
:10F3E0009FED4F7A87EE870A7047DFED4F7A60EE28
:10F3F000277A6FF0180C17EE903AC3E730EE000A48
:10F400007047F0EE007A70EE277A07EE103A80EE41
:10F41000274A4648C1F55712084402F522720243B2
:10F42000002A9FED433ADFED434ADFED435ADFED1B
:10F43000433A9FED435ADFED437ADFED436A24EE12
:10F44000046AF8EEC72A26EE067AE7EE034AA7EE2C
:10F45000235AE4EE875AE5EE076AE5EE877A67EE0F
:10F46000867AE6EE877A2ADDB6EE007A20EE077A13
:10F4700027EE007A77EE877A67EE847A3BBB37EE29
:10F48000677A30EE470A70479FED307AF6EE007AE1
:10F49000E0EE477A20EE007A27EE277A002BF0D0B4
:10F4A00007EE903A9FED2A6ADFED2A6AF8EEE77AD6
:10F4B000A7EEC67A37EE400A97EEA60A704770EEBE
:10F4C000677A67EE847AE3B930EE670A70479FED9A
:10F4D000206ADFED206AE2EE867A37EE677A37EE51
:10F4E000400A92EEA60A704707EE903A9FED180A7E
:10F4F0009FED187AF8EEE77A27EE800AA7EE870AE2
:10F500007047DFED136A9FED137AE2EEE67A37EE8D
:10F51000C00A92EE870A704720FB4A00F0FF7F0086
:10F5200000000000000000CC0000004C305CCFFF69
:10F530009788173E25333A3E2549923E4FD01C3ED0
:10F54000298E633EABAA2A3FCDCCCC3EABAAAA3EC5
:10F55000D1F717378071313F70B510EE103A8B4AF2
:10F5600023F00044944286B0054671D9884A9442FB
:10F570001E4624D823F00042002BDFED867A864910
:10F5800022F00F02B0EE407A40F3E6808A4270EE3D
:10F59000677A09BF9FED817ADFED816ADFED816ACD
:10F5A00077EEC77A37EEE67A77EEC77A80ED007AA3
:10F5B00077EEE67AC0ED017A012006B070BD7A4A96
:10F5C000944253D9B4F1FF4F49D2E215863AA4EBE5
:10F5D000C25307EE903ABDEEE77ADFED746AB8EEFB
:10F5E000C77A77EEC77A8DED037A67EEA67ABDEE1D
:10F5F000E77AB8EEC77A77EEC77A8DED047A67EED0
:10F60000A67AF5EE407AF1EE10FACDED057A40F0EB
:10F610008E80B5EE407AF1EE10FA40F08A80012338
:10F62000634901910221009103A8294600F00AFADA
:10F63000002EC2DA95ED007AD5ED017AB1EE477A67
:10F64000F1EE677A85ED007AC5ED017A4042B4E7C4
:10F65000002285ED000A4260002006B070BD70EE09
:10F66000407AC0ED017AC0ED007AF5E7FFF754FA71
:10F670009FED507A9FED476AF6EE007AE0EE077A4A
:10F680009FED477AFDEEE77AF8EEE76A17EE900A0B
:10F69000A6EEC60A1F2866EE877AB1EE666A30EEDD
:10F6A000677A1EDC444A411E26F0004352F82120AE
:10F6B00023F0FF03934214D085ED007A30EE470A21
:10F6C000002E30EE670A85ED010ABFF676AFB1EE87
:10F6D000477AB1EE400A85ED007A85ED010A404295
:10F6E0006BE717EE103AC3F3C753C3EBD453082BA1
:10F6F0004FEAE452E0DD9FED297A9FED2A5AF0EEC1
:10F70000405AE6EE075A70EE657AE6EE077AD6EED4
:10F71000857A35EEE77A17EE103AC3F3C753D21A5B
:10F72000192A08DCB0EE650A85ED007AC6E70323E6
:10F7300076E7022374E79FED217A9FED215AB0EE20
:10F74000650AA6EE070A75EEC07AE6EE077AD6EEEF
:10F75000857A30EE677AAFE78A4270EE277A09BF82
:10F760009FED0E7ADFED0E6ADFED0E6A77EE877A97
:10F7700037EEA67A77EEC77A80ED007A77EEA67A32
:10F78000C0ED017A4FF0FF3017E700BFD80F493FB7
:10F79000E3CB1640800FC93FD00FC93F0044353737
:10F7A0004344353708A3852E800F4943000080432A
:10F7B000EC1F010884F9223F6C1F010800A3852E6D
:10F7C00032318D2438B510EE105A25F00044B4F1D2
:10F7D000A14FF0EE407A07D3B4F1FF4F55D8002D7A
:10F7E00077DD9FED4E0A38BD4D4B9C425CD8B4F19D
:10F7F000445F4DD34FF0FF3327EEA76A9FED495A80
:10F800009FED497ADFED495ADFED494A66EE066A17
:10F810005A1CA6EE857AE6EEA54A9FED465ADFED24
:10F82000465AA7EE265AE4EEA65A9FED447ADFED3B
:10F83000444AA5EE267AE5EEA64A9FED425ADFED50
:10F84000425AA7EE265A9FED417AA4EEA67AE5EE3B
:10F85000265A27EE267AA5EE867A27EE877A3BD0BF
:10F860003B493C4A01EB8301D1ED006A37EE667AF1
:10F8700002EB8303D3ED006A37EE677A002D36EE94
:10F88000C70AB0DAB1EE400A38BD30EE000A38BD22
:10F890009FED317A30EE077AF7EE006AB4EEE67A41
:10F8A000F1EE10FAA6DD38BDFFF736F92B4B9C427E
:10F8B00015D8A3F5D0039C4226D8F0EE007ABFEE0F
:10F8C000007AA0EE277A002330EE270AC7EE007AEE
:10F8D00092E79FED230A38BD37EEC70A38BD214BAA
:10F8E0009C420BD8F7EE087AB7EE007AA0EE277AA2
:10F8F000022330EE670AC0EE077A7DE7BFEE007A9A
:10F90000C7EE007A032377E7F7EE007A30EE677AE6
:10F9100030EE270A0123C7EE007A6DE7DB0FC93FFF
:10F92000FFFFDF3ED769853C59DA4B3D21A215BD6B
:10F930006BF16EBD356B883D95879DBD6E2EBA3DD2
:10F94000388EE3BD2549123EABAAAA3ECDCC4CBEB3
:10F950000423010814230108CAF24971FFFF973FED
:10F96000DB0FC9BFFFFF1B4010EE103A33F0004120
:10F970001A4625D0B1F1FF4F1FD213F0FF4F20D10F
:10F98000DFED297A294A60EE277A904217EE903A05
:10F9900031DB4CF2503CC3F3C75160451A46A1F12C
:10F9A000190114DD002BDFED227A9FED210AB8BF8B
:10F9B000DFED207A27EE800A704730EE000A7047AC
:10F9C00070474CF2503C60454FEAD151EADC0144AB
:10F9D000FE29E7DC002915DC11F1160F19DB1931BE
:10F9E00022F0FF4242EAC15207EE902A9FED120A2E
:10F9F00027EE800A7047DFED117A07EE103A27EE06
:10FA0000270A704722F0FF4242EAC15300EE103A43
:10FA10007047002BDFED097A9FED080AB8BFDFEDD4
:10FA2000087A27EE800A70470000004CB03CFFFFC8
:10FA3000CAF24971CAF249F1000000336042A20DD6
:10FA40006042A28D2DE9F04F2DED048BDBB01C46FA
:10FA5000944603930A46BA4B68991CF1040F53F875
:10FA60002170824604F1FF39C0F25682BCF10303D3
:10FA700048BF0CF10403DB10029301334FEAC30EBD
:10FA8000ACEB0E030593029B17EB0900A3EB0903F4
:10FA900016D401309FEDAB7A699C18441EA9002B47
:10FAA000A4BF54F8235007EE905A03F10103ACBFF2
:10FAB000F8EEE77AF0EE477A8342E1EC017AEED194
:10FAC000002FC0F2E28203991EA800EB81004FEAEA
:10FAD00081087E18002346AD4C460AEB8101B9F13E
:10FAE000000F80F2C8800134B44245F8043B00F1B5
:10FAF0000400F4D10DF1280B0BEB8703CDE9062EA2
:10FB0000043B9FED929ADFED908A059804930AEBEF
:10FB1000080446AE0BEB87080097CDF820C00DEB2C
:10FB20008703002F93ED460A4FEA870515DD731909
:10FB30005A4660EE097AB0EE407AFDEEE77A73ED50
:10FB4000016AF8EEE77AB342A7EEE87A37EEA60A42
:10FB5000BDEEC77AA2EC017AEBD10190FFF704FF6A
:10FB6000F4EE007AB0EE408A20EE270A00F0B0FAF8
:10FB7000F2EE007AA0EE678A01980028FDEEC89A9E
:10FB8000F8EEE97A38EE678A40F38280791EC0F198
:10FB900008035BF821E04EFA03FC0CFA03F3AEEB2A
:10FBA000030EC0F1070219EE903A4EFA02F26344D6
:10FBB000002A09EE903A4BF821E000F3AF80B5EE51
:10FBC000408AF1EE10FA74D1009B9F420ADD5D4439
:10FBD000002355F8041D454543EA0103F9D1002BE4
:10FBE00040F00281009B013B5BF823207B1C9C467C
:10FBF000002A40F0F780049A012152F8045D013197
:10FC0000002DFAD03944029D039A05EB030E0EF144
:10FC1000804E699D0EF1FF3E3A4405EB8E0E1EADFF
:10FC200006EB830705EB8205DEED017AF8EEE77A55
:10FC3000B9F1000F0EF1040EE5EC017ADFED417A27
:10FC400009DB2A465346F3EC016A32ED017AA342FE
:10FC5000E6EE877AF7D10CF1010C8C45E7EC017ADE
:10FC6000E2DD0F465BE70134B442E5EC017A00F1D6
:10FC700004003FF43FAFDFED337A83465346F3ECA5
:10FC8000016A3BED017A8B42E6EE877AF7D1EAE72B
:10FC900000F09180F6EE007AB4EEE78AF1EE10FA09
:10FCA00080F22981B5EE408AF1EE10FA4FF00002A1
:10FCB0008AD09246DDE9062EDDF820C00197AEEB32
:10FCC0000C00B0EE480A009F0092FFF74DFEDFEDFA
:10FCD0001E6AB4EEE60AF1EE10FADDE90023F0EE5A
:10FCE000407AC0F29C819FED197A059920EE077A3F
:10FCF0000831BDEEC77A0591B8EEC77A5C1CE7EE15
:10FD0000667ABDEEC77AFDEEE77A17EE901A4BF8E9
:10FD1000231017EE103A4BF824307EE00133002F09
:10FD200009EE903A40F39D8159464FF0000E51F88C
:10FD3000043B002B39D0C3F5807341F8043C0CE040
:10FD40005023010800000000000080430000803BB9
:10FD50000B68C3F1FF0341F8043B0EF1010E774538
:10FD6000F6DC01239E4600280BDD012800F0BB8055
:10FD7000022806D1791E5BF8213003F03F0C4BF8C6
:10FD800021C0022A7FF41BAFB7EE000A734630EEA3
:10FD9000488A002B3FF413AF09920190FFF7E4FD6E
:10FDA0000198099A38EE408A09E70EF1010E77456D
:10FDB000BDDC9E46D7E77B1E5BF82320D211002ACC
:10FDC0007FF7FDAE19EE903A002F03F1010309EE23
:10FDD000903AA9DC022A7FF4F2AEF7EE007A37EE11
:10FDE000C88AECE619460EE73B469246DDE9051265
:10FDF0005C1EA1F108005BF82410009F059061B91A
:10FE000003F18043013B0BEB8303014653F8040DE0
:10FE1000013C08390028F9D0059105980092B7EE09
:10FE2000000AFFF7A1FD002C009AB0EE407AC0F264
:10FE30002281601C46AD5FED3B6A81000BEB8003C5
:10FE400005EB800073ED017AF8EEE77A5B4567EE2B
:10FE5000877A27EE267A60ED017AF3D10DF1C80892
:10FE60000E1F2E44C646A4460025002F7DDBDFF87A
:10FE70005C92DFED957A3046002307E0F9EC016AE9
:10FE8000B0EC017A9F42E6EE877A03DBAB4203F1E6
:10FE90000103F3DD0CF1FF3CBCF1FF3FEEEC017A16
:10FEA00005F10105A6F10406E1D1689B022B6ADC8D
:10FEB000002B36DC0ED1DFED847A414431ED017A3E
:10FEC000414577EE877AF9D15346002B40F0C68042
:10FED000C2ED007A19EE903A03F007005BB0BDEC7A
:10FEE000048BBDE8F08F791E5BF8213003F07F0CA6
:10FEF0004BF821C045E719EE903A002F03F10103BA
:10FF000009EE903AC8BF02223FF70EAFF7EE007A33
:10FF100037EEC88A022252E600234FF0080E029301
:10FF2000AEE5DDED327A9FED687A414471ED016A0C
:10FF3000414537EE267AF9D15346002B40F08480B4
:10FF400077EEC77A82ED007A64B133A90123B1EC70
:10FF5000017A01339C4277EE877AF8DA53460BB187
:10FF6000F1EE677AC2ED017AB4E70CF1FF3C0023B1
:10FF7000BCF1FF3F4EF8043B05F10105A6F1040674
:10FF80007FF473AF91E7689B032BA3D1002C00F0A3
:10FF90008C8008EB840595ED007AA0002B4629465D
:10FFA00071ED017AF0EE476A37EE277A414577EE38
:10FFB000C77A81ED007A77EEA67AC1ED017AEFD1AA
:10FFC000012C72D095ED007A08F1040173ED017AED
:10FFD000F0EE476A37EE277A994277EEC77A83EDDB
:10FFE000007A77EEA67AC3ED017AEFD1031DDFED3B
:10FFF000367A434408F1080833ED017A984577EEE4
:020000040801F1
:10000000877AF9D15346DDED326A9DED337A73B9C3
:10001000C2ED006A82ED017AC2ED027A5AE7FDEE86
:10002000C07A1C4617EE901A4BF82310F5E6F1EE55
:10003000666AB1EE477AF1EE677AC2ED006A82ED48
:10004000017AC2ED027A45E7F1EE476A77EEC77AA8
:10005000C2ED006A002C7FF478AF81E7F1EE677A99
:1000600036E7012815D002287FF4B4AE0EF03F0326
:100070004BF82130AEE6689B022B12DC002B17DC1C
:100080007FF428AFDFED107A1EE7039B4FEA830869
:1000900030E50EF07F03022A4BF821307FF48FAD5C
:1000A0009BE6689B032B7FF415AFDFED077AA9E78A
:1000B0005346DDED327A1BB14FF0004313604FE73A
:1000C000002313604EE700BF000000002423010856
:1000D00010EE102AC2F3C7537F3B162B22F00041CB
:1000E0001BDC002B10461EDB1A4919410A4223D0A3
:1000F000DFED197A70EE277AF5EEC07AF1EE10FA9C
:100100001ADD002A04DA4FF4000242FA03F318441D
:1001100020EA010300EE103A7047B1F1FF4F0BD314
:1001200030EE000A7047DFED0C7A70EE277AF5EEBC
:10013000C07AF1EE10FA00DC7047002A02DB9FED76
:10014000070A704711B99FED060A7047BFEE000A13
:10015000F2E700BFFFFF7F00CAF249710000000014
:1001600000000080014B1868704700BF200300208A
:10017000830730B546D08418844604E003F8011B99
:100180009D0704D09C46A4456346F7D130BD013A93
:100190000244A2EB0C02032A29D9CCB204EB0424BA
:1001A0000F2A04EB04442FD9A2F1100C2CF00F0CF1
:1001B00003F11005AC44C3E90044C3E90244103321
:1001C0006345F8D112F00C0F02F00F0E18D02EF08C
:1001D000030C9C44AEF104051A4642F8044B6245F8
:1001E000FBD125F0030404330EF003022344002A5C
:1001F000CCD0C9B21A4403F8011B9342FBD130BDE5
:100200007246F4E70346C6E79646E0E711F0FF01C1
:10021000034600F0030239D08ABB026810B501EB37
:10022000012E0EEB0E4E8EEA0204A2F1013323EAF8
:100230000203A4F1013222EA0402134313F0803FC7
:100240000FD150F8044F84EA0E0CA4F10133ACF145
:10025000013223EA040322EA0C02134313F0803F25
:10026000EFD0037823B936E010F8013F002B32D0ED
:100270009942F9D110BD8A4228D09A0729D01A781C
:1002800018460133002AF6D110467047CAB90268F1
:10029000A2F1013323EA020313F0803F08D150F8A2
:1002A000042FA2F1013323EA020313F0803FF6D0BA
:1002B00003785BB110F8013F002BFBD17047990721
:1002C00005D0184613F8012B002AF8D170471846BC
:1002D000DDE71846A1E7184610BD00BF024B5822C3
:1002E0001A604FF0FF30704758200020024B582210
:1002F0001A604FF0FF30704758200020FEE700BF23
:100300002DE9F047089D0F4604468C46002B48D146
:100310008A42164661D9B2FA82F34BB1C3F1200288
:1003200001FA03FC20FA02F29E4042EA0C0C9C40C7
:100330004FEA164EB7B2BCFBFEF1220C0EFB11CCFD
:1003400042EA0C4201FB07F0904209D9B21801F1D0
:10035000FF3C80F0EE80904240F2EB800239324464
:10036000121AA4B2B2FBFEF00EFB102244EA0244C1
:1003700000FB07F7A74209D9341900F1FF3280F0DA
:10038000DA80A74240F2D7803444023840EA014084
:10039000E41B00211DB1DC400023C5E90043BDE89A
:1003A000F0878B4206D90DB1C5E90001002108464E
:1003B000BDE8F087B3FA83F1002948D1BB4202D3EC
:1003C000824200F20781841A67EB030201209446FF
:1003D000002DE4D0C5E9004CE1E7002A00F092804E
:1003E000B2FA82F3002B40F0A8808A1A4FEA164E28
:1003F0001FFA86FC0121200CB2FBFEF70EFB172230
:1004000040EA02420CFB07F0904207D9B21807F10C
:10041000FF3802D2904200F2E2804746121AA4B29C
:10042000B2FBFEF00EFB102244EA02440CFB00FC7F
:10043000A44507D9341900F1FF3202D2A44500F2D5
:10044000CB801046A4EB0C0440EA0740A2E7C1F1C0
:1004500020068B4022FA06FC4CEA030C07FA01F452
:1004600020FA06F3F7404FEA1C49234300FA01F84B
:100470001FFA8CFEB7FBF9F01C0C09FB107744EA5D
:10048000074400FB0EF7A74202FA01F20AD91CEB5F
:10049000040400F1FF3A80F09B80A74240F298806C
:1004A00002386444E41B9FB2B4FBF9F309FB134424
:1004B00047EA044403FB0EFEA64509D91CEB0404DD
:1004C00003F1FF3780F08280A6457FD9023B644468
:1004D00043EA0040A4EB0E04A0FB02E7BC427346D3
:1004E000B94663D360D05DB1B8EB030264EB090495
:1004F00004FA06F622FA01F31E43CC40C5E9006473
:1005000000214CE76208480842EAC1710B0C43EA3B
:1005100000438AB242EA0342B3FBF6F1E407B44671
:100520003746B6461F23B0FBF6F0D21B41EA004126
:1005300061E7614614E7104628E7C3F1200120FA7D
:1005400001F29E4027FA01F19F403A434FEA164ECE
:100550001FFA86FCB1FBFEF70EFB1710110C41EAE7
:10056000004107FB0CF8884504FA03F43AD97118E6
:1005700007F1FF3001D288451FD8A1EB0801B1FB7C
:10058000FEF808FB0CF70EFB181192B242EA01428A
:10059000BA422FD2B21808F1FF31C6D2BA42C4D241
:1005A000A8F102013244C0E7F0459CD2BEEB020341
:1005B00067EB0C070138B94695E7A6EB08084144FC
:1005C000B81EB1FBFEF808FB0CF7DCE73B467FE703
:1005D000504667E70846FBE63444023832E7023FFC
:1005E00032441BE7A1EB08013846B1FBFEF808FBDB
:1005F0000CF7C8E7414698E703685A004CBF43F040
:10060000004323F000431844704700BF2DE9F04732
:1006100059B301F1FF380546164647464FF0000A28
:100620000AEB070101EBD171491005EBC1094846FE
:10063000FFF7E2FF88454FEAC104034610D004F1FA
:100640000800B342284407D8FFF7D6FF0138B0426C
:1006500008D201F1010AE3E78A4506D04F1EDFE721
:10066000B042F9D84846BDE8F0874FF00009484647
:10067000BDE8F087012806D0022802D028B9044836
:10068000704704487047044870470020704700BF17
:10069000650D0108750D01086D0D010830B5224B7F
:1006A00083B004468D1E43B301A92846AFF30080F2
:1006B000F0B101992A46FFF7A9FF0146C0B1FFF743
:1006C0009BFF4B68A064012B2BD0002B01F1040091
:1006D00025DBFFF791FF002323650368E064002B0F
:1006E00012DBFFF789FF03460020236103B030BD12
:1006F00000230920236103B030BD0C4B0C49C91AFB
:10070000C91018460191D5E7C3F30360FFF7B2FFA4
:10071000031E0CBF09200020236103B030BD01235C
:10072000DAE700230520E0E7000000008C23010841
:10073000DC2401080368DA0710B5044606D49B07D9
:1007400000F1500009D5FCF773F82368590709D563
:100750001A070ED5DB0613D510BDFCF761F8236828
:100760005907F5D404F1D800FCF76AF823681A0792
:10077000F0D404F5AC70FCF76BF82368DB06EBD41F
:1007800004F5EC70BDE81040FCF7A6B8034600681D
:1007900000B11844704700BF704700BF70B50446F1
:1007A0000E46316C2046FFF779FF054688B9326C5A
:1007B0006261236932462146012098470828F0D01B
:1007C000072806D12846316CFFF7E6FF301DFCF7FD
:1007D0001BF800F0E5FD00BF2DE9F04F0D1DD0F82E
:1007E0000C90D0F818A0074614460FCDADF5777DD4
:1007F0000DF10C0CACE80F000FCDACE80F000FCDE5
:10080000ACE80F0095E80F0002AE4FF0000E8CE848
:100810000F000DF5F878C6F800E021E0336C7B613D
:100820004FF4F47231464046FBF7C2FE3B69424644
:10083000394658469847D8F83830B3642146CDE950
:10084000006A05463B4601203A46C847044618BBA5
:100850004FF4F47241463046FBF7AAFE082D19D139
:10086000316C3846FFF71AFF093405465FFA84FBFE
:100870000028D3D0B36BB3643A46CDE9006A3B4657
:100880004BF010010120C84730B928460DF5777D9F
:10089000BDE8F08F072D05D0092528460DF5777D99
:1008A000BDE8F08F2046316CFFF776FF03A8FBF719
:1008B000ABFF00BFF0B5CB6BFBB001F1040C0B64D8
:1008C0000F460546BCE80F0001AC0FC4BCE80F00A2
:1008D0000FC4BCE80F000FC49CE80F004FF0FF3EB0
:1008E00084E80F006E46CDF800E006E02B69324642
:1008F000294698470828044608D1316C2846FFF756
:10090000CDFE0028F2D009207BB0F0BD3046FFF7C5
:1009100011FF062CF7D139462846FFF73FFF00BFED
:10092000C160D96B8261196400221946FFF754BF78
:1009300070B5C66843690B64AEB903690A460446DC
:100940000D46014602209847072805D008280FD1F8
:1009500029462046FFF722FF3046296CFFF71CFF8F
:10096000281DFBF751FF0122FFF736FF00F018FDAD
:1009700000F016FDC26808B532B1CA6B0A64BDE862
:1009800008400022FFF728BFFFF794FF092008BDA9
:10099000052915D8DFE801F00A0314030305012037
:1009A0007047009A436C13600020704743B90F2AC8
:1009B00006D800EB820200205368009A136070474B
:1009C0000220704700B585B00A46002303A90091B4
:1009D0001946FFF7DDFF039805B05DF804FB00BF83
:1009E000052915D8DFE801F00A03140303050120E7
:1009F0007047009B1B6843640020704743B90F2A6F
:100A000006D8009B00EB82021B68536000207047F1
:100A10000220704710B584B0002303AC0392009409
:100A20000A461946FFF7DCFF04B010BD2DE9F0417E
:100A3000D36BADF5107D02F1040C136407460E462E
:100A4000BCE80F000DF15C0EAEE80F00BCE80F0033
:100A5000AEE80F00BCE80F00AEE80F009CE80F0006
:100A600016AC4FF0FF388EE80F006D46C4F80080DA
:100A700010E0FFF7CFFF31462046B8470346224635
:100A80000820294683B92B699847052880460DD050
:100A9000092809D0216C2846FFF700FE03460C21E7
:100AA0002A462046002BE4D04FF009082046FFF7E5
:100AB00041FE40460DF5107DBDE8F0812DE9F04F77
:100AC0001646CA6C89B00D4652F8041B069200F017
:100AD000030CE3B10C0C8DF81D400904E4B2059140
:100AE00002EB840202218DF81C10296DBCF1020F6B
:100AF00008BFAA6B11F001080FD005A9304600F01D
:100B0000CFFA002839D1082009B0BDE8F08F0902DA
:100B100005918DF81D300321E5E71768002FECD013
:100B200000F008010191E346CDF808809A46BAF139
:100B3000020F26D01788548802F10409AA6C24F009
:100B400001030F21304603EB0208FFF73BFF80450E
:100B500015D827F0010202EB0803834294BF00235B
:100B60000123640004F0020407F001072743012F6A
:100B70000BD0022F50D0002F45D00920C4E700230E
:100B8000EFE7546802F10809D8E7BBF1000F73D111
:100B9000CBB1D9F80430D9F80020991C4FEAD272B1
:100BA000EBD005F158040133049400F0CC8009F136
:100BB0000400FFF7EBFD04AB01462846AFF30080CD
:100BC000002840F0978009F108021768002FAED185
:100BD00005A93046DDF8088000F062FA0028CCD183
:100BE000B8F1000F8FD00F213046FFF7EBFE0E213A
:100BF00002463046FFF70EFF594A0F213046FFF7F5
:100C000009FF072080E7BBF1000F02D0002B40F066
:100C1000878009F10402D8E7D9F8004024F00048A1
:100C2000BBF1000F0FD12BB1019B002B3CD0B8F1D1
:100C3000000F39D0002C01DA09F1040908F1010292
:100C400009EB8202C1E70D213046FFF7BBFE2F6A98
:100C50008742EFD1AB6A9945ECD100240423C5E962
:100C60000B434B44C5F828806B63D9F80030A3428E
:100C700070DB01230293E1E70D213046FFF7A2FE6E
:100C80002C6A84429FD1AB6A99459CD14846FFF7B4
:100C9000B3FC0F2102463046FFF7BCFE2A46002176
:100CA0003046FFF7B7FEACE705F15803CDF80CB0BE
:100CB00009F10407B34600241E460BE038460496AB
:100CC000FFF764FD0022014604AB2846AFF3008025
:100CD0000437F8B9444504F10104EFD10D21584619
:100CE000FFF770FE049BC5F828900246C5E908236B
:100CF000062009E704460D213046FFF763FE049EF7
:100D00002862022C04BFEE6205F12C06C5E90969D0
:100D10000620F9E65E46D9F80040DDF80CB089E718
:100D20004846FFF769FC09F104030446AB63284613
:100D3000AFF3008000283FF420AF22460F21304659
:100D4000FFF768FE5DE730460D21FFF73BFE2646C4
:100D50002862DBE708F1010209EB820097E700BF98
:100D6000000000000023FFF7A9BE00BF0123FFF72A
:100D7000A5BE00BF0223FFF7A1BE00BF2DE9F041D1
:100D80000646C4B01446052908D8DFE801F016303D
:100D90000773980B3A19102A40F2B780022044B02A
:100DA000BDE8F081836B002CF8D153F8042B42642A
:100DB0008363002044B0BDE8F081002BEED1856B49
:100DC0001FFA84FC012006F1040E00FA03F111EA77
:100DD0000C0F2A4604D052F8041B4EF82310154677
:100DE0000133102BF1D1A004E3D4B563E1E7012B6B
:100DF0004FEA1447A4B2CDD0052BCFD107EB04089E
:100E0000B8F1200FCAD80F2F40F2BD80002CD0D0EF
:100E100002685107A04600F11B81019302AC2046F5
:100E2000FBF712FDD6F838C0019B102F4FF0FF32B0
:100E300039464FF0020E38BF102118FB0E2E04EB7E
:100E4000C10184397246604650F8045B41F8045F82
:100E5000013A551CF8D10CF1040C012B0CEB8E025D
:100E600000F0D5800F2FB26340F2FA802046FBF7E6
:100E7000E7FC9EE7032B91D1A7B207EB1443102B9D
:100E80004FEA14448AD80368190700F1A38022AD01
:100E90002846FBF7FFFC7A00B06B05EBC404531E39
:100EA00042B1011B625844F8042B013B5A1CF9D192
:100EB00000EBC700B0632846FBF7CAFC79E7002BBC
:100EC0007FF46CAF102C3FF669AF0368D80679D475
:100ED00022AD2846FBF70AFDB76B294600234FF0E9
:100EE000010C0CFA03F22242384603F1010303D04D
:100EF00050F8042B0A600746042B01F10401F0D1DD
:100F0000B7632846FBF7E8FC53E7102F3FF446AFE2
:100F10000268D10708D5304622F0030240F8502B72
:100F20000193FBF781FC019B019322AD2846FBF75F
:100F30007BFCD6F838C0002C6BD0019B4FF000082A
:100F400002214FF0FF3214FB012E05EBC7010439DB
:100F50007246604650F8044B41F8044F013A541C65
:100F6000F8D10CF1040C0CEB8E0CB8F1000F39D158
:100F7000012B4ED00F2FC6F838C03FF61AAF2846C7
:100F8000FBF756FC15E70268B8F1100F02F00101FB
:100F90002AD851B1304622F0010242F0020240F854
:100FA000502B0193FBF748FC019B019322AD28468F
:100FB000FBF742FC019B002CE1D0D6F838C04FF083
:100FC0000008BDE723F01003336006F5EC70FBF773
:100FD0008DFC7DE723F00803036000F5AC70FBF7A0
:100FE00059FC54E702AC20E7D1B9550726D422AD0D
:100FF00028460193FBF720FC02A8FBF725FCA8F18B
:101000001008D6F838C0019BC7F1100498E7944641
:1010100022AD0CF10403B3632846FBF701FCC8E6DC
:1010200022F0010242F0020240F8502B0193FBF73C
:1010300003FC3268019B12F0040FD8D0304622F036
:10104000040240F8D82B0193FBF7FEFB019BCEE78F
:1010500022F0040240F8D82B0193FBF7F5FBDDE604
:1010600022A8FBF7E5FB01E7027A03467AB9427A48
:10107000A2B14168013A10B44272086803220C1D03
:101080001A7202025C60000E10BC1A6070470068A1
:10109000013A1A7202021A60000E7047B0207047BF
:1010A0002DE9F043064685B00D4600272846FFF798
:1010B000DBFFB028044600F0218103065ED500F076
:1010C000F003A02B1DD033D8802B00F08780902B0D
:1010D0002AD100F00D030D2B26D00DF108080023B6
:1010E00000F00F021946CDF800803046FFF750FCA3
:1010F0000023CDF800800D2219463046FFF770FC22
:10110000D4E7C34303F007034FF47F621A4101079A
:1011100002F47F6201D542F4804200231946304632
:10112000FFF72CFE0028C1D0092005B0BDE8F083F0
:10113000B02B68D0C02B3FD1C62800F0CC80C72888
:1011400000F0DF8000F0F803C02B00F0EC80C8282E
:1011500000F0F780C928E7D12846FFF785FF020392
:1011600000F00F0002F47022013002430121052338
:101170003046FFF703FE002898D0D5E78300DBB2A6
:1011800003F104080DF1080900231946CDF8009079
:101190000D223046FFF7FCFB029ACDF80090600666
:1011A0004CBFA2EB080242440023029219460D22D2
:1011B0003046FFF715FC79E700F0F803D02BB3D1E8
:1011C00000F007020132052342F4002201213046DB
:1011D000FFF7D4FD00283FF469AFA5E72846FFF7E5
:1011E00043FF24022043B0F5004F9DD004010023AB
:1011F000A2B219463046FFF7C1FD002894D1C4F3CE
:10120000C030074352E7A0F1B103042B00F2B580D0
:10121000DFE803F05729160C030003AA002300920D
:1012200019460D223046FFF7B3FB3FE700231A466D
:1012300005213046FFF7A2FD00283FF437AF73E7E2
:101240002846FFF711FF020300F00F00013002F4FF
:1012500070220123024319463046FFF78FFD002814
:101260003FF424AF60E700230DF108090D22194671
:10127000CDF800903046FFF78BFB2846FFF7F4FED1
:101280000206029C4FF002080CD500F07F0000FA25
:1012900008F0044428460294FFF7E6FE030608F12E
:1012A0000708F2D400FA08F004F501742044002382
:1012B0000290CDF800900D2219463046FFF790FBC2
:1012C000F4E62846FFF7D0FE431EDBB20E2B0246A3
:1012D0007FF623AF28E72846FFF7C6FE020300F09B
:1012E0000F00013002F470220323024319463046F6
:1012F000FFF744FD00283FF4D9AE15E76FB3002097
:1013000013E72846FFF7B0FE431EDBB20E2B024662
:101310003FF60AAF002304213046FFF72FFD0028D7
:101320003FF4C4AE00E700F00F020132032342F4A1
:10133000202219463046FFF721FD00283FF4B6AEC3
:10134000F2E62846FFF790FE00F0F00200F00F03EF
:101350001032013343EA023208E702AC3B46394619
:1013600000940E223046FFF713FB0F2200943B46F9
:1013700039463046FFF734FBC1E700F0FC03B42BDD
:101380003FF4D2AE00F007020132012342F4002202
:1013900019463046FFF7F2FC00283FF487AEC3E65B
:1013A00008B5062000F004F80120FEF7A7FF00BFF3
:1013B00038B5144B1F281D681ED8D5F838210446AF
:1013C00062B152F820304BB1012B05D0591C0FD01F
:1013D000002142F820109847002038BD284600F030
:1013E00029F8224601462846BDE8384000F00CB8EE
:1013F00016232B60012038BD16232B604FF0FF30E1
:1014000038BD00BF2003002070B50C46084D0346D0
:101410000026204611461C462E60FEF767FF431C3F
:1014200000D070BD2B68002BFBD0236070BD00BFC7
:1014300058200020FEF752BF414552543132333418
:1014400035363738616263646566676800524F4CB1
:101450004C3B50495443483B5941573B414C543B0A
:10146000506F733B506F73523B4E6176523B4C450D
:1014700056454C3B4D41473B56454C3B0000000018
:1014800000000000C31D0108000000000100000072
:10149000C81D01080100000002000000CF1D010866
:1014A0000200000003000000D81D01080300000036
:1014B00004000000DE1D010805000000050000001A
:1014C000E31D01080600000006000000ED1D0108F4
:1014D0000700000007000000F61D010808000000DA
:1014E00008000000FF1D01080900000009000000BD
:1014F000081E01080A0000000A000000121E010870
:101500000B0000000B0000001C1E01080C00000076
:101510000C000000261E01080D0000000D00000058
:101520002E1E01080E0000000E000000361E0108ED
:101530000F0000000F0000003E1E01081000000018
:1015400010000000471E01081100000011000000FB
:101550004E1E01081200000012000000581E010873
:101560001300000013000000601E010814000000BA
:10157000140000006B1E010815000000150000009B
:10158000721E01081600000016000000791E0108F6
:101590001700000017000000811E0108180000005D
:1015A00018000000891E0108190000001900000041
:1015B000911E01081A0000001A0000009B1E01087D
:1015C0001B0000001B00000000000000FF000000E6
:1015D00001000102000103000104000105000106F1
:1015E00000010700010800010900010A00010B00C9
:1015F000010C01030D00010E00010F00011000019C
:10160000110001120001130001140001000800483C
:1016100000400102000800480020010200080048C4
:101620000080010200000048100001020000004894
:10163000200001020000004840000102C59500663C
:101640009C0000000000000080250000004B00000E
:101650000096000000E1000000C2010000840300C9
:1016600090D0030000000040000400480004081C63
:1016700001020A01000000400004004800080C1CA0
:1016800001020B0100000040000000480200041CA1
:101690000102010100000040000000480100001CA0
:1016A00001020001002C0140000000480001001B65
:1016B000000A080634170108201701081E17010840
:1016C0001C1701080000803F000080BF0000803F21
:1016D000000080BF0000803F000080BF000080BF8E
:1016E0000000803F0000803F0000803F0000803FFE
:1016F0000000803F0000803F0000803F000080BF6E
:10170000000080BF000400480000004800000048BE
:10171000000400480004004800040048FFFFFFFFE9
:101720000003010302030303040105030603070387
:101730000804FFFF0003010302030303040205037F
:101740000603070308040903FFFF00000000004828
:101750000001000000000200000400480400000036
:1017600000000400000400484000000000000400E5
:10177000000400488000000000000400000400484D
:101780000080000000000400000400480040000049
:1017900000000400000400480020000000000400D5
:1017A0000004004800100000000004000000004891
:1017B00010000000000002000000004800200000AF
:1017C000000002000000004800400000000002008D
:1017D000000400481000000000000400000400485D
:1017E000200000000000040000000048200000006D
:1017F000000002000004004808000000000004008F
:1018000000000048008000000000020000000048C6
:101810000800000000000200000000480400000072
:10182000000002000000000000A24A0400010000C5
:1018300001000000631C0108A51E01080201000050
:10184000501C0108B51E0108030200004D1C0108D0
:10185000C51E010804030000481C0108CD1E010834
:1018600005040000431C0108D01E01080605000005
:101870003A1C0108D71E010807060000371C0108A2
:10188000E61E010808070000341C0108F31E0108C9
:101890000908000088190020000000000A09000063
:1018A000311C0108FB1E01080C0A00002C1C010859
:1018B000021F01080D0B0000271C0108121F010860
:1018C0000E0C0000181C0108271F01080F0D000056
:1018D00088190020000000000B0E0000141C0108F5
:1018E000321F0108100F00000F1C0108401F0108E3
:1018F00000000000010203040102030406070809B6
:10190000010002000400060008000A000C0010009C
:1019100020004000800000010000000000000000E6
:1019200059620008556200085D6200080A00000064
:101930000500000000000000050000000004080190
:10194000E9640008496400087D640008B96400087F
:10195000E98C0008A3640008ED8C0008000000007A
:101960000000004F00000007000700147F147F14E0
:10197000242A7F2A12231308646236495522500014
:1019800005030000001C2241000041221C00140835
:101990003E081408083E08080050300000080808F7
:1019A0000808006060000020100804023E5149450C
:1019B0003E00427F400042615149462141454B3142
:1019C0001814127F1027454545393C4A49493001D2
:1019D000710905033649494936064949291E003629
:1019E000360000005636000008142241001414147A
:1019F00014140041221408020151090632497941A8
:101A00003E7E1111117E7F494949363E41414122B6
:101A10007F4141221C7F494949417F090909013E13
:101A20004149497A7F0808087F00417F41002040F2
:101A3000413F017F081422417F404040407F020C1B
:101A4000027F7F0408107F3E4141413E7F09090922
:101A5000063E4151215E7F091929464649494931CF
:101A600001017F01013F4040403F1F2040201F3FB8
:101A70004038403F63140814630708700807615139
:101A8000494543007F4141000204081020004141C4
:101A90007F00040201020440404040400102040073
:101AA0000020545454787F484444383844444420F7
:101AB000384444487F3854545418087E09010206BB
:101AC0004949493F7F0804047800447D4000204094
:101AD000443D007F1028440000417F40007C0418F2
:101AE000047C7C0804047838444444387C1414147E
:101AF00008081414187C7C08040408485454542022
:101B0000043F4440203C4040207C1C2040201C3CA2
:101B10004030403C44281028440C5050503C446411
:101B2000544C44000836410000007F00000041365C
:101B3000080002010204023E555541220000000047
:101B40000000007900001824742E24487E49424089
:101B50005D2222225D15167C161500007700000A12
:101B6000555555280001000100000A0D0A0408140B
:101B70002A1422040404041C0008080800010101BE
:101B80000101000205020044445F444400000402D5
:101B9000017E2020103E060F7F007F0018180000F5
:101BA0000040502000000A0D0A0022142A140817D1
:101BB00008342A7D1708046A5930484540204200FD
:101BC0004200427E420042007E7E0042007E7E7ED7
:101BD00042007E7E7E7E007E7E7E7E7E5A000000FB
:101BE0005A5A4040405A7A6060607A7A7070707ACF
:101BF0007A7878787A7A7C7C7C7A7A7E7E7E7A00B3
:101C000000000000000000010203040607080900AC
:101C1000F50A05FF00640AFF0405040508050F0521
:101C2000080504050405FF140F2305FF0505050538
:101C3000FF0A0AFF1932FF3202FF05050F050505ED
:101C40000F1EFF1E050505FF0F050F05FF3232FFB2
:101C50000A0A0A0A0A28280A280A28280A0A0A0A4E
:101C60000A46FF140A140A140AFF444556207C0051
:101C7000202020207C00525820207C007C204152D3
:101C80004D007C2020202000204143432043414C34
:101C90002000204D41472043414C2000204C4F570D
:101CA000204241542000205258204C4F53532000D2
:101CB000202043524153482020004E4F542052458B
:101CC0004144590020205245414459202000494EAA
:101CD00020464C4947485400202020202020202026
:101CE00020007C2025642E2564002530326C752070
:101CF0003A002530326C750050203A2025642020AF
:101D0000200052203A2025642020200059203A202B
:101D100025642020200070203A2025642020200007
:101D200054203A202564202020004145545231326D
:101D30003334004D41474953205632005052494DEB
:101D4000555320583220763100323032352D313023
:101D50002D31330031303A30323A343900302E30C0
:101D60002E30000C010200050403005052494D556D
:101D7000535F58325F7631004D4147495356320028
:101D8000257320666F722025730042792044524FDC
:101D90004E41204156494154494F4E00302E323475
:101DA0002E3000322E322E300046573A2573207CDA
:101DB000204150493A2573004275696C64203A20ED
:101DC00025730041524D3B00414E474C453B004876
:101DD0004F52495A4F4E3B004241524F3B004D41FA
:101DE000473B0048454144465245453B0048454134
:101DF0004441444A3B0043414D535441423B00431C
:101E0000414D545249473B0047505320484F4D45A0
:101E10003B0047505320484F4C443B0050415353E4
:101E2000544852553B004245455045523B004C45B5
:101E3000444D41583B004C45444C4F573B004C4CA3
:101E400049474854533B0043414C49423B00474FAC
:101E50005645524E4F523B004F53442053573B0080
:101E600054454C454D455452593B004754554E45F9
:101E70003B00534F4E41523B00534552564F313B6E
:101E800000534552564F323B00534552564F333B59
:101E900000424C41434B424F583B004641494C5352
:101EA0004146453B004759524F5F43414C494252DE
:101EB000415445440052585F4C4F53545F4C414E7F
:101EC00044494E470052585F4C4F535400444953C5
:101ED00041524D494E470041524D494E475F475090
:101EE000535F464958004241545F435249545F4C46
:101EF0004F57004241545F4C4F570052585F534573
:101F000054004143435F43414C4942524154494F7D
:101F10004E004143435F43414C4942524154494F73
:101F20004E5F4641494C0052454144595F42454548
:101F3000500044495341524D5F5245504541540071
:101F400041524D4544000000000000000000004BDD
:101F5000000000CB00000080DB0F4940DB0F49C0D0
:101F6000DB0F49BFE4CB1640E4CB16C0000FC93FDE
:101F7000000F494000CB9640000FC9400053FB4082
:101F800000CB164100ED2F41000F49410031624165
:101F900000537B41003A8A4100CB9641005CA3414B
:101FA00000EDAF41007EBC41000FC94100A0D5410A
:101FB0000031E24100C2EE410053FB4100F2034216
:101FC000003A0A420083104200CB164200141D4220
:101FD000005C234200A5294200ED2F420036364224
:101FE000007E3C4200C74242000F4942A20000006E
:101FF000F9000000830000006E0000004E000000A9
:10200000440000001500000029000000FC00000052
:102010002700000057000000D1000000F50000007C
:1020200034000000DD000000C0000000DB00000004
:102030006200000095000000990000003C000000D4
:10204000430000009000000041000000FE0000007E
:102050005100000063000000AB000000DE00000043
:10206000BB000000C500000061000000B7000000D8
:10207000240000006E0000003A0000004200000052
:102080004D000000D2000000E0000000060000004B
:10209000490000002E000000EA00000009000000D6
:1020A000D1000000920000001C000000FE000000B3
:1020B0001D000000EB0000001C000000B10000004B
:1020C00029000000A70000003E000000E80000001A
:1020D0008200000035000000F50000002E00000026
:1020E000BB0000004400000084000000E900000084
:1020F0009C0000007000000026000000B4000000FA
:102100005F0000007E000000410000003900000078
:1021100091000000D600000039000000830000009C
:102120005300000039000000F40000009C00000093
:10213000840000005F0000008B000000BD00000074
:10214000F9000000280000003B0000001F00000014
:10215000F800000097000000FF000000DE00000013
:1021600005000000980000000F000000EF000000D4
:102170002F000000110000008B0000005A0000003A
:102180000A0000006D0000001F0000006D0000004C
:10219000360000007E000000CF0000002700000095
:1021A000CB00000009000000B70000004F00000055
:1021B000460000003F000000660000009E00000096
:1021C0005F000000EA0000002D0000007500000024
:1021D00027000000BA000000C7000000EB0000006C
:1021E000E5000000F10000007B0000003D00000061
:1021F0000700000039000000F70000008A0000001E
:102200005200000092000000EA0000006B00000095
:10221000FB0000005F000000B10000001F00000094
:102220008D0000005D000000080000005600000066
:10223000030000003000000046000000FC00000029
:102240007B0000006B000000AB000000F00000000D
:10225000CF000000BC000000200000009A00000039
:10226000F4000000360000001D000000A90000007E
:10227000E300000091000000610000005E0000002B
:10228000E60000001B0000000800000065000000E0
:1022900099000000850000005F00000014000000AD
:1022A000A000000068000000400000008D00000059
:1022B000FF000000D8000000800000004D0000007A
:1022C000730000002700000031000000060000003D
:1022D000060000001500000056000000CA000000C3
:1022E00073000000A8000000C900000060000000AA
:1022F000E20000007B000000C00000008C00000035
:102300006B0000006937AC3168212233B40F1433FD
:102310006821A2333863ED3EDA0F493F5E987B3F78
:10232000DA0FC93F0000C93F0000F0390000DA377A
:102330000000A2330000842E0000502B0000C227B2
:102340000000D0220000C41F0000C61B000044177C
:0C2350000400000007000000090000006D
:10235C00C9280181B0B0AF8100000000C9300181F3
:10236C00B0B0AF8000000000C90A0181B0B0AF87E7
:10237C000000000008B10181B0B000840000000032
:10238C0034DEFE7F01000000DCE3FE7FB0B0AE80E7
:10239C00DCE8FE7F01000000D8F1FE7FB4FFFF7F78
:1023AC00DC0EFF7F01000000E80EFF7FB0AF0A805B
:1023BC00541EFF7F010000006C24FF7FA0FFFF7FF5
:1023CC008C3CFF7F01000000B83EFF7FB0A902806B
:1023DC00183FFF7F01000000AA41FF7FB0B0AC8026
:1023EC002043FF7F010000007C62FF7FB0B0A8801B
:1023FC009862FF7FA908B180CC62FF7FB0B0A88043
:10240C00E862FF7F01000000FC8BFF7FAF08B1800A
:10241C009C8CFF7F01000000AC8DFF7FB0B0AA80C8
:10242C00CE8EFF7F01000000748FFF7FB0B0A880BC
:10243C00CC8FFF7F0100000074A5FF7F2CFFFF7F76
:10244C0088C4FF7F0100000048E2FF7FB0A9028032
:10245C00D8E2FF7FB0B0A88028E3FF7F0100000026
:10246C0030E3FF7FB0B0AA8064E3FF7FAF76B28029
:10247C0038E4FF7FAB3F3A809CE4FF7F0100000013
:10248C00A4E4FF7FB0B0AA80E0E4FF7FE8FEFF7F0A
:10249C00F4E4FF7F0100000088E5FF7FAC0FB28001
:1024AC0010E6FF7FB0AF0880B0E8FF7F01000000AE
:1024BC00C0E8FF7FAC3F0380A4EBFF7F010000006E
:1024CC00D4EBFF7FB0AD0480CCEEFF7F01000000A9
:0424DC00D5E8000837
:1024E000F401000064000000010101000000004050
:1024F0000201780014050000A086010001005300CD
:102500000100FFFF010000010000000000010000C9
:102510000000000000000000C96000080101010186
:10252000FFFF01000000803F0000000000000000ED
:10253000000000000000803F0000000000000000DC
:10254000000000000000803FCDCC4C3ECDCC4C3E86
:10255000B56F000801FF0001800101FF01010000CB
:1025600001FF01014F0201FF0E010003010184017F
:10257000020A0103030104080105C801060301075B
:102580008D0108080109C6010A01010B02010C00B6
:10259000010DD5010E18010F120110010111820168
:1025A00012000113D50114180115130116030117A8
:1025B0008601180A011909011A08011BC2011C032E
:1025C000011D8F011E0A011F0601200101210201C8
:1025D00022000123D501241801252201260101270B
:1025E000820128000129D5012A18012B0B012C2872
:1025F000012D78012E28012F9101300001310B01AE
:10260000320001330B0134000135A10136000137DE
:10261000A0013800013904013A28013B30013C0C8B
:10262000013D04013E0F013F7901402801411E0197
:10263000422F01438701440001450B014600014739
:102640000B0148000149A7014A00014BA6014C00BB
:10265000014D04014E01014F000150000151800164
:10266000520901530801540101550001560F015749
:1026700079015809015905015A00015B60015C05A7
:10268000015DD1015E0C015F3C0160000161D00180
:10269000620B01630301642801651001662A01676A
:1026A0003901680B016902016A28016B10016C2A6B
:1026B000016D61016E0C016F0001700F01717901F4
:1026C000720001730B01740001750B017600017734
:1026D000A10178000179A0017A00017B0401FF04C7
:1026E00001791D017B2701960E0197FE01980301D8
:1026F00099EF019A02019B4401730701700101FFE8
:102700000101000101FF0000000001FF01010000C4
:1027100001FF000109000110000111000124010165
:1027200025FF01750001FF01014E2C014800013019
:102730002001FF000130090154000131040132037E
:102740000140830146250160000127000150060178
:102750005100015296015608015730016100016293
:10276000000164000165000166A001FF0101223241
:102770000147140149FF014A0001FF00017A0A01E3
:102780007B0001782101FF01012334014200014453
:10279000FF014526014605014040010E0601201AB1
:1027A00001434001FF0001340301354401FF0101F1
:1027B0003104014B09014C05014D0401FF000144A6
:1027C0000001452001470801482801670001700405
:1027D0000171010172FE01760001770001FF010124
:1027E0000D0101FF000180010101F801FF01018ECF
:1027F0000101000101FF0001800000000000000055
:10280000280300200000000000000000201F00201E
:10281000881F0020F01F00200000000000000000C2
:1028200000000000000000000000000000000000A8
:102830000000000000000000000000000000000098
:102840000000000000000000000000000000000088
:102850000000000000000000000000000000000078
:102860000000000000000000000000000000000068
:102870000000000000000000000000000000000058
:102880000000000000000000000000000000000048
:102890000000000000000000000000000000000038
:1028A00001000000000000000E33CDAB34126DE6D5
:1028B000ECDE05000B00000000000000000000003E
:1028C0000000000000000000000000000000000008
:1028D00000000000000000000000000000000000F8
:1028E00000000000000000000000000000000000E8
:1028F00000000000000000000000000000000000D8
:1029000000000000000000000000000000000000C7
:1029100000000000000000000000000000000000B7
:1029200000000000000000000000000000000000A7
:102930000000000000000000000000000000000097
:0829400000000000000000008F
:0400000508000000EF
:00000001FF
