:020000040800F2
:1000000000A00020E5E800084DE900084DE90008DF
:100010004DE900084DE900084DE900080000000026
:100020000000000000000000000000004DE9000892
:100030004DE90008000000004DE90008DD800008DF
:100040004DE900084DE900084DE900084DE90008B8
:100050004DE900084DE900084DE900084DE90008A8
:100060004DE90008D78000084DE900084DE9000877
:100070004DE900084DE9000859AF00084DE90008B6
:100080004DE900084DE900084DE900084DE9000878
:100090004DE900084DE900084DE900084DE9000868
:1000A000B9B1000871B10008C9B1000861B1000818
:1000B00075B1000885B1000895B100084DE9000848
:1000C0004DE900084DE900084DE900084DE9000838
:1000D0004DE9000899AF0008A5AF00084DE90008F8
:1000E000D18000084DE900084DE900084DE90008FD
:1000F000B5B100084DE90008A5B100084DE90008B8
:100100000000000000000000000000004DE90008B1
:100110004DE900084DE900084DE900084DE90008E7
:100120004DE900084DE900084DE900084DE90008D7
:100130004DE900084DE90008000000000000000043
:100140004DE900084DE900084DE9000800000000F5
:10015000000000000000000000000000000000009F
:1001600000000000000000004DE900084DE9000813
:100170004DE9000800000000000000000000000041
:08018000000000004DE9000839
:1001C00010B50F4B1A786A2A17D15A88B2F5AA6F60
:1001D00013D11A79BE2A10D193F84E25EF2A0CD1EB
:1001E000084C002213F8011BA342104682EA0102C8
:1001F000F8D1431A5842584110BD0020FCE700BF17
:1002000000F0030850F50308024A93680343936023
:10021000704700BF68040020024A936823EA000385
:100220009360704768040020044A0123B2F8501517
:1002300083400B43A2F85035704700BF680400208C
:10024000044A01238340B2F8500520EA0300A2F8D3
:10025000500570476804002010B50C4CB4F85205E6
:10026000B4F85435184380B260B9FFF7E9FFB4F829
:10027000500510F0010004D1D4F85805003818BF1B
:10028000012010BD0020FFF7CFFFF0E76804002039
:10029000704B71481A68596870B5D0F85C45A21A5D
:1002A0008A4215DB1A7A9AB190F86025B0F8506549
:1002B0000132D2B280F86025002101252E4208D1FA
:1002C00001316D000929ADB2F8D15A6822441A6093
:1002D00070BD89B20139072905D8DFE801F01BACF0
:1002E00090819D452E7064225A605D7A5B4A4FF47E
:1002F00080404FF4005190612DB111854FF40041C1
:100300001185002204E091614FF4004191610122C6
:100310005A72DAE75D7A64225A604FF480404F4A9D
:100320004FF4004125B1108591614FF40051E7E78A
:10033000906191614FF40051E8E790F861154748EA
:1003400021B364225A604FF4804282614FF400521C
:1003500082614FF400420285B7E74FF48042018585
:1003600002854FF40052F6E790F861153B4869B1F9
:1003700064225A60828A92B282F4005282824FF4DE
:10038000804282614FF4004282619EE702F00302E4
:100390007821022A59604FF40041DED0032A0AD0A6
:1003A000012A01854FF4804201D0826100E002857C
:1003B0004FF40052E8E781614FF48042F5E790F88E
:1003C0006125002A81D064225A60244A4FF480417A
:1003D00011854FF4004191614FF40051916174E730
:1003E0001E4964225A604FF480428A614FF40042F1
:1003F0008A618A8A92B282F400528A8265E7642214
:100400005A60164A4FF4804191614FF40041916166
:100410004FF40051118558E7104964225A604FF497
:1004200000528A618A8A92B282F480428A824FF4B0
:1004300000428A6149E7642112F0010F5960074ABE
:100440004FF480414FF4004001D11085C3E7906123
:10045000DDE700BF0000002068040020000800481D
:10046000FDEEC07A17EE903A2033402B43D8DFEDF3
:10047000237A9FED237AB4EEE70AF1EE10FA28DC36
:10048000DFED207A9FED1E7AB4EEE70AF1EE10FA66
:1004900022D4DFED1D7AB4EEE70AF1EE10FA1EDD8C
:1004A00030EE670A37EEC00A60EE007ADFED176AB9
:1004B0009FED177AA7EEA67ADFED166AE7EE876A58
:1004C0009FED157AA7EEA67A20EE276AA6EE070A18
:1004D000704730EE470ACEE730EE070AD4E79FEDCB
:1004E0000F7AB4EEC70AF1EE10FA44BF30EE270AD5
:1004F00037EE400AD8E79FED0A0A7047DB0F494004
:10050000DB0FC940DB0F49C0DB0FC93F9A7C2E3699
:10051000FAAF4FB93587083CA4AA2ABEDB0FC9BF82
:100520000000000003685A1C026019707047002325
:100530001B68FFDE30B5484BD3F86425B3F96E1560
:100540009578D278B3F98C05002A41D00A1A82EA4C
:10055000E274A4EBE274AC4223DD012012F5997F32
:1005600083F88E051ADD062092FBF0F2502AA8BF10
:100570005022B3F89005024412B2A3F8AA25A3F8BA
:10058000902593F8B025002A61D040F2DC529142C8
:100590005DDC4FF47A72A3F8AA2530BD6FF031020A
:1005A000E7E793F88E2532B1D3F89825C3F8942560
:1005B000002283F88E25D3F89C25D3F8A04510445B
:1005C00022889042D8DB62888242A8BF0246D3E7E5
:1005D00040F2DC529142214C23DDA1F2DC529542E3
:1005E00028DAA1F2DC52002ABCBF6FF4BB628A1881
:1005F0009210782AA8BF7822C3F8AC250122A272F3
:1006000083F88E25D3F89C25D3F8A0451044228882
:10061000904203DB62888242A8BF0246A3F8AA2563
:10062000AFE7521A954205DAB1F5896FD9DC6FF060
:100630006302E1E70022A27293F88E45C3F8AC256D
:10064000002CDFD0D3F89845C3F89445D8E70022B2
:1006500083F8B025A1E700BF680400200000002057
:10066000134BD3ED037A134BF5EE407AF1EE10FA0B
:100670004FF0000203F1040103F1080003D11A60F6
:100680000A6002607047F0EE086A86EEA77A80ED95
:10069000007A27EEA77A67EE877A86EE876AF7EE0A
:1006A000006A86EEA77A81ED006A83ED007A7047D2
:1006B000000000201C0A0020034BB3F8C0351D2B9E
:1006C00001D80420B0E5704768040020054B0022E3
:1006D000C3F8C425C3F8C82503F2CC5300221A601E
:1006E0005A60704768040020074B0022C3F8D425E5
:1006F000C3F8D825C3F8DC2503F5BC6300221A60D3
:100700005A609A60704700BF6804002010B5164C0C
:1007100094F8EC355A0706D523F00503042084F835
:10072000EC3507F0B3FE94F8ED25104B0AB100222A
:100730001A7401225A74782200215A82042040F24D
:1007400014529A8284F8EE1584F8EF1584F8F015A7
:10075000C4F8F415FFF774FD0520FFF771FD84F868
:10076000F81584F8B01510BD6804002000000020C2
:100770002DE9F047C74C94F8F935B4F8FA2504EBA5
:100780004303B3F968359342C0F26D81B4F8FC2598
:10079000934200F3688194F8FE550DB994F8FF5523
:1007A00094F8023684F8005684F80156002B00F0C5
:1007B0000D81D4F80476D4F80836FB1AC72B40F222
:1007C000058194F80C86B8F1000F40F0F5804146A1
:1007D000404608F0ABFBB04BB048002D08BF1846B0
:1007E0000BF0B4FED4F8106694F8FE95022E40F09B
:1007F0008C81B4F85035DA0740F13781A84BC4F842
:100800001436D4F81486B8F1000F06D00620002163
:1008100008F08CFB40460BF099FE002110200136B9
:10082000C4F8106608F082FBB4F8C0359D480A2170
:10083000B3FBF1F201FB12339BB29B490AF094FF28
:1008400098480BF083FE0721002008F06FFBB9F1F8
:10085000000F40F0638194F8FF2594488E4B002AE6
:1008600008BF18460BF072FED4F82C66D4F85C353D
:1008700094F8302616F0010600F05281002A40F06C
:100880005481C4F83426B4F85025D20504D5012289
:1008900084F83026C4F8383607210846D4F83436B0
:1008A0004FF47A724FF03C0AB3FBF2F808F03EFBCB
:1008B000B8FBFAF97E497B484A460AF055FF794869
:1008C0000BF044FE07210C2008F030FB79497548F5
:1008D0000AFB19820AF048FF72480BF037FE10201D
:1008E000072108F023FB7448744B002E08BF1846FC
:1008F0000BF02CFE002D5FD10221012008F016FB29
:100900000A266F49B4F93E26664892FBF6F20AF0D1
:100910002BFF64480BF01AFE0321012008F006FBB0
:100920006849B4F93C265F4892FBF6F20AF01CFFD6
:100930005C480BF00BFE0421012008F0F7FAB4F933
:100940004226614957480AF00FFF56480BF0FEFD5A
:1009500002210B2008F0EAFAB4F96A255B495148F4
:100960000AF002FF4F480BF0F1FD03210B2008F0C5
:10097000DDFAB4F9682553494A480AF0F5FE4948BA
:100980000BF0E4FD04210B2008F0D0FAB4F96C253B
:100990004D4944480AF0E8FE42480BF0D7FD0521D6
:1009A0000B2008F0C3FAB4F96E2549493D480AF016
:1009B000DBFE3C480BF0CAFD94F84436AB4201D054
:1009C0000BF0ADFD84F84456C4F80876002D00F015
:1009D000288107F08BFBD4F84836C31A002BC0F2ED
:1009E000AA803C4DAB690344C4F848362B7F9BB1C9
:1009F000394B00264FF400522E729A614FF4004298
:100A00009A6101214FF480429A6108460AF02CFA5B
:100A100001232E7784F84C364FF090434FF48072C8
:100A2000A4F85426C4F850361B8A4FF40032DB0574
:100A3000C4F8582609D494F8ED35012B05D00123CC
:100A400084F8ED352B7496236B82012100200AF087
:100A50000BFA012102200AF007FABDE8F047002155
:100A600001200AF001BA00259AE6980701D51B4B30
:100A7000C5E6D90601D41A0701D5194BBFE6980679
:100A800005D4B9F1000F2FD194F8FF2562BB154BA7
:100A9000B5E600BF68040020701C01086A1C01084C
:100AA000881C0108800A0020E21C0108761C01084D
:100AB000EA1C0108F21C01087C1C0108821C0108C8
:100AC000F81C0108021D01080C1D0108161D010873
:100AD000201D01080000002000080048921C0108A9
:100AE0009C1C0108A61C0108590701D55D4B86E630
:100AF0005A0601D55C4B82E6180601D55B4B7EE6B3
:100B0000D9057FF57EAE5A4B79E6052E01BF594BCC
:100B1000C4F81436C4F81086464672E65648A1E674
:100B2000002A3FF4B9AE84F83066D4F838269B1A10
:100B3000C4F83436B0E6514A0023A2F1B801101DC2
:100B4000157815B3032B06D050F8235021F8135015
:100B500001330132F4E7D4F86C36A4F86E3594F81A
:100B6000703613B10023A4F87236454E00230125D8
:100B700016F8012B002A50D0DBB2013B042B08D819
:100B8000DFE803F0111B293741000133042BE0D1CA
:100B9000E5E701200BF004FD002384F8753684F8A6
:100BA00074560123E4E701200BF0ECFC002384F8E9
:100BB000743684F875560223DAE704200BF0F0FC53
:100BC00040200BF0DFFC012384F87636002384F804
:100BD00077360323CCE740200BF0E2FC04200BF037
:100BE000D1FC012384F87736002384F87636042379
:100BF000BEE708200BF0D4FC002384F8793684F893
:100C000078560523B4E708200BF0BCFC002384F8D9
:100C1000795684F87836BDE8F0870133062BA7D1E2
:100C2000F9E794F84C36002BF5D001212846C4F89A
:100C3000605684F85C56C4F8645684F85D56C4F86F
:100C4000685684F85E56C4F86C5684F85F5684F88B
:100C500070560AF009F90B4B84F84C5601221A72AF
:100C60001A77D8E7B01C0108BA1C0108C41C010897
:100C7000CE1C0108D81C0108761C0108C40A0020FB
:100C8000DC0A002000000020224B93F8EC2512F033
:100C9000010F02F0040103D1D3F87C06012833DCF4
:100CA00093F8800680B393F8810668BB39B11A4A7D
:100CB0001346516843F8081BD2681A607047D3F88E
:100CC0002C16480124D491071FD442F0040283F863
:100CD000EC2593F8EE2522B9012283F8EE25D3F80E
:100CE0005C250E4AB3F84216D183D3F85C25D3F8BD
:100CF0005C1593F88E214FF47A7012FB00120520D8
:100D0000C3F8942607F0C2BB11B9012007F0E4BB79
:100D1000704700BF68040020EC0A0020000000209B
:100D200070B5104CD4F89856284607F01BFC287A6A
:100D300004F29C6400226FF01806192112FB026372
:100D4000434303F6C41353430132072A93FBF1F3E1
:100D500024F8023BF2D128460349BDE8704007F071
:100D60001DBC00BF68040020380500202DE9F84FA5
:100D70004FF4AA622DED028B0021C8489FEDC88A6E
:100D80000FF0F6F9C54A02F5E4730021C2F8AC365B
:100D900002F22A566A2303244FF4006015461370AA
:100DA000547182F8B016C2F89866FFF72DFA8020C9
:100DB000FFF72AFA0220FFF727FA4FF40060FFF747
:100DC00023FA4FF48070FFF71FFAC823A5F8FA3012
:100DD000B44BDFF83CC3DFF83CE385F832414FF415
:100DE0008037C5E93B73B04BC5F8F4304FF47A73E4
:100DF000A5F8343142F22013C5E94AC34FF0A0638D
:100E0000C5F8C431A94B85F828154FF07E58C5E9BF
:100E100051E340F64303A5F84C312A46A5F8E41007
:100E200085F8E610C5F8FC10A5F80011C5F8E81023
:100E300085F8F810C5F81081C5F81481C5F8188137
:100E400085ED478A85ED488A85ED498AA5F83011F8
:100E5000A5F8B81185ED6F8A85ED708AA5F83E1169
:100E60002B462C460329CCBF0122002201F10101AF
:100E700083F84E2114BF1E220522122983F84F2128
:100E800003F10203EED18A4BC4F84031834B0022B8
:100E90004FF47A704FF4FA610132042AA3F8720118
:100EA000A3F8741103F10403F6D1824A824B8349FB
:100EB000C4E96323824BC4F8D030A3F1FA73643BD6
:100EC000C4F8D43003F5602303F5CB73C4F8D830ED
:100ED0007C4B00274FF00109C4E9371384F8827175
:100EE00084F894910AF00EFD40F6AC53A381764B42
:100EF000C4F8C83103F10343A3F51D23A3F29D7386
:100F0000C4F8CC317148724B724AC4F8F821C4E974
:100F10007403714BC4F8D8312D2384F8DD3141F6C8
:100F20001E63A4F8DE316D4BC4F8E031C4F8FC2137
:100F300045F205336A4AA4F8E431C4F81422642364
:100F40004B2284F8E63184F8182240F201534FF422
:100F5000FA72A4F8E831A4F81A22624BC4F80432F9
:100F600040F2DC52C4F80832A4F834255E4BC4F8D1
:100F7000F43144F25A125D4BA4F82A254FF07F5108
:100F80003222A773C4F81032C4F81C72C4F82C259E
:100F9000A4F8307584F83275C4F8EC11C4F8F01177
:100FA000C4F8008284ED838AA4F82272C4F82C323B
:100FB00042F62803A4F83032152384F834324C4B1F
:100FC000C4F82472C4F838324A4F4B4B84F8449228
:100FD000DFF83891C4F83C3240F60822474BA4F8B9
:100FE0002822C4F84032BA4609F1080BB84617F86F
:100FF000011B002943D14FF42053A4F8DE324FF4F3
:101000004873A4F8E2323E4BC4F88431C823A4F8F4
:101010008A3184F8DD1284F8E01284F8E41284F84E
:1010200088110C23013B05F1100585ED008AF9D1EB
:1010300034494FF4907288180BF0BEFA31494FF4DE
:10104000907201F510700BF0B7FAD4F82A35C4F895
:1010500036352D4A73685360B368D4F82A15936007
:10106000C4F842155361012384F84033716811615B
:10107000022384F86034BDEC028BBDE8F88F23486E
:101080000FF0C4F80028B1D058453FBFA0EB0900CD
:101090000019A8EB0A0880F83681A7E76804002049
:1010A000000000002A005802FA0020006C077503B7
:1010B000001E0001000105960101C800B4053200C0
:1010C0004C04D00750463200012828962828783C46
:1010D0000A0A4600CDCCCC3E0002210A1E321E0078
:1010E000000040408FC2F53C000020400000A040BE
:1010F0009A99193F2A1D0108F6287C3F1F856B3FEE
:101100000AC81405300600209E0900203814010882
:10111000190A0A2ADC054C042DE9F843FFF750F8B8
:1011200010B9032007F043F9C14C07F007FB4FF457
:10113000AA62C04920460BF03FFA94F82865022EB7
:1011400088BF00264FF4907506FB05F504EB0502F9
:1011500088BF84F8286592F82032022B84BF0023D0
:1011600082F820320C2284F8B03605F5E47702FBD1
:10117000034303F22A5308202744C4F89836C4F8DE
:10118000AC76FFF749F84FF40050FFF745F801201F
:10119000FFF742F84FF48040FFF73EF8FFF734F8CE
:1011A0004FF4907303FB0643002283F8452241F27B
:1011B0000302A3F84622A04AC3F8482202F1805253
:1011C000A2F57E42C3F84C229C4A4FF4866CC3E9D8
:1011D00094C2202283F85822052384F8F93540F27E
:1011E000AA53A4F8FA3540F20E63A4F8FC35944BE8
:1011F000012283F82020A36846F209021A4203D193
:101200004FF40050FFF700F8A368D80703D54FF458
:101210000050FFF701F8A368590409D50820FEF72C
:10122000FBFF4FF40050FEF7F7FF0120FEF7F4FF3D
:10123000A3681A0706D54FF40050FEF7EDFF012012
:10124000FEF7EAFFA3689B0402D54020FEF7E4FF07
:10125000012384F8B93194F88C312BB194F8903192
:1012600013B1002384F89031DFF8EC81C4F8B48620
:10127000002002464FF0FF0E04EBC003B3F89A11B2
:101280004B0803F077334FEA910909F03339CB1A51
:10129000A3EB09034FEAD10909F01139A3EB0903C4
:1012A00003EB231303F00F33B3FBFEF9C9EB09295A
:1012B00001F0010CA3EB09036244012BD2B207DD5C
:1012C000022B0BD1BCF1000F08D011F0BC0F05D0E0
:1012D00001300428D0D1013A012A01D90AF012FBC9
:1012E000FFF71EFD302200215648DFF870910EF006
:1012F0003FFF05F24520394620440AF031FB4FF408
:10130000907303FB0646C4F8E89696F8C80105F00A
:10131000B5FA09F18E03C4F8EC3694F88431DFEDA8
:101320004A6AC4F830876421C82213FB0123B4F849
:10133000F210C4F8F4360023C4F8F836C4F8FC36CA
:10134000C4F80037C4F80437C4F80837C4F80C37B9
:10135000A4F81037C4F81437C4F8183707EE901AF9
:1013600009F10603C4F82037A9F11E03B4F8F410FC
:10137000C4F82437F8EE677A09F19A03C4F82C37D9
:1013800009F23E63C3ED017A07EE901AB6F828120F
:10139000A4F8341796F8441284F8361794F88F118D
:1013A00084F84017B6F8E212C4F8443707EE101A72
:1013B000F8EE677AB8EEC77AC3ED027AC6EE877A9E
:1013C00005F50C732344C4F8483705F2DD2509F20E
:1013D0005663A9F126022544C4F82827C4F850779B
:1013E0004FF07E519FED197A67EE877AC3ED007A50
:1013F00009F25E63C4F86455C4F8A025144A1A6063
:101400004FF07C5209F272695A6000229A60D960EA
:101410001A61104BC9F80030C9F80410C9F8082047
:10142000C9F80C10C9F81020BDE8F84307F09EB9C0
:101430006804002000F003083001030010050010CC
:1014400000000020200B0020000061444C3D0F44B0
:101450000AD7233CCDCCCC3D9E0500205E05002064
:101460002DE9F74F07F06AF9434B6A221A704FF4DF
:10147000AA625A80BE221A71EF22A3F84E2540F2CA
:10148000515100221846013955D13C4B80F84F2567
:101490001A69120604D53A4A5A6002F188325A6033
:1014A000364C384E03254FF03409C4F80C900AF03E
:1014B00017FA0428DFF8C08038D1236943F002030B
:1014C0002361314B6361236943F0400323610AF0D8
:1014D00007FA2369042823F00203236126D14FF081
:1014E000000BDA4658F8047BCDF804A00AF0F8F9AE
:1014F00004281BD1236943F0010323610BF100632E
:1015000003F57C33BAB21A800AF0EAF9042816D13E
:101510000BEB06030193019B3F0C1F800AF0E0F9DF
:101520002369042823F0010323610DD0013D15F048
:10153000FF05BAD10DE013F8014B6240A3E7236920
:1015400023F001032361F1E70BF1040BBBF5AA6F54
:10155000C8D10A4A1369042843F08003136102D1F9
:10156000FEF72EFE10B9042006F021FF03B0BDE8FF
:10157000F04F07F0FBB800BF6804002000200240D5
:101580002301674502F0030800F003082DE9F04F3E
:10159000D54ED6F89886B6F96EE5B8F80A202DED46
:1015A000048B9645A9B0C0F2B581BEF5FA6F98F8E4
:1015B0000740BDBFAEEB020313FB04F3C2F5FA62B2
:1015C000C4F16403BCBF93FBF2F3C3F16403019362
:1015D000B6F844310393C54BD6F8ACB6069303F581
:1015E0000B7203F13C070592A3F5AD6503F22F22C0
:1015F00008F10403DA460492002064210793069B55
:1016000033F9022B029206931346039A9B1A03F2B4
:10161000F31240F2E634A24200F27E81002BB8BF02
:101620005B42022800F07B819BF815211AB19A4297
:10163000B4BF9B1A0023B3FBF1FC05EB4C024FF641
:101640009C74B2F99A97B2F99C271CFB043CA2EB5C
:1016500009020CFB02F292FBF1F24A443A80079A2B
:10166000125C12FB03F3A24A93FBF2F3019A643378
:101670009BB2534393FBF1F31AF8012F059C5A4395
:1016800092FBF1F204F8012B9AF8162005945A43C4
:10169000049B92FBF1F203F8012B022804931EBF76
:1016A000944B019AC254DDE9023208BF85F8AA17AB
:1016B0009342B8BF3B8800F10100BCBF5B423B8056
:1016C000032807F102079AD1DFF83492D5F82C8667
:1016D000B9F92230581C0DD018F0080F0AD0D5F8EF
:1016E0009825323B934205DC40F2DC539E45C8BF4F
:1016F000A5F86E3595F8EF351BB1B9F81430A5F89B
:101700006E35B5F96E35B5F846219342C0F2328197
:10171000B3F5FA6FA8BF4FF4FA639B1A4FF47A71CE
:101720004B43C2F5FA626424B3FBF2F393FBF4F18A
:1017300005EB41026FF06307B2F9AC07B2F9AE27CF
:1017400007FB0133121A534393FBF4F30344A5F848
:10175000AA35B5F8C437590639D5B5F84236B9F8BF
:101760001E20DFED657A9FED650A9B1A1BB205EE20
:10177000903AF8EEE55A65EEA75A35EE800AFEF784
:101780006FFEB0EE405AB0EE650AFEF769FEB5F99D
:10179000A63506EE903AB5F9A43507EE103AF8EE04
:1017A000E66AB8EEC77A67EE007A20EE660AE6EEE1
:1017B000857AA7EE050AFDEEE77ABDEEC00A10EEC7
:1017C000103AA5F8A43517EE903AA5F8A635D5F845
:1017D000C8A71AF0020F00F0E280D5F8CC27D5F8A0
:1017E000D03745F20721D31A8B4240F3D88002202C
:1017F000C5F8D02709F09EFBC2075EBFC0F3CF0437
:101800001923B4FBF3F495F8D437D5F8D82705EBB2
:10181000430148BF4FF6FF74B1F8DC07A1F8DC477D
:10182000121A144401336422B3FBF2F102FB1133A8
:1018300085F8D43795F8A438C5F8D847632B9EBFF0
:101840000133DBB285F8A438B4FBF3F495F8A5387E
:10185000A7B2032BA5F8C07540F08E800A2F40F286
:101860009E8099F8241001EB810101EB8101002396
:101870004FEAC11B01EB01114FF416721FFA8BFBEB
:10188000C90085F8A538282041F26803A5F8A628E4
:10189000A5F8A838A5F8AC18A5F8AAB806F078FD00
:1018A0002A21B7FBF1F107EB8707013107EB870727
:1018B00089B2BF000829BFB228BF0821A7EB0B07D8
:1018C0004FF4167241F268037A43A3EB0B0389F8D5
:1018D000241092FBF3F3A5F8AE38034AB2F8AC3803
:1018E000A4B2633BA3420DE068040020D0090020AD
:1018F0000CFEFFFF100C002035FA8E3CDB0FC93FB9
:10190000000000204BDD0123082082F8A53806F0F6
:10191000BDFD44E064235AE64FF4FA7381E69BF878
:1019200016211AB19A42B4BF9B1A0023B3FBF1FCF3
:1019300005EB4C024FF69C74B2F99C96B2F99E26C8
:101940001CFB043CA2EB09020CFB02F295F9EEC071
:1019500092FBF1F2CCF1000C4A4412FB0CF2A5F818
:10196000A82598F8062012FB03F3B74A93FBF2F37D
:10197000643381E61346D0E60A2F00F2AD800323DC
:1019800085F8A538002389F82430A5F8AC38A5F8E7
:10199000AA38A5F8A838A5F8A638A5F8AE381AF4DC
:1019A000006FAA4C59D0D4F8CC27D4F8B03845F2FF
:1019B0000721D31A8B4250DDD4F85C35C4F8B02827
:1019C000D4F8B428C4F8B4380120A3EB020B09F012
:1019D000B1FA00B2632840F3B080642390FBF3F0C7
:1019E00007EE900AF8EEE77AB2EE047AC7EE876A5D
:1019F0009FED977AC6EE877AFCEEE77A17EE903A7B
:101A0000B3F5803FAABF00221A461346C4F8B8288F
:101A10009BB2DFF848A2D4F8C078DAF80420E3FBE0
:101A20000B72914600238B4A384649460AF0D4FE91
:101A3000C317B0F5803F73F100032ABF00230346AC
:101A40001846C4F8C838B4F8AE38C4F8C0781B1AC1
:101A50009BB2CAF80490C4F8CC3818F4805F02D066
:101A60000A2006F013FDD4F8D098B9F1000F22D067
:101A7000D4F85C35D4F8D4289A421CD894F8DA38D3
:101A8000B4F8D878002B5AD1D9F80430012284F860
:101A9000DA28DB5D3BB137B999F80030053B93425A
:101AA00001D806F023FBD9F80430DB5DFE2B4AD1C8
:101AB0000023A4F8D83894F8EC154B074FF0080031
:101AC00051D5FEF7B1FB0720FEF7BAFB0620FEF763
:101AD000B7FB614F0023C4E0012B05D0022B1FD0C0
:101AE000002B3FF4FAAE5AE795F8EC3523F00203E9
:101AF00085F8EC35B5F8AA38A4B2633BA34204DDFF
:101B0000022385F8A538072014E0B5F8AC38643313
:101B10009C420EDD002385F8A538FEF7CDFD3EE79B
:101B2000B5F8AA38A4B264339C42ECDD012385F8F1
:101B3000A538082006F0AAFCEFE7002369E7002398
:101B400084F8DA38AFE7FF2B02D106F08DFCB2E75C
:101B5000D4F85C250A2113FB01230137C4F8D438DB
:101B6000A4F8D878A7E7FEF76BFB18F0010F10D1A7
:101B700094F8DB381F0702D594F88036CBBB0720DA
:101B800021F0010184F8EC15FEF75AFB0620FEF760
:101B90004BFBB4F8502594F8DC38500734D5EBB93A
:101BA00084F81C37D4F814374BB94FF49673C4F843
:101BB0001437D4F85C3503F59673C4F81837D4F8A5
:101BC0005C35D4F818279B1A002B1FDB012384F8FF
:101BD000DC380023C4F81437C4F8183794F8DB381D
:101BE0001B0713D50220FEF72BFB002384F8DC38FB
:101BF0000CE041F00101072084F8EC15FEF714FB1E
:101C00000620FEF71DFBC4E7002BE7D1B4F8C03572
:101C1000222B11D90023032084F88136FEF710FB14
:101C2000FEF71AFB00283FF454AF94F8EC3523F08C
:101C3000010384F8EC354CE70123032084F8813656
:101C4000FEF7F2FAECE700BF0CFEFFFF680400208D
:101C50006F12033B80EE36004C0E0020280D002052
:101C6000132397F84A800193B8F1010F40F0BE8129
:101C70003B68C4F8E078C4F8E4384FF005094FF049
:101C8000000BD4F8E40803685B689847002800F06C
:101C90006D81D4F8E4080368DB689847D4F8E0A8BD
:101CA0009AF84830052B12D8DFE803F0030A9FA406
:101CB000B3BD242840F0CD8001238AF8483006E0E7
:101CC000A0F14D014842484140008AF848009AF886
:101CD0004830062BD5D19AF849307C2B00F2CC80C5
:101CE000002B00F016875A1E7B2A00F20D87DFE8D2
:101CF00012F0160123018F019A01AF010B070B07A8
:101D00000B070B070B070B070B070B070B070B0743
:101D10000B070B070B070B070B070B070B070B0733
:101D20000B070B070B070B070B070B070B070B0723
:101D30000B070B0755040B0799050B079E050B07AF
:101D4000BF050B07D1050B07D7050B070B070B07C3
:101D50000B070B0726060B077C040B076D060B070A
:101D6000AC050B071F034E040B0750030B070B07B3
:101D70002D060B073F060B070B07DB069206B20684
:101D80000B075A030B07F5050B0703060B070B0799
:101D90000B070B070B070B070B070B070B070B07B3
:101DA0000B070B070B070B070B070B070B070B07A3
:101DB0000B070B070B070B070B07F301A7020B071A
:101DC000DD02F0020B070B070703150324035F0373
:101DD000A1030B0716055B05A50441040B07ED04E1
:101DE0000B070B070B07F90600073C2814BF00235D
:101DF000032362E7402802D98AF848B067E78AF8E7
:101E000005008AF804B08AF807B08AF806000423AF
:101E100053E79AF806308AF8490043408AF80630BA
:101E20008AF8489053E79AF804309AF805109AF81F
:101E30000620994208D942408AF806205A1C534489
:101E40008AF80420187242E790420CBF0623002350
:101E500033E794F8EC355A073FF539AFD4F8E83852
:101E60001B7883427FF433AF8F4B904AC3F8FC2F2B
:101E70008F4B904ADA602AE7F02B00F0B2843CD80E
:101E8000DD2B00F02586DE2B00F02686A02B00F04F
:101E9000B684C72B40F23D86C83B2A2B00F2398618
:101EA000DFE813F0B506370603073706DD078808B5
:101EB00092081B08800837069C06AC06B006370659
:101EC0006008370637066E087B0837063706370680
:101ED000370637063706370637063706370637061A
:101EE000370637063706370637063706370637060A
:101EF0003706E20637063706B006FE2B00F064848C
:101F0000FF2B00F06981F22BC3D9FA2B40F0018638
:101F100094F8EC355B0740F16C8600F0FABD0320C5
:101F200006F009FC002006F0A7FB002006F0A4FB49
:101F3000182006F0A1FB0FE0082006F0FCFBDFF8FC
:101F400084914FF0000819F8010B08F1010806F020
:101F500093FBB8F1080FF6D1D4F8E038987906F081
:101F60008BFBD4F8E038002283F8482094F8AF398E
:101F7000002B3BD0D7F80080D8F8003040465B6992
:101F80009847002801F05681D4F8C8374A49D80448
:101F90004CBFD4F82437D4F8283794F8B0099B887C
:101FA00000221BB25FFA82FC8445C1F0488109F02F
:101FB00033F8322006F0ECF9002394F8B0193F4AC8
:101FC0009C46D8B28842C1F03F81322006F0E0F949
:101FD000D4F8C837590306D5A3685A0303D440F28E
:101FE000DC5006F0D5F9324B324ADA60019B132BF4
:101FF00007F14C077FF434AED4F8843A002B01F09B
:1020000044812F4829B0BDEC048BBDE8F04F184740
:10201000032006F090FB022006F02EFB022006F0C3
:102020002BFB002085E7102006F085FB0C2006F036
:1020300053FBDFF894904FF0000819F8010B08F1FA
:10204000010806F019FBB8F10C0FF6D10020D5E01D
:102050001A2006F070FBDFF874904FF0000819F8B2
:10206000010B08F1010806F007FBB8F10B0FF6D1E0
:10207000DFF85C904FF0000819F8010B08F1010837
:1020800006F0FAFAB8F1080FF6D1DFF848904FF0F1
:10209000000819F8010B08F1010806F0EDFAB8F193
:1020A000070FF6D158E700BF00900020EFBEADDE6D
:1020B00000ED00E00400FA05E40B00201C0E0020F7
:1020C000F40E0020331D01083C1D0108491D0108C4
:1020D000541D01085D1D01080B2006F02CFBB4F80F
:1020E000500506F0F9FAD4F8EC28CB4B9A420CBF15
:1020F000B4F8F008B4F8F20880B206F0EDFAD6F8B9
:10210000F438C3F3C000C3F38002800040EA420009
:10211000C3F340021043C3F3401240EAC200C3F3CA
:10212000001340EA031000F01F0006F0D5FAB6F8DD
:10213000C42796F8EC35D6F82C1696F8F888DFF810
:10214000E0C2500000F00200C3F380030343C2F377
:10215000400043EA800302F008000343C2F380001A
:1021600043EA0013C2F3801043EA401301F4E07025
:102170001843C2F3001340EA4320C2F3401340EA7D
:102180008320C2F3002340EAC32001F47F230343EA
:1021900001F480100343C2F3402043EA405301F0AE
:1021A0000071C2F380220B43002043EA82634FF0A8
:1021B000010E0246424504D306F097FA94F828052A
:1021C000B7E61CF8011B0EFA01F119421CBF0EFA0A
:1021D00002F108430132EDE70023B4F85015A4F8EA
:1021E000143901220A420CD101335200092B92B258
:1021F000F8D1022006F09FFAB4F8140906F06CFA40
:10220000AAE69BB2013B072B05D8DFE803F0080ADA
:102210000C0F111315170123A4F81439E9E7022351
:10222000FAE74023F8E74FF48073F5E78023F3E7FC
:102230002023F1E71023EFE70823EDE70423EBE782
:10224000122006F078FA754BB5F91609DB8CB3F558
:10225000806F88BF4FF0080890FBF8F080B206F05E
:102260003BFAB5F9180990FBF8F080B206F034FAA1
:10227000B5F91A0990FBF8F080B206F02DFAB5F81E
:102280001C0906F029FAB5F81E0906F025FAB5F87A
:10229000200906F021FAB5F8220906F01DFAB5F872
:1022A000240906F019FAB5F82609A7E7102006F068
:1022B00042FADFF870914FF00F0808F1FF3819F873
:1022C000010B5FFA88F806F0D7F9B8F1FF0FF4D1E7
:1022D00042E694F82809DFF85091400000F0FE0033
:1022E00006F029FA4FF0000894F828399845BFF411
:1022F00033AE39F8020B06F0EFF908F10108F3E705
:10230000062006F018FAB4F82A0906F0E5F9B4F840
:102310002C0906F0E1F9B4F842066FE7062006F052
:102320000AFAD4F8980506F0E0F9B4F8300965E740
:10233000042006F000FA002070E2072006F0FBF906
:10234000B4F8C005FF28A8BFFF20C0B206F094F97A
:10235000D4F8CC384FF6FF784345A8BF434623EA6C
:10236000E37080B206F0B8F9B4F8340906F0B4F9B5
:1023700094F83331D4F8B80843B10A2358434045A0
:10238000A8BF404620EAE07080B237E700F30F00B4
:10239000FAE7022006F0CFF994F88E0106F06CF906
:1023A00094F88D01C5E5022006F0C5F9A08925E75E
:1023B0000B2006F0C0F9D5F89836187806F05CF9CD
:1023C000D5F89836587806F057F9D5F89836187930
:1023D00006F052F9D5F89836587906F04DF9D5F847
:1023E0009836987906F048F9D5F89836D87906F0F5
:1023F00043F9D5F89836987806F03EF9D5F898362E
:10240000D87806F039F9D5F89836588906F064F985
:10241000D5F89836187A8CE500540040000000206A
:10242000610D0020E40B0020D00900200000C8420C
:1024300000007A44212006F07EF9D4F8AC361B78EF
:10244000022B4FF000087DD11FED089A5FED088A3E
:10245000B2EE048AD6F8AC3603EB880393ED090A92
:1024600020EE080A0CF0A0FB80F30800C0B206F0D2
:1024700003F9D6F8AC3603EB880393ED0C0A20EE93
:10248000090A0CF091FB80F30800C0B206F0F4F8E2
:10249000D6F8AC3603EB880393ED0F0A20EE280A3A
:1024A0000CF082FB80F30800C0B208F1010806F0CE
:1024B000E3F8B8F1030FCDD1B8F1070FD4F8AC367B
:1024C0002AD193ED120A20EE080A0CF06DFB80F37E
:1024D0000800C0B206F0D0F8D4F8AC3693ED130A79
:1024E00020EE080A0CF060FB80F30800C0B206F092
:1024F000C3F8D4F8AC3693F8503000EE103AB8EE8A
:10250000400A0CF051FBFF28A8BFFF20C0B206F024
:10251000B3F84FF00808CFE74344587806F0ACF81A
:10252000D4F8AC364344187B06F0A6F8D4F8AC36A1
:10253000434408F10108D87D06F09EF8B8F10B0F6E
:10254000BAD109E5D4F8AC364344587806F094F88B
:10255000D4F8AC364344187B06F08EF8D4F8AC3689
:10256000434408F10108D87D06F086F8B8F10B0F56
:10257000E8D1F1E42F2006F0DEF8DFF83C8418F80B
:10258000010B00283FF4E8AC06F076F8F7E70120ED
:1025900006F0D1F8D4F8AC361878CAE4502006F02A
:1025A000CAF8DFF818A44FF000094FF00C0BD4F86C
:1025B000AC3603EB890809F1010998F87D300BFB73
:1025C00003A393F8500006F057F898F87E0006F041
:1025D00053F898F87F0006F04FF898F8800006F05E
:1025E0004BF8B9F1140FE2D1B6E4482006F0A3F895
:1025F0004FF000094FF0060AD5F8AC360AFB09384F
:1026000009F1010998F8D20006F036F898F8CD00E3
:1026100006F032F898F8CE0006F02EF898F8CF00C1
:1026200006F02AF898F8D00006F026F898F8D100BD
:1026300006F022F8B9F10C0FDED18DE402230293EB
:102640004FF0000A4FF0010BD949D94B94F8F80824
:10265000CB1A83420CDB029B012B3FF47DAC5FFA6B
:102660008AF006F068F8012302934FF0000BEBE7C5
:1026700011F8010B00230C2202FB03F8CD4A18F8D5
:1026800002C0844503D001331C2BF4D1DDE7C94BD4
:1026900003919844D8F804000AF032F803990346ED
:1026A000BBF1000F10D08244CFE7D8F8040010F837
:1026B0000900CDE9031305F0DFFFDDE9031309F19C
:1026C00001094B45F1DCC0E7D946FAE7DFF8ECA297
:1026D00094F8F808DFF8D89206F02DF84FF00008CB
:1026E0004FF00C0B0AF1480294F8F8389845BFF403
:1026F00033AC19F8010B00210BFB01F313F802C0F6
:10270000844505D001311C29F6D108F10108EBE719
:10271000534493F8500005F0AFFFA64AF5E71620A2
:1027200006F009F8B6F8440105F0D6FFB6F8D00077
:1027300005F0D2FFB6F8D20005F0CEFFB6F8D4000F
:1027400005F0CAFFB6F8860105F0C6FF002005F0C7
:1027500093FF002005F090FF002005F08DFF96F814
:10276000330105F089FF96F8400105F085FF002050
:1027700005F082FFD6F8AC36B3F95A000A2390FB75
:10278000F3F080B205F0A8FF96F8280105F074FF79
:1027900096F82C0105F070FF96F82B0105F06CFF00
:1027A00096F82D01FFF7C5BB082005F0C4FF4FF0D8
:1027B00001085FFA88F008F1010805F05DFFB8F143
:1027C000090FF6D1FFF7C8BB082005F0B4FF0020C1
:1027D00005F082FF002005F07FFF002005F07CFF60
:1027E00034E4042005F0A7FFD4F8AC36B3F85E005B
:1027F00005F072FFD4F8AC36B3F85C00FEE4DFF805
:10280000C0810C2005F097FFD8F8AC0705F06DFFEC
:10281000D8F8B00705F069FFD8F8B40705F065FFF0
:10282000FFF79ABB042005F086FFA068F6E70620B4
:1028300005F081FFB4F8E80005F04EFFB4F8EA00B7
:1028400005F04AFFB4F8EC00D8E4042005F073FF6B
:1028500094F8280105F010FF94F82C0105F00CFF06
:1028600094F82B0105F008FF94F82D01FFF761BBE8
:10287000072005F060FFB4F82E0105F02DFFB4F835
:10288000300105F029FF94F8320105F0F5FEB4F8A7
:102890003401B3E4012005F04EFF6079FFF749BB36
:1028A0000C2005F048FF94F83E0105F0E5FEB4F871
:1028B000480105F011FFB4F8440105F00DFFB4F82C
:1028C000460105F009FF94F83F0105F0D5FEB4F884
:1028D0004A0105F001FFB4F84C018FE4042005F033
:1028E0002AFF94F8840105F0C7FE94F8850105F0ED
:1028F000C3FEB4F8860181E494F82809DFF8C480A7
:1029000000EB4000C0B205F016FF4FF0000994F84C
:102910002839994508F10208BFF41EAB98F84C011C
:1029200005F0AAFE98F84D0100EB800000EB800056
:1029300000F2EE2005F0D0FE09F10109E7E70120E1
:1029400005F0F9FE94F84001FFF7F3BA082005F00E
:10295000F2FEDFF874904FF0000819F8010F08F14B
:10296000010805F089FEB8F1080FF6D1FFF7F4BAB7
:10297000102005F0E0FE607905F07EFEA06805F00D
:10298000B4FE94F83E0105F077FEB4F8E80005F0D7
:10299000A3FEB4F8EA0005F09FFEB4F8EC0005F0E1
:1029A0009BFEB4F82E0105F097FEB4F8300125E443
:1029B000610D0020801401084D140108381401082D
:1029C00000F0FF1F680400209D05002094F83609E0
:1029D000DFF80084C0EBC000C0B205F0ACFE4FF0E1
:1029E000000908F6381A4FF00C0B98F998010023EB
:1029F0000BFB03F212F90A20824200F02D8401330E
:102A0000042BF5D109F10109B9F1040F08F1080807
:102A1000EBD1FFF7A1BADFF8A8830D2005F08BFEFC
:102A200009F086FC05F028FEB8F8280005F05DFEE8
:102A3000D8F8340005F059FE94F8693994F868091B
:102A4000984296BF181AC0F1800000231844D4F8A9
:102A50006C391844E2E605F065FE8046842005F0F6
:102A60006AFE404605F041FED54B5A6B08F18003E3
:102A700093428CBFA2EB08094FF0800909F084FC57
:102A80004A46404608A909F01DFD0DF1200881467F
:102A90004FF0000ACA45BFF65FAA18F8010B05F00F
:102AA000EBFD0AF1010AF5E7132005F044FEDFF81B
:102AB00028934FF0000819F8010B08F1010805F000
:102AC000DBFDB8F10B0FF6D1002005F00EFE32E46D
:102AD00005F01EFEFFF740BA05F024FE05F022FEC9
:102AE000FFF73ABA022005F026FEB54B588CFFF7E7
:102AF00085BB032005F01FFE94F8ED0505F0ECFD05
:102B0000AF4B187CFFF715BA4E2B3FF6C2A9222B0C
:102B100003D808F025FEFFF71FBA233B4FF000084B
:102B20002B2BF6D801A252F823F000BF952D0008F8
:102B3000132B00080B300008132B00081930000875
:102B4000132B000855300008132B0008132B000826
:102B5000132B000877300008132B0008132B0008F4
:102B6000132B0008132B0008132B00082B3100082F
:102B7000132B0008152E0008132B0008A73100089E
:102B8000132B000833300008132B0008132B000808
:102B9000992C0008132B00087F2C0008132B000829
:102BA000132B000835310008132B0008653100088D
:102BB00025320008132B0008132B0008132B0008E4
:102BC000E12F0008132B0008912C0008132B00089C
:102BD000BB300008132B0008D530000894F8EC3502
:102BE0005B070FD405F08AFD032828BF002084F876
:102BF0002805FEF735FCFEF78FFA03E005F088FDA7
:102C0000A4F87206002005F096FDFFF7A5B99AF822
:102C10000580B8F1250F00F2D0800DF120094FEAB0
:102C20005808CB464FF0000AC2450CD365494346CD
:102C30000022084690450DDC0022122B10D1012302
:102C400084F89439DEE705F063FD0AF1010A2BF8F8
:102C5000020BE9E739F802CB21F802CB0132E9E7B0
:102C600020F813200133E8E705F052FDD4F8AC86D4
:102C7000A8F85E0005F04CFDA8F85C00C2E705F07E
:102C80003DFD84F88E0105F039FD84F88D01B9E72A
:102C900005F03EFDA081B5E7D4F8AC8605F02EFD29
:102CA00088F8000003F0EAFDACE7D4F8AC8698F8A9
:102CB0000030022B5DD19FED449ADFED448A08F18C
:102CC000240908F1300AB2EE048A05F017FD07EE78
:102CD000900AF8EE677A87EE887AA9EC017A05F017
:102CE0000DFD07EE900AF8EE677A87EE897A89ED96
:102CF000027A05F003FD07EE900AF8EE677ACA45FE
:102D000087EEA87A89ED057ADFD108F104094FF042
:102D1000030ABAF1070F1FD105F0F0FC07EE900A85
:102D2000F8EE677A87EE887A88ED127A05F0E6FC8D
:102D300007EE900AF8EE677A87EE887A88ED137AC4
:102D400005F0DCFC88F850000AF1010ABAF10B0F1B
:102D500009F10109DDD155E705F0D0FC89F8000043
:102D600005F0CCFC89F80B0005F0C8FC89F81600CA
:102D7000EAE708F10B0905F0C1FC08F8010F05F0BE
:102D8000BDFC88F80B0005F0B9FCC14588F81600B9
:102D9000F1D137E705F0B2FC132880460DD8D4F8FE
:102DA000AC9605F0ABFC0A4A0023117A814215D09B
:102DB00001331C2B02F10C02F7D108F0D1FC21E702
:102DC00000000020D80D00200000C84200007A4416
:102DD0008014010868040020491D0108DC4A0C2108
:102DE00001FB032309EB880893F8483088F87D300D
:102DF00005F084FC88F87E0005F080FC88F87F00F0
:102E000005F07CFC494688F8800009F17D0008F057
:102E1000A7FDF7E605F072FC0B288146CDD8D4F863
:102E2000AC8605F06BFC0328C7D8062303FB098892
:102E300088F8D20005F062FC88F8CD0005F05EFC51
:102E400088F8CE0005F05AFC88F8CF0005F056FC53
:102E500088F8D00005F052FC88F8D100D2E69AF844
:102E60000530092BA9D9D5F8988605F047FC88F8D4
:102E7000000005F043FC88F8010005F03FFC6428E1
:102E8000A8BF642088F8040005F038FC6428A8BFB7
:102E9000642088F8050005F031FC88F8060005F08C
:102EA0002DFC642828BF642088F8070005F026FC64
:102EB00088F8020005F022FC88F8030005F028FCE1
:102EC000D5F8E038A8F80A005B790A2B7FF69AAEAD
:102ED00005F014FC88F8080094E605F019FC6FF47E
:102EE000AF6C00EB0C039BB2C62B98BFA4F8440157
:102EF00005F00EFCA5F8D00005F00AFCA5F8D200FC
:102F000005F006FCA5F8D40005F002FCA5F8860142
:102F100005F0F4FB05F0F2FB05F0F0FB05F0EEFB2D
:102F200085F8330105F0EAFB85F8400105F0E6FB82
:102F300005F0EEFBD5F8AC3600EB80004000A3F8BE
:102F40005A0005F0DBFB85F8280105F0D7FB85F872
:102F50002C0105F0D3FB85F82B0105F0CFFB85F89C
:102F60002D014FE6DFF8F0914FF0000805F0D0FB9F
:102F700008F10108B8F1080F29F8020BF6D141E673
:102F800094F8EF35002B7FF43DAE05F0C1FB714B9B
:102F900084F8ED0501221A7434E605F0B9FB6D4B97
:102FA00058842FE694F8EC3558073FF52BAEFDF723
:102FB000DDFE1EE694F8EC3559073FF523AE4FF4DD
:102FC000C873A4F852351DE694F8EC355A073FF55E
:102FD00019AE94F8DB3843F0040384F8DB3811E6CB
:102FE00045F2082009F0C2F9062007F075FF012319
:102FF000C72084F8AE3907F06FFF002384F86939E1
:1030000084F86839C4F86C39FCE5C4F8088005F028
:1030100089FBFDF7F9F8F5E505F07AFBA4F8E8007F
:1030200005F076FBA4F8EA0005F072FBA4F8EC00CA
:10303000E8E505F063FB84F8280105F05FFB84F800
:103040002C0105F05BFB84F82B0105F057FB84F89D
:103050002D01D7E505F05CFBA4F82E0105F058FB27
:10306000A4F8300105F04AFB84F8320105F050FB6A
:10307000A4F83401C6E505F041FB84F83E0105F0F3
:1030800047FBA4F8480105F043FBA4F8440105F010
:103090003FFBA4F8460105F031FB84F83F019AF8A4
:1030A0000530082B7FF6AEAD05F032FBA4F84A01DF
:1030B00005F02EFBA4F84C01A4E505F01FFB84F8F5
:1030C000840105F01BFB84F8850105F021FBA4F8C1
:1030D000860197E59AF80580B8F1380F3FF66DAE96
:1030E000DFF878904FF0000A40F6CA0B0323B8FBD4
:1030F000F3F8C24509F10209BFF484AD05F0FEFA08
:1031000089F84C0105F004FB5845A8BF584640F229
:10311000EE239842B8BF18461922B0FBF2F01E38D1
:1031200089F84D010AF1010AE3E705F0E7FA84F8AE
:10313000400167E5DFF828904FF0000805F0DEFA5F
:1031400008F10108B8F1080F09F8010FF6D159E5A7
:103150003814010800000020FE0D00206804002043
:103160009D05002005F0CAFAC4F8088005F0DAFAD7
:10317000FDF74AF805F0C2FA84F83E0105F0C8FAF6
:10318000A4F8E80005F0C4FAA4F8EA0005F0C0FAD3
:10319000A4F8EC0005F0BCFAA4F82E0105F0B8FA8A
:1031A000A4F830012EE59AF805304FF00708B3FB7C
:1031B000F8F8C8EBC8029B1ADBB2002B7FF4FDAD18
:1031C0005FFA88F808F1FF385FFA88F8B8F1FF0F66
:1031D0003FF418AD05F092FAD4F8E82840B2002385
:1031E000911C11F933C0844503D00133042BF8D16D
:1031F000E3E502EBC30989F8020005F089FAA9F8B2
:10320000040005F07BFA89F8060005F077FA89F8E2
:10321000070005F073FA89F8090005F06FFA89F8DC
:103220000800CFE71B4B4FF480421A85012384F836
:10323000AF39E7E40A2005F0ABF8FEF79DBE21F8B0
:10324000023B0132FEF7AEBE52F8040B00680133B8
:10325000C0F800C0FEF7B5BEC0B205F00DFAB8F870
:103260009A0105F039FA98F89C0105F005FA98F8EA
:103270009D0105F001FA98F89F0105F0FDF998F815
:103280009E0105F0F9F9FFF7BDBB29B0BDEC048B39
:10329000BDE8F08F0008004808B5FEF7E1F8FDF73B
:1032A0003BFFBDE80840012005F016B92DE9F04FBD
:1032B000B44DD5F8CC2795F8946A02F59C43203399
:1032C0008BB0C5F8903A002E00F0DF80D5F8983A20
:1032D0009A4202D9013E85F8946AAA4CD4F8C8876C
:1032E00018F48053019305D0D4F82C36D80701D4B4
:1032F000FDF70CFAD4F8B426937A23B304EB430316
:10330000127BB3F966351AB1C3F53B6308331BB2C0
:10331000A3F57A73B3F57A7FA8BF4FF47A7323EAE3
:10332000E37307EE903ADFED986AF8EEE77A87EEFE
:10333000A67ADFED967A67EE277AFCEEE77A17EE4B
:10334000903AA5F8343918F4807F00F03081D4F831
:10335000CC178F4A94F8F236914240F2258113B986
:10336000012384F8F23694F8116794F8EC25D4F828
:103370002CA6012E02F0040B14BF032700274FF0E8
:103380000009A2E1072C98BF195D8248BB6B88BF7A
:1033900021469847032C19D8C0B1D5F8B43603EBB1
:1033A00084039A8FDB8F801A9B1A08FB00F090FB36
:1033B000F3F040F2EE2300F57A709842B8BF184659
:1033C00040F6CA039842A8BF184680B205EB4404F1
:1033D0000136A4F89C0A95F828B9D5F8B436F4B2A9
:1033E000A345CFD8D5F8C827D5F85C05019042F29F
:1033F00001010A40039208D095F8FF2585F8FE25C3
:10340000654A92F83D1082F83C1095F8FE85B8F1B7
:10341000000F04D0604A92F83C8088F0010895F8CB
:10342000C17A01995D4C0F2285F8C02A0322B7FBAF
:10343000F2F202EB420201F51671BA1AD2B205910C
:10344000A4F5AD61049204F25A5904F2A45A22463A
:10345000002602915E451CDB4A4E96F8C03A0F2BBF
:103460006DD1D6F82C365B0169D4D6F85C35D6F828
:10347000FC26C6F8F8369B1AC82B02D9012386F819
:103480001137013786F8C17A27E7434F4FF47A782E
:10349000A1E7B8F1000F33D0414931F91600998AFC
:1034A00080B281422ED8D98A81422BD30599CAF89D
:1034B0000010039900B2D9B1049929F811000299BA
:1034C00091F8541B29B9022F12D90298012180F8D2
:1034D000541BB9F80010B9F802000844B9F80410F8
:1034E0000844304900B221F81600032190FBF1F0A6
:1034F00022F8020B013609F106090AF1040AA9E7CC
:103500004046CCE7DAF800100198814201D91088D2
:10351000CFE7F0B2CDE9063205F040F9032EDDE940
:103520000632C6DCDFF85CE04FF0010C9EF8C01AF2
:103530000CFA06FC21EA0C018EF8C01AB9E7164B0A
:10354000012283F83D2083F83C20D6F85C35D6F87C
:10355000F826C6F8FC369B1AD6F8F426934202D910
:10356000002386F811374FF0000807E05FFA88F073
:1035700005F014F924F8020B08F10108C345F5DC45
:103580007FE700BF6804002000007A4400C07F4449
:10359000404B4C00900D002000000020D00900207E
:1035A000040F0020BE0F0020002B7FF4DCAE019B37
:1035B000B4F96E95002B00F0E580B4F84431B4F80E
:1035C000DE20991A494580F2E08013444B4540F3D0
:1035D000DC80FDF77BF8FDF787F84FF0000AAC4B75
:1035E00093F83EB094F8EC35590740F1D58018F0C7
:1035F000100F00F0D18094F8DB38DA0600F1CC80AF
:10360000BBF1000F00F01D8194F88E31BAF1000F6C
:1036100040F006813BB1D4F85C15D4F894365B1ABF
:10362000002BC0F2B580102004F030FF012384F895
:10363000743BB1E0BBF1000F0DD0012E05D0052089
:10364000FCF7F2FD022384F8ED35002FAFD03846A9
:1036500004F01CFFABE71AF0806F4FF4806005D0D8
:1036600008F09EFF0023C4F80037EEE708F08AFF59
:10367000F8E7012E29D1052125E0012E04BF0521FF
:1036800084F81017BBF1000F0FD0D5F8701BB1F9FB
:103690000E10A5F86A15A5F86C15A5F86815D5F8EB
:1036A000EC164988A5F86E156746D4F85C05D4F881
:1036B0000417814202D3BBF1000F60D142F21071B6
:1036C000C4F80C17032184F8101794F810C794F865
:1036D000EC05BCF1050FB8D801A151F82CF000BFE2
:1036E00035360008733600087B360008F9360008C6
:1036F000293700086137000840F0020085F8EC0522
:10370000FDF704F8D5F85C05D5F80C170144C5F8A9
:103710000817042185F810174FF4806008F032FF75
:103720000520FCF78DFDD0E7012E11D1D4F85C35D2
:10373000D4F80817994288D2554991F83E1011B92A
:103740001AF0010F81D120F0020084F8EC0592E715
:10375000D4F85C25D4F80C371344C4F8083774E760
:10376000D5F8EC06D5F85C15C08885F8F396642387
:1037700003FB0011C5F8001785F81097CCE7012E60
:10378000A3D062E7B4F8463120E74FF0010A26E7FC
:10379000FCF7BCFF84F874AB94F88C31019394F877
:1037A0008D01B4F846C1B4F848E13A4900231E46F9
:1037B00031F9027BB6086745C4BF66F07F06F6B2F2
:1037C00001337745B8BF46F04006042BF0D194F89A
:1037D000753BB34239D194F8767BF92F03D8013782
:1037E000FFB284F8767B84F8756B08F00408BBF1AF
:1037F000000F40F0CC84D4F82C36DB0738D5BAF172
:10380000000F24D194F8EC35D80706D5590702D417
:10381000012384F8B035FDF737FA142F53D140E077
:103820003BB1D4F85C154FF47A7013FB0013C4F865
:10383000943694F8743B002BAED004F015FE0023B0
:10384000F5E6BAF1000FF4D1EDE60027C9E7D4F8A8
:103850007C360A2BE1DCB4F850355A07DDD494F8F5
:10386000EF35002BD9D1FCF731FFFCF73DFFD2E754
:1038700094F8EC355B07D0D594F8FE35002BCCD00E
:1038800010B1FCF743FFC8E7BAF1000FC5D1F8E764
:1038900000000020D0090020019B13B17D2E00F014
:1038A000808494F8EC355F070DD4572E40F0CD801E
:1038B000D4F8F4384FF47A7213F00803A4F85425BE
:1038C00001D1A4F84236B8F1000F40F0E480D4F8FA
:1038D000AC660023C4F82C3606F17F0706F1CF084A
:1038E0004FF0010917F8010C394604F015FE40B1FC
:1038F00017F8023CD4F82C2609FA03F31343C4F852
:103900002C3604374745EDD1B24F06F1CE0B4FF0C0
:103910000C0806F58B764FF000094FF0010A1BF8F2
:10392000010C594604F0F8FDE8B19BF804109BF82F
:10393000023008FB0140013BD0F8BC2603EB4303F7
:103940003B4493420FD09BF80320C0F8BC3694F858
:103950007D3B80F8B8260AFA01F123EA0103C0F89A
:10396000C09684F87D3B0BF1060B5E45D7D1D4F8A9
:103970005C35019394F8FE350293019BD4F898B618
:10398000954F03F5FA73002603937968002900F038
:10399000388191F800A0BAF1000F00F03281BA68C6
:1039A000019B9A1A002A0ADB039B94F87D2BBB60CB
:1039B000012303FA06F022EA000284F87D2B029B21
:1039C000002B00F01E813A78487894F87D8B043201
:1039D000D2B2002840F0888304EB4202B2F96805B5
:1039E000B4F8442102F1C80C604540F3F98091F825
:1039F000029048FA06F1CA0700F10381B9F1000FFD
:103A0000CCBF0220012004F067FD0AF1FF31132929
:103A100000F28081DFE811F0710185019001A001C1
:103A2000B801C0011E027902E0020E033A037E01D2
:103A3000A001AD01C0011E027902E40141029E0213
:103A40000B2004F023FD84F8767BB8F1000F01D041
:103A50005A2E17D0A6F15603082B57D8DFE803F0EB
:103A6000545656565652560550000123DEB2013BBD
:103A700084F82835FDF7F4FCFDF74EFB304604F0E2
:103A80002BFD20E794F8773B4BB1002384F8773B7C
:103A9000012384F8783B94F8793B53B91FE094F8FC
:103AA000793B83F0010384F8793BABB10C2004F03F
:103AB000EDFC94F8EC35580711D5B4F846314B4578
:103AC0000DDAD4F82C3613F0010302BF3222A4F829
:103AD0007A2B84F8793B02E00D2004F0D7FCD4F86F
:103AE0002C36D90366D594F87C3B2BB994F8773BF8
:103AF00013B93223A4F87A3B012384F87C3BE6E631
:103B00000323B3E70223B1E7FFF7C6FB334B93F878
:103B10003E3043B16F2E02D1FDF7B6F8D3E6019BDC
:103B20000BB17E2EF8D0972E04D14FF4C873A4F8B1
:103B30005235C8E6A72E06D194F8DB3843F00403CB
:103B400084F8DB38BFE60023B73E0993072E3FF623
:103B5000BAAE01A353F826F0AF3B0008C7380008FF
:103B6000C7380008C7380008793B0008C738000884
:103B7000A73B00087F3B00080223002201E000234E
:103B80000222D5F8AC16B1F85C000244A1F85C2022
:103B9000B1F85E201344A1F85E30FFF77DFB0023EF
:103BA00085F8763B8FE600236FF00102E9E76FF0BE
:103BB0000103E2E794F8773B002B3FF488AE94F8DA
:103BC000EC3513F0040302BF84F8773B012384F83B
:103BD000783B7CE6D0150108200B00200000002077
:103BE000C83A904203DA8A78C2F1000901E701235A
:103BF000B34028EA030384F87D3B019B03F5FA7385
:103C0000BB600136042E07F10C077FF4BEAED4F87A
:103C10002C56AB0706D4D4F8C837DF0507D594F87F
:103C2000F33623B1D4F8F4389E0700F196820120D0
:103C300008F0A8FC0123690740F19A82002B00F0EC
:103C40009782012008F09EFCB4F8C4379A0704D488
:103C50000220FCF73BFD08F0A3FC94F8EC355B0771
:103C600008D4B4F8C43703F044031BB1B4F84236A7
:103C7000A4F87236D4F8F43813F00A0F2AD0EF06FD
:103C800040F17A82B4F8C4375E0706D4042008F005
:103C900087FCB4F84236A4F87236A80640F1708268
:103CA000B4F8C437590602D4402008F079FC6A06FB
:103CB00042BFC54AB4F84236D38315F0080307D093
:103CC00094F8F83533B9C04AB4F84236D3830123A7
:103CD00084F8F8352B054FF4807040F1558208F0D8
:103CE0005FFC6379082B02D00E2B40F061824020EC
:103CF0000BB0BDE8F04F08F045BC9BF800304B44DA
:103D0000FA2BA8BFFA2323EAE3738BF80030584656
:103D100004F028FC0123B34048EA030884F87D8BB3
:103D20006FE79BF801304B44642BA8BF642323EA60
:103D3000E3738BF80130EAE79BF803304B44642BC4
:103D4000A8BF642323EAE3738BF80330D4F8801B05
:103D5000584604F023FCDDE79BF80510494464292C
:103D6000A8BF642121EAE171BAF10D0F8BF80510AB
:103D7000D0D09BF804304B44642BA8BF642323EAC3
:103D8000E3738BF80430C5E79BF806304B4483F3AC
:103D900008038BF80630BDE7D4F8840B01780229BC
:103DA00043D107EE909AF8EEE76AF2EE047A86EED7
:103DB000A77AD0ED0A7A37EE277AB5EEC07AF1EE1F
:103DC00010FA2FD4DFED827AB4EEE77AF1EE10FA32
:103DD000D8BFF0EE477AC0ED0A7ABAF10F0F99D04A
:103DE000D4F8841B0B78022B2BD107EE909AF8EEB7
:103DF000E76AF2EE047A86EEA77AD1ED097A37EE19
:103E0000277AB5EEC07AF1EE10FA17D4DFED707AAA
:103E1000B4EEE77AF1EE10FAD8BFF0EE477AC1EDD2
:103E2000097A77E7DFED6B7AD5E781784944C829CD
:103E3000A8BFC82121EAE1718170CEE7DFED657A84
:103E4000EDE74B784B44C82BA8BFC82323EAE373A4
:103E50004B705FE7D4F8840B0178022940D107EE5C
:103E6000909AF8EEE76ADFED5A7A86EEA77AD0EDFF
:103E70000D6A37EE267AB5EEC07AF1EE10FA2CD440
:103E8000B4EEE77AF1EE10FAD8BFF0EE477AC0ED63
:103E90000D7ABAF1100F3FF43DAFD4F8841B0B78C4
:103EA000022B29D107EE909AF8EEE76ADFED487A07
:103EB00086EEA77AD1ED0C6A37EE267AB5EEC07A97
:103EC000F1EE10FA15D4B4EEE77AF1EE10FAD8BF9D
:103ED000F0EE477AC1ED0C7A1CE7DFED3E7AD6E7CB
:103EE000417B4944C829A8BFC82121EAE171417337
:103EF000CFE7DFED387AEDE70B7B4B44C82BA8BF4B
:103F0000C82323EAE3730B7304E7D4F8840B017826
:103F1000022944D107EE909AF8EEE76ADFED2B7A9A
:103F200086EEA77AD0ED107A37EE277AB5EEC07A12
:103F3000F1EE10FA30D4DFED267AB4EEE77AF1EE46
:103F400010FAD8BFF0EE477AC0ED107ABAF1110F2F
:103F50003FF4E0AED4F8841B0B78022B2BD107EE94
:103F6000909AF8EEE76ADFED197A86EEA77AD1ED3E
:103F70000F7A37EE277AB5EEC07AF1EE10FA17D441
:103F8000DFED137AB4EEE77AF1EE10FAD8BFF0EE77
:103F9000477AC1ED0F7ABDE6DFED0E7AD4E7017EF8
:103FA0004944C829A8BFC82121EAE1710176CDE7BB
:103FB000DFED087AEDE7CB7D4B44C82BA8BFC823C3
:103FC00023EAE373CB75A5E60000002000007A44E5
:103FD0000000C84200000000D4F8841B0B78022BBC
:103FE0001FD107EE909AF8EEE76AF2EE047A86EEB9
:103FF000A77AD1ED0B7A37EE277AB5EEC07AF1EEDB
:1040000010FA0BD45FED0E7AB4EEE77AF1EE10FA07
:10401000D8BFF0EE477AC1ED0B7A7BE65FED137AFD
:10402000F9E7CB784B44C82BA8BFC82323EAE37336
:10403000CB706FE6D4F8841B0B78022B1DD107EEF2
:10404000909AF8EEE76A5FED1E7A86EEA77AD1EDD8
:104050000E6A37EE267AB5EEC07AF1EE10FA09D480
:10406000B4EEE77AF1EE10FAD8BFF0EE477AC1ED80
:104070000E7A4FE65FED297AF9E78B7B4B44C82B2C
:10408000A8BFC82323EAE3738B7343E6D4F8841BE9
:104090000B78022B1FD107EE909AF8EEE76A5FEDDE
:1040A000357A86EEA77AD1ED117A37EE277AB5EE1A
:1040B000C07AF1EE10FA0BD45FED3B7AB4EEE77AFA
:1040C000F1EE10FAD8BFF0EE477AC1ED117A21E691
:1040D0005FED407AF9E74B7E4B44C82BA8BFC8235D
:1040E00023EAE3734B7615E601287FF413AEBAF1A9
:1040F0000C0F7FF40FAE04EB42028978B2F9680529
:1041000040F633029042A8BF1046B0F5617FB8BFB9
:104110004FF46170A0F561704FF49662B2FBF1F25A
:10412000B0FBF2F094F8B026C0B282423FF4F2AD98
:10413000032894BF0246022285F8B0260AFB0252E9
:1041400002F22A520490C5F89826FCF7E9FD04987B
:104150000130C0B204F0C0F9DCE5B4F8C437D807C8
:1041600004D40120FCF7B2FA08F01AFA002362E541
:10417000022008F007FA70E5042008F003FA8CE545
:10418000402008F0FFF992E508F0FCF9A9E5142FAA
:104190007FF499AB94F8EC755F2E07F004077FF479
:1041A0007BAB002F3FF44CACFCF7B0FAFFF779BBC8
:1041B0000BB0BDE8F08F1649D1F8883043F4700396
:1041C000C1F88830134B1A6842F001021A6058682F
:1041D000114A02405A601A6822F0847222F4803236
:1041E0001A601A6822F480221A605A6822F4FE02C9
:1041F0005A60DA6A22F00F02DA62186B074A02404C
:104200001A6300229A604FF000638B60704700BF12
:1042100000ED00E0001002400CC07FF8CCFC00FF75
:1042200080EAE073A3EBE0738B4206DB002801DD3C
:10423000401A704702D008447047002070472DE9AB
:10424000F041824CD4F8883BA0EB030842F20F7394
:1042500098452DED048B40F2EB8044F620639845A1
:104260007B4DC4F8880B81BF0023C4F8943BC4F88D
:10427000983BC4F89C3B95F83F3043B394F8EC2549
:1042800012F0040223D1734BC4F8942B002119605F
:1042900040F2DC50C4F8982BC4F89C2B85F83F20E2
:1042A000C4F8A42BC4F89C25A3F24C42A3F5876361
:1042B000694EA4F88C054FF07E50106056609160F6
:1042C000D060116118605E609960D8601961D4F89F
:1042D000A86BD4F8AC3BB3426ED0F31A08EE903A18
:1042E000DFED5E7A5E4BF8EE688A68EEA78AD3ED62
:1042F000007AF5EEC07AF1EE10FA40F29D8013EDEF
:10430000017AB5EEC07AF1EE10FA40F2958087EEB0
:10431000270AB5EEC00AF1EE10FA40F28D80DFED0B
:10432000517A93ED018A38EE278A0AF06BFBDFEDB4
:104330004E7A28EE000A20EE270ADFED4C7A20EEB6
:10434000270AF6EE007AF4EEE78AF1EE10FA31DC95
:10435000B4F9B03B0F2B72D1B4F9B23B444A02EB33
:10436000830201331BB20F2B08BF0023A4F8B23B1A
:10437000D2ED007A0E23A4F8B03B3E4B93ED017AC8
:1043800077EE877A30EE670A83ED000AB4F92A39AE
:10439000002BB8BF5B429BB21E2B07D8B4F92C3957
:1043A000002BB8BF5B429BB21E2B4CD9324BEB604B
:1043B000FCF756F9C4F8AC6BD4F8983B002BC9BF96
:1043C000D4F8942B9FED2D9A07EE902AB8EEE77A59
:1043D000C4BF07EE903AF8EEE77A294BC8BF87EEE4
:1043E000279A9FED287AA3EC019AD3ED007A69EE23
:1043F000277AF4EEC77AF1EE10FA08D49FED227A0C
:10440000F4EEC77AF1EE10FAD8BFB0EE677AB4F9DD
:10441000083C1E4E0027052B86ED007AC4F8947BDD
:10442000C4F8987BC4F89C7B36DC0133A4F8083CC4
:10443000BDEC048BBDE8F0819FED100A81E7144BC1
:10444000D3ED007A99E74FF08043B0E7680400208D
:104450000000002008100020CDCCCC3D6F12833A24
:10446000F00A0020339388438E2BEA410000C842B3
:104470001C1000205C1000200000A0400000000084
:1044800064100020000048C4000048446C10002064
:10449000581000200024744907EE908A1FED036A2B
:1044A00016ED190A56ED039A56ED058AF8EE677A6D
:1044B000A6F5CA63C7EE866AA6F5C96216ED046A58
:1044C000D3ED005AD6ED027A66EE255AA6F24C6379
:1044D000E5EEA67AD3ED005AC6ED027A66EE255ACD
:1044E00077EE877AA5EEA60AD2ED005A26EE256A67
:1044F00067EEA67AE6EE269AB0EE407AB6EE006A4D
:10450000A7EE867A30EE270AE7EE268A06ED190A2C
:1045100046ED039A46ED058A0AF046FB39EEA80AF5
:1045200008EE100A0AF040FBB4F9B01BB5F84020C1
:104530000E2902F1010207EE900A12B2A6F1500311
:1045400000F3F2800E2ACCBF3A46174603EB8203F3
:104550000131A5F84070C3ED008AA4F8B01B834F69
:1045600097ED036A97ED007AD7ED016A97ED020A9D
:1045700057ED045A36EE076AB8EEC88A76EE266A18
:1045800038EE408A86EE267AF7EE006AA7EE080A31
:1045900087ED047A36EEC77A17ED038A87ED020AB3
:1045A00027EE067A17ED056A87ED037A17ED027A92
:1045B00037EE067AF8EEE77A77EE255A77EEC87A84
:1045C00087EE256AA6EE278A76EEC66A07ED016AAF
:1045D00066EE876A07ED038A47ED026A0AF0E4FA9D
:1045E000B0EE480A0646C4F8100C0AF0DDFAB4F939
:1045F0003C36C4F89805002BB8BF5B429BB2B3F5BC
:10460000487F07F2AC4780F0AE80B4F93E36002B0D
:10461000B8BF5B429BB2B3F5487F80F0A48094F8AA
:10462000EC25AB7A97ED007AD4F8508712F00402AB
:1046300008BFC4F89405002B40F08E80D4F8943560
:10464000181AB0F5FA7F4A4BA8BF4FF4FA70984297
:10465000B8BF18460521FFF7E3FD98F80430454937
:1046600043438B427BDB002BB8BF7F33DB11B3F5B9
:10467000967FA8BF4FF49673991B98F80A303E486E
:104680004B4383426DDB002BB8BF1F335B11B3F587
:10469000967FA8BF4FF496732AB198F81500D4F806
:1046A000A42B01FB0022B2F5161F3449A8BF4FF41A
:1046B00016128A42B8BF0A46C4F8A42B002ABCBF0F
:1046C00002F5FF521F3203EB623398F8202007EE09
:1046D000902A37EE097AF8EEE77A6FF0950167EEE7
:1046E000877A9FED277A67EE877AFDEEE77A17EEF5
:1046F000902A962AA8BF96228A42ACBF9B1A5B1AC0
:1047000030460521C4F89C3587ED009AFFF788FDF7
:10471000002EB8BF7642C82EC8BF0123C4F83009A6
:10472000C8BF85F83F3083E6B4F8B21BA5F8402037
:1047300001310F2A09B206D1A5F84070C3ED008AF5
:10474000A4F8B21B0BE703EB82030F29C3ED008A29
:10475000F6D1A4F8B27B02E7D4F8AC358CE7094B6C
:104760008AE7084B98E70023CAE700BFD00B002078
:104770000CFEFFFF8169FFFF61DAFFFF0080DAFFB7
:104780000000003BD4FEFFFFD0ED005A9FED2B4A06
:1047900008B535EE840AFBF763FEF0EE403AB0EE62
:1047A000650AFBF75DFE90ED015AF0EE404A35EEEA
:1047B000040AFBF755FEF0EE405AB0EE450AFBF74F
:1047C0004FFE90ED023AB0EE405A33EE040AFBF78A
:1047D00047FEB0EE404AB0EE430AFBF741FE65EEFD
:1047E000C07A20EE236A24EE847AC1ED017AF0EEDD
:1047F000467AE5EE077A24EE233A64EE806AC1ED4C
:10480000037AF0EE437AE5EE667AA5EE067AE5EEF7
:10481000436A24EE254A64EEE54A65EEA35A81ED2B
:10482000004A81ED025AC1ED047AC1ED054AC1ED9D
:10483000066A81ED077AC1ED085A08BDDB0FC93F52
:104840002DE9F04F2DED028BB1B04FF00009FBF7D1
:10485000B7FC18B9FCF78AFAFCF702FEBA4DBB4C5C
:10486000FCF75AFC95F8188C48F0010385F8183CC1
:10487000B74B4FF47002C3F88820002304930593CC
:104880000693236843F480332360236803F40033E2
:104890000593049B01330493059B1BB9049BB3F55B
:1048A000A04FF2D1236813F4003318BF01230593FE
:1048B000059B012B40F0018302230693A54B122296
:1048C0001A606368636063686360636843F480636D
:1048D0006360636823F47C136360636843F4E813E4
:1048E0006360236843F08073236023689F01FCD5D5
:1048F000636823F003036360636843F0020363604B
:10490000636803F00C03082BFAD1069B904EC5F8A0
:104910001C3C914BF360636A636A43F0807363628B
:10492000636943F4FC031CAF636103238DF87230A9
:10493000394641F6FF734FF09040ADF8703006F005
:10494000B9FC4FF6FF738548ADF87030394606F074
:10495000B1FC8348394606F0ADFC8248394606F082
:10496000A9FC8148394606F0A5FC39467F4806F087
:10497000A1FC384603F0D8FF1C9B7D4AB3FBF2F341
:10498000C5F8203C7B4B7C4ADFF8FCC14FF0000EA1
:10499000C5F824ECC3F804E04FF0E0230DF1740AED
:1049A0005A61F02286F823200722C3F818E01A6122
:1049B000BCE80F003E460FC6BCE80F000FC69CE8DF
:1049C0000F00D5F808B0C5F8C8B786E80F006369CE
:1049D00043F400236361636943F400236361636903
:1049E00043F400236361636943F4003363614FF070
:1049F000904310221A8520221A8540221A85584A8F
:104A00004FF4804393614FF4005393614FF400439C
:104A1000936176465AF8040C5146013606F04AFC7A
:104A2000062E0AF1080AF5D1544B1C936369DFF88E
:104A30005CA14A4843F480236361394606F03AFC9E
:104A40009AF820200823002A40F03A82434A9361D2
:104A50004B48C5F8E80804233022002100F2A27078
:104A600085F8363901260BF083FB1422002117A8A4
:104A700085F8446948F005080BF07AFB1BF4802F99
:104A800008BF85F82C6C85F8188CE369334E43F425
:104A90008043E361236943F480432361636943F402
:104AA00080236361736A23F470037362736A43F44F
:104AB000A0037362736A23F070637362736A43F0D6
:104AC000A0637362736A23F070437362736A43F086
:104AD000A0437362336A23F470033362336A43F48E
:104AE000A0033362736A23F470237362736A43F41E
:104AF000A023736240F2023B4FF4604339463046D4
:104B0000CDE91C3B06F094FB2022012339463046B8
:104B10004FF480581C928DF8743006F089FB3946AA
:104B20003046CDF8708006F083FB236943F4804360
:104B30002361236923F480432361124B998821F474
:104B400080510904090C23E0680400200010024091
:104B500000ED00E0002002400005FA0500040048D6
:104B600000080048000C00480010004800140048ED
:104B700040420F008C1000203F1901000800010284
:104B8000FE050020003800400C160108000000203F
:104B90009980998889B241EA08019980198801F4BD
:104BA000415141F4437141F003011980998821F486
:104BB00070610904090C41F4E0619980998B21F43A
:104BC00000610904090C998307211982198889B2A7
:104BD000202241F040011980B261C6F81880636953
:104BE000DFF8B883C5F8EC8843F480236361E36998
:104BF00043F40013E361236B23F010032363236B5F
:104C000043F010032363736A23F00F037362736A24
:104C100043F004037362736A23F0F0037362736AF0
:104C200043F04003736239464FF480733046CDE958
:104C30001C3B06F0FDFA4FF40073394630461C93D6
:104C400006F0F6FAD8F80030B5F9E81023F00103C1
:104C5000C8F80030D8F80020C24B1340C8F8003024
:104C6000C14BC8F81030D8F80030B5F9EA20002060
:104C700043F00103C8F80030C8F80800C8F80C0079
:104C8000C8F80800D8F8083043F40043C8F80830E2
:104C9000D8F80030C8F80030D8F8043023F0784352
:104CA00023F40043C8F80430D8F8003043F001037F
:104CB000C8F80030B5F9EC3041EA02041C431FD0BB
:104CC00007EE901A9FEDA97A8AF84200F8EEE77A8B
:104CD000A74967EE877A3846CDED1C7A07EE902A11
:104CE000F8EEE77A67EE877ACDED1D7A07EE903A17
:104CF000F8EEE77A67EE877ACDED1E7AFFF744FD8E
:104D00009C4EB5F8F03003934FF0000B102259463B
:104D1000A6F5EE70C5F858BC95F8EF4095F8F78009
:104D200085F854BCC6E901BB0BF022FA2320C5F874
:104D300068BCA5F864BCC6E905BBC5F874BC03F043
:104D400027FB0BAA0121752004F0B6F9002840D0FA
:104D5000894AC5F86C2C894AC5F8702C43F6433251
:104D6000A5F8682C01210FAA584604F0A5F99DF872
:104D70003C20002800F0A780EA2A40F0A48042F6F8
:104D80003352594606267F20A5F8682C85F8646CB6
:104D900004F0E1F80A2003F0FBFA7821032004F084
:104DA000DAF80A2003F0F4FA0121304604F0D3F8CF
:104DB0000A2003F0EDFA3F21072004F0CCF814207C
:104DC00003F0E6FA5946072004F0C5F80A2003F07C
:104DD000DFFA95F8643C0022062B85F8782C40F029
:104DE000DF80674BC5F87C3A664BC5F8803A664B66
:104DF0006649D960D5F8F4380A2C43F00101C5F8AA
:104E0000F41828BF144640F2FD2121FA04F212F0F2
:104E1000010240F05681012C40F051819E0785F837
:104E2000792C00F15B81D5F87C3A039898470023F0
:104E300085F87A3CB8F1000F40F054814FF000083B
:104E4000002422467F2168208DF8704004F05FF82E
:104E500032220F21682004F05AF8224603216820EC
:104E600004F055F801223B4611460C2004F0A1F84D
:104E70009DF87030092B40F03E81454BC5F87C3CD5
:104E8000444BC5F8803C072385F87A3CD5F8F438C4
:104E900043F00803C5F8F43895F8E4300BB185F811
:104EA000783C95F8E5300BB185F8793C95F8E6301B
:104EB000002B78D085F87A3C75E00123069324E531
:104EC000354A1385C4E502F07E028DF83C2040B1DE
:104ED000682A06D1012385F8643C1D2385F8683CC7
:104EE00077E79DF82C3003F07E03682B8DF82C308B
:104EF00032D1062102233A46084685F8643C04F084
:104F0000DBF89DF875309DF873209B00520002F08D
:104F1000020203F0040313439DF8712002F0010222
:104F200013430CD0012B03D1002385F8653C50E7D7
:104F3000022B01D10123F8E7022003F038FA13AA6B
:104F400001210C2004F0B8F89DF84C3013F00F0349
:104F5000F2D0042BEED1E7E7702B04BF042385F8D1
:104F6000643C36E7FFE0CF007A25E00035FA8E3C5E
:104F700098100020C0100020B9900008578F00083A
:104F8000B1B30008C9620008E40E00202D23FA3BEB
:104F90005F8F0008CF9000080004004800540040D4
:104FA000022385F8543C95F8F830052B7DD8012470
:104FB00004FA03F313F0160F40F0A58013F0290F45
:104FC00073D00A2003F0E4F94CF6EF030FA9022096
:104FD000ADF83C3006F0FEFD002800F0948020463D
:104FE00003F0D6F913A902208DF84C908DF84D905E
:104FF00006F0D6FC002800F08680BDF84C305BBA85
:1050000003F03F03082B7ED1424B9DF84C90D3F820
:10501000040293F808321C9039463B7105209DF834
:105020004DB006F0D7FD00286DD03B4C4FF2C7784D
:1050300004F110060FA90220ADF83C8006F0CAFD6D
:10504000002860D0012003F0A3F913A902208DF8F5
:105050004C908DF84DB006F0A3FCBDF84C309DF897
:105060004C909DF84DB05BBA9BB200284BD007EE38
:10507000903AF8EEE77AE4EC017AA642DAD1274BCF
:10508000C5F8A83C264BC5F8B03C264B00221A6058
:105090006223C5F8B83CD5F85C35C5F8BC3C0320A4
:1050A000002385F8C03C06F0E9FDD5F8F43843F05C
:1050B0000403C5F8F4381C4C49F6117647E0144651
:1050C000A3E6002285F8792C184AC5F8582C43F03D
:1050D0000303174AC5F85C2CC5F8F438D5F8583CDA
:1050E0009847A0E6A8F10203032B7FF6A9AEB8F11A
:1050F000010F04D1D0E6B8F1000F3FF4CDAE00238C
:1051000085F87A3C9AE695F8543C43F0200385F8FC
:10511000543CD0E738140108EC1000207DBC000896
:1051200039BA00081C110020000800489DB300088F
:1051300095620008A38A9BB283F40053A382A38ADA
:105140009BB283F48043A382642003F021F93B46A1
:10515000022200214020ADF8706003F0E5FD002838
:10516000E8D0D5F81C3C012B02BF95F8543C43F025
:10517000400385F8543C95F8540C00287FF4DDAECC
:1051800095F8183CC24C43F0020385F8183C4FF4E4
:10519000005323854FF48043A3610F26A38A9BB25B
:1051A00083F40053A382A38A9BB283F48043A38237
:1051B000A38A9BB283F40043A382192003F0E8F88A
:1051C000013E192003F0E4F816F0FF06E6D14FF493
:1051D0008043A3614FF40053A3614FF40043A361E4
:1051E000D5F8F4381C0705D5D5F87C3C9847012341
:1051F00085F8C13CD5F84437DFEDA66A1B7BA5F8DE
:10520000C23CBAF82630A44807EE103AB8EEC77A86
:105210001A22C6EE877AFF219FEDA07A67EE877A81
:10522000C0ED007AA0F206300AF0A2FFD5F8F4181B
:1052300001230022880785F8F83885F8F92807D572
:1052400085F8FA38032385F8F838022385F8FB3807
:105250004A0708D595F8F8385A1C2B4485F8F828E1
:10526000032283F8F92895F8F83811F00A0F03F1B2
:105270000102D2B210D0E9182A44042081F8F908BA
:10528000052182F8F918DA1C023355FA83F385F800
:10529000F828062283F8F928D5F8C877BB0608D580
:1052A00095F8F8385A1C2B4485F8F828072283F81B
:1052B000F9286B79082B01D00E2B08D195F8F83816
:1052C0005A1C2B4485F8F8280B2283F8F92895F806
:1052D000F828A918531C0C207C07DBB281F8F908C8
:1052E00005D52B440232102183F8F918D3B2E918FE
:1052F00012205A1CD2B281F8F908780585F8F828EE
:1053000009D595F8B81131B102332A4485F8F83837
:10531000132382F8F938B90508D595F8F8385A1CDE
:105320002B4485F8F828152283F8F928FA0508D5C2
:1053300095F8F8385A1C2B4485F8F8281A2283F877
:10534000F928982200215648564C0AF011FF0120F6
:1053500003F08AF94FF04C0B00286AD1D5F8E439F4
:10536000B5F944C1C5F8E4384F4BC5F8703B00228D
:10537000A5F8F02685F8F226C5F81427C5F81827F1
:10538000C5F8B43685F8C12AD5F8AC16B5F844018D
:1053900003F23246624603F6D613F82526F8022BAE
:1053A0000135D4F85C25EDB202F516720A2D43F8EA
:1053B000042B65D1FB0454BFB4F84A310346A4F86A
:1053C0006E3501F1500591F87D30ABB991F87F2031
:1053D00091F880309A420FD2002A6BD0013A02EB4A
:1053E000820202EB820202F5617293B291F87E2092
:1053F00004EB4202A2F8703504318D42E3D13E073E
:105400006DD594F83E21062A63D8DFE812F05B00E0
:105410002D04300458047904930493040BFB06FA1A
:1054200004EB0A0999F82E8AB8F1000F04D001366E
:10543000F6B2022EF2D191E702791C4B90F90000EE
:10544000CDF8048003EB820303220092D3F80C32E0
:105450004246012106F0BAFE039068B11448482282
:10546000414650440AF084FE039BC9F8E439012305
:105470001E4489F82E3AF6B2012003F0CFF86BE70C
:10548000022D9DBFB4F84621643212B2624685E710
:10549000000800480AE81C41681000200000C842CB
:1054A0004C0E0020680400209E05002038140108DE
:1054B000500E0020013303EB830303EB830303F55A
:1054C000617393E745F2F053A4F8C43C06F0B6FECE
:1054D00028B90820FAF7A0FEC34BC44A9A6317F410
:1054E000804F18BF1223C04D1EBF84F82839C04B0F
:1054F000AB6342F201031F4211D044F62063A4F8CB
:10550000C43CBB0441BF082384F82839B94BAB63C2
:10551000FE0741BF0C2384F82839B74BAB6394F8DE
:105520002839B64F043B84F8293932209F234FF4A1
:1055300080580DF14C091CAE139302F029FF002393
:10554000A7F828800422494630468DF8713006F0CD
:10555000BFFE9DF87130C7F818809DF872201B04BB
:1055600043EA02239DF873201343A54A934200F0B7
:10557000228400F31984A2F51A42033A934200F000
:10558000218402F51A420232934200F0478400233C
:10559000C5E90C33AB6202F0A9FD6379C4F8180DBC
:1055A000052B04BF4FF4C873A4F85235FBF758F825
:1055B0004FF47A73DFF87482A4F854350320D4F8DA
:1055C000A83C9847DFED8F7A47460837C8ED007A48
:1055D0004FF0650AB0EE677AB0EE678AB5EE407AB2
:1055E000F1EE10FAC7ED007A40F03F84BAF1010AFB
:1055F00040F0268494F8DB3843F0080384F8DB3865
:1056000094F8EC3523F0020384F8EC35D4F8C8376D
:1056100040F602021A4222D00027032384F8A5385C
:1056200039460123784885F82430C822A4F8A878A0
:10563000A4F8AC78A4F8AA78A4F8AE780AF098FD9B
:10564000D4F85C35C4F8B438704BC4F8D87700206F
:105650000021C3E9000184F8D47784F8A4780123F9
:1056600084F82C3C94F8183C694FD4F80880C4F8AE
:10567000C88763F07F0384F8183C3B464FF08042B4
:1056800043F8042B634A1A60634BBB604FF4966384
:10569000A4F87235614BAB610021614D084605F0FD
:1056A00030FE95E80F000DF11C0A8AE80F0005F1A5
:1056B00010030FCB0DF12C0E8EE80F0005F1200327
:1056C0000FCB0DF13C0C8CE80F0005F130030FCB34
:1056D00089E80F0005F140030FCB86E80F009AE838
:1056E0000F0007F10C0585E80F009EE80F0007F199
:1056F0001C0A8AE80F009CE80F0007F12C0E8EE8C8
:105700000F0099E80F0007F13C0C8CE80F0096E8B9
:105710000F0007F14C0C8CE80F004FF4967002F06C
:1057200037FE4FF48C7207F15C0000210AF020FD77
:105730003C4BDA6942F00702DA619A6942F4A52229
:105740009A615A6942F4C0225A6100200F27AA7B4D
:10575000696895F80FC002F00703D20801EB8202D6
:105760009B00116A0CFA03FC07FA03F321EA030316
:105770001362136A04304CEA03031428136205F120
:105780001005E4D16279D4F8E818182A9DBF264B99
:10579000D34003F0010300238DF866300022881CFB
:1057A00010F93250022D00F092830132042AF7D111
:1057B00000228DF86120C8F340028DF86220C8F302
:1057C00080128DF86420C8F340328DF85C20C8F355
:1057D000C0328DF85F2018F4006229D094F832218D
:1057E000D51E6A426A4123E000000020D160000813
:1057F000ED600008D5600008E16000080004004882
:1058000018BA200000000000440C0020280D0020E1
:1058100084110020ABAAAA3F26B4973EA0860100BF
:10582000641601080010024000410001EC0A00204B
:105830008DF86020C8F300428DF8652008F0010261
:105840008DF85D20C8F3C0028DF85E20C8F3804259
:1058500018F4805FB4F8D4108DF86320B4F8E02019
:10586000ADF86A101CBFB4F8DC10ADF86A10B2F5E0
:10587000FA7FADF8682094BFBDF86A200022ADF829
:105880006A2094F8822184F8902E00225B0018F0A0
:10589000090FA4F8912ECB4A18BF013302EB830302
:1058A0004FF6FF79D3F87C32A3F102080833039353
:1058B00038F8020F484500F0C880030A022B00F0B8
:1058C000C080C14AC0B2012B4FEA001B02EB00109E
:1058D00040F085839DF85D30002B00F0B28004EB32
:1058E0000B07002384F8943EC4F8983EC4F89C3E0D
:1058F000C4F8A03EC4F8D43E84F8DC3E97F8353DA9
:10590000B7F8302DC4F8E80E31468DF87230D7F86C
:105910002C0DADF870200223C4F8D89E8DF873309A
:1059200005F0C8FC94F8902ED7F8285D97F832ADB2
:10593000012A18BF00212A6A08BF0321BAF1000F0B
:1059400040F0CC8222F001022A62AA69286A22F081
:10595000F30242EA011220F00A0042F0010240F094
:105960000100AA612862AA6922F00C02AA61AA6950
:10597000AA6101220021284605F0A2FB2A88934F44
:1059800092B242F00102BB442A809BF833BD5846D4
:1059900006F0CEFABBF11B0F02D1192006F0C8FAAF
:1059A0008B4AC7F8EC2E4FF0000B8A4AC7F8F02E4E
:1059B0002846C7F8F4BE05F0FBFA062841D80A21AC
:1059C0004143854A01EB9A0107EB810C131DCCF88A
:1059D000782DCCF8883D4FEA9A0C0223E96803FA47
:1059E0000CF39BB20B43EB6028234343A2F5BA723E
:1059F00003F120011144EFF3128C4FF0500E8EF39F
:105A000012880C33134453F8042F0AB10A60111D95
:105A10000BF1010BBBF1040FF5D100230B605FFA12
:105A20008CFC8CF31188282303FB0077D7F8983D72
:105A3000002B40F0D082EB6823F001031B041B0C09
:105A4000EB60039B43457FF433AF644E644D042306
:105A500084F8B0390FCE0FC50FCE0FC50FCE0FC5CE
:105A600096E80F0085E80F00D4F8C837D4F8286707
:105A7000D4F8240703F48052A5F256650023002AC7
:105A800000F0E082818825F8021B01330C2BF6D14F
:105A9000544B0F934FF09043CDE913334FF44173C0
:105AA000ADF82C30504B514D21954FF0A041CDE930
:105AB0001C1301204FF08053002713AC0BAE05F1EF
:105AC0000D094FF0020B0DF11C080DF13C0ACDE958
:105AD0001E0303F558531CA82093ADF81C70CDF895
:105AE0009490CDF89CB0CDF88880CDF88CA024940B
:105AF000269606F0F3F83E4A3E490F922022ADF872
:105B0000402007C984E807003B4ADFF808C1118834
:105B10009278ADF82C10B270384AADF81C704FF086
:105B20008053CDE91CC21F930DF1700C03F558533F
:105B300003202093279005F10E0360462193CDE9C1
:105B4000228A8DF81E70CDF878B0CDF89490249408
:105B5000269606F0C3F84FF40053ADF83C30284BBE
:105B600013930523DFF8B0E08DF82C30254B8DF82A
:105B70001C70CDE91CE3244BCDF878B04FF00052F7
:105B8000CDE91F2305F114022192012227921CAABC
:105B90001046CDE9228ACDF894902494269606F0FA
:105BA0009DF81A4A13490F924FF48052ADF84020E5
:105BB00001F10C0207CA84E80700154A124B11884C
:105BC00092782BE03814010890110020680400201E
:105BD0003D6300082D63000854130020C41601081B
:105BE000241400200800040008000240E4140020EF
:105BF0000400100004170108631D01080804024096
:105C000000040048580402400036001000800040A4
:105C1000671D01080001005000040050ADF82C1071
:105C20004FF00050CDE91F03BA49B2700320BA4AC1
:105C3000279016351CA8CDE91C12CDE9228AADF8B3
:105C40001C708DF81E70CDF878B02195CDF8949029
:105C50002494269606F042F81E2031B0BDEC028B4B
:105C6000BDE8F04F02F094BB42F6F8232CE442F674
:105C7000F823AA4AA4F8C43C00010A23B0FBF3F0BD
:105C80000023A0F5B0600133122B42F8040BFAD1C7
:105C9000A34AA4499163402084F8283902F0E4FC27
:105CA00000283FF416AC0123072590F900009E4A16
:105CB000CDE9003540219D4B06F088FA08E442F614
:105CC000F823A4F8C43C964B994A9A6340201023C9
:105CD00084F8283902F0C8FC00283FF4FAAB01230D
:105CE0000021944A90F90000CDE900314FF4E133EE
:105CF000402106F06BFA003818BF0120FFF7E8BB1F
:105D000042F6F823A4F8C43C854B8B4A9A634020A2
:105D1000082384F8283902F0A7FC00283FF4D9AB07
:105D20000123002290F90000CDE90032834A4FF4AC
:105D3000E133DDE742F6F823062AA4F8C43C4FF02D
:105D40000C0318BF052284F8283984F8143D744BDD
:105D500084F8152D4FF000050CBF21211B21784A36
:105D600008BF784E84F8105D4FF0400018BF4FF424
:105D7000E13684F8115D84F8125D84F8131D9A638E
:105D800002F072FC00283FF4A4AB012390F900005C
:105D90006D4A009301953346402106F017FA401BE7
:105DA00018BF0120FFF794BB684A934236D00132F6
:105DB00093427FF4ECAB4FF00123AB624FF40052FF
:105DC000634B04E0634BAB62614B4FF400421A85B6
:105DD000AB8D2F8D1B025F432B6301236F6384F810
:105DE000AE39002F3FF4D7ABFF0A4FF0000ABA4597
:105DF0000DDA0AEB070808EBD8784FEA680810229A
:105E000031464FEAC82006F05DFB0F280CDCFF028C
:105E100006F0BAFAC4F86C79FFF7BDBB4E4BAB6223
:105E20004FF480424A4BD2E73246002352F8041B1B
:105E3000013140F009810133042BF7D14746D6E701
:105E40004FF0230B02F052F905F0C6F90A2002F0D8
:105E50009FFABBF1010B414BF4D193ED007AD3EDE6
:105E6000027A88ED007AFFF7B9BB88ED008A87EDEA
:105E7000008A4FF00F0B4FF00A0A02F037F905F0D5
:105E8000ABF90A2002F084FABAF1010A334BF4D1DB
:105E9000D8ED007A93ED007AD7ED006A37EE277AD5
:105EA000D3ED027A88ED007A77EEA67ABBF1010B8A
:105EB000C7ED007ADFD1F2EE0E6A87EE266A87EE32
:105EC000A67A88ED006A87ED007AFFF793BB01EBB5
:105ED000C2018A88003A18BF01226AE4BAF1040FAD
:105EE0003ED122F010021204120C2A62AA69286A1A
:105EF00020F0A00022F47342000442EA0132000CB8
:105F000042F4807240F01000AA612862AA6922F46B
:105F100040622BE5000500501C04024030110020B7
:105F200000000020F960000821810008A08601001F
:105F30002961000875810008396100082D82000878
:105F40001D62000890D00300C58200081740EF00D2
:105F5000000800482000000180000001F00A002035
:105F6000BAF1080F1DD122F480721204120C2A62B9
:105F7000EA69286A92B222F0F30242EA01124FF271
:105F8000FF51014042F0010241F48071EA6129624F
:105F9000EA6922F00C021204120CEA61EA69EA6171
:105FA000E7E422F480521204120C2A62EA69286A99
:105FB00022F440721205120D42EA013245F6FF71D9
:105FC000014042F4807241F48051EA612962EA6939
:105FD00022F44062DFE7EB6843F0010330E5032B76
:105FE0007FF42FAD94F8923E9DF863209D0052B14E
:105FF00000234FF6FF72082105F00AFA6319C3F86F
:10600000B409134B11E0BDF86810BDF86A30B1F562
:10601000FA7F11D90F4AB2FBF1F2122192B205F0C8
:10602000F7F96319C3F8B4090B4BC36094F8923EB7
:10603000013384F8923E04E5084AB2FBF1F20121F3
:1060400092B2D9E7B1881EE508F1010AB846F5E633
:106050001D63000880A81201FD62000840420F0085
:10606000F0B50124B0FBF4F58D4203D200261CB933
:106070001C70F0BD4C43F5E7B0FBF4F5B4FBF1F751
:1060800004FB15002EB9002D03DC8C420CD33C46DA
:10609000EDE7092D08DD002A0CBF572437242C44D6
:1060A00003F8014B0136F2E73024F8E738B5074D25
:1060B000044600236A6895F9001003B138BD002A30
:1060C000FCD0A142FAD190470123F3E78C100020C5
:1060D00000207047014B33F811007047F215002083
:1060E000014B33F811007047F2150020014B33F8D3
:1060F00011007047D80D0020094BDFED0A7A03EB41
:10610000810393ED007AB8EE477AF6EE046AE7EE83
:10611000267AFCEEE77A17EE903A98B2704700BF05
:106120003011002000005C44024B33F81100C0081D
:10613000704700BF9815002007299ABF024B33F81B
:1061400021000020704700BFD015002003788B424B
:106150000AD9064B53F82100054B1B7803B14008C0
:1061600000F5777080B2704700207047241500203A
:10617000541800200022254970B5134641F221062B
:1061800084180C44647883EA042308241DB2002D8B
:10619000B4BF86EA45055B0004F1FF34B4BFABB27F
:1061A0009BB214F0FF04F1D10132192AE8D100F1B9
:1061B00019020A44547800F11A020A44527802EB98
:1061C000042292B29A420CD1114B124C1A7800EB75
:1061D0004202D2B24FF4AF65904203D10E4B01227E
:1061E0001A7070BD461CF3B2013351FA86F60B44A7
:1061F00076785B7803EB06239BB26B431B1303F5A6
:106200004873023024F8023BC0B2E5E7541800207E
:106210007C110020761800207811002003788B4232
:1062200083BF034B03EB4103588C0020704700BF32
:1062300054180020084BDA68D10709D4DA68D2066E
:1062400008D4DB6813F0040F0CBF04200320704750
:106250000120704702207047002002408161704792
:1062600001857047838A9BB24B4083827047024608
:106270004FF08043934202D8002013B970479B0827
:10628000F8E7C11891424FEA50009CBFC018521A5B
:106290009B08F2E737B50B4B04465D6858786A46B1
:1062A0000621A84758B1BDF800305BBA2380BDF87D
:1062B00002305BBA6380BDF804305BBAA38003B0E0
:1062C00030BD00BFD010002037B50B4B04465D68D1
:1062D00018786A460621A84758B1BDF800305BBA65
:1062E0002380BDF802305BBA6380BDF804305BBA2E
:1062F000A38003B030BD00BFD0100020064B53F880
:1063000020301A681B89A1F57A7159434FF47A73CA
:1063100091FBF3F1116070471C0E0020024B53F803
:1063200020301B68196070471C0E0020024A136C55
:1063300001330B4413647047FC120020324B186C7D
:106340009A680144F0B48A1A9960596040F68C2129
:106350008A42DA603CD9197893F9452093F90040D4
:10636000914229D10A1F082A26D893F84620182AD4
:1063700003D8013283F8462001E083F8444093F9C2
:10638000442091420FD193F8471061B11F48204D2E
:10639000002106468A4211DC00210C2A14D11D4935
:1063A0000A7801320A70012283F84720002283F81C
:1063B00045401A70F0BC70470022DBE755F8047FB7
:1063C00020F8027B0131E5E726F812100132E4E7FC
:1063D00093F847100029EDD0A2F2EF2040F2DA51F5
:1063E000884208D819780B2905D8081D013143F8CF
:1063F00020201970DEE70021F0BC074883F8471021
:10640000302209F0B5BE00BFFC120020F2150020BA
:1064100008130020F01500200C130020836A816906
:10642000426B1944D160416A8B422BBF0169CB1A80
:10643000C91A536028BF51604FF0000380F8443000
:10644000136828BF002143F0010381621360704785
:10645000036B10B502464BB1046C59680B1B8C42A0
:10646000D8B202D9D3681844C0B210BDD0E90740F1
:106470008442C1B238BFD068E3B236BFC018581AE0
:10648000401AF1E7D0E909120369914238BFC918EF
:106490008A1A416B581E19B14B681A44904202D9AE
:1064A000801AC0B2704700207047436B13B190F858
:1064B00044007047D0E909031B1A584258417047FD
:1064C000034610B51C6B4069D96844B11A6C8C1A2C
:1064D000013A005D18BF1146C0B2196410BD1A6AB6
:1064E000805C01328A4238BF1446C0B21C62F5E7B4
:1064F00010B4426A8469A154426A016901328A4235
:1065000028BF00224262426B2AB11368DB0707D41E
:106510005DF8044B82E7026D136843F0800313605B
:106520005DF8044B7047026D036B70B5D569044686
:1065300033B9A90604D5C36ADBB1908C80B2984701
:10654000616B81B92A060ED5A26A606A236D824208
:106550001CD0501CA669A062B25CD2B21A85236915
:10656000984200D3A1622B0742BF236D08221A6212
:1065700070BDE169928C40694E1CD2B2E661425412
:10658000E169E268914228BFE361D9E71A6822F025
:1065900080021A60E7E72DE9F0410669C3681E40F2
:1065A000F70704460D4621D4B0072ED4710707D54E
:1065B0006FF0040323616868A16B036889B2984790
:1065C000320707D56FF008032361A868E16B036801
:1065D00089B29847F30621D56FF010032361E8686C
:1065E000216C0368BDE8F04189B218476FF00103E0
:1065F0000361C16A2F6A1FFA81F8002FD4D03B686B
:106600003846414698477F68F7E76FF002032361F9
:106610002868616B036889B29847C7E7BDE8F081D5
:10662000036823F001031B041B0C036000230360B9
:1066300043608360C360294B984204D1284A536861
:1066400043F00F0326E0274B984204D1244A5368B5
:1066500043F0F0031EE0244B984204D1204A5368D3
:1066600043F4706316E0214B984204D11C4A5368EE
:1066700043F470430EE01E4B984204D1184A53680D
:1066800043F4702306E01B4B984205D1144A53682B
:1066900043F4700353607047174B984204D1104A7B
:1066A000536843F07063F5E7144B984201D1144AE4
:1066B000C5E7144B984201D1114AC8E7124B9842E2
:1066C00001D10F4ACBE7114B984201D10C4ACEE7DA
:1066D0000F4B9842DFD10A4AD1E700BF08000240C1
:1066E000000002401C000240300002404400024012
:1066F000580002406C000240800002400804024042
:10670000000402401C0402403004024044040240E1
:1067100058040240002A70B50CBF202530251C46C5
:1067200014F8016B0A4601390EB1002AF8DC114653
:1067300004E00468661C0660013925700029F8DC55
:1067400022EAE27219460C4614F8015B15B9D31A15
:10675000C81870BD01684E1C06600D702146F2E736
:10676000F0B54FF0FF33CF08136001F007013D464D
:106770000026052D00D806B1F0BD435DAF4203BF32
:106780000B41DBB20C46344613F0010604D004EB97
:10679000C50414600135ECE70134082C4FEA5303BB
:1067A000F2D1F7E7044B98420CBF044A044A13881D
:1067B00001339BB21380704700540040580D0020F5
:1067C0005A0D002038B590ED010AD0ED027A2DED7A
:1067D000028B20EE000A90ED008AA8EE080A04461B
:1067E0000D46A7EEA70A08F03DF9B7EE007AC7EE0E
:1067F000007A1F4BB3F840200132A3F8402093EDFC
:106800000F7A37EE277A83ED0F7AB0EE007AF4EE46
:10681000C77AF1EE10FA21D5B6EE007AF4EEC77A17
:10682000F1EE10FA06DC9FED137AF4EEC77AF1EE82
:1068300010FA1ADD28EE278A012085ED008A94EDF2
:10684000017A27EE277A85ED017A94ED027A67EED8
:10685000277AC5ED027ABDEC028B38BD9FED067A32
:10686000F4EEC77AF1EE10FAE4D40020F3E700BFAB
:1068700054180020BD378635002474490138042897
:1068800010D8DFE800F00307090B0D00064B074A9C
:1068900013607047064BFAE7064BF8E7064BF6E73E
:1068A000064BF4E7064BF2E7297E00087000002053
:1068B000856C00088D72000871750008A9780008C1
:1068C000BD6F00082DE9F043964E974BD6ED007A48
:1068D000964AB3F90030B2F900209FED957A954DB4
:1068E0002DED088BF1EE677A8DB0CDED007AD6ED07
:1068F000017A9B1AF1EE677ACDED017A07EE903AB4
:106900008D4BB3F90020F8EEE77A09EE902AB3F93F
:106910000220B3F9043067EE877A08EE102A0446A5
:1069200003A96846B8EEC88A09EE103ACDED027A9E
:10693000FDF72AFF9DED060ADDED037A9DED07AA1E
:106940007E4B9DED057A1B68F8EEE99A28EE000A69
:10695000B8EEC99AA9EEA70A9B78DDED097A28EE70
:106960000AAAA9EE270A012BDDED047AA9EEA7AA4F
:10697000DDED0A7AA9EE27AADDED087A68EE277A1E
:10698000E9EE877A9DED0B7AE9EE077A40F0C78051
:106990006B4B1B785B0715D46A490A6892B16B6C24
:1069A000002B1846B8BFD81DA3EBE00307EE103A42
:1069B000B8EEC77A013A37EE277A0A60BDEEC77A99
:1069C00085ED117A6B6C002BB8BF0733DB1007EE37
:1069D000103AB8EEC77A5C4F77EEC78A08F0E4F851
:1069E0005A4BD3F8009099F800804146FDF718FC07
:1069F0003B68B0EE4A0A03443B6008F0D5F84146D4
:106A0000FDF70EFC7B68B0EE680A03447B6008F07B
:106A1000CBF899F801904946FDF702FC96ED01AAE2
:106A2000BB68D6ED008A0344B0EE4A0ABB6008F0AA
:106A30003BF8F0EE40AAB0EE4A0A08F075F8B0EE66
:106A400040BAB0EE680A08F06FF8B0EE40AAB0EEB7
:106A5000680A08F029F86BEE0A5ADFED3D6AF0EE9D
:106A6000657AE0EE667A41462BEE006AF0EE408AE7
:106A7000E5EEA68AF0EE464AEAEE264A68EE277A66
:106A8000F0EE4A5A2AEE8AAA2AEEA65AE9EEAA7A25
:106A900068EE288A28EE0A8AD6EE265AE9EE858A1A
:106AA000ABEE698AE9EE247A2AEE807AE9EE258A4D
:106AB000A9EE078AC5ED127AFDEEE77AC5ED138AD5
:106AC00085ED148A17EE900A224DFDF7A9FBFDEE25
:106AD000E87A2B684146034417EE900A2B60FDF7D5
:106AE0009FFB6B68FDEEC87A0344494617EE900A97
:106AF0006B60FDF795FBAB68174A0344AB60136806
:106B000023441360154A136801331360144A136851
:106B1000013313600DB0BDEC088BBDE8F083114B61
:106B20001B8854E7EC160020AA0A00201E00002053
:106B300035FA8E3C541800207E0D0020AC0B00204E
:106B4000540A0020C0090020F40F0020B00B0020E0
:106B50000000000040180020041000200010002059
:106B60004C1800202600002008B52DED068BF0EE15
:106B7000409AB0EE600AF0EE41AAF0EE608A07F0AB
:106B800093FFB0EE408AB0EE680A07F0CDFFB0EE9A
:106B9000409AB0EE690A07F0C7FFF0EE408AB0EE07
:106BA000690A07F081FFB0EE40AAB0EE6A0A07F06A
:106BB000BBFFF0EE409AB0EE6A0A07F075FF1A4B81
:106BC00028EE007A29EE286A83ED007A29EECA7A47
:106BD00069EE0A6AA6EE007A60EE687A83ED017AC1
:106BE00028EEA97A68EE288AA6EE807AB1EE499A54
:106BF00083ED027A28EE297A28EE0A8A83ED037A59
:106C00002AEE007AE6EEA97AA6EE297A83ED069AB4
:106C1000C3ED078A83ED088ABDEC068B83ED047A09
:106C2000C3ED057A08BD00BF4400002006EE901AAF
:106C30009FED116A114B9FED127A1B88F8EEE66A00
:106C4000F7EE005A66EE866A07EE903A85EEA66A7F
:106C5000F8EE677A67EE877A90ED007A76EE276A2B
:106C600087EEA66A70EE477AA6EE277AB0EE470A5C
:106C700080ED007A704700BFDB0FC9406417002029
:106C8000BD3786352DE9F04F2DED048B87B0DFED54
:106C9000B47A0593B34B03921B8808EE103AB24BBB
:106CA0001B880093B8EE488A13F0020328EE278A67
:106CB00005460493F7EE009A00F01381149BDA89DD
:106CC000AA4BB3F90000801A00F2F31740F2E63441
:106CD000A74200F203810028B8BF4042B3F9023056
:106CE0009A1A02F2F31440F2E6339C429CBF82EA05
:106CF000E273A3EBE27395F8502088BF4FF4FA7368
:106D0000002A00F0F1808342B8BF0346C3F5FA734E
:106D100007EE903ADFED966AF8EEE77A642387EEA5
:106D2000A67AB3FBF2F307EE903A37EE697AF8EE03
:106D3000E77AF0EE698AE7EE278AF5EEC08AF1EE8F
:106D400010FA00F1D180F4EEE98AF1EE10FAC8BF32
:106D5000F0EE698ADFF858B2DFF85892DFF858A2EF
:106D60009FED849ACB1C0293834B019305F124067B
:106D70000BF10C080BF118070024029A022C12F8F0
:106D8000013F0292F2EE044A40F0B180BAF80410DA
:106D9000DFED7A6A0A3311FB03F107EE901AB8EEC1
:106DA000E77AC7EE267A764B95F8551033F914300A
:106DB00007EE103A734BB8EEC77AD3ED036A019B26
:106DC000E7EE667A13F8012B019303EE902AB0EEFA
:106DD000675AF6EC017AF8EEE33A67EE857A67EEE9
:106DE000A37A87EE894A41B1674800EB8400B0EE90
:106DF000440AFFF71BFFB0EE404AD6ED027A28EEB8
:106E0000057A27EE277AD9ED007AE7EE247ADFEDCE
:106E10005F4AF4EEE47AF1EE10FA08D4DFED5C4A52
:106E2000F4EEE47AF1EE10FAD8BFF0EE674A89EE9C
:106E3000887ADBED007AD8ED006AE9EC014A75EE5C
:106E4000677AABEC015A27EE277AD7ED007AA8ECE7
:106E5000017AE7EC016A76EEA77A95F8541037EEDE
:106E6000870A21B14B4800EB8400FFF7DFFEB0EE4C
:106E7000087AC0EE077A96ED057A67EE877A67EEB4
:106E8000A37A87EE897ADFED447AB4EEE77AF1EE01
:106E900010FA08D4DFED417AB4EEE77AF1EE10FA99
:106EA000D8BFF0EE477A34EE240A30EE270A07F016
:106EB0007BFE3B4BB0F57A7FA8BF4FF47A709842C7
:106EC000B8BF1846374B23F814000134032C7FF465
:106ED00054AF07B0BDEC048BBDE8F08F4FF4FA70EF
:106EE000FCE6F0EE698A35E7DFED2F8A32E7039A98
:106EF0003AF91400514288424FEA440C03DB8242C3
:106F00001146A8BF0146294A32F90CC0059AA1EBE7
:106F10000C0132F914C0009A614407EE901AF8EEA1
:106F2000E77AD207C7EEA46A04D5D5ED127A66EEE9
:106F3000A77A38E7143313FB00F307EE903A9FED7E
:106F40000F6A049BB8EEE77AC7EE067A002B3FF48F
:106F50002AAF95ED137A66EE876AE6EEA87A22E705
:106F6000BD378635641700202C0C0020D009002086
:106F70000000FA430000C842100C00200000484204
:106F8000840D0020E40E0020CC18002000007AC3FD
:106F900000007A43D8180020000096C300009643F2
:106FA00018FCFFFF9817002000000000920D002041
:106FB000A8180020480A00200C0A00202DE9F04FF4
:106FC00089B0CDE90623A34ADFF8B492B2F90030C4
:106FD000B2F90210DFF8ACA2DFF8AC820192002B0C
:106FE000B8BF5B420029B8BF49429BB289B28B420D
:106FF00038BF0B46B3F5FA7F28BF4FF4FA730293FC
:1070000009F10803059309F114030493924B0393C8
:10701000002600F10C0307460093354634468F4B9B
:107020001B8803F0010003F0020C9B073FD0022CE9
:1070300036D0019B069AB3F900305242B2EB430FAF
:107040004FEA430103DC069A8A42A8BF0A46844BF2
:10705000BD7F33F91430D21A079B33F914301A4428
:107060003B7A6421534393FBF1F3C5EB8571C5EB88
:1070700081059D4203DC6D429D42A8BF1D46DAF8A2
:1070800000301A4442F210739A42A8BF1A46754B58
:107090009A42B8BF1A46CAF80020FE7C56433613FF
:1070A00028B1BCF1000F02D1022C40F0CF80019B2F
:1070B000B3F900E0009B0EEB8E0213F80B3C1201BB
:1070C00092FBF3F2039BB3F900B0BBF1000F5B46F8
:1070D000B8BF0BF10303A2EBA303D8F800201344BD
:1070E000B3F57A5F604AA8BF4FF47A539342B8BFB2
:1070F0001346BBF1000FB8BFCBF1000B1FFA8BFB9F
:10710000BBF5206F7146C8F800300AD8022C0BD1AD
:10711000504AB2F90420002AB8BF524292B2642AFF
:1071200002D90023C8F800307D2293FBF2F3009AC5
:1071300012785A4348BF3F329211BCF1000F7DD004
:10714000022C11D0029B02990298C3F5FA7311FB2D
:107150000EF142434FF4FA7C05FB031106FB0322B8
:1071600091FBFCF192FBFCF2039B404833F902BB1C
:10717000005D0393BBF1000F5B46B8BF0BF1030347
:107180009B1013FB00F36FF04F0093FBF0F30B44E5
:1071900097F8551005EE103A41B13548B8EEC50ADA
:1071A00000EB8400FFF742FDBDEEC05A059B39F9A4
:1071B000021B1868049B29F802BC1B68BBEB010189
:1071C00048BF033103444FEAA10C03EBA103049928
:1071D00041F8040B0491059941F804CB059197F807
:1071E000541061B107EE903A2248B8EEE70A00EB7E
:1071F0008400FFF71BFDFDEEC07A17EE903A15EE06
:10720000100A104402461C48005D434348BF1F3328
:107210006100A2EB6312194B5A52019B0233019396
:10722000009B01340133032C0AF1040A08F104081D
:1072300000937FF4F4AE09B0BDE8F08F002893D03E
:10724000022C1ABF3246294671468DE7324629463E
:107250008AE700BF0C0A0020840D00202C0C0020BF
:10726000920D0020F0D8FFFF80C1FFFFFC0B002033
:10727000CC180020D8180020FF0B00209817002001
:10728000E41800202C0A00203C0A00202DE9F04FD1
:107290008BB0CDE907210993A44B1B88049313F00D
:1072A0000203044614D0A24AB2F90030B2F9022017
:1072B000002BB8BF5B42002AB8BF52429BB292B2C9
:1072C000934238BF1346B3F5007F28BF4FF40073D5
:1072D0000293984B984F0193984B0693DFF8848262
:1072E00004F10B0307F1040907F10C0B03930025CC
:1072F0008F4B33F915C0924B33F91560002E304691
:10730000B8BFF01C83100593019B1A46043201920A
:1073100086EAE672A2EBE67292B2B2F5206F4FEA0D
:107320004C0100F2FC80059A1B688A1A1A44B2F5D7
:107330007A5F844BA8BF4FF47A529A42B8BF1A467C
:10734000019B039843F8042C10F8013F0390D211DD
:107350005A4310F80B3C4B43049989074FEAA21299
:107360004FEAA31346D007994942B1EB4C0F4FEABD
:107370004C0E03DC07997145A8BF7146DFF8E8C1E0
:1073800009983CF915C0A1EB0C0130F915C08C44EB
:10739000D8F8001042F2107E61447145A8BF7146D2
:1073A000DFF8C8E17145B8BF7146C8F8001094F81D
:1073B00008A00CFB0AFA94F81EC00CEB8C0CCCF164
:1073C000000EBEEBEA1F4FEAEA1003DC6045A8BFDF
:1073D0006046864694F813C001FB0CFC0299A2EBB0
:1073E0002C324A43A3EB0E0352124B4302EB2C32D6
:1073F0000EEB632354490598495D11FB00F1A3EBA3
:10740000A11A94F8551061B107EE90AA4F48B8EE52
:10741000E70A00EB8500FFF709FCFDEEC07A17EEE6
:1074200090AA37F9020BDBF8001027F8026C301A2B
:1074300048BF0330D9F800604BF8046B831049F85B
:10744000043B314401EBA00100EE101A94F85410F3
:1074500041B13F48B8EEC00A00EB8500FFF7E6FBFC
:10746000BDEEC00A069911F8013B069110EE101A04
:1074700059430AEB0203374AA3EB611322F8153094
:107480006B1C022B08F104084FF001057FF430AFAC
:10749000089B9A79264B9B880F3213FB02F3284AEC
:1074A000B2F904201B11002AB8BF0332002BA3EB52
:1074B000A201B8BF5B42322B1E4A32DCA07B93682C
:1074C00001FB003324488342A8BF0346234883427C
:1074D000B8BF03469360E2784A43214909780329FB
:1074E0004FEAA2120AD9B4F85210B1F5FA7F05D2C8
:1074F0004842904217DC8A42A8BF0A465B13B3F5A4
:10750000807FA8BF4FF480736FF0FF018B42ACBF48
:10751000D21852180F4B9A800BB0BDE8F08F0022A2
:107520000EE70023D6E70246E8E700BF2C0C002058
:107530000C0A00203C0A002004190020FF0B002048
:10754000840D002080C1FFFFFC0B0020CC18002020
:10755000D818002098170020FEFFFF0F020000F04F
:10756000180E00202C0A0020920D0020F0D8FFFFFA
:107570002DE9F04F89B0CDE90521BA4A0793B2F958
:107580000030B2F90220DFF81083DFF810A3DFF833
:10759000F8920090002BB8BF5B42002AB8BF52425D
:1075A0009BB292B2934238BF1346B3F5FA7F28BF1D
:1075B0004FF4FA73019308F10C0300270393AA4BCD
:1075C0000293054608F1040B3C463E46A74B1A8839
:1075D00002F001030493A34B02F00200920733F977
:1075E000163038D0059A5242B2EB430F4FEA4304AB
:1075F00003DC059AA242A8BF22469D4C34F91670BE
:10760000D71B079A32F9162017442A7A64247A4342
:1076100092FBF4F2AC7FC4EB847CC4EB8C04944208
:1076200003DC64429442A8BF1446DAF800201744F1
:1076300042F210729742A8BF17468E4A9742B8BFCF
:107640001746CAF80070EA7C5743049A3F1312B1F8
:10765000002800F0FF80029AB2F9002082EAE27C62
:10766000ACEBE27C1FFA8CFCBCF5206F00F2E980E9
:10767000002A0099B8BF033203EB830E91F801C0D2
:107680004FEA0E1E9EFBFCFCACEBA20CD9F80020CE
:107690006244B2F57A5FDFF808C2A8BF4FF47A52AD
:1076A0006245B8BF6246C9F800204FF07D0C92FBDE
:1076B000FCFC009A127B61464A4348BF3F3292115C
:1076C000002800F0C0800198019910FB03F3C1F578
:1076D000FA7104FB01334FF4FA7C93FBFCF0019B3D
:1076E0005A4307FB012292FBFCF20299DFF8B4C176
:1076F00031F9023B1CF806C00291002B1946B8BFB5
:10770000D91C891011FB0CF16FF04F0C91FBFCF1AF
:10771000014405EE101A95F8551051B156480493DE
:10772000B8EEC50A00EB8600FFF780FA049BBDEEB9
:10773000C05A38F9020B039928F8023C181A096854
:10774000DBF8003048BF0330194401EBA00100EE24
:10775000101A03994FEAA00C41F8043B4BF804CBF4
:10776000039195F8541041B14448B8EEC00A00EBBB
:107770008600FFF75BFABDEEC00A15EE103A13441F
:107780003F4A10EE101A925D51430A4648BF1F321D
:10779000A3EB621370003B4A1352009A731C013230
:1077A000022B0AF1040A09F1040900924FF00106C4
:1077B0007FF40CAF069B9A792A4B9B880F3213FB00
:1077C00002F3294AB2F904201B11002AB8BF033280
:1077D000002BA3EBA201B8BF5B42322B2A4A3CDC50
:1077E000A87B936801FB003328488342A8BF034667
:1077F00027488342B8BF03469360EA784A43254945
:10780000097803294FEAA2120AD9B5F85210B1F546
:10781000FA7F05D24842904221DC8A42A8BF0A463C
:107820005B13B3F5807FA8BF4FF480736FF0FF0147
:107830008B42ACBFD2185218124B9A8009B0BDE8E7
:10784000F08F00222FE70499002916BF3A46184608
:1078500020464AE73A46204647E70023CCE702465F
:10786000DEE700BF0C0A0020840D00202C0C002055
:10787000920D0020F0D8FFFFCC180020D81800206F
:10788000FF0B0020981700203C0A0020FEFFFF0F8E
:10789000020000F0180E0020181900202C0A002009
:1078A00080C1FFFFFC0B00202DE9F04F2DED088B70
:1078B00087B00446059390F8543004910292002B4F
:1078C00000F01082322BA8BF322307EE903ADFED92
:1078D000DA6AF8EEE77A86EEA77AD84B1B88012B96
:1078E00038BF012307EE903A9FEDD5AAD54BF8EEAD
:1078F000E78AB3F800A028EE8AAA1AF0020337EE4E
:107900000A7A0393CAEE079A00F0EF81CE49B1F9E3
:107910000020B1F90210002AB8BF52420029B8BFB6
:10792000494292B289B28A4238BF0A46B2F5E17F33
:1079300028BF4FF4E17207EE902A9FEDC47AF8EE6B
:10794000E77AC7EE87AAC24BDFF858930193DFF8B6
:107950005883C04BC04F009309F1080B04F10C068B
:1079600000259FEDBEBAB0EE4B9ABD4BB64933F938
:10797000150031F9153007EE900AB8EEE75AF5EE2A
:10798000047A25EE275A00EE103ABDEEC55ADFED17
:10799000B57AB8EEC55A1AF0030F25EE275AB8EE9D
:1079A000C00A6CD070EE007A029BFDEEE77A594275
:1079B00017EE90CA8C4503DB63451946A8BF6146A4
:1079C000A94B9FEDAA6A33F915C0059BA1EB0C01E9
:1079D00033F915C0A37F06EE903A237AF8EE666A73
:1079E0006144B1EE047A07EE901A66EE876A07EEFC
:1079F000103AF8EEE77AB8EE477AB1EE669A27EEDB
:107A0000277ABDEEC99A27EE067A19EE103ABDEE36
:107A1000C77A17EE101A994208DBFDEEE66A16EEF9
:107A2000903A8B42A8BF0B4609EE103A98ED007AC7
:107A3000AAEE277AFBEE0E7AB4EEE77AF1EE10FAB0
:107A4000B8EEC99A08D4F3EE0E7AB4EEE77AF1EE06
:107A500010FAD8BFF0EE477AC8ED007AE37C08EE62
:107A6000103AB8EE488A1AF0010F28EE278ADFEDA7
:107A7000807A28EE278AB0EE48BA40F03C81002890
:107A8000B8BF404280B2B0F5206F00F2318116F8E5
:107A90000B3CDFED786A07EE103A60EE266AB8EE2E
:107AA000477AC6EE877A97ED007A77EEC57AAAEE26
:107AB000277ADFED717AB4EEE77AF1EE10FA08D4A6
:107AC000DFED6E7AB4EEE77AF1EE10FAD8BFF0EEA1
:107AD000477AC7ED007A337808EE103AB8EE488A54
:107AE000039B28EE278ADFED667A28EE278A5BB1B2
:107AF00070EE497AB0EE490AA7EEAA0A78EE4B7A00
:107B0000B0EE4B8AA7EEAA8A009B94F8551013F8A2
:107B1000012B9FED5C7A009307EE902AF8EEE77A4E
:107B200065EE677AA7EE870A21B1574800EB85001A
:107B3000FFF77CF899ED007AA9EC015A35EE475A27
:107B4000DBED007A019B85EE0A7A13F8012B019395
:107B500008F104080437013630EE080A37EE677A78
:107B6000E7EE297A07EE102AB8EEC77AEBEC017A35
:107B700067EEC77A9FED457AA7EE870A07F014F8FB
:107B8000691C434B022923F815004FF001057FF4CF
:107B9000ECAEFDEEE88ADFED3F7A94F857703E4D8B
:107BA00018EE903A23F0030308EE903A264BB3F90F
:107BB0000480049B9E792A4BB3F90430F8EEE88ADE
:107BC00000EE103A88EEA79ABAEECF0A002F00F026
:107BD000BC8088EAE879E778A9EBE87906F0E4FF69
:107BE0001FFA89F92D4BDFED2E6A06FB09F696FB8D
:107BF000F3F6643607EE100A7E43642396FBF3F334
:107C000007EE903AB8EEC77AF8EEE77A80EAE073CA
:107C100067EE877AA3EBE07387EEA67AB3F5207F51
:107C200007EE908AB8EEE70A30EE470A3EDCB9F17B
:107C3000640F63D93AE000BF83F9223E6417002045
:107C4000BD3786352C0C00200C0A00200000E143D3
:107C5000FF0B0020FC0B0020480A00200000000061
:107C6000840D0020CDCC4C40920D00206F12033CBF
:107C70000AD7A33D0000A043000040C300004043DA
:107C80000AD7233CA69B443BCC180020F7CC923863
:107C90009817002000803B453C0A00200CFEFFFFA7
:107CA0000000A0422C190020340A00200023AB6001
:107CB00094F8551011B15448FEF7B8FF30EE080A99
:107CC000BDEEC00A10EE103A1BB200EE103AB8EE4C
:107CD000C00A06F069FF4D4B988007B0BDEC088BD9
:107CE000BDE8F08F9FED4A7AF7E5DFED4AAA2AE674
:107CF000DFED487AEDE6B0EE490A05E708EB8803C8
:107D00001B0193FBF7F31B1A07EE903AF8EEE77AA4
:107D1000AA6867EE897AFDEEE77A17EE903A134487
:107D2000B3F57A5F3C4AA8BF4FF47A539342B8BF89
:107D30001346AB607D2293FBF2F3A27B53439B116E
:107D400007EE903AB8EEE78AB2E7760006F02CFF2D
:107D5000283616FB08F67611301A002E07EE900A28
:107D6000B8BF7642322EF8EEE77A16DCA37BAA681B
:107D700007EE103AB8EE477A27EE277A27EE097A0F
:107D8000BDEEC77A17EE103A9F18244A9742A8BF53
:107D90001746234A9742B8BF17467B13B3F5807F37
:107DA000A8BF4FF480736FF0FF029342FDEEE77AB5
:107DB000B8BF1346AF6007EE103AE27817EE903A7C
:107DC00053439B1100EE103A164B1B78032BB8EE71
:107DD000C78AB8EEC00A7FF66BAFB4F85220B2F58E
:107DE000FA7FBFF465AFFDEEC07A534217EE901AEA
:107DF000994203DB91420B46A8BF134607EE903A27
:107E0000B8EEE70A54E700BFD41800209817002006
:107E1000AF4C593C0000000080C1FFFFFEFFFF0F88
:107E2000020000F0180E00202DE9F04F8BB0044640
:107E30000893984B06921B88029313F00203079352
:107E400000F0F180149BD889934BB3F90020121AEB
:107E500002F2F31640F2E635AE4200F2DE80002A6E
:107E6000B8BF5242B3F902301B1A03F2F31540F2C5
:107E7000E630854200F2D480002BB8BF5B429342CB
:107E8000B8BF1346C3F5FA730522B3FBF2F3A27F22
:107E9000643BD21053430A2293FBF2F3643323EA88
:107EA000E3735BB27D4D7E4803930268D5F8E830FA
:107EB000DFED7C7AD31A05EE103AB8EE455A036826
:107EC000C5F8E83025EE275ACB1C774A0593774B47
:107ED000049285ED3B5A05F1F00B05F1F80AA14635
:107EE00005F5827800220598022A10F801EF059026
:107EF00040F09B806E4989880EF1140011FB00F15F
:107F00004911C5F80C116B4958F8046B31F912701E
:107F1000002F3946B8BFF91CA6EBA106049911F849
:107F2000010B049119F8011F019071434143642032
:107F300091FBF0F1C91100EE101A94F8551051B1EF
:107F40005D480993B8EEC00A00EB8200FEF76EFEB2
:107F5000099BBDEEC00A594999F80BC009881868F9
:107F60007143C912019E0CFB01F171434FF0640C87
:107F700091FBFCF10144B1F5001F5148A8BF4FF43B
:107F800000118142B5EEC05AB8BF0146F1EE10FAB9
:107F900043F8041B4FEA613116DDBBF90000DAED4E
:107FA000006A381A07EE900AF8EEE77AB1EE087A1E
:107FB00077EEE67AB2EE046A67EE877A87EE867A23
:107FC00077EE267ACAED007A2BF8027B99F8160034
:107FD000BAEC017ADFED3B6A07EE900AF8EEE77A39
:107FE00067EE877A9DED017AB8EEC77A67EE877AF9
:107FF00087EEA67ABDEEC77A17EE100AA1EBA011A4
:1080000010EE100A0144304820F812100132032A01
:108010007FF469AF0BB0BDE8F08F4FF4FA7221E73F
:108020004FF4FA732BE764233CE7214830F91260E0
:1080300006984042B0EB460F4FEA42074FEA460C23
:1080400003DC06986045A8BF60462049CF5F0899C9
:10805000C01B31F912700299C907384416D40EF1C9
:10806000140111FB06F1079E0911C8F80010002E3B
:108070003FF449AFE67C7043039E7043642690FB57
:10808000F6F001EB2011C8F800103CE7217A4143DB
:108090000911F8E72C0C0020D0090020541800200A
:1080A000C40900206F12833A100C00203C0A002003
:1080B0000C0A0020840D0020CC180020641700203A
:1080C0000000E0FF0000C84298170020920D002039
:1080D0002820FDF7EBBF0920FDF7E8BF024A13682F
:1080E00001331360704700BFC409002010B50A4B6C
:1080F0004FF0E0201968846900BF1A688A42F9D1FC
:10810000064B19684FF47A7000FB01F31B1BB3FB9D
:10811000F1F300FB023010BDC409002088100020DC
:1081200010B50446FFF7E2FF0F4AD2F8103140F6CF
:10813000AC51C31A8B42C4BF002382F8143192F8A9
:1081400014310A49CC541BB90F2C0BD1C2F81001C1
:108150000133DBB282F81431192B054B0CBF01221D
:1081600000221A7010BD00BF5418002055150020C1
:108170005415002010B50446FFF7B8FF264AD2F880
:108180001831C2F81801C31AB3F57A6F84BF0023FF
:1081900082F81C3192F81C3143B9A82C30D11F4908
:1081A0000B701F490B801F49CC5406E0022B02D1F3
:1081B0001D490C70F7E7242BF5D91B4909780133C9
:1081C000DBB20231B3EB410F82F81C314FEA4100C0
:1081D00017DA1349088880EA042080B2082341F2A4
:1081E000210402B2002AB4BF84EA4202400003F133
:1081F000FF33B4BF90B280B213F0FF03F1D1088017
:1082000010BD411C8B42FBD1002382F81C31034B73
:1082100001221A70F4E700BF541800206E150020E8
:1082200070150020721500206F15002010B504464F
:10823000FFF75CFF0D4BD3F82021C3F82001821A11
:1082400041F288318A4284BF002283F8242193F8C6
:1082500024210749142A8C540BBF064B01320122FA
:1082600083F8242108BF1A7010BD00BF54180020E5
:10827000B9150020B815002010B50446FFF736FFE9
:108280000D4BD3F82821C3F82801821A41F2883116
:108290008A4284BF002283F82C2193F82C210749BD
:1082A0000F2AE4B28C540BBF054B0132012283F834
:1082B0002C2108BF1A7010BD541800201115002081
:1082C00009150020F8B52D4C2D4E2E4F0546FFF711
:1082D0000DFFD4F83031C4F83001C31AB3F5FA5F9A
:1082E00082BF002333703B70337853B9A12D08D17E
:1082F00001223A70E2180133EDB2DBB255703370EF
:1083000002E03A78002AF5D11F4D2A789A4208D126
:108310001E4B1B78052B05D0062B06D000233B7087
:108320003370F8BD0020FDF725FFA3781E2BF5D193
:1083300095F800C000250CF1FF3C2846654507DB99
:10834000644463789842E9D10320FDF713FFE5E721
:10835000631908225B78DBB280EA030141F3000174
:1083600021F07301013A81EA530312F0FF02DBB2FC
:108370004FEA5000F0D101351846DFE754180020CD
:108380007A110020791100207B1100207D1100203E
:1083900038B50446013C00D238BDFFF7A7FE0546BC
:1083A000FFF7A4FE431BB3F57A7FF9D3F2E72DE97B
:1083B0008848064600F040082A4C4FF01E0B052561
:1083C00002273FE0B8F1000F04D0A38A9BB283F4E8
:1083D0000053A382BAF1000F04D0A38A9BB283F4A6
:1083E0008043A382B9F1000F04D0A38A9BB283F427
:1083F0000043A3825846FFF7CBFFB8F1000F04D02B
:10840000A38A9BB283F40053A382BAF1000F04D075
:10841000A38A9BB283F48043A382B9F1000F04D0F6
:10842000A38A9BB283F40043A3825846FFF7B0FFB0
:1084300085B1013DC6D14FF4FA70FFF7A9FF4FF0A7
:10844000960B002557EA050306D006F0200A06F031
:108450000209B7E7013FF4E74FF47A70FFF798FF9E
:10846000AAE700BF00080048044A00231370044A2A
:108470001360044A1380044A13607047420D0020C1
:108480003C0D0020400D0020380D00200E4B30B573
:1084900000220C2404FB02F1CD5C854203D00132A2
:1084A000102AF7D130BD094A106820B15C18407815
:1084B00064788442F6D20B441360054A002313808B
:1084C000044A1360EEE700BF30180108380D0020A1
:1084D000400D00203C0D00204300142B0C4A30B40A
:1084E000A8BF1423002102251424023199421570DB
:1084F000547002F10202F8DB064A002808BF02238A
:108500001344FF2283F8342130BC0F20BEE700BFA4
:10851000881900205418002010B50A784B789A4228
:108520001BD20F490430192431F9100040F63301F1
:108530008842A8BF0846B0F5617F40F28331B8BFDA
:108540004FF4617012FB0412904206DD13FB04131A
:108550009842CCBF0020012010BD0020FCE700BFE6
:10856000D00900200C4970B500226FF0180640F6C3
:10857000C414437812FB02656B4303F6C4130578F9
:1085800053430132072A05FB03F393FBF4F321F86D
:10859000023BEED170BD00BF020C00202DE9F0417E
:1085A0001D4C00220A264FF47A758778A2EB070E3D
:1085B0000FFA8EFEBEF1000FBC462ADDC7F164073C
:1085C000FFB290F803800EFB0EF308FB03F3C8F133
:1085D000640817FB07F70CEB8C0C93FBF7F3434491
:1085E0000EFB03F393FBF6F303EB4C031BB2238068
:1085F000B1F800C04F880A32A7EB0C0792B27B4358
:10860000782A93FBF5F39C4424F802CBCDD1BDE846
:10861000F08108BF0127D4E7140C0020F0B5104BFF
:10862000104C1B6894F84A1100251E1DCAB2032A7B
:1086300004D90DB184F84A2100200EE036F831C08B
:1086400010EA0C0F01F101074FF0010506D003EB12
:10865000C1002A44023084F84A21F0BD3946E5E7DA
:10866000500D002054180020024B002283F84A21AC
:10867000D4E700BF54180020064B10B50446186814
:10868000036821461B689847034B1B689A7954403E
:108690009C7110BD4C0D0020480D002038B50546DA
:1086A00024200C46FFF7E8FF4D20FFF7E5FF002DE3
:1086B000084D0CBF3E202120FFF7DEFF2B68002273
:1086C00020469A71FFF7D8FF2B6893F84900BDE860
:1086D0003840D1E7480D002010B50446C0B2FFF77E
:1086E000CBFF200ABDE81040C6E710B5044680B2B3
:1086F000FFF7F2FF200CBDE81040EDE7034B1B68CD
:10870000DA79511CD9711344187A7047480D00204A
:1087100010B5FFF7F3FF0446FFF7F0FF04EB00206E
:1087200080B210BD10B5FFF7F3FF0446FFF7F0FF6E
:1087300004EB004010BD01460020AFE708B5FFF78D
:10874000D5FC074B00F5B71000F558701860054BC5
:1087500002221A70044A936803F2DC53936008BD46
:10876000000F0020FC0E0020580B002008B5FFF77A
:10877000BDFC064B1860064B02221A70054B1A68A6
:10878000054B9A60012283F8212008BD000F0020CC
:10879000FC0E0020C4090020580B0020104B1B6861
:1087A00003EB4002117E29B102290DD00D4B33F8A5
:1087B00010007047022805D90328F7D10A4A126829
:1087C000D20409D5D8897047507E00EB800000EBB9
:1087D000800000F2EE2070474FF49660704700BFB3
:1087E0001C0B0020D0090020300C002038B52DEDE6
:1087F000048B4A4B0C460168C3F84C118188A3F8DE
:108800005011023A062A05D8DFE802F05259606793
:1088100073798000B3F84C212280B3F84E21628036
:10882000B3F950313E4AA3801278002A3DD1B4F901
:1088300000203C4D09EE102AB4F9022095ED030A00
:10884000D5ED007A08EE902AF8EEE88AB8EEC99ADB
:1088500028EE800AA7EE890A07EE903AB8EEE78A7A
:10886000D5ED067AA7EE880A06F09EF995ED040A82
:10887000D5ED017A208028EE800AA9EE270AD5EDF1
:10888000077AA8EE270A06F08FF9D5ED057A608001
:1088900028EEA70AD5ED027AA9EE270AD5ED087AC7
:1088A000A8EE270A06F080F9A080BDEC048B38BD45
:1088B000B3F84E212280B3F84C215242AFE7B3F80F
:1088C0004C2152422280B3F84E21F6E7B3F84E21F4
:1088D00052422280B3F84C21A1E7B3F84C21524216
:1088E0002280B3F84E216280B3F850315B421BB254
:1088F00098E7B3F84E212280B3F84C21F3E7B3F8A0
:108900004C212280B3F84E215242ECE7B3F84E21BD
:1089100052422280B3F84C21F6E700BF54180020E1
:1089200042000020981000209F4B5A6802F00C0271
:10893000082A2DE9F04140F0AB8059685A68D60307
:1089400049BFDA6A994A9A4C02F00F02C1F3834197
:1089500048BF013201F1020148BFB4FBF2F25143BA
:108960000C4604605A68DFF84CE2C2F3031272440A
:1089700092F8C0205FFA82FC24FA02F242605D683D
:10898000C5F30225754495F8C06022FA06F68660A4
:108990005D68C5F3C225754495F8C050EA40C260D1
:1089A000D3F82C80EFB2C8F303150EEB450518F48D
:1089B000807FB5F8D050ADB26DD0002D6BD0B1FB3B
:1089C000F5F50561D3F82C80C8F343250EEB450E71
:1089D00018F4005FBEF8D050ADB25ED0002D5CD070
:1089E000B1FBF5F54561D3F830E0714D1EF0100F85
:1089F0000CBFAE46A646C0F818E0D3F830E01EF033
:108A0000200F0CBFAE46A646C0F81CE0D3F830E0FD
:108A10001EF0400F18BF254605621D6BED053ED5C3
:108A2000A1423CD1BC453AD14D0045621D6BED04DD
:108A300037D5A14235D1BC4533D14D0085621D6B80
:108A4000AD0530D5A1422ED1BC452CD14D00C5621B
:108A50001D6B6D0529D5A14227D1BC4525D14D00FF
:108A600045641D6B2D0522D5A14220D1BC451ED1E8
:108A70004D0085641D6BAD041BD5A14219D1BC45C9
:108A800017D16100C164196B890714D1026318E022
:108A9000474C002165E7254693E72546A2E71546A2
:108AA000C3E71546CAE71546D1E71546D8E7154688
:108AB000DFE78264E7E71A6B02F00302012A16D1AE
:108AC00004631A6B12F4403F20D146631A6B12F410
:108AD000402F35D186631A6B12F4401F4AD1C6630A
:108AE0001A6B12F4400F67D10664BDE8F0811A6B6F
:108AF00002F00302022A02D14FF40042C6E71A6BC9
:108B000002F00302032ADCD1294ABFE71A6B02F400
:108B10004032B2F5803F01D14463D7E71A6B02F4CB
:108B20004032B2F5003F03D14FF400424263CDE73B
:108B30001A6B02F44032B2F5403FC7D11C4AF5E748
:108B40001A6B02F44022B2F5802F01D18463C2E790
:108B50001A6B02F44022B2F5002F03D14FF4004209
:108B60008263B8E71A6B02F44022B2F5402FB2D10B
:108B70000F4AF5E71A6B02F44012B2F5801F01D1DB
:108B8000C463ADE71A6B02F44012B2F5001F03D1C3
:108B90004FF40042C263A3E71A6B02F44012B2F52D
:108BA000401F9DD1024AF5E70010024000093D0038
:108BB00000127A00301801081A6B02F44002B2F574
:108BC000800F01D1046490E71A6B02F44002B2F501
:108BD000000F03D14FF40043036486E71B6B03F4DB
:108BE0004003B3F5400F80D1004BF5E700127A0047
:108BF0002DE9F041046DD0F80880236823F00103CB
:108C000094B0236086794779206820F001002060C5
:108C10006068330320F4405003F40053034363605F
:108C2000236807F00105310223F4B05317F002075F
:108C300001F480614FEA850223F00C0318BF42F073
:108C400008020B431A432260A36823F44073A36015
:108C50006846FFF769FE224B9C4231D10C9A23688B
:108C60001B0448BF5200B2FBF8F308FB1322B2EB1F
:108C7000580F226828BF0133100406D5C3F34202FF
:108C800023F00F031B041B0C13439BB2A3816368E7
:108C90002D04F10745EA07454BBF1D43AB43656013
:108CA0006360A36832074CBF43F0080323F0080356
:108CB000A360236843F00103236014B0BDE8F08192
:108CC000084B9C4201D10D9AC9E7074B9C4201D148
:108CD0000E9AC4E7054B9C420CBF0F9A109ABEE750
:108CE000003801400044004000480040004C004073
:108CF00081607DE741717BE7084B0C2202FB00306D
:108D000030B40D4607C8064C84E80700054901EB5E
:108D10008501D1F8F030A18830BC18474C17010804
:108D2000B80A0020301801084000F8B5C5B23B4829
:108D3000006849F6FF74866936040BD5013CA71C10
:108D4000F9D1374B4FF0FF32C3F85421FDF72AFD1C
:108D50000020F8BD446824F07F7424F4593424F4CE
:108D60007F7424F003042C4344F0807444F4903462
:108D700044602B4C4FF42046C4F854618669B60712
:108D800007D4D4F85461771EC4F85471002EF5D17D
:108D9000DCE7816249F6FF718669370605D4C4F8BD
:108DA000541101398E1CF7D1D0E7416821F07F7151
:108DB00021F4593121F47F7121F00301294341EA63
:108DC000024141F0007141601A449A420DD14FF4C2
:108DD0002043C4F85431002281698D0616D4013B2A
:108DE000591C4FF00102F7D109E049F6FF7185697E
:108DF000AF0707D401398E1CF9D14FF0FF33C4F807
:108E00005431A3E713F8011B8162DEE70AB1C4F80D
:108E100054312023C36101209BE700BF540D002083
:108E20005418002000232DE9F74306460D461F463F
:108E300015F80380B8F1000F00D01FB1384603B019
:108E4000BDE8F0835C1CB8F1FF0F15F8049029D140
:108E50009C1C2A5DB9F1030F3AD8DFE809F0020B38
:108E6000131B1C1D2B44DB7803EB0223A6F83431C3
:108E70002346DDE71C1D2B44DB7803EB0223A6F819
:108E80003631F5E71C1D2B44DB7803EB0223A6F8F3
:108E90003831EDE71C1D2B44DB7803EB0223A6F8E9
:108EA0003C31E5E7B8F1040F12D89C1C2919424661
:108EB00001A803F081FB96F85C0101AB42464946EC
:108EC000FFF732FF0028444408BF6FF01307CFE7D5
:108ED0006FF00307CCE707B552BAADF8042001AB39
:108EE0000222FFF721FF00280CBF6FF013000020C3
:108EF00003B05DF804FB08B506220B46B021FFF76E
:108F000013FF00280CBF6FF01300002008BD07B549
:108F10008DF807200DF107030122FFF705FF03B0CD
:108F20005DF804FB024680213C20F0E710B50446C2
:108F3000A1F15000C0B2FFF7F5FF04EB4400400080
:108F400004EB440400F00E00FFF7ECFFE0081030E3
:108F5000BDE81040E6E70A4601466820D7E708B5B5
:108F6000012232210C20FFF7D2FF4FF47A70FFF775
:108F70000FFA012231210C20FFF7C9FF0120FFF772
:108F800007FA012008BD08B5FFF7C1FF00280CBF94
:108F90006FF01300002008BD38B504460D4601F0FF
:108FA0007F0290F860018A21FFF7EDFF84F860519D
:108FB00038BDF8B53E4D4000C6B2286849F6FF748A
:108FC00087693F040CD5013CA71CF9D1394B4FF000
:108FD000FF32C3F85421FDF7E5FB00210846F8BD38
:108FE000446824F07F7424F4593424F47F7424F00A
:108FF0000304344344F4903444602E4C4FF420472F
:10900000C4F854718769BF0708D4D4F8547107F1C4
:10901000FF3CC4F854C1002FF4D1DCE7816249F66B
:10902000FF7187697F0605D4C4F8541101398F1C7C
:10903000F7D1D0E7416821F07F7121F4593121F453
:109040007F7121F00301314341EA024141F0007197
:1090500041F410514160013B0021914228680DD13B
:109060004FF42043C4F8543100228569AE0618D469
:10907000013B5D1C4FF00102F7D109E049F6FF7694
:1090800087697F0707D4013EB71CF9D14FF0FF3342
:10909000C4F854319FE7406A03F8010F0131C9B2A7
:1090A000DBE70AB1C4F854312023C36196E700BF5F
:1090B000540D00205418002008B513460A460146F6
:1090C0006820FFF776FF003818BF012008BD13B5F0
:1090D000002304468DF8003001226B4610210C203D
:1090E000FFF767FFD0B19DF80030DB0716D56B4660
:1090F000072211210C20FFF75CFF78B1BDF800308A
:109100002380BDF802306380BDF80430A3800122C3
:1091100031210C2002B0BDE81040F8E6002002B07A
:1091200010BD2DE9F04F85B0DFF8BCB00E9D109F4B
:1091300001950646894610461C464FF000084FF040
:10914000010A0F9B984523D13D6096F85C012146AA
:10915000FFF7D1FE0546002842D102AB062296F861
:109160005C01B021FFF725FF002804F1FF3208BFA2
:109170006FF0130502AB053413F8011B12F8010F51
:1091800088420DD1A242F7D1284605B0BDE8F08F44
:1091900001AA2946FDF7E4FA019A531C03D13D6068
:1091A0006FF03105F0E702F1B40189090BEB8101A1
:1091B000D1F8FC10003918BF01214945EFD14FEA21
:1091C000D20C2F2A02F007059FBF14F80C100AFAE0
:1091D00005F5294304F80C10551C08F10108B0E707
:1091E0006FF01305D0E700BF3018010813B514461F
:1091F00001AB0422FFF7DDFE019B00281BBA0CBF68
:109200006FF013000020236002B010BD13B51446A8
:1092100001AB0222FFF7CDFEBDF8043000285BBA97
:109220000CBF6FF013000020238002B010BDF7B513
:1092300090F8DA30013B022B04462AD890F85C0102
:10924000154F0DF106020E21FFF7E0FFBDF80650A5
:1092500007EA4545B8B994F85C010DF106020C2106
:10926000FFF7D4FFB5F57F0FBDF8066004D807EA15
:109270004646B6F57F0F0CD958B90849204603B0C9
:10928000BDE8F040CEE5B5F57F0F02D86FF01300D2
:10929000EFE703B0F0BD00BF0000FE1F7400002028
:1092A000F7B514461F4601220DF1070305460E4689
:1092B000FFF77FFE18B96FF0130003B0F0BD9DF803
:1092C000073004EA03023A4331462846FFF71FFEFF
:1092D0000028F0D00020F0E708B513460122FFF780
:1092E00068FE00280CBF6FF01300002008BD13B506
:1092F00000230C4690F85C018DF807300DF1070251
:109300000121FFF7E9FF78B99DF80730C3F3001298
:109310002270C3F3C002A270C3F380026270C3F371
:109320008012DB09E270237102B010BD37B504462C
:1093300044F6206594F8DA3094F85C01042B0DF1C2
:10934000070211D11321FFF7C7FF9DF8073013F073
:10935000180F03F0070203D06FF0050003B030BD13
:1093600068B16FF01300F9E71421FFF7B5FF00288B
:10937000F7D19DF80730DB0703D50020EEE7042A7C
:10938000FBD0013D03D00A20FFF702F8D2E76FF0CF
:109390000600E3E7F7B50646002290F85C0183215A
:1093A000FFF7F1FD0546E0B944F6206796F85C0149
:1093B0000DF107028321FFF78FFF9DF80730044668
:1093C0002BB970B90135BD42F0D16FF0060496F8A3
:1093D0005C0101228321FFF7D6FD204340B203B098
:1093E000F0BD6FF01304F2E713B50129144614BF62
:1093F0005021702190F85C010DF10702FFF76CFF1E
:1094000030B99DF8073001335B00237002B010BD06
:109410006FF01300FAE7F0B585B000240229074683
:1094200015468DF80240ADF8064024D10DF1030237
:109430002146FFF7D9FFD8B997F85C010DF1020278
:109440004621FFF749FF4C4B9DF803409DF8022051
:109450005C4304F5FA744FF47A73B4FBF3F402FB43
:10946000044404F5FA74B4FBF3F42C6005B0F0BDC9
:109470006FF01300E7E703292FD121460DF1030216
:10948000FFF7B2FF0146002872D10DF10302384602
:10949000FFF7AAFFF0B997F85C010DF10602512120
:1094A000FFF7B4FEBDF806309DF80640324A1B0AAD
:1094B0009C409DF8033001345343A4B24FF47A72B8
:1094C00003F5FA73B3FBF2F35C4304F5FA74B4FBEF
:1094D000F2F4CAE76FF01300E4E702A9FFF707FF11
:1094E0009DF80B30002B3DD00DF10302214638468C
:1094F000FFF77AFFC0BB97F85C010DF1060251211E
:10950000FFF784FEBDF806309DF806401B0A9C401C
:109510000134A4B240BB0DF1030201213846FFF72C
:1095200063FF08BB01AA97F85C017121FFF76EFE8B
:10953000BDF804209DF80430120A934001339BB219
:109540000D499DF803201B1B4A439BB24FF47A71CF
:1095500002F5FA72B2FBF1F2534303F5FA73B3FB6F
:10956000F1F482E71C46D6E700236FF01300E7E72B
:109570006FF0130079E700BF002F3A002DE9F047A4
:10958000037C86B00B7004460D4690F85C0103AA7C
:10959000F8210026FFF73AFE28B16FF01306304697
:1095A00006B0BDE8F08794F85C0104AA0421FFF737
:1095B0001DFE0028F1D1BDF80C201AB1049BB3FBAD
:1095C000F2F3AB60AB68A36100232B7394F85C01EA
:1095D00004AA2021FFF71AFE0028DED1BDF81030C2
:1095E0004BBB226A2A6194F85C01237704AA2821E4
:1095F000FFF70CFE0028D0D1BDF81030C3F30B02EA
:1096000013F4006F18BFA2F58052FA2312FB03F384
:109610006B6104F1270805F117074FF0000A05F107
:1096200024091FFA8AF3013B042B09D8DFE803F071
:109630000C1C1E202000DB002B6123620123D2E7DB
:10964000636B49F82A3023E094F85C0104AA4421B2
:10965000FFF7DCFD0028A0D1BDF8102053029AB11D
:10966000AB62A363012311E0E36BEAE7236CE8E755
:1096700094F85C0104AA6421FFF7C8FD00288CD18E
:10968000BDF810305B02DCE7A26BAA6284F82930D7
:109690000AF1010A18F8013F07F8013FBAF1060F75
:1096A000BFD194F85C0104AA0121FFF715FE002840
:1096B0007FF473AF9DF8103084F83031DB0985F802
:1096C0003C3084F84C304FF4FA63CDE9023040F678
:1096D00036336B6004A920468DF811608DF8126056
:1096E000FFF705FE064600287FF457AF9DF811707E
:1096F0009DF812809DF8109047EA080359EA030389
:109700001AD002AA02212046FFF785FE00287FF426
:1097100044AFB9F1000F05D0029B03F24E226B68F3
:1097200013446B60B8F1000F1DD0029B03F2B2220C
:109730006B6803EB42036B609DF81330DBB99DF857
:1097400014306BB101AA04212046FFF764FE019B8F
:1097500003F226226B6813446B6000287FF41DAF70
:109760006B6863611BE7002FE6D0029B03F525724F
:109770006B681344DFE703AA03212046FFF74BFE83
:10978000039B03F525726B6813446B600028D6D0E9
:1097900003E702297FB5044615462DD10DF10502D8
:1097A0000021FFF721FE18B16FF0130004B070BD67
:1097B0009DF80530554A94F85C014FF47A71534393
:1097C00003F5FA734FF4FA62B3FBF2F2B3FBF1F371
:1097D00001FB0522B2FBF3F293B2B3F5807F9ABF8F
:1097E00002F1FF32D2B2FF224621A4F8D82004B001
:1097F000BDE87040FFF7C7BB032935D10DF1050265
:109800000021FFF7F1FD414B9DF805204FF47A71DF
:109810005A4302F5FA724FF4FA63B2FBF3F3B2FB68
:10982000F1F201FB0533B3FBF2F39AB242B1531EDE
:109830000022FF2B02F1010113D803EB02239AB29D
:10984000ADF80620A4F8D8200028ADD194F85C012A
:109850005121FFF740FB0028A6D1C4F8E4500020B6
:10986000A4E75B080A46E4E702A9FFF740FD9DF87C
:109870000B60C6B10DF1050200212046FFF7B4FDD3
:10988000002891D194F85C010DF106025121FFF7F7
:10989000BDFC002888D1BDF806309DF806601B0A83
:1098A0009E400136B6B20DF1050201212046FFF7B8
:1098B0009BFD00287FF478AF144A9DF805304FF4E3
:1098C0007A71534303F5FA734FF4FA62B3FBF2F281
:1098D000B3FBF1F301FB0522B2FBF3F2921907D0BF
:1098E000013AFF2A00F101030DD802EB002292B2E7
:1098F00094F85C017121FFF7EEFA00287FF454AF71
:10990000C4F8DC50ABE752081846EAE7002F3A00EB
:109910002DE9FF474FF4FA620023CDE9003244F607
:109920001F62914206460F4605D86FF00305284690
:1099300004B0BDE8F08702A98DF809308DF80A302F
:10994000FFF7D5FC054610B16FF01305EFE79DF862
:1099500009809DF80A909DF808A049EA08035AEA90
:109960000303A7F636341BD001AA02213046FFF7C5
:1099700052FD0028E8D1BAF1000F05D0019B03F297
:109980004E239C42D1D9E41AB9F1000F25D0019B96
:1099900003F2B223B4EB430F4FEA4302C5D9A41A32
:1099A0009DF80B3063B16A4603213046FFF733FD63
:1099B000009B03F525739C42B7D90028C4D1E41A53
:1099C0009DF80C30002BB2D0A4F2262204213046A0
:1099D000FFF7DFFE77610546A9E7B8F1000FDFD09A
:1099E000019B03F525739C429FD9E41AD8E773B510
:1099F0000646002501220B2196F85C01FFF7C3FA09
:109A0000002204460B2196F85C01FFF7BCFA0DF129
:109A100007020443132196F85C01FFF75DFC9DF8F3
:109A2000073064B2044301355B0760B2EDB207D082
:109A3000032D0AD00028DDD06FF0130002B070BDF6
:109A4000032D08BF6FF00B00F8E76FF00B00F5E790
:109A50002DE9F04F9BB090F830310E91054600246F
:109A600090F85C010593C02201212746FFF78BFA8D
:109A7000002840F03D830122802195F85C012C7480
:109A8000FFF781FA0122FF2195F85C01FFF77BFACD
:109A90002246214695F85C01FFF775FA95F83A21C0
:109AA00095F85C019121FFF76EFA0122214695F8A5
:109AB0005C01FFF768FA2246FF2195F85C01FFF789
:109AC00062FA2246802195F85C01FFF75CFA214694
:109AD00095F85C010122FFF756FA0146002840F094
:109AE000078301238DF84C30064644F620689DF824
:109AF0004C30DB0706F101060BD5002940F0F5825A
:109B0000464508D095F85C0113AAFFF7E5FB01462E
:109B1000EDE7464505D16FF0060630461BB0BDE8BF
:109B2000F08F002940F0E4822846FFF7FFFB06464D
:109B30000028F2D1032385F8323195F85C0110AB8F
:109B40000C221421FFF735FA002800F0D182BDF86D
:109B5000423003935BBABDF84660ADF832309BB239
:109B6000BDF84A800293B5F8523195F8312176BAA2
:109B700098FA98F8B6B2B3F57A7F1FFA88F84FEAE8
:109B800046260DD008FB03F34FF47A7103F5FA7300
:109B9000B3FBF1F3297F002940F09B801FFA83F883
:109BA000002A00F0A1804FEA8813DBB206934FEA47
:109BB00098089DF84020BDF84830C2F3C302002148
:109BC00001925BBAADF84C109BB201995B024FF267
:109BD000A102CA40079395F82830049302F00102CD
:109BE0000D92002B00F0C6812C7F002C00F08880A5
:109BF0002A6A029B5A438032140A06EB122295F815
:109C0000E0104FF47A7A0AFB02F9082909F50049B5
:109C10000CBF4FF0020B4FF0030B5FEA194073D1FA
:109C2000384BC5F840319A466B6B84B2002B00F07C
:109C3000A48153452CBF4FF0000B4FF0010B95F85A
:109C40002A90B9F1000F00F0AC8195F85C01D5F8CD
:109C50003CA00122FF21FFF796F9002800F08F8138
:109C60006FF01300BDF84C205202C5F84821BAF13C
:109C7000000F00F09481524594BF00220122002879
:109C800040F0128295F82B10002900F08E81039B82
:109C9000002B00F0888102983302B3FBF0F3286CAC
:109CA00083422CBF002301230D98002840F001823D
:109CB00001980138092800F2EC81DFE810F0780102
:109CC00078017801EA01EA01FC01EA01FE01FC01E8
:109CD000FE010298298C4143B6EB212F4FEA212047
:109CE00005D152B948F6E0280023069361E79BB2FC
:109CF0007343311AB3FBF1F350E742F2B82852E74D
:109D000032467CE7AE878F02DFF8D4C3D5F8DC306B
:109D100008930CFB01F101F5FA730A93D5F8E430CE
:109D2000099395F8E83009990CFB03F303F5FA73EE
:109D30004FF4FA6CB3FBFCFE0AFB01EE0A99B1FB8F
:109D4000FCFC0899B3FBFAF30AFB01CCBEFBF3F36E
:109D50000A99B1FBFAF1BCFBF1FC63440BFB03F382
:109D600040F27761DB0203F5FA73B3FBFAF34B437E
:109D700003F5FA73B3FBFAF102F180030A931A0AAE
:109D8000079B0F914A4302F1800C0AFB03F2CD4B73
:109D90001A40B2FBF0F2CC484FEA1C2C824228BF9A
:109DA0000246BCF1010F4FF4167038BF4FF0010CA2
:109DB00000FB02F30C2000FB0CF00B93FCF757FAAE
:109DC000C04B0AFB04F4B4F5481F09EA030928BF95
:109DD0004FF4481409F5FA79A9EB4404BB4BB9FBDD
:109DE000FAF9B4FBFAF42402B4FBF9F42402C4F542
:109DF000803441F25C2203FB08F3B3FBF2F35C43D3
:109E000004F50044640C04F5004464434FF44873C3
:109E1000A40B5C430B9B04F5004403F50049240CA0
:109E200064434FEA19494FEA400B09FB0940FCF72C
:109E30001EFA03046422323341F2883AB3FBF2F390
:109E400040F6B532B3FBFBF302FB03AAA04B0F991C
:109E50000F919A459CBF42F21073BAFBF3FADDE909
:109E60000832134403F5FA734FF47A7B4FF4FA6225
:109E7000B3FBFBF0B3FBF2F202F5C812B2FBF0F059
:109E800088BF4FF4704AFCF7F2F9000200F5FA704F
:109E9000B0FBFBF040430AFB0A00FCF7E8F98D4BEE
:109EA0000F990BFB00FA9A45B5F854B128BF9A46B2
:109EB000D5F85831C5F840A103FB0BF380331B0ADA
:109EC00003FB0BFB002E53D0834B0A9A03EA822339
:109ED00003EB5603B3FBF6F303EB43035B4303F5DA
:109EE00000431B0C062009F10309B9FBF0F9C9EB8B
:109EF000C909B9F5803F37BF0B9A784A0332B2FBE4
:109F0000F0F23FBFC2EBC20202F50042120C524314
:109F100004EB510414440BF12000B4FBF1F4A4034E
:109F2000FE227F348009B4FBF2F45C4304F5FA743A
:109F30004FF47A73B4FBF3F4FCF799F9240104F5B8
:109F4000FA74B4F57A7F814623BF4FF4FA604FF478
:109F50007A73B4FBF0F0002022BF5844B4FBF3F452
:109F6000B0FBF4F0FCF783F9484528BF48465BE6B0
:109F70003346B7E7DDF810B061E69B465FE613AA0B
:109F800095F85C01B621FFF741F9024600287FF4FD
:109F900067AE95F85C01FF21FEF7F5FF62E65246D9
:109FA0006DE64A466EE6039B79E60B467CE605279E
:109FB000049895F829C0002808BF4BF0010B0198C0
:109FC00085F82EB004281ABFBCFA8CF04009012095
:109FD000B9F1000F08BF42F00102002908BF43F0A9
:109FE000010385F82F0085F8302085F8313005F120
:109FF000500CBCE80F000DF14C0EAEE80F009CE8D1
:10A00000070000238EE807001493079B1793BDF801
:10A010003230ADF86030069B16968DF863308DF8BF
:10A02000647013AEADF85640ADF854800FCE05F114
:10A0300050040FC49EE807008CE807002846FFF78D
:10A04000D6FC064600287FF468AD95F85C01012235
:10A05000FF21FEF798FF00284AD10E9A95F85C017F
:10A06000B621FFF7D3F8002842D195F85C013246BB
:10A07000FF21FEF788FF00283AD1059A95F85C0188
:10A080000121FEF780FF064690BB059B85F8303125
:10A0900043E5012A11D00198042810D07BB9BBF107
:10A0A000000F1FD10F465A46394600273B463C4613
:10A0B0007EE7FF277CE704277AE7032778E7022774
:10A0C00076E700BF0000FFFF666666009A9906000B
:10A0D0000F279F24AE878F020000FCFF0000F0FFD7
:10A0E000002F3A005F461A4662E746453FF413AD3B
:10A0F0006FF0130611E510B541F00102044600218E
:10A1000090F85C01FEF73FFF78B92046FFF70EF9A3
:10A1100068B92046FFF76BFC48B90246014694F83F
:10A120005C01BDE81040FEF72EBF6FF0130010BDBC
:10A130002DE9F3474FF0000A0546884690F85C0188
:10A140009DF828708DF807A0FF2116460122994638
:10A15000FEF719FF52460446514695F85C01FEF79A
:10A1600012FF52460443FF2195F85C01FEF70BFFF6
:10A1700064B2044364B2B9F1000F07D095F85C01F2
:10A180004246CB21FFF7A8F8044364B247B195F8E3
:10A190005C010DF10702EE21FFF79EF8044364B263
:10A1A00095F85C010122FF21FEF7EDFE0122044338
:10A1B000002195F85C01FEF7E6FE64B2044300223C
:10A1C00095F85C01FF21FEF7DEFE64B29DF80730D2
:10A1D000204323F0100340B2337002B0BDE8F08793
:10A1E0002DE9FF471546012290F830710446884654
:10A1F00090F85C014FF0000A11461E468DF80FA042
:10A20000FEF7C1FE8146B0BB40212046FFF773FF39
:10A2100060BB012E34D1009033460DF10F02414650
:10A220002046FFF785FF40BB94F85C010222012124
:10A23000FEF7A9FE804658BB01462046FFF75BFFAC
:10A2400008BB012E22D1034600962A460DF10F01CC
:10A250002046FFF76DFF80B994F85C013A46012172
:10A26000FEF791FE48B984F8307101E088F800905B
:10A2700004B0BDE8F08788F800A06FF01300F7E79E
:10A2800088F80000D0E785F80080F1E72870E3E760
:10A2900000232B70F1E72DE9F04F002391B0CDE9B9
:10A2A0000712B0F83C61C0F82431A0F8283101222F
:10A2B0000446FF2190F85C018DF82D30CDE90C3378
:10A2C0008DF82C30FEF75FFE024628B16FF01305C3
:10A2D000284611B0BDE8F08F94F85C014F21FEF7DD
:10A2E00052FE0028F2D12C2294F85C014E21FEF798
:10A2F0004AFE02460028E9D194F85C01FF21FEF7EE
:10A3000042FE0028E2D1B42294F85C01B621FEF7A7
:10A310003AFE02460028D9D194F85C018021FEF76C
:10A3200032FE03460028D1D10BAA0DF12D012046A3
:10A33000FFF756FF05460028CAD104F5957305932B
:10A3400004F5927703230DF13408CDE900030146AB
:10A35000CDF808803B4604F595722046FEF7E1FEF5
:10A3600005460028B4D10DF12E012046DDF83490C9
:10A37000FFF76EFB05460028AAD1BDF82E20B24299
:10A3800053D96149C4F82401A4F8280109F1B402A1
:10A39000920901EB8202D2F8FC2012B9B9F12B0F1D
:10A3A00040D94FF0030ACDE9009A059ACDF808800C
:10A3B0003B4601212046FEF7B4FE002840F0A18074
:10A3C0000DF12E012046DDF83490FFF741FB002807
:10A3D00040F09780BDF82E20B24200F289804FF005
:10A3E000010B964240F28780921B82EAE273A3EB54
:10A3F000E27306930323049304F592735FFA8BF8D8
:10A400000993099B93E803000CAA0E90ADF83C1049
:10A4100005984946FCF7A4F90C9B5A1C08D16FF02B
:10A4200031006EE009F10109B0E74FF0000BD8E709
:10A43000354903F1B402920901EB8202D2F8FC2003
:10A44000003A18BF01225A453AD1049A2F2B02F143
:10A45000010A4FEAD30C03F00701E0D8012088403D
:10A4600017F80C10014307F80C10394694F85C01FA
:10A4700003F10109FEF73FFD002840D10DF12E0147
:10A480002046FFF7E5FA00283BD1BDF82E00811BDE
:10A490000029B8BF4942B04226D9069B8B4211D24F
:10A4A0000EAE314694F85C01FEF725FD034696E8B2
:10A4B0000300C4F82401A4F82811002B7FF406AF90
:10A4C000DDF810A0079BC3F800A0089B83F800806C
:10A4D000012384F81531079B1B6884F81331089B0E
:10A4E0001B7884F81431F3E6CDF810A0069188E7C4
:10A4F0004FF00108E6E74FF00008C246E2E76FF0D0
:10A5000013000546E4E600BF301801082DE9F04FBE
:10A51000804B002504469DB02A46C0F86031061DD8
:10A5200088212920FEF72FFD4FF47A73A4F85631C5
:10A530004FF4C873A4F85831774BC4F85C31774BAB
:10A5400084F8F4506562C4F8D8300CA930468DF810
:10A5500030508DF83150FFF711F8054690B9ADF83D
:10A5600030000DF1300CBCE80F0004F114070FC7E8
:10A57000BCE80F000FC7BCE80F000FC79CE80F0036
:10A5800087E80F00664BC4F838314FF4FA7301279F
:10A59000A4F83C314FF42063A4F840313A468021BE
:10A5A00094F8600184F85471FEF7EDFC3A46804659
:10A5B000FF2194F86001FEF7E6FC002248EA00085B
:10A5C000114694F86001FEF7DEFC45EA08056DB21D
:10A5D0000DF1280805434246912194F86001FEF7E9
:10A5E0007BFE6DB29DF8283084F83E3105433A4633
:10A5F000002194F86001FEF7C6FC6DB2054300220D
:10A60000FF2194F86001FEF7BEFC6DB20543002205
:10A6100094F860018021FEF7B6FC6DB205436DB27F
:10A620004FF0000904F12C0A002D46D11FFA89F3DE
:10A63000013B042B04D8DFE803F04350545860007A
:10A64000012384F82C300AF8097009F10109B9F1E5
:10A65000060FE9D18DBB94F86001E5850223FE2247
:10A660006021FEF71DFE40BB94F8600184F8305075
:10A670001023EF226021FEF713FEF0B94FF4901380
:10A68000A36394F82D3084F83150CBBB4FF4804550
:10A690004FF40C13C4E90F530023FF2594F8600115
:10A6A000636484F834512A460121FEF76CFC4FF0B4
:10A6B000010B84F836B18246A0B36FF0130955E15F
:10A6C000E26B94F86001C2F34F224421FEF703FCD1
:10A6D0000028B8D06FF01305B7E7012384F82E30B7
:10A6E000B1E7012384F82F30ADE70023FE2294F870
:10A6F00060016021FEF7D4FDEAE70023EF22F6E7D0
:10A7000094F8600120224421FEF7E5FB0028BDD02B
:10A71000D3E700BF29019001856B0100A4700900F7
:10A72000640084039C4F84F8190187F8580101469E
:10A7300040220CA805F01CFD94F8F490ADF81EA082
:10A74000B9F1070F8DF81BA08DF81CA0CDF820A043
:10A7500000F0FA805A46802194F86001FEF713FC5D
:10A76000294605905A4694F86001FEF70CFC059BBB
:10A7700003435BB25246514694F860010593FEF7DD
:10A7800002FC059B03435BB22946062294F8600154
:10A790000593FEF7F8FB059B03435BB20DF11D0229
:10A7A000832194F860010593FEF796FD059B9DF8C3
:10A7B0001D2003435BB242F00402832194F8600140
:10A7C0000593FEF7E0FB059B03435BB22946072296
:10A7D00094F860010593FEF7D6FB059B5A4643EAC1
:10A7E0000005812194F86001FEF7CDFB6DB20543B1
:10A7F0000A20FDF7CDFD94F860015A468021FEF74E
:10A80000C2FB6DB2054319F001036DB2059340F030
:10A81000B1806B22942194F86001FEF7B4FB82466C
:10A820003046FEF7B7FD09AA4AEA000A902194F8DB
:10A830006001FEF7DBFC45EA0A05099B6DB22422A4
:10A840009421054394F86001C3F3062AC3F3C03B87
:10A85000FEF799FB6DB205433046FEF79BFD6DB2E6
:10A86000054309AA902194F86001FEF7BFFC099AFC
:10A870006DB212BA942105430A9294F86001252220
:10A88000FEF781FB6DB205433046FEF783FD6DB2E6
:10A89000054309AA902194F86001FEF7A7FC099AE4
:10A8A0006DB2110E0543120C6DB28DF82C108DF89F
:10A8B0002D200022812194F86001FEF764FB06221E
:10A8C0000543FF2194F86001FEF75DFB6DB205437F
:10A8D0000DF11D02832194F86001FEF7FDFC9DF847
:10A8E0001D206DB2054302F0FB02832194F8600144
:10A8F000FEF749FB6DB205430122FF2194F8600188
:10A90000FEF741FB6DB205430122002194F860017E
:10A91000FEF739FB6DB205430022FF2194F8600178
:10A92000FEF731FB6DB20543002294F860018021EF
:10A93000FEF729FB6DB205436DB22DB9059BDBB166
:10A9400049F0010984F8F49094F81851012D05D8C4
:10A9500094F817A11CD1BAF1200F1FD907AA08A992
:10A960003046FFF798FC8146002857D00A4B83F801
:10A97000589195E1D3469CE70A98B8F8043084F8DA
:10A9800017A184F818B1C4F82E01A4F83231D7E722
:10A99000BAF10C0FE1E700BF54180020012294F82F
:10A9A0006001FF21FEF7EFFA0246C8B994F8600192
:10A9B0004F21FEF7E8FA98B92C2294F860014E2155
:10A9C000FEF7E1FA024658B994F86001FF21FEF75C
:10A9D000DAFA28B994F86001B422B621FEF7D3FA66
:10A9E0000023C4F82831A4F82C31002D40F03C811C
:10A9F0002B460093CDE901A804F5947304F59772F2
:10AA000029463046FEF78DFB81460028AED1012352
:10AA100084F8193184F817A184F8185194F8543146
:10AA2000002B40F02381D4F850113046FEF7FAF99C
:10AA3000814600289AD102460A2194F86001FEF767
:10AA4000A2FA034600287FF438AE94F86001EF22A2
:10AA50008421FEF725FC00287FF42FAE84F8DE0069
:10AA60003046FEF7C4FF814600287FF47FAF012205
:10AA7000FF2194F86001FEF786FA0DF11E020546EB
:10AA8000842194F86001FEF7C1FB4A460543FF218B
:10AA900094F86001FEF777FA6DB205436DB2002DB0
:10AAA0007FF40BAEBDF81E301B01C4F8D8300CA9E2
:10AAB0003046FEF763FD00287FF4FFAD94F8600197
:10AAC0000DF11B020921FEF707FC00287FF4F5AD0C
:10AAD0009DF81B300CAD03F0010384F835318DF87F
:10AAE0001B300FCD04F1140CACE80F000FCDACE817
:10AAF0000F000FCDACE80F0095E80F008CE80F00B9
:10AB00000DF11B0294F860010121FEF7E5FB00281E
:10AB10007FF4D3AD9DF81B308DF8280084F83431D4
:10AB200094F8600142460121FEF7D6FB00287FF42D
:10AB3000C4AD9DF82850E80610D505F0EF0594F84F
:10AB400060012A460121FEF71EFA00287FF4B5AD08
:10AB5000A16984F834513046FEF7DAFE002394F8F8
:10AB600060018DF8283042460121FEF7B5FB002830
:10AB70007FF4A3AD9DF82850690710D505F0FB05BB
:10AB800094F860012A460121FEF7FDF900287FF4C0
:10AB900094ADA16984F834513046FEF7B9FE03251F
:10ABA00084F8365109AA00213046FEF71DFC002822
:10ABB0007FF483AD9DF8243084F8EC3009AA01219C
:10ABC0003046FEF711FC00287FF477AD9DF8243065
:10ABD00084F8E430424629463046FEF71CFC002843
:10ABE0007FF46BAD0A9BC4F8E8304246042130463E
:10ABF000FEF711FC00287FF460AD0A9BC4F8E0303A
:10AC000008AA09A93046FFF746FB87F85801002833
:10AC100046D101230DF11D020DF11E013046FFF753
:10AC2000DFFA87F8580100283AD1E26B94F8600106
:10AC30000125257584F82C50C2F34F224421FEF7DC
:10AC40004AF9A8B1EC2387F8583129E0013303F120
:10AC5000B402920901EB8202D2F8FC20002A7FF4B0
:10AC6000C8AE2C2BF2D1C4E67C49F0E77C49DCE687
:10AC700094F8600184F82D500C224421FEF72BF942
:10AC80000028DFD14FF4701341F69912C4E90E3257
:10AC900044F620613046FEF73BFE87F8580110B1BC
:10ACA0001DB0BDE8F08F5022572194F86001FEF7E7
:10ACB0006AF994F8600108225621FEF764F9002829
:10ACC000C0D10AAA03213046FEF7A5FB18B1122312
:10ACD00084F8EC30B6E70CAA02213046FEF79BFB65
:10ACE0000028F4D194F8600108225021FEF74BF9B6
:10ACF0000028ECD10A9A03213046FEF74AFD0028CD
:10AD0000E5D10C9A02213046FEF743FD122384F868
:10AD1000EC30002896D1A169DFF848813046FEF773
:10AD2000F7FD70B9012194F8600194F834510222C2
:10AD3000FEF729F90146002884D13046FFF7DBF9F8
:10AD400010B188F85801ABE794F860012A46012158
:10AD5000FEF719F9814600287FF474AF48221146A6
:10AD600084F8345188F8580194F86001FEF70BF923
:10AD70000822472194F86001FEF705F903220546F1
:10AD8000322194F86001FEF7FEF8072205433021D6
:10AD900094F86001FEF7F7F86DB205430122FF2138
:10ADA00094F86001FEF7EFF86DB2054320223021E0
:10ADB00094F86001FEF7E7F86DB205434A4694F84F
:10ADC0006001FF21FEF7DFF86DB205436DB225B1DA
:10ADD0006FF0130588F8585162E70CAA0421304639
:10ADE000FEF719FB18B10E2384F8E430F0E794F86D
:10ADF000600106227021FEF7C6F80028F3D10C9AF4
:10AE000004213046FEF7C5FC0E2384F8E430002808
:10AE1000DED1A1693046FEF77BFD05460028D9D179
:10AE200094F8600194F8347102220121FEF7ABF826
:10AE30000028CDD129463046FFF75DF905460028A8
:10AE4000C8D194F860013A460121FEF79CF8054606
:10AE50000028BDD184F83471BCE700BF3018010868
:10AE60002A02002054180020012803D0022813D001
:10AE700008B37047174A19B94FF48043936170477C
:10AE8000012903D14FF4804313857047938A9BB205
:10AE900083F48043938270470E4A11B94FF40053F4
:10AEA000ECE7012902D14FF40053EDE7938A9BB2FE
:10AEB00083F40053EEE7074A11B94FF40043DDE78E
:10AEC000012902D14FF40043DEE7938A9BB283F459
:10AED0000043DFE700080048134B4FF480521A8507
:10AEE000124A40F2E933118989070BD510730F4AD2
:10AEF00040F2E9331189C90714D4013B9BB2002BFE
:10AF0000F8D103E0013B9BB2002BECD1084AB2F828
:10AF10005A3101339BB2A2F85A31034B4FF480529D
:10AF20009A617047137BF8E700040048003800403E
:10AF30005418002007B5014601AB02224020FEF75D
:10AF400038F830B1BDF8040040BA80B203B05DF803
:10AF500004FB4FF6FF70F9E70D4B0E484FF400521B
:10AF60005A605A6C4FF6FE710A405A64D0F890212C
:10AF700013680B401360D0E960239A4203D000F5B8
:10AF8000AE70FBF74BBA012380F8A031704700BFC9
:10AF900000000240541800200148FBF7C4BA00BF6B
:10AFA000B01900200148FBF7BEBA00BF041A002008
:10AFB000184AB2EB902F4FEA902323D3083A9342DA
:10AFC0000FD8493A93421FD0013293421ED0B3F5B5
:10AFD000801F4FF0FF3018BF002080F0FE00C0B28D
:10AFE0007047A3F580134B3B072B0BD8DFE803F02A
:10AFF000100A040A0A060A08042070470520704750
:10B0000006207047FE2070470220704703207047DB
:10B0100000207047520010002DE9F84F234D244FB7
:10B02000DFF8948000242E78E0B2864211D8214BBC
:10B030001B685B030BD500241D4DDFF88080224682
:10B0400050274FF02809A246E3B29E420CD8BDE833
:10B05000F88F57F820302BB10B2803D8DB6838F86D
:10B06000101098470134DEE72B6859689142AB46CF
:10B0700012D00846FFF79CFFEFF3128387F3128884
:10B080004A6A09FB0080013242624A6942F00102C9
:10B090004A61DBB283F31188DBF800301B680435AA
:10B0A000C3F800A001340A46CEE700BF180E002006
:10B0B0001C0E0020300C0020E40B0020E0110020CA
:10B0C000224B10B5224C5343224AB2FBF3F20388C1
:10B0D0000139013AA04289B292B29BB206D123F063
:10B0E00070039BB223F440739BB214E01A4CA0424D
:10B0F000F5D0B0F1804FF2D0A4F59834A042EED054
:10B1000004F58064A042EAD0144CA04203D004F5B8
:10B110008064A042E6D103800D4BC1629842028553
:10B120000FD003F5006398420BD003F540639842BB
:10B1300007D003F58063984203D003F580639842FB
:10B1400001D1002303860123436110BD40420F005B
:10B15000002C014000A24A040034014000100040CD
:10B1600001490248FBF717BAE0110020002C01400A
:10B17000FFF7F6BF02494FF08040FBF70CBA00BF63
:10B180000812002001490248FBF705BA30120020DE
:10B190000004004001490248FBF7FDB958120020A5
:10B1A0000008004001490248FBF7F5B98012002071
:10B1B00000340140FFF7F6BF01490248FBF7EBB945
:10B1C000A81200200040014001490248FBF7E3B902
:10B1D000D01200200048014070B50F4E0F4C4FF4C4
:10B1E0007A73B0FBF3F596F804322BB96369032048
:10B1F0009847012386F80432E369094A0949284639
:10B20000984740B1084B1A68084B03201A606369DD
:10B21000BDE87040184770BD54180020FC10002095
:10B22000F80A0020F00A0020C409002010100020B5
:10B230002DE9F0410022012603250B6806FA02FEE3
:10B240003EEA030331D10C795700631E05FA07FC6F
:10B25000012B6FEA0C0C17D8836803EA0C03836098
:10B260004B79D0F80880BB4043EA080383608388A9
:10B270009BB223EA0E0383808B79B0F804E09340FD
:10B2800043EA0E039BB28380036803EA0C03036066
:10B290000368BC401C430460C46805FA07F324EA51
:10B2A0000304CB79BB402343C3600132102AC4D1CD
:10B2B000BDE8F08173B50C4600250126228806FA08
:10B2C00005F31A4218D00093A37803F003028DF817
:10B2D0000420E278022A02D0032A18BF01228DF846
:10B2E00005206946C3F30112C3F381038DF80620DC
:10B2F0008DF80730FFF79CFF0135102DDED102B02D
:10B3000070BD104A104B13B50C460C2101FB0020F8
:10B3100007C883E8070002218DF807109988ADF867
:10B3200004100A490A48214491F80C118DF80610BE
:10B33000416911434161186801A9FFF7BBFF02B0E1
:10B3400010BD00BF4C170108B80A002030180108D2
:10B350000010024013B50E4C94F80532B3B90D4BF2
:10B360001B689BB11A681AB10B49486902434A61CC
:10B370009A889868ADF8042001A94FF40072ADF8DE
:10B380000620FFF797FF012384F8053202B010BDB5
:10B3900054180020DC1000200010024008B5FFF710
:10B3A000D9FF024B4FF480521A8008BD26000020BE
:10B3B00010B5164CFFF7CEFFA36820217F209847D9
:10B3C0001420FCF7E5FFA3681F21012098470A20FD
:10B3D000FCF7DEFF0021A368084698470A20FCF727
:10B3E000D7FFA3683521142098470A20FCF7D0FF27
:10B3F000A3680021102098470A20FCF7C9FFA36822
:10B400000021BDE810401120184700BFD0100020D7
:10B410002DE9F74F824D04689A4695F806320746A3
:10B4200090465A1C85F8062220460A4605F5027900
:10B4300041464FEA031B09EB0319FFF741FE3B8925
:10B44000ADF80430786840F2022301A9ADF8063067
:10B45000FFF730FFBE7A082E00F0A28022D8002E1F
:10B4600041D0042E74D03B7B1BB1636C43F400438A
:10B47000636423889BB243F00103082E238000F00D
:10B48000CA8000F2B480002E00F0B980042E00F0D3
:10B49000BD805D444846A5F81082C5F80C4203B053
:10B4A000BDE8F08F0C2EDED1236A5E4823F4805372
:10B4B0002362226A6168E369844223F4E64343F429
:10B4C000E04342F4405203D000F50060844201D1D1
:10B4D00041F480416160E361C4F840A02262E36905
:10B4E00043F4006378E0236A4E4823F001032362AB
:10B4F000236A6168A26922F4803222F073028442D6
:10B5000042F070021BD000F50060844217D000F5B5
:10B510004060844213D000F5806084420FD000F573
:10B52000806084420BD043F003036160A261C4F8E1
:10B5300034A02362A36943F00803A36193E723F0D7
:10B540000C0321F4407143F0030341F48071ECE7F4
:10B55000236A344823F010032362236A6168A269D6
:10B5600022F0807222F4E642844242F4E0420ED09D
:10B5700000F5006084420AD043F030036160A261AC
:10B58000C4F838A02362A36943F40063D5E723F02D
:10B59000C00321F4406143F0300341F48061EDE7E2
:10B5A000236A204923F480732362206A6268E36976
:10B5B0008C4223F0730343F070030FD001F5006158
:10B5C0008C420BD040F440706260E361C4F83CA050
:10B5D0002062E36943F00803E36144E720F440603C
:10B5E00022F4405240F4407042F48052ECE70C2EBA
:10B5F0007FF44FAF05EB0B0304F1400203E005EBD2
:10B600000B0304F13402C3F8082242E705EB0B03F5
:10B6100004F13802F7E705EB0B0304F13C02F2E713
:10B6200054180020002C0140154A00231360536079
:10B630009360144A136053609360134A136053601D
:10B640009360124A136053609360114B93ED000AAC
:10B65000B4EE400AF1EE10FA0AD693ED021AB4EEF7
:10B66000411AF1EE10FA03D6D3ED010AFBF77CBACA
:10B670009FED081AF0EE410AB0EE410AF6E700BF6E
:10B68000B8160020D0160020DC160020C4160020BA
:10B69000EC1600200000000010B5304CD4ED013A4B
:10B6A00094ED046A94ED003A94ED037A94ED024A25
:10B6B000D4ED056A63EE867AF6EE005AE3EE077A79
:10B6C0008AB02146B0EE635AE4EE267A07A8F0EE7F
:10B6D000444A67EEA57AF0EE435AA6EE675AE6EEC4
:10B6E000E74AA3EEE76AE7EE675AE4EE676AA3EE7D
:10B6F000677A66EE647ACDED066AE5EE267A66EE46
:10B70000E56A8DED047AE4EE876A27EE457ACDEDA1
:10B71000075AA5EE867A8DED085ACDED094A8DEDD2
:10B72000056ACDED017ACDED026A8DED037AFBF766
:10B7300049F818B90AB0BDE8104075E704F10C01EA
:10B7400004A8FBF73FF80028F4D004F1180101A881
:10B75000FBF738F80028EDD00AB010BD44000020F7
:10B7600000210120FCF79ABF0EB42DE9F04386B00A
:10B770000DAC5A4B54F8045BCDE9013400264FF070
:10B780000A092B782BB3252B05D00135019A511CC2
:10B79000019113704AE06B78302B08BFAB78A3F1AE
:10B7A000300219BF02354FF0000803354FF0010891
:10B7B000092A4FF0000721D96C2B2BD115F8013B3A
:10B7C0000121642B69D033D8252BDFD024D8002B5E
:10B7D000D7D1019B002230461A7006B0BDE8F04375
:10B7E00003B07047A3F14102052AE5D8A3F137025F
:10B7F0000A2A0FD115F8013B09FB0727A3F13002F4
:10B80000D1B20929F6D9A3F16102052AEAD8A3F138
:10B810005702EDE70021D4E7582B4BD0632BB0D172
:10B82000019B14F8042B1A70591C01910136A8E7EA
:10B83000A3F16E02D0B20A28A3D80A2AA1D801A087
:10B8400050F822F0D3B8000883B7000883B7000887
:10B8500083B7000883B70008CBB8000883B7000897
:10B8600071B8000883B7000883B70008B5B80008AE
:10B8700054F8040B03AB59B100220A21FAF7F0FB8C
:10B8800003AB4246394601A8FAF744FF064478E77D
:10B890000A460A21FAF7E4FBF2E754F8040B002801
:10B8A000BFBF2D238DF80C3040420DF10D03A8BF12
:10B8B00003ABE1E7583B5A425A4154F8040B03AB3F
:10B8C00009B11021DAE71021E4E754F8043B002223
:10B8D000D8E754F8043B1E6053E700BF800A0020FD
:10B8E00010B5FAF7A7FC4FF43024012806D10CB9A3
:10B8F000052010BDFAF79EFC013CF6E7002C08BFBE
:10B900000520F6E7F8B5222200211248124D04F076
:10B910002FFC124B00221946052401201646013245
:10B9200015F9017B83F89871042A83F89C4183F808
:10B930009D0183F89F6183F89E4103F10803EED1D6
:10B940000223A1F8A231522381F89631A1F89A017D
:10B95000F8BD00BFFE0500202C1801086804002077
:10B960000B4B0C4A1A600C4B196000F15003027823
:10B970001AB98178C278914208D304309842F6D13E
:10B980000023064A83F00103137070470123F8E790
:10B99000E80F002038050020EC0F00203E000020BA
:10B9A00070B5224C25686B6823F07F7323F45933FC
:10B9B00023F47F7323F0030343EA004302461C4849
:10B9C000184368600023206849F6FF75866976078A
:10B9D00017D5406AC8540133D8B28242F3D1154911
:10B9E00020684FF42042C1F8542100248569AE0636
:10B9F00014D4013A551C4FF00104F7D1C1F8542179
:10BA000007E0013DAE1CE1D10A4B4FF0FF32C3F815
:10BA10005421FAF7C7FE0023184670BD0CB1C1F8D7
:10BA200054212022DBB2C261F6E700BF540D002092
:10BA3000C624000254180020F0B5544E377885B063
:10BA40000D461446002F67D1514B1B68C01A514B4D
:10BA50001B68984261D301A90920FFF7A1FF0028C4
:10BA60005BD0002D56D0002C54D0BDF80430DFED53
:10BA70004A6ADFED4A7A4A4ADFED4A5A9FED4A6A3E
:10BA80009FED4A4ADFED4A4A9DF807709DF808008D
:10BA90009DF80A105BBA9BB207EE103AB8EE477AEF
:10BAA000444BE7EE267ADFED446AC2ED007ADFED23
:10BAB000437A93ED035A37EE677AD3ED007A67EE57
:10BAC000277A67EE877AE7EEA56AD3ED017A67EE0B
:10BAD000277A67EE877A67EEA57AE5EE067A93ED28
:10BAE000026A9FED375A27EE066A26EE077A9FED27
:10BAF000356AA7EE256A66EE845AE6EE245AE7EE2A
:10BB0000855AF5EE405AF1EE10FA09D100232B6068
:10BB100013682360012333700127384605B0F0BD58
:10BB200027EE867A66EEA73A27EE047A26EE866A34
:10BB3000A3EEA47A030243EA07430B43A6EE057A79
:10BB40009FED216A87EE255A9FED207ADFED205A7E
:10BB500027EE677A76EEE77AA6EE867A76EE856A43
:10BB6000A5EE657AC7EE275A07EE903A36EE656A7B
:10BB7000F8EEE77A26EE266A77EE857A86EE277A61
:10BB800077EE257AC5ED007AC2E700BF28110020C4
:10BB9000241100202011002000002F3B000034C29F
:10BBA0001C11002000008033000000450050C3C677
:10BBB00000B808C7EC1000200000604A00000047F1
:10BBC00000606A470000384B00C82F4700409C4780
:10BBD00000B80847254A38B50346106849F6FF7291
:10BBE000846925040BD5013A941CF9D1204B4FF000
:10BBF000FF32C3F85421FAF7D5FD002038BD446860
:10BC00001C4D1D4A2C402243426042682A4042EAB1
:10BC1000034242F0007242F0C602426049F6FF72EF
:10BC20008469A50703D4013A941CF9D1DEE7013BEE
:10BC300011F8012B826213F0FF03EFD10C494FF48E
:10BC40002042C1F854218469A50607D4013A541C46
:10BC50004FF00103F7D1C1F85421CCE70BB1C1F883
:10BC600054212023C3610120C8E700BF540D0020E8
:10BC700054180020009800FCC6200101022813B5CA
:10BC800018D003281AD0E8B1072246F625030F4C36
:10BC90005BBA01A902202260ADF80430FFF79AFFD9
:10BCA0000B4B206800221A700A4B1A680A4B1A6064
:10BCB00002B010BD182247F2DF03E8E7622247F620
:10BCC0006603E4E7032246F29C03E0E7201100202C
:10BCD00028110020C4090020241100202DE9F74379
:10BCE00040F203234FF6FF71CDE900134FF0000837
:10BCF0000446464694F82C505FFA88F7BD426CD84B
:10BD00002269130F844BD96A14BF21F4785121F4AE
:10BD1000F871D962D96A0A43DA62D4E90202596930
:10BD200002430A4360685A61FAF77AFC02682368A2
:10BD30006169012E94BF4FF0000C4FF0010C6FF3BE
:10BD40000E1242EACC1242F4145242F0200203F1E5
:10BD50004007026046608760C1600268B3F1A04F8F
:10BD600042F0010202606D4802D06D4A934248D110
:10BD70006C498A68024042F468328A60D9686A4A2B
:10BD80000A4042F40052DA601A6B013E22F00F02C0
:10BD900016431E6300200121382707264FF01F0C91
:10BDA000C2B295422FD89A6842F001029A601A688E
:10BDB000D207FCD5DA6822F00202DA60DA6842F0D3
:10BDC0000202DA60DA6842F00102DA609A6842F050
:10BDD00004029A6003B0BDE8F083A369DB5D6BB138
:10BDE000E36933F817300093236A694653F8270054
:10BDF000FFF71EFA626A731CD655DEB208F101081D
:10BE000078E74A49B5E7A269125C4AB3A26A0429F5
:10BE1000125C27D801EB410ED3F830804FEA4E0E6A
:10BE20000CFA0EF928EA090802FA0EFE4EEA080E8C
:10BE3000C3F830E0092A58D90A3AD3F818E0D3F801
:10BE400018E002EB420206FA02F22EEA020EC3F8F2
:10BE500018E0D3F818E042EA0E029A610131C9B243
:10BE600001309DE7092914D8A1F1050E0EEB4E0E05
:10BE7000D3F834804FEA4E0E4FF01F0909FA0EF93D
:10BE800028EA090802FA0EFE4EEA080EC3F834E06A
:10BE9000D0E70E2914D8A1F10A0E0EEB4E0ED3F8FE
:10BEA00038804FEA4E0E4FF01F0909FA0EF928EAC2
:10BEB000090802FA0EFE4EEA080EC3F838E0B9E7A8
:10BEC000A1F10F0E0EEB4E0ED3F83C804FEA4E0E52
:10BED0004FF01F0909FA0EF928EA090802FA0EFEC6
:10BEE0004EEA080EC3F83CE0A4E7013AD3F814E0A8
:10BEF000D3F814E002EB420207FA02F82EEA080E29
:10BF0000C3F814E0D3F814E0033206FA02F242EA6E
:10BF10000E025A61A2E700BF00100240E010FCFFD1
:10BF2000000100500003005007C0FFFD0007005053
:10BF30000B4B0C49DB68DB43C3F302230122C3F143
:10BF4000040310B502FA03F30C181B01DBB284F8EA
:10BF50000033430900F01F00824041F8232010BD48
:10BF600000ED00E000E100E02DE9F3411D468F4BBC
:10BF70009DF8207098428846164640F0B9808C4C57
:10BF80008C4BC4F85C3104F53273C4F8703104F59D
:10BF90007273C4F874314FF48073C4E95A33864B1A
:10BFA000C4F89031A3F54843203BC4F8A8310433CA
:10BFB000C4F8A43103F55743D833C4F864219A690F
:10BFC000C4F8AC0142F480429A615A6942F001021D
:10BFD0005A6140F20233ADF8043000239F428DF8DD
:10BFE00006300CBF01230223012D8DF807300FD03E
:10BFF0004FF090404FF400730093436A23F0F00336
:10C000004362436A43F0700343626946FFF710F9E5
:10C010004FF090404FF480630093436A674C23F4E1
:10C0200070634362436A43F4E06343626946FFF727
:10C03000FFF80E20FFF77CFF2520FFF779FF012393
:10C0400084F8443000232046C4E90733C4E90933A7
:10C05000C4F82C806571A660A771FCF7C9FD206B40
:10C06000002800F09380E76CE1686669FAF7D8FA77
:10C070000368226D6FF30E1343F4855389B2036096
:10C0800041608760C660036843F001030360936802
:10C0900043F04003936043689BB22364012D1ED09C
:10C0A000606B00287AD0A56C2169FAF7B9FA0368A9
:10C0B0006FF30E1343F4845343F01003036089B20B
:10C0C000002341608560C360026842F002020260A2
:10C0D000226D43604360936843F080039360226D58
:10C0E000136843F001031360204602B0BDE8F081FD
:10C0F000334B984258D12E4C2E4BC4F8B0314FF4EC
:10C100008073C4E96F33C4F8B82104F599632D4AEC
:10C11000C4F8C43104F5B963C4F8C831D369C4F8AC
:10C12000000243F40033D36140F20233ADF804302F
:10C1300000239F428DF806300CBF01230223012DFE
:10C140008DF807300ED04FF0904004230093036A1F
:10C1500023F470630362036A43F4E0630362694695
:10C16000FFF766F84FF0904008230093036A164CDF
:10C1700023F470430362036A43F4E04303626946B5
:10C18000FFF756F82620FFF7D3FE58E7236D20224D
:10C190001A621A6842F020021A607FE7226D136863
:10C1A00043F0800313609AE700249DE700380140C4
:10C1B000541800204019010844000240B019002022
:10C1C0000044004000100240041A00202DE9F34111
:10C1D000DFF864C09DF824700E4611461A469DF89B
:10C1E000203004464FF00C08002008FB00FE0EEB48
:10C1F0000C051CF90EE0A64504D001300428F4D14A
:10C20000002005E028890028FAD124B1012C0CD0A7
:10C2100002B0BDE8F08106480097FFF7A5FE0028B0
:10C22000F6D004712E816860F2E702480097F4E7C7
:10C230000038014000440040A00D002007B51B4B12
:10C240001B4A1A601B4B93F83E3123B3012B09D1D3
:10C2500019490320087019490720087018490B7004
:10C260000C231370174B184A1A604020FCF7FCF996
:10C2700070B10123002290F900004021CDE9003285
:10C28000124A4FF4E133FFF7A1FF003818BF012035
:10C2900003B05DF804FB0849022008700749032039
:10C2A000087007490B700723DBE700BF0C1500205F
:10C2B000900D0020680400200A15002010150020B1
:10C2C00054180020380000204D61000879820008D1
:10C2D00070B5154DAB894FF47A73E2B169B111F8BD
:10C2E000016B2C89A4070AD52E732C89E40713D47B
:10C2F0005C1EA4B243B12346F7E7FF26F1E75C1EBC
:10C30000A4B20BB12346ECE7084AB2F85A31013324
:10C310009BB2A2F85A3170BD2C7BE4B208B100F890
:10C32000014B013AD9E700BF003800405418002003
:10C3300073B50C4C207880B10B4D05234FF480561B
:10C34000ADF8003001A82E8502226946FFF7C0FF34
:10C35000AE619DF8050000F00100207080F0010042
:10C3600002B070BD160E00200004004870B5054DE7
:10C370002E680446FFF7DCFF18B92B689B1BA3420D
:10C38000F8D970BDC40900202DE9F04F464BDFF805
:10C390002C911C7899F800309C4289B015D0434A02
:10C3A000434FDFF81CB104EB0201CDE9041296BF44
:10C3B0001C1BC4F180040023CDE906431C443CB996
:10C3C000394A002389F80030137009B0BDE8F08FB6
:10C3D0003B683A8854FA83F1B1F5807FDBF80C10A2
:10C3E000DEB28CBFC6F5807626468B4252BAE7D2C3
:10C3F00002211B0C06208DF80C108DF80D30ADF8C5
:10C400000E20FFF7B3FF0620FEF766FD294B012241
:10C410001A70294B4FF480521A8503A90422002078
:10C42000FFF756FF069D6DB3B542DDF810802BD2A5
:10C430002A4641460020FFF74BFF721B002345446C
:10C4400004950693079DA5B1AA42DDF8148020D873
:10C4500005AB0DF11C0A41460020CDE90023FFF792
:10C4600037FF009A019B08EB0201AA1A1960CAF86B
:10C470000020114B4FF480529A613B683344A41B57
:10C480003B609CE73246DDE7324604AB0DF1180A0B
:10C49000E1E741462A460020FFF71AFF08EB0501B5
:10C4A000002305910793E4E7D00D0020BD1700207D
:10C4B000D40D0020160E002000040048D10D0020ED
:10C4C00028000020F7B503238DF80430030C40BA90
:10C4D000ADF8060006200D4614468DF80530FFF72E
:10C4E00045FF90B10A4E04224FF480570DEB020134
:10C4F00000203785FFF7ECFE224600212846FFF793
:10C50000E7FEB761204603B0F0BD0446FAE700BF7E
:10C5100000040048024640213C20FCF7F8BC10B55E
:10C52000B020FCF7FFFC4020FCF7FCFC0020FCF7EF
:10C53000F9FC1020FCF7F6FC4FF40064013C0020ED
:10C54000A4B2FFF7E7FF002CF8D110BDF8B50C4FEF
:10C55000461E16F8013F03B9F8BD03EB8303A3F1B0
:10C56000A1043C440025013514F8010FEDB2FFF79A
:10C57000D1FF052DF7D10020FFF7CCFFE9E700BF81
:10C580005C190108054A138823EA000083421080E1
:10C5900002D00120FBF7A0BF704700BF2C0C002089
:10C5A000044A138818438342108002D00120FBF70D
:10C5B00093BF70472C0C0020844641EA000313F01F
:10C5C00003036DD1403A41D351F8043B40F8043B9A
:10C5D00051F8043B40F8043B51F8043B40F8043B5D
:10C5E00051F8043B40F8043B51F8043B40F8043B4D
:10C5F00051F8043B40F8043B51F8043B40F8043B3D
:10C6000051F8043B40F8043B51F8043B40F8043B2C
:10C6100051F8043B40F8043B51F8043B40F8043B1C
:10C6200051F8043B40F8043B51F8043B40F8043B0C
:10C6300051F8043B40F8043B51F8043B40F8043BFC
:10C6400051F8043B40F8043B403ABDD2303211D39C
:10C6500051F8043B40F8043B51F8043B40F8043BDC
:10C6600051F8043B40F8043B51F8043B40F8043BCC
:10C67000103AEDD20C3205D351F8043B40F8043B9C
:10C68000043AF9D2043208D0D2071CBF11F8013B9A
:10C6900000F8013B01D30B8803806046704700BF60
:10C6A000082A13D38B078DD010F003038AD0C3F16F
:10C6B0000403D21ADB071CBF11F8013B00F8013B51
:10C6C00080D331F8023B20F8023B7BE7043AD9D310
:10C6D000013A11F8013B00F8013BF9D20B780370E5
:10C6E0004B7843708B788370604670470000000081
:10C6F000000000000000000000000000000000003A
:10C7000030B490F800F020F007016FF0000C10F04A
:10C71000070491F820F040F048804FF000046FF0DB
:10C720000700D1E9002391F840F000F1080082FAF7
:10C730004CF2A4FA8CF283FA4CF3A2FA8CF34BBBC2
:10C74000D1E9022382FA4CF200F10800A4FA8CF23B
:10C7500083FA4CF3A2FA8CF3E3B9D1E9042382FA09
:10C760004CF200F10800A4FA8CF283FA4CF3A2FA1E
:10C770008CF37BB9D1E9062301F1200182FA4CF256
:10C7800000F10800A4FA8CF283FA4CF3A2FA8CF3BD
:10C79000002BC6D0002A04BF04301A4612BAB2FADF
:10C7A00082F200EBD20030BC7047D1E9002304F0E4
:10C7B0000305C4F100004FEAC50514F0040F91F819
:10C7C00040F00CFA05F562EA05021CBF63EA0503B6
:10C7D00062464FF00004AAE753B94AB9002908BFDE
:10C7E00000281CBF4FF0FF314FF0FF3000F0E2B8DF
:10C7F000ADF1080C6DE904CE03F082FDDDF804E034
:10C80000DDE9022304B0704700F1340191E83800FB
:10C810009C46A6464CF8045D90E8FF0FE54600BD37
:10C8200090EC210B704700BF80EC210B704700BFDC
:10C8300090EC200B704700BF80EC200B704700BFCE
:10C84000D0EC200B704700BFC0EC200B704700BF3E
:10C85000F0EC0201F0EC0211F0EC0221F0EC0231FC
:10C86000F0EC0241F0EC0251F0EC0261F0EC0271EC
:10C87000F0EC0281F0EC0291F0EC02A1F0EC02B1DC
:10C88000F0EC02C1F0EC02D1F0EC02E1F0EC02F1CC
:10C89000704700BFE0EC0201E0EC0211E0EC022185
:10C8A000E0EC0231E0EC0241E0EC0251E0EC02612C
:10C8B000E0EC0271E0EC0281E0EC0291E0EC02A11C
:10C8C000E0EC02B1E0EC02C1E0EC02D1E0EC02E10C
:10C8D000E0EC02F1704700BFB0FC0181B0FC0191B7
:10C8E000B0FC01A1B0FC01B1704700BFA0FC018108
:10C8F000A0FC0191A0FC01A1A0FC01B1704700BF08
:10C90000EC4600B52DE900502DE9FF1F4FF0000364
:10C910002DE90C0001A903F0CDFFDDF840E012B0D5
:10C92000704700BFEC4600B52DE900502DE9FF1F10
:10C930004FF000032DE90C0001A903F0F9FFDDF829
:10C9400040E012B0704700BFEC4600B52DE9005042
:10C950002DE9FF1F4FF000032DE90C0001A904F0A1
:10C9600009F8DDF840E012B0704700BFEC4600B5B2
:10C970002DE900502DE9FF1F4FF000032DE90C00B9
:10C9800001AB03F0CDFFDDF840E012B0704700BF0F
:10C99000EC4600B52DE900502DE9FF1F4FF00003D4
:10C9A0002DE90C0001AA04F041F8DDF840E012B0D6
:10C9B000704700BF704700BF2DE9F04F2DED108B81
:10C9C0008BB0F7F73DFF3A4D3A4C94F80236002B06
:10C9D0003FD0D4F85C3555F8602CC4F804369B1A67
:10C9E000B3F5FA6F5CD200210220FCF79FFA324BBC
:10C9F000324A334904F5C360FEF7B6FE04F5C3605E
:10CA0000FFF7A4FD02210846FCF790FA2D48FFF736
:10CA10009DFD04210020FCF789FA2B4B2B4A2C4961
:10CA200004F5C360FEF7A0FE04F5C360FFF78EFDBA
:10CA300006210220FCF77AFA264A274904F5C3604A
:10CA4000FEF792FE04F5C360FFF780FD012384F832
:10CA50000C3694F8FE35D4F8CC674BB155F85C3CF5
:10CA6000F31A002BA2BF002384F8FE3584F8FF35AB
:10CA7000D4F8C82742F20103134008BF05F8583C18
:10CA8000100768D5D4F8B4361B7A062B63D8DFE8D4
:10CA900013F025002500A10150028302B302B30266
:10CAA00094F80C36002BD4D0FFF739FD0023CEE7E5
:10CAB00060150020680400206B1D0108781D010826
:10CAC000801D01088A1D01089C1D0108A31D010885
:10CAD000A91D0108491D0108B81D010815F8573C9A
:10CAE000CBB3002305F8573C55F8543C15F856CC09
:10CAF00093F800E015F8508C0221681810F84F3CAC
:10CB000043FA0CF303F00F0373450FD20B2B0DD830
:10CB100010F84F7C481C284405EB830310F84F0C99
:10CB200007EA080700EB072043F83C0C0231102904
:10CB3000E3D10123012105F8581C9F49C3F34003A9
:10CB400081F83C3083F0010384F8FE3506F5C333E9
:10CB5000A03345F85C3C530419D594F89439002B64
:10CB600000F05382012105F8581C84F8FE15924903
:10CB7000002384F8943981F83C3006F5F42303F55A
:10CB8000907345F85C3C94F8FE3584F86135D7071E
:10CB900017D595F8901095F891308B420DD0012360
:10CBA00084F8FF35844B85F89110002083F83D0010
:10CBB00006F5C333A03345F85C3C94F8FF3584F8A0
:10CBC0006135900409D57D4A002332F8021B002903
:10CBD00041F06F8601330C2BF7D1F3F759FB15F8B1
:10CBE000588CB8F1000F05D1D4F8903AF31A002B05
:10CBF000C0F20E82F6F75AFB012385F8AA3095F8A9
:10CC0000AB305BB1D4F8F438590707D5D4F82C36DB
:10CC10001A0700F111820820FFF7B4FCFBF766FA4F
:10CC2000A389C4F8CC072BB1D5F8D020821A002AEA
:10CC3000FFF6CAAE0344C5F8D0306148D4F8803A54
:10CC4000D4F8AC769847002879D05D4994F8782CD0
:10CC50000846FBF7CBFDB4F85485B8F1000F59D066
:10CC6000D4F8E836574E1B78DFF854B1DFED568A1A
:10CC700008EE103A06F13C0A06F144090022B8F524
:10CC80007A7F02BF0023C9F800303361BBF900008E
:10CC9000D9F8003007EE900A0344306949F8043BA4
:10CCA000411C0129F8EEE77A316140F0C082C6EDFF
:10CCB000017AB0EE687AB8F1010F2BF8022B2AF84E
:10CCC000022BC6ED007A86ED027A40F0D18201296E
:10CCD000C6BF07EE900A96ED037A9FED3B0A0293DA
:10CCE000C4BFF8EEE77A87EE270A01F0BBFE029B8D
:10CCF000002218EE101A002900F0B282F8EEC87A6D
:10CD0000F4EEC07AF1EE10FA40F1AA824FF47A7391
:10CD1000A4F85435B4F81C39B5F810219B1AA4F8BE
:10CD20001C39B5F81221B4F81E399B1AA4F81E3923
:10CD3000B5F81421B4F820399B1AA4F82039FBF770
:10CD4000D5F9D5F824319FED217ADFED21AAC5F878
:10CD50002401C31A07EE903AF8EE677AC7EE878A85
:10CD6000F4EEEA8AF1EE10FA40F3AC820023C5F843
:10CD70002831FBF7BBF9D4F8183DC4F8CC07C31A27
:10CD8000A5F8043294F8EC35C4F8180D13F0040338
:10CD900001F0A583D4F8F435002B01F09180013B1C
:10CDA000062B01F28D80DFE813F07508120A5D0A88
:10CDB000D20AEE0A0D0B750B00000020F2150020C0
:10CDC000840D002034160020000000000024744967
:10CDD000CDCC4C3E15F80C3C002B3FF4BCAE15F806
:10CDE000090C002305F80C3C15F80A3C00F007017B
:10CDF00043EA012315F8081CC4F8C83C01F03F03BE
:10CE00005B0143EAD003C4F8CC3C15F8073C9B0017
:10CE100043EA911315F8061C01F0010043EA802350
:10CE200015F8050CC4F8D03C00F00F03DB0143EA11
:10CE3000510315F8041CC4F8D43C01F07F031B0116
:10CE400043EA1013C4F8D83C15F8033C15F8020C5B
:10CE50005B0043EAD11300F0030143EA412315F8D4
:10CE6000011CC4F8DC3C01F01F039B0143EA900362
:10CE7000C4F8E03C2B78A878DB0043EA5113C4F8EF
:10CE8000E43C6B7800F0070143EA0123E978C4F839
:10CE9000E83C01F03F035B0143EAD003C4F8EC3CFB
:10CEA0002B799B0043EA9113697901F0010043EA71
:10CEB0008023A879C4F8F03C00F00F03DB0143EABB
:10CEC0005103E979C4F8F43C01F07F031B0143EA04
:10CED0001013C4F8F83C2B7A687A5B0043EAD1134C
:10CEE00000F0030143EA4123A97AC4F8FC3C01F0B5
:10CEF0001F039B0143EA9003C4F8003DEB7ADB007B
:10CF000043EA5113297BC4F8043D11F0010F40F2AC
:10CF100014730CBFAD20184611F0020F08BFAD23EB
:10CF20000907C4F8080DC4F80C3D7FF502AE0323D1
:10CF300000E6A97B00293FF40EAEE87B2F8A002192
:10CF4000A97305EB400191F815C0897D41EA0C21D8
:10CF50008F427FF400AEE97C01290BD081297FF458
:10CF6000FAAD102801D91020E873CB49002701F150
:10CF7000260E0AE00B46F4E791F8018091F802C012
:10CF80004CEA082C2EF802CB01375FFA87FC60458B
:10CF900001F10201F0D8CDE595F85830002B3FF4AF
:10CFA000DAAD002385F8583095F85930A82B7FF476
:10CFB000D2AD95F86C30002B7FF4CDADB7499FED25
:10CFC000B86ADFEDB86A01F1170791F803C0087974
:10CFD00000EB0C2007EE900AB8EEE77A0133C7EEBB
:10CFE000067A082B01F1020177EEE67AFCEEE77A89
:10CFF000E7EC017AE9D19CE594F8103D002B3FF471
:10D00000AAAD002384F8103D93E505F8583CBAE535
:10D01000D5F8AC707B1C012FC5F8AC3000F0F18066
:10D02000022F00F0F780EFB1D5F8AC30042BC4BF6D
:10D030000023C5F8AC30F1E5B4F8C46716F0080673
:10D040007FF4ECAD0820FFF7ABFAD4F89835C4F8BC
:10D05000943540F2DC53A4F88C35C4F8A46BC4F8C2
:10D060009C65DBE5D4F8F4381B07DDD5D5F8B03086
:10D07000F31A002BD8DB07EE906A9FED8B7AD4F879
:10D08000803C8A48C5F8B460F8EE677A77EE877A14
:10D09000FCEEE77AC5ED2C7A9847844994F87A2C0F
:10D0A0000846FBF7A3FB94F8DB385E071ED5D5F8DE
:10D0B000B020C5F8B8207E4A85F8BC70176097800C
:10D0C000B4F92229A5F8BE20A5F8C420B4F9242972
:10D0D000A5F8C020A5F8C62023F00403B4F926293A
:10D0E000A5F8C220A5F8C82084F8DB38D5F8B82008
:10D0F000DAB1D5F8B0309B1A6E4A93424FF0000374
:10D1000044D86D4A694E901D36F9021B32F9027BF4
:10D11000B94230F9027BB8BF22F8021C0133B94290
:10D12000C8BF20F8021C032BEED194F8C13C002BA1
:10D130003FF47AAFB4F82439B4F80421B4F82219D2
:10D140009B1AB4F80A2112FB03F210B2B4F80631AC
:10D15000B4F82629D21AB4F80C3113FB02F3B4F850
:10D160000221891AB4F8082112FB01F21BB20A212C
:10D1700012B293FBF1F392FBF1F2A4F82639A4F872
:10D18000222990FBF1F2A4F824294DE74A484B4F9D
:10D19000C5F8B83000F1060C00F10C0630F902EBCE
:10D1A0003CF9022B0EEB020101EBD171A2EB0E0256
:10D1B0000133491002EB8202032B27F8021F26F8E5
:10D1C000022BEBD1B5F9CA10B5F9CC20B5F9CE00D8
:10D1D0008B1803440A26734300EB400001EB410126
:10D1E00002EB420293FBF1F193FBF2F2A4F8081177
:10D1F00093FBF0F3A4F80A21A4F80C31F6F74CF8ED
:10D2000093E7D4F8F43858077FF50EAF3046FDF7B2
:10D21000E3FF09E7F3F720F830B93046F7F70FF8E6
:10D22000012384F88036FFE684F88086FCE696EDDC
:10D23000007A06EE901A37EEC76AF8EEE65AC6EEA6
:10D24000256A76EE876A96ED027AC6ED016A77EE78
:10D25000E67AA6EE277AF0EE667A86ED037A2AE57C
:10D2600003F5FA734FF47A7093FBF0F32AF8023C5B
:10D27000134B1436B3427FF402ADB8F1010F05D160
:10D280004046FBF703F96423C4F8583508F1FF382A
:10D29000A4F854853EE500BF72150020B9150020A2
:10D2A000CDCCCC400080BB43003EC6478A0D002059
:10D2B0006A0500207FC3C9011E16002068050020F2
:10D2C00070160020D4F8F43813F0020300F0DA8569
:10D2D000D4F85C3C50489847002800F0DB804E4969
:10D2E00094F8792C0846FBF781FAB4F85265002EC1
:10D2F0003ED0D4F820174948A1F1020CA0F1080E45
:10D3000001F104090022B6F5C87F08BF0260036876
:10D31000BEF900802EF8022B434440F8043B2CF861
:10D32000022FE145EFD1012E1FD1D5F834314FF452
:10D33000C870C83393FBF0F30B80D5F83831C8338D
:10D3400093FBF0F34B80D5F83C31C83393FBF0F3FB
:10D350003348C08C1B1A8B80A7F85C20A7F85E208E
:10D36000F5F79AFF6423C4F85835013EA4F85265D6
:10D37000D4F8C837590779D5B4F87A8BD4F8206730
:10D38000B8F1320F50D13388A5F840317388A5F831
:10D390004231B388A5F84431B7F85C30A5F846317E
:10D3A000B7F85E30A5F848311E4AB01EA2F1200C35
:10D3B00006F104090021B8F1320F08BF11601368AB
:10D3C000BCF900E02CF8021B734442F8043B20F83F
:10D3D000021F8145EFD1B8F1010F17D10C2084F85D
:10D3E0007C1B84F8778BFBF751F8B5F8403133801C
:10D3F000B5F842317380B5F84431B380B5F84631A1
:10D40000A7F85C30B5F84831A7F85E3008F1FF3373
:10D41000A4F87A3B0BE000BF8C1600209416002085
:10D4200000000020AC160020B8F1000FBCD194F829
:10D43000783BDBB13221D5F84C3193FBF1F33380EB
:10D44000D5F8503193FBF1F37380D5F8543193FB49
:10D45000F1F3F449C98C00225B1AB380A7F85C2071
:10D46000A7F85E2084F8782BF5F716FFD4F820276C
:10D47000B5F82C3111885B1AA5F82C315188B5F814
:10D480002E3192885B1AA5F82E31B5F830319B1AEF
:10D49000A5F83031B4F91E399FEDE36AD5ED567A1F
:10D4A000E04E9FEDE2BA96ED162AD6ED134A96EDC0
:10D4B000193A96ED11AA96ED140AD6ED182AD6ED72
:10D4C000171A96ED124A9FEDDACA07EE103AB4F930
:10D4D000203905EE903AB4F91C3906EE903AF8EE90
:10D4E000E66AB8EEC77AE6EE867AD5ED576AC5EDFC
:10D4F000597AE7EE066AF8EEE55A95ED587AC5EDE9
:10D500005A6AA5EE867A95ED5C6A85ED5B7A77EED0
:10D51000867A95ED5F6AD6ED155A77EE867A95EDA7
:10D520005D6A76EE866A95ED606A76EE866A95EDBE
:10D530005E6A37EE067A95ED616A66EEA86A37EEA6
:10D54000067A67EEA87A27EE287A64EEE63A22EEAB
:10D55000665A23EE666AE7EE043AA7EE255AA7EE6E
:10D56000226A6AEE479A60EE470A25EEE71A21EE34
:10D57000C77AE7EEA49AE7EE820AA7EE837A24EE52
:10D58000678AA6EE801A62EEE77AA6EE8A8AE6EE4F
:10D59000A17A72EE016A73EE8A3A34EE294A74EE89
:10D5A000884A35EE005A75EEA05A32EE877A73EE4D
:10D5B000277AC6ED166A76EE216AC6ED113A86ED37
:10D5C000124AC6ED134A86ED145AC6ED155AC6ED39
:10D5D000176A86ED187AC6ED197AFEF75DF8D5F868
:10D5E000B420D5F88831DFED939A9FED93AA9A4243
:10D5F00040F0C7829FED917AD5ED5F7A67EE877A2A
:10D60000C5ED5F7AD5ED607A67EE877AC5ED607A11
:10D61000D5ED617A67EE877AC5ED617AB5F92C317F
:10D6200096ED15EAD6ED12EAD6ED14FAD6ED18DA33
:10D6300096ED11FA96ED17DAD6ED16AA96ED137A55
:10D6400096ED199AD5ED4A5A8DED057A5B4207EEB3
:10D65000903AB5F92E315B4208EE103AB5F9303107
:10D660005B42F8EEE76AB8EEC88A07EE903AB8EE89
:10D67000E76A68EE0E7A6EEE88CAE6EEAF7A28EEBA
:10D680002D8AEFEE26CAA6EE8D8AE6EE2A7AE7EE1E
:10D6900006CAA6EE098A9FED6A6AC5ED697A67EE49
:10D6A000867AC5ED68CA27EEA75A6CEE86CAB0EE38
:10D6B000450AACEEAC0A85ED6A8A28EE068AB4EE1D
:10D6C0006A7A78EEA55AF1EE10FAA8EE080A6CBF55
:10D6D00001270027C5ED4A5ACDED045ACDED037A56
:10D6E0008DED025A01F0BEF9CCEE80BA9DED025AE2
:10D6F000ABEEAB5AB0EE450AA8EE080A01F0B2F95B
:10D70000DDED037AC7EE80CA2CEEAC0AABEEAB0AB5
:10D71000A8EE080A01F0A6F9C8EE007AF0EE6B4A0E
:10D72000E7EEA94AB0EE6C5A97EEE95A2EEE248A3B
:10D7300069EEEC7A6AEEA4AA6FEEA4CA9DED057AB2
:10D7400095ED5A0AEBEEA97AEFEE05CAAEEE858AA0
:10D75000E7EE05AAEDEE27CAADEEA78AE9EE27AA05
:10D7600020EE000AD5ED597AC5ED70CAA7EEA70ADA
:10D77000D5ED5B7A85ED718AA7EEA70AC5ED72AA91
:10D78000CDED07CA8DED088ACDED09AA01F06AF941
:10D7900096ED1B5ADDED045AB4EECB5AF1EE10FAB9
:10D7A000B4EECA0A44BF9FED215A86ED1BBAF1EED2
:10D7B00010FA00F10883DFED237AB4EEE70AF1EE08
:10D7C00010FA00F30383C0EE0A7A6CEEA77AB4EE87
:10D7D000CA0A27EE856AF1EE10FA85ED5C6A00F15F
:10D7E000F882DFED187AB4EEE70AF1EE10FA00F3F2
:10D7F000F382C0EE0A7A68EE277AB4EECA0A27EE00
:10D80000857AF1EE10FA85ED5D7A00F1E882DFEDC0
:10D810000D7AB4EEE70AF1EE10FA00F3E382C0EEFF
:10D820000A7A19E000000020487D8B3ACDCC4C3DAF
:10D83000C2B8B23E00000000F3665F3FEC51783F93
:10D840000000803958A00B41728A0E3C4C3D0F44B9
:10D850000000E144DB0F4940D4F82C36DB076AEEC8
:10D86000A77A67EE857AC5ED5E7A0DD4B2EE005ADE
:10D8700026EE056A27EE057A67EE857A85ED5C6A05
:10D8800085ED5D7AC5ED5E7AB4EECC0AF1EE10FA64
:10D890001FD55FED137A95ED6B7A95ED736A6CEE9B
:10D8A000A7CA28EE278AA5EEAC7A6AEEA7AA85ED6C
:10D8B0006B7AD5ED6D7A95ED6C7AE5EEAA7AA5EEE8
:10D8C000887A75EE865A85ED6C7AC5ED6D7AC5ED70
:10D8D000735AD5ED737AB1EE047AF4EEC77AF1EEAD
:10D8E00010FA4FDB95ED747A95ED6B6A67EE877AE7
:10D8F000B1EE677AB4EEC76AF1EE10FA00F1758204
:10D90000F4EEC67AF1EE10FA54BFF0EE465AF0EE9D
:10D91000675A95ED6C6AB4EEC67AF1EE10FA00F330
:10D920006782F4EEC67AF1EE10FA48BFB0EE676A8D
:10D9300095ED6D5AB4EEC57AF1EE10FA08DCF4EE0E
:10D94000C57AF1EE10FA54BFB0EE457AB0EE677AC0
:10D95000D5ED567AC5ED6B9A77EEA57AC5ED6C9A42
:10D96000C5ED567AD5ED577AC5ED6D9A77EE867A84
:10D97000C5ED739AC5ED577AD5ED587A77EE877A6B
:10D98000C5ED587AB4EE6EFAF1EE10FAF4EE4EFAF6
:10D9900068BF47F00107F1EE10FAB4EE6DDA68BF28
:10D9A00047F00107F1EE10FAC5ED4A9A07D6B4EE3A
:10D9B000499AF1EE10FA02D6002F00F01C82FDF712
:10D9C00033FEB36C96ED170AC5F8D831F36C96EDBB
:10D9D00011BA96ED14AAD6ED18AA96ED19CAC5F893
:10D9E000DC31B4EE400A736DC5F8E431F1EE10FAA3
:10D9F000B36D85ED75BA85ED78AAC5F8E83185ED8A
:10DA00007B0AC5ED7CAA85ED7DCA80F11282F7EE16
:10DA1000007AB4EEE70AF1EE10FA80F20D82FFEE22
:10DA2000007AB4EEE70AF1EE10FA40F2088200F054
:10DA3000BBFFB1EE408AF0EE4C0AB0EE6A0A85ED0B
:10DA4000648A00F0DDFFF0EE4B0AF0EE40AA85EDAF
:10DA5000630AB0EE4A0A00F0D3FF1FED84BA85EDE9
:10DA6000650AB0EE40AA2AEE8B0A01F09DF828EE76
:10DA70000B0A07B2A4F83C7601F096F85FED8C7AB9
:10DA8000A4F82A792AEE67AA5FED8E7A8AEE270A31
:10DA90000FFA80F8A4F83E86A4F82C89F2EE047AF6
:10DAA00030EE290A80EE270A01F07EF803B2002B3F
:10DAB00002DA00F5B47003B2A4F84236D4F8443761
:10DAC000B6F826C0E14E93F80090DFF8B4E30022E8
:10DAD00006F1CC001146B7EE007A36F9023BB9F1F7
:10DAE000000F18D007EE909AF8EEE77AC7EE276A93
:10DAF00007EE903AF8EEE77A37EE666A67EEA67AB6
:10DB0000D0ED006AE6EE867AC0ED007AFDEEE77AA7
:10DB100017EE903A1BB20131C9B203292EF8023B2D
:10DB200000F1040003FB03F393FBFCF31A44D4D18C
:10DB3000DFEDC77A68EEA78A6423FCEEE87A5343E8
:10DB400017EE900A93FBFCF3C4F87C36F8F7BAFEA4
:10DB500088EAE870B4F9C22C94F8DB38A0EBE870DE
:10DB600080B2904280F26E81002FB8BF7F42BFB278
:10DB7000BA4240F3678143F0080384F8DB38FFF7CB
:10DB8000F8B8D31A0CEE903AB4F924399FEDB17A73
:10DB9000D6ED170AD6ED197AD6ED186AC5F88821A0
:10DBA00008EE103AB4F926390DEE903AB4F922395C
:10DBB000F8EE6CCA0EEE103A95F8BC306CEE87CADF
:10DBC000B8EEC88AF8EEEDDAB8EECEEA83BB26EE00
:10DBD000ED0AB7EE007AA8EE270A6DEEA77AA0EE5E
:10DBE000E07AE8EE267AB1EE400A60EEE70AE7EE68
:10DBF0000E0A00F005FF9FED981AB4EEC10AF1EE8F
:10DC000010FA08D49FED951AB4EEC10AF1EE10FA9D
:10DC1000D8BFB0EE401AD5ED640A95ED630AF8F767
:10DC2000A3FF0123C5ED5F9AC5ED609A85F8BC306E
:10DC300096ED12DAD6ED117A28EE0DDAA7EE8EDA2D
:10DC4000D6ED137AA7EEADDAD6ED157A85ED66DA64
:10DC500028EE278AD6ED147AA7EE8E8AD6ED167AAC
:10DC6000A7EEAD8A28EE08EA85ED678AB0EE4E0A87
:10DC7000ADEE0D0A00F0F6FECDEE00DAB0EE4E0A83
:10DC8000ADEEAD0A00F0EEFE9FED757AF0EEED7AA6
:10DC9000F4EE477AF1EE10FA00F38C80C8EE007AC9
:10DCA000F0EEE76AF4EE476AF1EE10FA00F38280D4
:10DCB000DDEEA97AB0EE67DA95ED5A0AD5ED597A1C
:10DCC000D6ED19DA20EE000A6DEE2DDAA7EEA70ADE
:10DCD000D5ED5B7AA7EEA70A00F0C4FE96ED1A7A9E
:10DCE000B4EECB7AF1EE10FAB4EECA0A44BF9FED5F
:10DCF0005D7A86ED1ABAF1EE10FAB0EE40EA5CD425
:10DD0000DFED597AB4EEE70AF1EE10FA58DCC0EE16
:10DD10000A7A6DEEA77A95ED690A27EE878A20EEDA
:10DD2000000AD5ED687AA7EEA70A00F09BFEF1EE97
:10DD3000007AB4EEE70AF1EE10FA9ABFF1EE027A39
:10DD400037EEC00A9FED490AD4F82C3698BF20EE72
:10DD50002A0ADA0768EE007A58BFB2EE007AC5EDFB
:10DD6000617A5CBF67EE877AC5ED617AF0EE007A82
:10DD7000F4EEE7CAF1EE10FA0ED5B4EECCEAF1EE0D
:10DD800010FA09D5DFED3A7A6DEEA7DAD5ED6D7AA6
:10DD9000ECEEAD7AC5ED6D7A95ED6E7AB5F8BC31E5
:10DDA000F0EECD7A77EE877A0133C5ED6E7AA5F87D
:10DDB000BC3133E49FED2FDA7EE7F7EE007AA8E777
:10DDC000F2EE047AA5E7F7EE007AFEE4F2EE047ACA
:10DDD000FBE4F7EE007A0EE5F2EE047A0BE5F7EEDF
:10DDE000007A39E5F2EE047A36E5F0EE475A90E52E
:10DDF000B0EE476A9CE5F7EE007AB4EEE7DAF1EEB2
:10DE000010FA07D5FFEE007AB4EEE7DAF1EE10FA79
:10DE10003FF7D7ADFDF740FCD6ED177AB2EE047AA6
:10DE2000F0EEE77AF4EEC77AF1EE10FA7FF7C9ADBB
:10DE3000C5E59FED100AFCE59FED0F0AF9E59FEDA2
:10DE40000F0AF6E523F0080397E600BF8C160020C2
:10DE500000247449BD3786359A9949C09A9949403A
:10DE6000FFFF7F7FCDCC4C3D58A00B41CDCCCC3DAE
:10DE70000AD7233C00000000DB0FC93FDB0FC9BFFE
:10DE80007E0D0020A5F82C31A5F82E31A5F83031F3
:10DE9000FEF76FBFD5F80822D4F85C35D4F82C66AD
:10DEA0009B1A40F69802934240F2528146F00806CF
:10DEB00000230120C4F82C66C4F8F435FEF770FB8B
:10DEC000D4F8AC9699F85630002B40F01283F3F753
:10DED0005DFB94F84331002B52D0B5F80432C748AB
:10DEE000B4F8C46C00EE103A0121B8EE400AF8F71D
:10DEF0009DFEBCEEC00A95F8AA2010EE103A9BB227
:10DF0000B6FBF3F0411CB5F9243209B2002A00F047
:10DF10000B83BB4EDFF8088306F1080C002738F9A5
:10DF200002EBBCF90090B6F900202CF802EBAEEB46
:10DF3000090901375A43042F92FBF1F24A4426F8AB
:10DF4000022BECD1002385F8AA3003B2002B40F35A
:10DF5000EE82AC4FDFF8C8C2A5F82432A7F1080E54
:10DF6000002037F9026B3EF9022B013013FB02F25D
:10DF7000042892FBF1F2A6EB02022CF8022BF0D15E
:10DF8000F2F7F6FBD4F8F4280123160785F8AB3036
:10DF90004FD5B4F96C3540F2DC518B42CCBFA3F2C3
:10DFA000DC53CB1AB3F5967F80F2CE82B4F8C43737
:10DFB00003F04403002B00F0C78295F8363273B1AA
:10DFC000B4F92039032B40F3B6829B10452B30DC8B
:10DFD000002385F83632B4F84236A4F87236B4F825
:10DFE0007216B4F842365B1A99B21BB213F1B30F32
:10DFF00002DA01F5B4710BB2B32BC4BFA3F5B4734D
:10E000001BB213F11E0FC0F29C821E2BA8BF1E2351
:10E01000D4F8AC16497A11FB03F31BB2B3F5C87FF1
:10E020007949A8BF4FF4C8738B42B8BF0B46A4F818
:10E03000A83512F0140F13D0B4F8C43703F40273E8
:10E0400073B194F8DB38D80640F18682B4F8A6356F
:10E0500094F99421B4F99C1501FB0233A4F8A63578
:10E06000DFF8C08198F83E3043B1B4F84631B4F9D6
:10E070006E259A42DCBF0023A4F8A835D4F8AC760C
:10E0800097F81C6166B3B4F8C437990728D09FEDA0
:10E090005F0A80EE000A00F05BFC5D4BD3ED007A76
:10E0A00020EE270A00F080FD07EE906AB0F5617F50
:10E0B000A8BF4FF46170F8EEE75A07EE900AB8EE89
:10E0C000E70ADFED547A80EE270AF2F7C9F925EE68
:10E0D000800A00F069FDB4F8AA351844A4F8AA052E
:10E0E0004D4B0093D8F87060B4F8FA20D4F8981625
:10E0F00007F15C033846B04794F8B039D4F82CC720
:10E100000293032B16D9BCF80210B1F5FA7F11D295
:10E11000B4F9A825B5F93C02002AB8BF524292B220
:10E120004B429B1A834203DC8B188342A8BF0346F1
:10E13000A5F83C32394AB4F9AA85B5F93A92B5F94D
:10E1400038A2B5F93CE2A2F504631E46002032E293
:10E150000120FEF725FAD4F8987644F64B33BB80BD
:10E16000D4F8103C86F00806632BC4F82C6604DC57
:10E170004FF4FA63A4F86E35A2E60120FEF702FA26
:10E1800095F80C226E2362B97B714FF47A73A4F870
:10E190006A350223C4F8F435D4F85C35C5F810327A
:10E1A0008EE6012A06D17B714FF4FA63A4F86A3532
:10E1B0000523EFE7032A3B7104D14FF47A73A4F8E7
:10E1C0006835E6E74FF4FA63A4F86835F0E7D4F869
:10E1D0002C36012083F00803C4F82C36FEF7D2F960
:10E1E00095F80C324FF47A72F3B9B4F93E36A4F8CC
:10E1F0006A25B3F5E17F1BDD0323CBE78017002001
:10E20000861700208E17002070FEFFFF0000000020
:10E21000B40B0020EFB6B0449E050020241400206B
:10E220000C0A002000000020032BA4F8682513D05E
:10E230000223C4F8F435D4F85C35D5F810229B1AC3
:10E24000B3F5FA6FFFF43CAE0023C4F8F435C5F81B
:10E250001032F2F75BFA33E6B4F93C26B2F5E17F0F
:10E26000E6DD97E795F80C3293B9B4F93E36B3F58D
:10E27000E17F51DDD4F82C36012083F00803C4F887
:10E280002C36FEF77FF940F27E43A4F86A35D2E7D8
:10E29000032B7FF415AEB4F93C36B3F5E17F19DDFD
:10E2A000D4F82C36012083F00803C4F82C36FEF78E
:10E2B00069F94FF48363A4F86835D4F85C35D5F870
:10E2C00010229B1AB3F5FA6FFFF4FAAD0023C4F8DD
:10E2D000F43563E79BB2B3F5E17F3FF6F1ADB4F8F7
:10E2E0003E36FA339BB2B3F5FA7F3FF6E9ADD4F888
:10E2F0002C36012043F00803C4F82C36FEF750F901
:10E300004FF48363A4F86835D4F85C35C5F810324F
:10E310000423C4F8F435D3E59BB2B3F5E17F3FF6AF
:10E32000CFADB4F83C36FA339BB2B3F5FA7F3FF683
:10E33000C7ADD4F82C36012043F00803C4F82C36BE
:10E34000FEF72EF940F20143A4F86A35DCE7D4F871
:10E350002C36012043F00803C4F82C36FEF720F9D0
:10E360004FF4FA63A4F86E35D4F8983644F64B327D
:10E370009A80D5F81022D4F85C359B1A40F2DC5212
:10E380009342A3D8C4E70120FEF7FCF895F80C32BD
:10E39000012B0AD14FF4FA63A4F86A35B4F93E367A
:10E3A00013F5E17F07DA0623F4E640F2B772022B99
:10E3B000A4F8682503D00523C4F8F4357DE7B4F943
:10E3C0003C36EDE795F80C02012811D1B4F93E3640
:10E3D00013F5E17F42DAD4F82C3683F00803C4F851
:10E3E0002C36FEF7CFF840F23A73A4F86A3564E7AA
:10E3F00002287FF465ADB4F93C3613F5E17F0BDA02
:10E40000D4F82C36012083F00803C4F82C36FEF72C
:10E41000B9F840F2B7734EE703F5E1739BB2B3F579
:10E42000C87F3FF64DADB4F83E36FA339BB2B3F534
:10E43000FA7F3FF645ADD4F82C36012043F00803AF
:10E44000C4F82C36FEF7ACF840F23A73A4F86835FD
:10E45000D4F85C35C5F8103207235AE703F5E173A9
:10E460009BB2B3F5C87F3FF62BADB4F83C36FA3318
:10E470009BB2B3F5FA7F3FF623ADD4F82C3643F0C8
:10E480000803C4F82C36FEF78BF840F2B773A4F8F3
:10E490006A35DDE7D4F82C36012043F00803C4F8D0
:10E4A0002C36FEF77DF895F80C32012B1CBF4FF48B
:10E4B000AF63A4F868354FF4FA63A4F86E35D4F866
:10E4C000983644F64B329A80D5F81022D4F85C3551
:10E4D0009B1A40F2DC5293423FF6F8AEBCE7C4F818
:10E4E000F435C5F81032D4F8983644F64B329A8099
:10E4F000E6E4DFF80083BB4F0026B8F9003099F856
:10E50000561000EE103A3846B8EEC00AF8F78EFB07
:10E51000BDEEC00A013610EE103A032E28F8023B79
:10E5200007F10407E9D1D2E4013B1BB20EE5002359
:10E53000A5F8243224E5002BB8BF03339B105B42BF
:10E5400044E56FF01D0363E5012385F83632B4F826
:10E550004236A4F872366CE5F1F7ECFF80E507EE81
:10E56000908AB8EEE77A07EE909A52ED026A9CF92B
:10E570000110F8EEE77A494267EEA67A52ED046A96
:10E58000E7EE267A0EFB01F1013007EE10AA52EDFC
:10E59000036AB8EEC77AE7EE267A07EE101A52ED54
:10E5A000016AB8EEC77AE7EE267AFDEEE77A17EE53
:10E5B000901A26F8021B0299884202F11002CED36B
:10E5C00094F8EC25520740F1E18094F8F326049288
:10E5D000B4F97C2718460121029E8E4273D8D4F8E4
:10E5E0002817D4F8C8A74888B4F96E658242C4BF1A
:10E5F000121A1FFA82FB0AF480520592D4F82407FB
:10E60000D4F830270392D8BF4FF0000B4FF0000929
:10E61000029A4A455ED8744E96F82C3C0BB1FCF732
:10E62000FBFC94F8EC355F072FD5B4F8C437D80756
:10E630002BD5B4F93C36002BB8BF5B429BB2B3F587
:10E640002F7F1AD8B4F93E36002BB8BF5B429BB27D
:10E65000B3F52F7F11D8B4F91639002BB8BF5B4240
:10E660009BB242F6E062934207D8B4F91839002B06
:10E67000B8BF5B429BB2934207D9D6F8F43523B9B1
:10E680000220F1F7D1FDF2F741F896F8ED75022F6F
:10E6900000F0B280032F00F0F880012F7EF494A9DF
:10E6A000DFF8488198F81030002B3EF48DA996F8D9
:10E6B000EC4514F0040475D04C4A002386F8ED357F
:10E6C0001374FEF781B930F9026FB242B8BF324617
:10E6D000013181E71A88059FA2EB0B0212B21A8062
:10E6E00077B3039F9CF80080B7F80EE0B8F1000FF5
:10E6F00008D1B0F80680AEEB0807B74202DAF04462
:10E70000B04517DC76450EDDB0F802E0964504DC36
:10E71000B1F802E09645A8BF9646A3F800E009F1DB
:10E720000109023374E7B1F804E09645F5DCB0F86E
:10E7300000E0EFE77645CCBF428802881A80EEE71A
:10E74000049FB1F8028047B1B1F804E09645E4DCDB
:10E750004245A8BF42469646DFE7B1F800E096453D
:10E7600003DC4245A8BF42469646039AA3F800E060
:10E77000128A9642D3DA1AF0100F01D08A88DDE7A8
:10E780009CF80020002ACAD10A88D7E7184BA3F2C8
:10E790001A2203F1100153F8040B42F8040B8B42C8
:10E7A000F9D138E7D6F82C36D9077EF50DA9F1F75F
:10E7B0008DFFF1F799FFF2F767FA96F8F035C5E9A2
:10E7C0009044C5E99344002B7EF4FEA8B8F81230BB
:10E7D000D6F8982586F8F0751344C6F89435FEF7F8
:10E7E000F3B800BF74170020680400200000002068
:10E7F000FE0D0020840D0020354F3B7C002B3EF4A5
:10E80000E3A8012386F8EF357B7C43B1D6F85C356D
:10E8100003F5EA433033C5F8583200237B74D4F84B
:10E820005C25D5F85832D21A002A09DBF1F76EFFC1
:10E8300000233B7484F8EF3501237B74FEF7C4B8E2
:10E84000B5F93021002AB8BF524292B242F23411D7
:10E850008A4206D900243C74F1F758FF86F8EF4548
:10E86000EAE7D4F85C25D21A002AD4F85C25CCBF9C
:10E87000D31A9B1A46F6605293423EF7A5A8D6F8E3
:10E88000103C0733FEF6A0A8E4E7D6F8F435002BD9
:10E890007FF412AFB6F8C42752077FF50DAF85F8A5
:10E8A0000C320123C6F8F435D6F85C35C5F80832C9
:10E8B00002E7012384F8FF35054B002283F83D2051
:10E8C00006F5C333A03345F85C3CFEF786B900BFBC
:10E8D00000000020014B024A1A60704730170020E8
:10E8E0005B82183911481249026800608A4218D0C8
:10E8F000002103E00F4B5B58435004310E480F4B8F
:10E9000042189A42F6D30E4A02E0002342F8043B32
:10E910000C4B9A42F9D3F5F74EFCFEF74DF87047D1
:10E92000FEE70948D0F800D040680047FC9F00206F
:10E93000EFBEADDED02401080000002068040020F6
:10E94000680400205C20002000D8FF1FFEE70000C4
:10E9500008B52DED028BB0EE408A00F03FFAB4EE20
:10E96000488AF1EE10FAF0EE408A0AD6B0EE480A74
:10E9700000F0D2F8F7EE007AB4EEE70AF1EE10FA02
:10E9800004DCB0EE680ABDEC028B08BD01F0EAFBC6
:10E99000BDEC028B034621221A600248BDE8084004
:10E9A00000F0FCB8481F010808B52DED028BB0EE51
:10E9B000408A00F037FBB4EE488AF1EE10FAF0EE30
:10E9C000408A0AD6B0EE480A00F0A6F8F7EE007AC0
:10E9D000B4EEE70AF1EE10FA04DCB0EE680ABDEC22
:10E9E000028B08BD01F0BEFBBDEC028B0346212269
:10E9F0001A600248BDE8084000F0D0B8481F01087E
:10EA000000F00ABC08B52DED028BB0EE408A00F094
:10EA1000A9FCB4EE488AF1EE10FA0FD6B5EEC08A22
:10EA2000F1EE10FA0ADCB5EE408AF1EE10FA08D1E8
:10EA300001F098FB22239FED090A0360BDEC028BD5
:10EA400008BD01F08FFBBDEC028B034621221A604A
:10EA50000348BDE8084000F0A1B800BF000080FFF7
:10EA6000481F010808B52DED028BB0EE408A00F07A
:10EA7000E7F8B4EE488AF1EE10FA06D6DFED098A1F
:10EA8000B4EEE88AF1EE10FA02D4BDEC028B08BDB8
:10EA900001F068FB88EEA80ABDEC028B212303601D
:10EAA00008BD00BF0000000010EE103A184923F026
:10EAB00000428A421AD9B2F1FF4F02D330EE400A27
:10EAC000704700B583B0684600F046FD00F00300D3
:10EAD00001289DED000ADDED010A10D0022809D0C1
:10EAE00090B900F0B1F803B05DF804FBDFED090A5E
:10EAF00000F0AAB800F0A8F8B1EE400AF3E700F081
:10EB000025F9B1EE400AEEE7012000F01FF9EAE72F
:10EB1000D80F493F0000000010EE103A23F00043E8
:10EB200000EE103A704700BF10EE103A194923F07A
:10EB300000428A421BD9B2F1FF4F02D330EE400AA5
:10EB4000704700B583B0684600F006FD00F0030092
:10EB500001289DED000ADDED010A13D002280BD03B
:10EB600098B9012000F0F2F803B05DF804FBDFED86
:10EB70000A0A002000F0EAB8012000F0E7F8B1EE40
:10EB8000400AF1E700F060F8EEE700F05DF8B1EE62
:10EB9000400AE9E7D80F493F000000009FED010A55
:10EBA000704700BF0000C07F10B485B08DED010A32
:10EBB000019BC3F3C752A2F17F011E2931DC162944
:10EBC0004FEAD37425DC1D4BDDED017A03EB8403A2
:10EBD00093ED007A77EE277ACDED037ADDED037AB7
:10EBE00077EEC77A17EE903A33F000400DD0C3F3BA
:10EBF000C7507F381FD4C3F3160343F40003C0F19A
:10EC0000170023FA00F004B1404205B05DF8044B50
:10EC10007047C3F3160343F40003963A03FA02F075
:10EC2000F1E7DDED017AFDEEE77A17EE900A05B027
:10EC30005DF8044B70470020E5E700BF4C1F01085A
:10EC4000B1EEC00A704700BF10EE103A23F0004347
:10EC5000B3F1485F2CD2FDEEC07A17EE903A002B4C
:10EC600060D060EE007A9FED317A9FED315ADFED92
:10EC7000315A9FED316ADFED316AA7EE875A9FED79
:10EC8000307AE7EE855AA7EEA56AA7EE867AE7EE18
:10EC9000876A67EEA66A60EEC00AB6EE007AE7EE13
:10ECA000A60AB7EE000AD7EE870A30EE600A704770
:10ECB00060EE007A9FED1D7A9FED1D5ADFED1D5A23
:10ECC0009FED1D6ADFED1D6A1E4AA7EE875A93422B
:10ECD0009FED1B7AE5EE275AA5EEA76AA6EE277AE6
:10ECE000E7EE276A66EEA76AD5D9174A934214D889
:10ECF00003F17F4307EE103AB7EE006A36EE476A3B
:10ED000060EEC00AF6EE005A97EEA57AE7EEA60A84
:10ED100037EE607A36EE470A7047B6EE076AB5EE10
:10ED2000027AEDE7B7EE000A704700BF4ED747AD55
:10ED3000F6740F317CF293B4010DD037ABAA2A3DA3
:10ED4000610BB6BA9999993E0000483F10EE103A0F
:10ED500023F00043B3F1485F04D2FDEEC07A17EE12
:10ED6000903A5BB360EE007A9FED157ADFED155AAD
:10ED70009FED156ADFED156AE7EE875A9FED147A6D
:10ED8000A5EEA76A20EE275AE6EE276AA6EEA77A36
:10ED900030B9DFED106AE7EE876AA6EE850A7047A4
:10EDA00027EE457AF6EE006AA0EEA67ADFED0A6A53
:10EDB000D7EE270AE5EE260A30EE600A704700BF5C
:10EDC000D3C92E2F342FD7B21BEF3836010D50B9CF
:10EDD0008988083CABAA2ABEABAA2A3E08B510EE29
:10EDE000102A22F00043B3F17E5F2DED028B12D08A
:10EDF0000AD8B3F17C5F16D2B3F10C5F67D8BDECD3
:10EE0000028B9FED770A08BD70EE407A87EEA70A65
:10EE1000BDEC028B08BD002A40F3DD80BDEC028B07
:10EE20009FED700A08BD002AC0F28E80F7EE008ABE
:10EE300038EEC00AF6EE007A20EE278AB0EE480AD5
:10EE4000FFF7FEFEDFED687A9FED687ADFED686A16
:10EE5000DFED685A9FED686AA8EE277ADFED677AE2
:10EE6000E7EE086AE8EE067AE6EE885A9FED646AF5
:10EE70009FED647ADFED646AA5EE886AA7EE887A72
:10EE8000DFED627AE6EE087A10EE103AE7EE086AF5
:10EE90006FF30B03B0EE677A07EE903AF0EE485A44
:10EEA000E7EEE75AE6EE888A30EE276A27EE087A20
:10EEB000C5EE866A87EE286ABDEC028BB0EE667AF4
:10EEC000A0EE067A37EE870A30EE000A08BD20EE83
:10EED000007ADFED457A9FED456ADFED456A9FEDEB
:10EEE000465ADFED445AA7EE276ABDEC028BE6EEE8
:10EEF000076ADFED427A9FED436AE7EE057AE6EEB8
:10EF0000875AA7EE876A9FED3E5ADFED3F7ADFED25
:10EF10003F6AA5EE875AE6EE077AE5EE076AF7EE56
:10EF2000005AE7EE875A26EE877A9FED396ADFEDC1
:10EF3000397AC7EE256AB0EE467AA0EE667A30EEF0
:10EF4000470A37EEC00A08BDB7EE007A30EE070A6E
:10EF5000F6EE007A60EE277ADFED236A9FED236AF2
:10EF6000DFED234ADFED245A9FED225A9FED278AD9
:10EF7000A7EEA66ADFED216AE6EE274AE7EEA56A6C
:10EF8000DFED205A9FED1E6AA4EEA75AE6EEA75ABF
:10EF9000DFED1D6AA5EE276AE5EEA76AA6EE278AD1
:10EFA000A6EEA77A28EE278AF0EE478AB0EE670A27
:10EFB000FFF746FE88EE286A9FED177ADFED177A95
:10EFC000A0EE067AF0EE006A37EE007AE7EE667A97
:10EFD000B0EE670A1CE7BDEC028B9FED110A08BD7D
:10EFE000DB0FC93F0000000008EF1138047F4F3AE3
:10EFF000461124BDA80A4E3E2EC69D3D613330BF4A
:10F0000090B0A6BE2D57014039D119C0ABAA2A3EF7
:10F010006821A233DA0FC93F6821A2B3DA0F494051
:10F02000DB0F494038B510EE105A25F00044B4F11A
:10F030007E5F2DED048BF0EE407A7FD077D8B4F16F
:10F040007C5F0ED2B4F1485F80F090809FED627AD1
:10F0500030EE077AF7EE006AB4EEE67AF1EE10FAD7
:10F0600062DCB0EE670AFFF757FDF7EE007A37EE85
:10F07000C08AB6EE007A28EE078ADFED586A9FED67
:10F08000587A9FED586A9FED585ADFED585ADFEDD8
:10F09000588AE8EE076A9FED577AA8EE067AA6EE40
:10F0A000885A9FED556ADFED556AA7EE086AE5EECE
:10F0B000085A9FED537AA6EE087AE5EE886AE7EEE5
:10F0C000087AE6EE888AB0EE480AB0EE679AFFF753
:10F0D000B7FD4C4B68EE888A9C4288EE896A38D826
:10F0E00010EE103A6FF30B0306EE903AA6EEE68AA6
:10F0F00070EE267A9FED447AC8EE274AF0EE005A69
:10F10000A4EEE57ADFED417A30EE000AB0EE675A00
:10F1100090EE067AA6EEE55A37EE457A37EEC70A44
:10F12000002D01DCB1EE400ABDEC048B38BDBDEC16
:10F13000048B70EE407A87EEA70A38BDBDEC048BD5
:10F140009FED310A9FED327A27EE800AA7EE870AFB
:10F1500038BDA0EE060A9FED2F7ADFED2D7AF0EE96
:10F16000006AA0EE267A37EEC70AD9E720EE007AC9
:10F17000DFED1B6A9FED196ADFED1B5A9FED195AEF
:10F18000DFED1A4AA7EE266ABDEC048BE6EE075ABD
:10F19000DFED186A9FED186AE7EE056AE5EE874A2B
:10F1A000A6EE876A9FED155ADFED155ADFED106A5E
:10F1B000A4EE875AE6EE075AE5EE076AB7EE006A54
:10F1C000A5EE876A26EE877AC7EE066AE0EE267A13
:10F1D000B0EE670A38BD00BFCAF24971047F4F3AEA
:10F1E00008EF11382EC69D3D461124BDA80A4E3E9B
:10F1F000ABAA2A3E613330BF2D57014090B0A6BE66
:10F2000039D119C09999793F2EBD3BB3DB0F493FE6
:10F21000DB0FC93F2EBD3B3310B582B0CDED010AE7
:10F22000019B23F00042B2F1FF4FF0EE407A30D85C
:10F2300010EE100A20F00041B1F1FF4F29D8B3F1D0
:10F240007E5F3ED09C1704F0020444EAD07431B3D0
:10F250007AB3B2F1FF4F3FD0B1F1FF4F29D0891AF5
:10F26000B1F1F45F4FEAE15233DA002B41DA3C327C
:10F270003FDA9FED330A012C4DD0022C42D064B10D
:10F280009FED307ADFED307A30EE070A30EE670A14
:10F2900003E09DED017A37EE270A02B010BD022C83
:10F2A0000CD09FED2A7A032C08BFB0EE470A02B0BB
:10F2B00010BD00280ADB9FED260AEEE79FED220A2B
:10F2C000EBE702B0BDE8104000F07CBA9FED210AE8
:10F2D000E3E79FED1F0ACEE7B1F1FF4F04F1FF34E2
:10F2E00020D0022C26D81C4B03EB840393ED000A9C
:10F2F000D3E79DED017A87EE870AFFF70DFC00F05A
:10F3000061FAB8E79FED0F7ADFED0F7A30EE070A6A
:10F3100037EEC00AC1E710EE103A03F1004300EEE9
:10F32000103ABAE7022C08D80C4B03EB840393ED98
:10F33000000AB2E79FED020AAFE79FED090AACE7CA
:10F34000000000002EBDBB33DB0F4940DB0F49C07E
:10F35000DB0FC93FDB0FC9BF541F0108601F010845
:10F36000DB0F493F10EE102A32F000432FD0002A65
:10F37000134633DBB2F1FF4F40DAB2F5000F34DB56
:10F380004FF0000C6448C3F31601084400F4000277
:10F3900082F07E520A43DB1500EE102A7F3B5F4A63
:10F3A000634401F10F0CF7EE007A0CEA020230EE32
:10F3B000670A03EBD05322BBB5EE400AF1EE10FA18
:10F3C00062D1002B40F090809FED550A70479FED71
:10F3D000557ADFED537A87EE270A704770EE407A50
:10F3E0009FED4F7A87EE870A7047DFED4F7A60EE28
:10F3F000277A6FF0180C17EE903AC3E730EE000A48
:10F400007047F0EE007A70EE277A07EE103A80EE41
:10F41000274A4648C1F55712084402F522720243B2
:10F42000002A9FED433ADFED434ADFED435ADFED1B
:10F43000433A9FED435ADFED437ADFED436A24EE12
:10F44000046AF8EEC72A26EE067AE7EE034AA7EE2C
:10F45000235AE4EE875AE5EE076AE5EE877A67EE0F
:10F46000867AE6EE877A2ADDB6EE007A20EE077A13
:10F4700027EE007A77EE877A67EE847A3BBB37EE29
:10F48000677A30EE470A70479FED307AF6EE007AE1
:10F49000E0EE477A20EE007A27EE277A002BF0D0B4
:10F4A00007EE903A9FED2A6ADFED2A6AF8EEE77AD6
:10F4B000A7EEC67A37EE400A97EEA60A704770EEBE
:10F4C000677A67EE847AE3B930EE670A70479FED9A
:10F4D000206ADFED206AE2EE867A37EE677A37EE51
:10F4E000400A92EEA60A704707EE903A9FED180A7E
:10F4F0009FED187AF8EEE77A27EE800AA7EE870AE2
:10F500007047DFED136A9FED137AE2EEE67A37EE8D
:10F51000C00A92EE870A704720FB4A00F0FF7F0086
:10F5200000000000000000CC0000004C305CCFFF69
:10F530009788173E25333A3E2549923E4FD01C3ED0
:10F54000298E633EABAA2A3FCDCCCC3EABAAAA3EC5
:10F55000D1F717378071313F70B510EE103A8B4AF2
:10F5600023F00044944286B0054671D9884A9442FB
:10F570001E4624D823F00042002BDFED867A864910
:10F5800022F00F02B0EE407A40F3E6808A4270EE3D
:10F59000677A09BF9FED817ADFED816ADFED816ACD
:10F5A00077EEC77A37EEE67A77EEC77A80ED007AA3
:10F5B00077EEE67AC0ED017A012006B070BD7A4A96
:10F5C000944253D9B4F1FF4F49D2E215863AA4EBE5
:10F5D000C25307EE903ABDEEE77ADFED746AB8EEFB
:10F5E000C77A77EEC77A8DED037A67EEA67ABDEE1D
:10F5F000E77AB8EEC77A77EEC77A8DED047A67EED0
:10F60000A67AF5EE407AF1EE10FACDED057A40F0EB
:10F610008E80B5EE407AF1EE10FA40F08A80012338
:10F62000634901910221009103A8294600F00AFADA
:10F63000002EC2DA95ED007AD5ED017AB1EE477A67
:10F64000F1EE677A85ED007AC5ED017A4042B4E7C4
:10F65000002285ED000A4260002006B070BD70EE09
:10F66000407AC0ED017AC0ED007AF5E7FFF754FA71
:10F670009FED507A9FED476AF6EE007AE0EE077A4A
:10F680009FED477AFDEEE77AF8EEE76A17EE900A0B
:10F69000A6EEC60A1F2866EE877AB1EE666A30EEDD
:10F6A000677A1EDC444A411E26F0004352F82120AE
:10F6B00023F0FF03934214D085ED007A30EE470A21
:10F6C000002E30EE670A85ED010ABFF676AFB1EE87
:10F6D000477AB1EE400A85ED007A85ED010A404295
:10F6E0006BE717EE103AC3F3C753C3EBD453082BA1
:10F6F0004FEAE452E0DD9FED297A9FED2A5AF0EEC1
:10F70000405AE6EE075A70EE657AE6EE077AD6EED4
:10F71000857A35EEE77A17EE103AC3F3C753D21A5B
:10F72000192A08DCB0EE650A85ED007AC6E70323E6
:10F7300076E7022374E79FED217A9FED215AB0EE20
:10F74000650AA6EE070A75EEC07AE6EE077AD6EEEF
:10F75000857A30EE677AAFE78A4270EE277A09BF82
:10F760009FED0E7ADFED0E6ADFED0E6A77EE877A97
:10F7700037EEA67A77EEC77A80ED007A77EEA67A32
:10F78000C0ED017A4FF0FF3017E700BFD80F493FB7
:10F79000E3CB1640800FC93FD00FC93F0044353737
:10F7A0004344353708A3852E800F4943000080432A
:10F7B000EC1F010884F9223F6C1F010800A3852E6D
:10F7C00032318D2438B510EE105A25F00044B4F1D2
:10F7D000A14FF0EE407A07D3B4F1FF4F55D8002D7A
:10F7E00077DD9FED4E0A38BD4D4B9C425CD8B4F19D
:10F7F000445F4DD34FF0FF3327EEA76A9FED495A80
:10F800009FED497ADFED495ADFED494A66EE066A17
:10F810005A1CA6EE857AE6EEA54A9FED465ADFED24
:10F82000465AA7EE265AE4EEA65A9FED447ADFED3B
:10F83000444AA5EE267AE5EEA64A9FED425ADFED50
:10F84000425AA7EE265A9FED417AA4EEA67AE5EE3B
:10F85000265A27EE267AA5EE867A27EE877A3BD0BF
:10F860003B493C4A01EB8301D1ED006A37EE667AF1
:10F8700002EB8303D3ED006A37EE677A002D36EE94
:10F88000C70AB0DAB1EE400A38BD30EE000A38BD22
:10F890009FED317A30EE077AF7EE006AB4EEE67A41
:10F8A000F1EE10FAA6DD38BDFFF736F92B4B9C427E
:10F8B00015D8A3F5D0039C4226D8F0EE007ABFEE0F
:10F8C000007AA0EE277A002330EE270AC7EE007AEE
:10F8D00092E79FED230A38BD37EEC70A38BD214BAA
:10F8E0009C420BD8F7EE087AB7EE007AA0EE277AA2
:10F8F000022330EE670AC0EE077A7DE7BFEE007A9A
:10F90000C7EE007A032377E7F7EE007A30EE677AE6
:10F9100030EE270A0123C7EE007A6DE7DB0FC93FFF
:10F92000FFFFDF3ED769853C59DA4B3D21A215BD6B
:10F930006BF16EBD356B883D95879DBD6E2EBA3DD2
:10F94000388EE3BD2549123EABAAAA3ECDCC4CBEB3
:10F950000423010814230108CAF24971FFFF973FED
:10F96000DB0FC9BFFFFF1B4010EE103A33F0004120
:10F970001A4625D0B1F1FF4F1FD213F0FF4F20D10F
:10F98000DFED297A294A60EE277A904217EE903A05
:10F9900031DB4CF2503CC3F3C75160451A46A1F12C
:10F9A000190114DD002BDFED227A9FED210AB8BF8B
:10F9B000DFED207A27EE800A704730EE000A7047AC
:10F9C00070474CF2503C60454FEAD151EADC0144AB
:10F9D000FE29E7DC002915DC11F1160F19DB1931BE
:10F9E00022F0FF4242EAC15207EE902A9FED120A2E
:10F9F00027EE800A7047DFED117A07EE103A27EE06
:10FA0000270A704722F0FF4242EAC15300EE103A43
:10FA10007047002BDFED097A9FED080AB8BFDFEDD4
:10FA2000087A27EE800A70470000004CB03CFFFFC8
:10FA3000CAF24971CAF249F1000000336042A20DD6
:10FA40006042A28D2DE9F04F2DED048BDBB01C46FA
:10FA5000944603930A46BA4B68991CF1040F53F875
:10FA60002170824604F1FF39C0F25682BCF10303D3
:10FA700048BF0CF10403DB10029301334FEAC30EBD
:10FA8000ACEB0E030593029B17EB0900A3EB0903F4
:10FA900016D401309FEDAB7A699C18441EA9002B47
:10FAA000A4BF54F8235007EE905A03F10103ACBFF2
:10FAB000F8EEE77AF0EE477A8342E1EC017AEED194
:10FAC000002FC0F2E28203991EA800EB81004FEAEA
:10FAD00081087E18002346AD4C460AEB8101B9F13E
:10FAE000000F80F2C8800134B44245F8043B00F1B5
:10FAF0000400F4D10DF1280B0BEB8703CDE9062EA2
:10FB0000043B9FED929ADFED908A059804930AEBEF
:10FB1000080446AE0BEB87080097CDF820C00DEB2C
:10FB20008703002F93ED460A4FEA870515DD731909
:10FB30005A4660EE097AB0EE407AFDEEE77A73ED50
:10FB4000016AF8EEE77AB342A7EEE87A37EEA60A42
:10FB5000BDEEC77AA2EC017AEBD10190FFF704FF6A
:10FB6000F4EE007AB0EE408A20EE270A00F0B0FAF8
:10FB7000F2EE007AA0EE678A01980028FDEEC89A9E
:10FB8000F8EEE97A38EE678A40F38280791EC0F198
:10FB900008035BF821E04EFA03FC0CFA03F3AEEB2A
:10FBA000030EC0F1070219EE903A4EFA02F26344D6
:10FBB000002A09EE903A4BF821E000F3AF80B5EE51
:10FBC000408AF1EE10FA74D1009B9F420ADD5D4439
:10FBD000002355F8041D454543EA0103F9D1002BE4
:10FBE00040F00281009B013B5BF823207B1C9C467C
:10FBF000002A40F0F780049A012152F8045D013197
:10FC0000002DFAD03944029D039A05EB030E0EF144
:10FC1000804E699D0EF1FF3E3A4405EB8E0E1EADFF
:10FC200006EB830705EB8205DEED017AF8EEE77A55
:10FC3000B9F1000F0EF1040EE5EC017ADFED417A27
:10FC400009DB2A465346F3EC016A32ED017AA342FE
:10FC5000E6EE877AF7D10CF1010C8C45E7EC017ADE
:10FC6000E2DD0F465BE70134B442E5EC017A00F1D6
:10FC700004003FF43FAFDFED337A83465346F3ECA5
:10FC8000016A3BED017A8B42E6EE877AF7D1EAE72B
:10FC900000F09180F6EE007AB4EEE78AF1EE10FA09
:10FCA00080F22981B5EE408AF1EE10FA4FF00002A1
:10FCB0008AD09246DDE9062EDDF820C00197AEEB32
:10FCC0000C00B0EE480A009F0092FFF74DFEDFEDFA
:10FCD0001E6AB4EEE60AF1EE10FADDE90023F0EE5A
:10FCE000407AC0F29C819FED197A059920EE077A3F
:10FCF0000831BDEEC77A0591B8EEC77A5C1CE7EE15
:10FD0000667ABDEEC77AFDEEE77A17EE901A4BF8E9
:10FD1000231017EE103A4BF824307EE00133002F09
:10FD200009EE903A40F39D8159464FF0000E51F88C
:10FD3000043B002B39D0C3F5807341F8043C0CE040
:10FD40005023010800000000000080430000803BB9
:10FD50000B68C3F1FF0341F8043B0EF1010E774538
:10FD6000F6DC01239E4600280BDD012800F0BB8055
:10FD7000022806D1791E5BF8213003F03F0C4BF8C6
:10FD800021C0022A7FF41BAFB7EE000A734630EEA3
:10FD9000488A002B3FF413AF09920190FFF7E4FD6E
:10FDA0000198099A38EE408A09E70EF1010E77456D
:10FDB000BDDC9E46D7E77B1E5BF82320D211002ACC
:10FDC0007FF7FDAE19EE903A002F03F1010309EE23
:10FDD000903AA9DC022A7FF4F2AEF7EE007A37EE11
:10FDE000C88AECE619460EE73B469246DDE9051265
:10FDF0005C1EA1F108005BF82410009F059061B91A
:10FE000003F18043013B0BEB8303014653F8040DE0
:10FE1000013C08390028F9D0059105980092B7EE09
:10FE2000000AFFF7A1FD002C009AB0EE407AC0F264
:10FE30002281601C46AD5FED3B6A81000BEB8003C5
:10FE400005EB800073ED017AF8EEE77A5B4567EE2B
:10FE5000877A27EE267A60ED017AF3D10DF1C80892
:10FE60000E1F2E44C646A4460025002F7DDBDFF87A
:10FE70005C92DFED957A3046002307E0F9EC016AE9
:10FE8000B0EC017A9F42E6EE877A03DBAB4203F1E6
:10FE90000103F3DD0CF1FF3CBCF1FF3FEEEC017A16
:10FEA00005F10105A6F10406E1D1689B022B6ADC8D
:10FEB000002B36DC0ED1DFED847A414431ED017A3E
:10FEC000414577EE877AF9D15346002B40F0C68042
:10FED000C2ED007A19EE903A03F007005BB0BDEC7A
:10FEE000048BBDE8F08F791E5BF8213003F07F0CA6
:10FEF0004BF821C045E719EE903A002F03F10103BA
:10FF000009EE903AC8BF02223FF70EAFF7EE007A33
:10FF100037EEC88A022252E600234FF0080E029301
:10FF2000AEE5DDED327A9FED687A414471ED016A0C
:10FF3000414537EE267AF9D15346002B40F08480B4
:10FF400077EEC77A82ED007A64B133A90123B1EC70
:10FF5000017A01339C4277EE877AF8DA53460BB187
:10FF6000F1EE677AC2ED017AB4E70CF1FF3C0023B1
:10FF7000BCF1FF3F4EF8043B05F10105A6F1040674
:10FF80007FF473AF91E7689B032BA3D1002C00F0A3
:10FF90008C8008EB840595ED007AA0002B4629465D
:10FFA00071ED017AF0EE476A37EE277A414577EE38
:10FFB000C77A81ED007A77EEA67AC1ED017AEFD1AA
:10FFC000012C72D095ED007A08F1040173ED017AED
:10FFD000F0EE476A37EE277A994277EEC77A83EDDB
:10FFE000007A77EEA67AC3ED017AEFD1031DDFED3B
:10FFF000367A434408F1080833ED017A984577EEE4
:020000040801F1
:10000000877AF9D15346DDED326A9DED337A73B9C3
:10001000C2ED006A82ED017AC2ED027A5AE7FDEE86
:10002000C07A1C4617EE901A4BF82310F5E6F1EE55
:10003000666AB1EE477AF1EE677AC2ED006A82ED48
:10004000017AC2ED027A45E7F1EE476A77EEC77AA8
:10005000C2ED006A002C7FF478AF81E7F1EE677A99
:1000600036E7012815D002287FF4B4AE0EF03F0326
:100070004BF82130AEE6689B022B12DC002B17DC1C
:100080007FF428AFDFED107A1EE7039B4FEA830869
:1000900030E50EF07F03022A4BF821307FF48FAD5C
:1000A0009BE6689B032B7FF415AFDFED077AA9E78A
:1000B0005346DDED327A1BB14FF0004313604FE73A
:1000C000002313604EE700BF000000002423010856
:1000D00010EE102AC2F3C7537F3B162B22F00041CB
:1000E0001BDC002B10461EDB1A4919410A4223D0A3
:1000F000DFED197A70EE277AF5EEC07AF1EE10FA9C
:100100001ADD002A04DA4FF4000242FA03F318441D
:1001100020EA010300EE103A7047B1F1FF4F0BD314
:1001200030EE000A7047DFED0C7A70EE277AF5EEBC
:10013000C07AF1EE10FA00DC7047002A02DB9FED76
:10014000070A704711B99FED060A7047BFEE000A13
:10015000F2E700BFFFFF7F00CAF249710000000014
:1001600000000080014B1868704700BF200300208A
:10017000830730B546D08418844604E003F8011B99
:100180009D0704D09C46A4456346F7D130BD013A93
:100190000244A2EB0C02032A29D9CCB204EB0424BA
:1001A0000F2A04EB04442FD9A2F1100C2CF00F0CF1
:1001B00003F11005AC44C3E90044C3E90244103321
:1001C0006345F8D112F00C0F02F00F0E18D02EF08C
:1001D000030C9C44AEF104051A4642F8044B6245F8
:1001E000FBD125F0030404330EF003022344002A5C
:1001F000CCD0C9B21A4403F8011B9342FBD130BDE5
:100200007246F4E70346C6E79646E0E711F0FF01C1
:10021000034600F0030239D08ABB026810B501EB37
:10022000012E0EEB0E4E8EEA0204A2F1013323EAF8
:100230000203A4F1013222EA0402134313F0803FC7
:100240000FD150F8044F84EA0E0CA4F10133ACF145
:10025000013223EA040322EA0C02134313F0803F25
:10026000EFD0037823B936E010F8013F002B32D0ED
:100270009942F9D110BD8A4228D09A0729D01A781C
:1002800018460133002AF6D110467047CAB90268F1
:10029000A2F1013323EA020313F0803F08D150F8A2
:1002A000042FA2F1013323EA020313F0803FF6D0BA
:1002B00003785BB110F8013F002BFBD17047990721
:1002C00005D0184613F8012B002AF8D170471846BC
:1002D000DDE71846A1E7184610BD00BF024B5822C3
:1002E0001A604FF0FF30704758200020024B582210
:1002F0001A604FF0FF30704758200020FEE700BF23
:100300002DE9F047089D0F4604468C46002B48D146
:100310008A42164661D9B2FA82F34BB1C3F1200288
:1003200001FA03FC20FA02F29E4042EA0C0C9C40C7
:100330004FEA164EB7B2BCFBFEF1220C0EFB11CCFD
:1003400042EA0C4201FB07F0904209D9B21801F1D0
:10035000FF3C80F0EE80904240F2EB800239324464
:10036000121AA4B2B2FBFEF00EFB102244EA0244C1
:1003700000FB07F7A74209D9341900F1FF3280F0DA
:10038000DA80A74240F2D7803444023840EA014084
:10039000E41B00211DB1DC400023C5E90043BDE89A
:1003A000F0878B4206D90DB1C5E90001002108464E
:1003B000BDE8F087B3FA83F1002948D1BB4202D3EC
:1003C000824200F20781841A67EB030201209446FF
:1003D000002DE4D0C5E9004CE1E7002A00F092804E
:1003E000B2FA82F3002B40F0A8808A1A4FEA164E28
:1003F0001FFA86FC0121200CB2FBFEF70EFB172230
:1004000040EA02420CFB07F0904207D9B21807F10C
:10041000FF3802D2904200F2E2804746121AA4B29C
:10042000B2FBFEF00EFB102244EA02440CFB00FC7F
:10043000A44507D9341900F1FF3202D2A44500F2D5
:10044000CB801046A4EB0C0440EA0740A2E7C1F1C0
:1004500020068B4022FA06FC4CEA030C07FA01F452
:1004600020FA06F3F7404FEA1C49234300FA01F84B
:100470001FFA8CFEB7FBF9F01C0C09FB107744EA5D
:10048000074400FB0EF7A74202FA01F20AD91CEB5F
:10049000040400F1FF3A80F09B80A74240F298806C
:1004A00002386444E41B9FB2B4FBF9F309FB134424
:1004B00047EA044403FB0EFEA64509D91CEB0404DD
:1004C00003F1FF3780F08280A6457FD9023B644468
:1004D00043EA0040A4EB0E04A0FB02E7BC427346D3
:1004E000B94663D360D05DB1B8EB030264EB090495
:1004F00004FA06F622FA01F31E43CC40C5E9006473
:1005000000214CE76208480842EAC1710B0C43EA3B
:1005100000438AB242EA0342B3FBF6F1E407B44671
:100520003746B6461F23B0FBF6F0D21B41EA004126
:1005300061E7614614E7104628E7C3F1200120FA7D
:1005400001F29E4027FA01F19F403A434FEA164ECE
:100550001FFA86FCB1FBFEF70EFB1710110C41EAE7
:10056000004107FB0CF8884504FA03F43AD97118E6
:1005700007F1FF3001D288451FD8A1EB0801B1FB7C
:10058000FEF808FB0CF70EFB181192B242EA01428A
:10059000BA422FD2B21808F1FF31C6D2BA42C4D241
:1005A000A8F102013244C0E7F0459CD2BEEB020341
:1005B00067EB0C070138B94695E7A6EB08084144FC
:1005C000B81EB1FBFEF808FB0CF7DCE73B467FE703
:1005D000504667E70846FBE63444023832E7023FFC
:1005E00032441BE7A1EB08013846B1FBFEF808FBDB
:1005F0000CF7C8E7414698E703685A004CBF43F040
:10060000004323F000431844704700BF2DE9F04732
:1006100059B301F1FF380546164647464FF0000A28
:100620000AEB070101EBD171491005EBC1094846FE
:10063000FFF7E2FF88454FEAC104034610D004F1FA
:100640000800B342284407D8FFF7D6FF0138B0426C
:1006500008D201F1010AE3E78A4506D04F1EDFE721
:10066000B042F9D84846BDE8F0874FF00009484647
:10067000BDE8F087012806D0022802D028B9044836
:10068000704704487047044870470020704700BF17
:10069000650D0108750D01086D0D010830B5224B7F
:1006A00083B004468D1E43B301A92846AFF30080F2
:1006B000F0B101992A46FFF7A9FF0146C0B1FFF743
:1006C0009BFF4B68A064012B2BD0002B01F1040091
:1006D00025DBFFF791FF002323650368E064002B0F
:1006E00012DBFFF789FF03460020236103B030BD12
:1006F00000230920236103B030BD0C4B0C49C91AFB
:10070000C91018460191D5E7C3F30360FFF7B2FFA4
:10071000031E0CBF09200020236103B030BD01235C
:10072000DAE700230520E0E7000000008C23010841
:10073000CC2401080368DA0710B5044606D49B07E9
:1007400000F1500009D5FCF773F82368590709D563
:100750001A070ED5DB0613D510BDFCF761F8236828
:100760005907F5D404F1D800FCF76AF823681A0792
:10077000F0D404F5AC70FCF76BF82368DB06EBD41F
:1007800004F5EC70BDE81040FCF7A6B8034600681D
:1007900000B11844704700BF704700BF70B50446F1
:1007A0000E46316C2046FFF779FF054688B9326C5A
:1007B0006261236932462146012098470828F0D01B
:1007C000072806D12846316CFFF7E6FF301DFCF7FD
:1007D0001BF800F0E5FD00BF2DE9F04F0D1DD0F82E
:1007E0000C90D0F818A0074614460FCDADF5777DD4
:1007F0000DF10C0CACE80F000FCDACE80F000FCDE5
:10080000ACE80F0095E80F0002AE4FF0000E8CE848
:100810000F000DF5F878C6F800E021E0336C7B613D
:100820004FF4F47231464046FBF7C6FE3B69424640
:10083000394658469847D8F83830B3642146CDE950
:10084000006A05463B4601203A46C847044618BBA5
:100850004FF4F47241463046FBF7AEFE082D19D135
:10086000316C3846FFF71AFF093405465FFA84FBFE
:100870000028D3D0B36BB3643A46CDE9006A3B4657
:100880004BF010010120C84730B928460DF5777D9F
:10089000BDE8F08F072D05D0092528460DF5777D99
:1008A000BDE8F08F2046316CFFF776FF03A8FBF719
:1008B000ABFF00BFF0B5CB6BFBB001F1040C0B64D8
:1008C0000F460546BCE80F0001AC0FC4BCE80F00A2
:1008D0000FC4BCE80F000FC49CE80F004FF0FF3EB0
:1008E00084E80F006E46CDF800E006E02B69324642
:1008F000294698470828044608D1316C2846FFF756
:10090000CDFE0028F2D009207BB0F0BD3046FFF7C5
:1009100011FF062CF7D139462846FFF73FFF00BFED
:10092000C160D96B8261196400221946FFF754BF78
:1009300070B5C66843690B64AEB903690A460446DC
:100940000D46014602209847072805D008280FD1F8
:1009500029462046FFF722FF3046296CFFF71CFF8F
:10096000281DFBF751FF0122FFF736FF00F018FDAD
:1009700000F016FDC26808B532B1CA6B0A64BDE862
:1009800008400022FFF728BFFFF794FF092008BDA9
:10099000052915D8DFE801F00A0314030305012037
:1009A0007047009A436C13600020704743B90F2AC8
:1009B00006D800EB820200205368009A136070474B
:1009C0000220704700B585B00A46002303A90091B4
:1009D0001946FFF7DDFF039805B05DF804FB00BF83
:1009E000052915D8DFE801F00A03140303050120E7
:1009F0007047009B1B6843640020704743B90F2A6F
:100A000006D8009B00EB82021B68536000207047F1
:100A10000220704710B584B0002303AC0392009409
:100A20000A461946FFF7DCFF04B010BD2DE9F0417E
:100A3000D36BADF5107D02F1040C136407460E462E
:100A4000BCE80F000DF15C0EAEE80F00BCE80F0033
:100A5000AEE80F00BCE80F00AEE80F009CE80F0006
:100A600016AC4FF0FF388EE80F006D46C4F80080DA
:100A700010E0FFF7CFFF31462046B8470346224635
:100A80000820294683B92B699847052880460DD050
:100A9000092809D0216C2846FFF700FE03460C21E7
:100AA0002A462046002BE4D04FF009082046FFF7E5
:100AB00041FE40460DF5107DBDE8F0812DE9F04F77
:100AC0001646CA6C89B00D4652F8041B069200F017
:100AD000030CE3B10C0C8DF81D400904E4B2059140
:100AE00002EB840202218DF81C10296DBCF1020F6B
:100AF00008BFAA6B11F001080FD005A9304600F01D
:100B0000CFFA002839D1082009B0BDE8F08F0902DA
:100B100005918DF81D300321E5E71768002FECD013
:100B200000F008010191E346CDF808809A46BAF139
:100B3000020F26D01788548802F10409AA6C24F009
:100B400001030F21304603EB0208FFF73BFF80450E
:100B500015D827F0010202EB0803834294BF00235B
:100B60000123640004F0020407F001072743012F6A
:100B70000BD0022F50D0002F45D00920C4E700230E
:100B8000EFE7546802F10809D8E7BBF1000F73D111
:100B9000CBB1D9F80430D9F80020991C4FEAD272B1
:100BA000EBD005F158040133049400F0CC8009F136
:100BB0000400FFF7EBFD04AB01462846AFF30080CD
:100BC000002840F0978009F108021768002FAED185
:100BD00005A93046DDF8088000F062FA0028CCD183
:100BE000B8F1000F8FD00F213046FFF7EBFE0E213A
:100BF00002463046FFF70EFF594A0F213046FFF7F5
:100C000009FF072080E7BBF1000F02D0002B40F066
:100C1000878009F10402D8E7D9F8004024F00048A1
:100C2000BBF1000F0FD12BB1019B002B3CD0B8F1D1
:100C3000000F39D0002C01DA09F1040908F1010292
:100C400009EB8202C1E70D213046FFF7BBFE2F6A98
:100C50008742EFD1AB6A9945ECD100240423C5E962
:100C60000B434B44C5F828806B63D9F80030A3428E
:100C700070DB01230293E1E70D213046FFF7A2FE6E
:100C80002C6A84429FD1AB6A99459CD14846FFF7B4
:100C9000B3FC0F2102463046FFF7BCFE2A46002176
:100CA0003046FFF7B7FEACE705F15803CDF80CB0BE
:100CB00009F10407B34600241E460BE038460496AB
:100CC000FFF764FD0022014604AB2846AFF3008025
:100CD0000437F8B9444504F10104EFD10D21584619
:100CE000FFF770FE049BC5F828900246C5E908236B
:100CF000062009E704460D213046FFF763FE049EF7
:100D00002862022C04BFEE6205F12C06C5E90969D0
:100D10000620F9E65E46D9F80040DDF80CB089E718
:100D20004846FFF769FC09F104030446AB63284613
:100D3000AFF3008000283FF420AF22460F21304659
:100D4000FFF768FE5DE730460D21FFF73BFE2646C4
:100D50002862DBE708F1010209EB820097E700BF98
:100D6000000000000023FFF7A9BE00BF0123FFF72A
:100D7000A5BE00BF0223FFF7A1BE00BF2DE9F041D1
:100D80000646C4B01446052908D8DFE801F016303D
:100D90000773980B3A19102A40F2B780022044B02A
:100DA000BDE8F081836B002CF8D153F8042B42642A
:100DB0008363002044B0BDE8F081002BEED1856B49
:100DC0001FFA84FC012006F1040E00FA03F111EA77
:100DD0000C0F2A4604D052F8041B4EF82310154677
:100DE0000133102BF1D1A004E3D4B563E1E7012B6B
:100DF0004FEA1447A4B2CDD0052BCFD107EB04089E
:100E0000B8F1200FCAD80F2F40F2BD80002CD0D0EF
:100E100002685107A04600F11B81019302AC2046F5
:100E2000FBF712FDD6F838C0019B102F4FF0FF32B0
:100E300039464FF0020E38BF102118FB0E2E04EB7E
:100E4000C10184397246604650F8045B41F8045F82
:100E5000013A551CF8D10CF1040C012B0CEB8E025D
:100E600000F0D5800F2FB26340F2FA802046FBF7E6
:100E7000E7FC9EE7032B91D1A7B207EB1443102B9D
:100E80004FEA14448AD80368190700F1A38022AD01
:100E90002846FBF7FFFC7A00B06B05EBC404531E39
:100EA00042B1011B625844F8042B013B5A1CF9D192
:100EB00000EBC700B0632846FBF7CAFC79E7002BBC
:100EC0007FF46CAF102C3FF669AF0368D80679D475
:100ED00022AD2846FBF70AFDB76B294600234FF0E9
:100EE000010C0CFA03F22242384603F1010303D04D
:100EF00050F8042B0A600746042B01F10401F0D1DD
:100F0000B7632846FBF7E8FC53E7102F3FF446AFE2
:100F10000268D10708D5304622F0030240F8502B72
:100F20000193FBF781FC019B019322AD2846FBF75F
:100F30007BFCD6F838C0002C6BD0019B4FF000082A
:100F400002214FF0FF3214FB012E05EBC7010439DB
:100F50007246604650F8044B41F8044F013A541C65
:100F6000F8D10CF1040C0CEB8E0CB8F1000F39D158
:100F7000012B4ED00F2FC6F838C03FF61AAF2846C7
:100F8000FBF756FC15E70268B8F1100F02F00101FB
:100F90002AD851B1304622F0010242F0020240F854
:100FA000502B0193FBF748FC019B019322AD28468F
:100FB000FBF742FC019B002CE1D0D6F838C04FF083
:100FC0000008BDE723F01003336006F5EC70FBF773
:100FD0008DFC7DE723F00803036000F5AC70FBF7A0
:100FE00059FC54E702AC20E7D1B9550726D422AD0D
:100FF00028460193FBF720FC02A8FBF725FCA8F18B
:101000001008D6F838C0019BC7F1100498E7944641
:1010100022AD0CF10403B3632846FBF701FCC8E6DC
:1010200022F0010242F0020240F8502B0193FBF73C
:1010300003FC3268019B12F0040FD8D0304622F036
:10104000040240F8D82B0193FBF7FEFB019BCEE78F
:1010500022F0040240F8D82B0193FBF7F5FBDDE604
:1010600022A8FBF7E5FB01E7027A03467AB9427A48
:10107000A2B14168013A10B44272086803220C1D03
:101080001A7202025C60000E10BC1A6070470068A1
:10109000013A1A7202021A60000E7047B0207047BF
:1010A0002DE9F043064685B00D4600272846FFF798
:1010B000DBFFB028044600F0218103065ED500F076
:1010C000F003A02B1DD033D8802B00F08780902B0D
:1010D0002AD100F00D030D2B26D00DF108080023B6
:1010E00000F00F021946CDF800803046FFF750FCA3
:1010F0000023CDF800800D2219463046FFF770FC22
:10110000D4E7C34303F007034FF47F621A4101079A
:1011100002F47F6201D542F4804200231946304632
:10112000FFF72CFE0028C1D0092005B0BDE8F083F0
:10113000B02B68D0C02B3FD1C62800F0CC80C72888
:1011400000F0DF8000F0F803C02B00F0EC80C8282E
:1011500000F0F780C928E7D12846FFF785FF020392
:1011600000F00F0002F47022013002430121052338
:101170003046FFF703FE002898D0D5E78300DBB2A6
:1011800003F104080DF1080900231946CDF8009079
:101190000D223046FFF7FCFB029ACDF80090600666
:1011A0004CBFA2EB080242440023029219460D22D2
:1011B0003046FFF715FC79E700F0F803D02BB3D1E8
:1011C00000F007020132052342F4002201213046DB
:1011D000FFF7D4FD00283FF469AFA5E72846FFF7E5
:1011E00043FF24022043B0F5004F9DD004010023AB
:1011F000A2B219463046FFF7C1FD002894D1C4F3CE
:10120000C030074352E7A0F1B103042B00F2B580D0
:10121000DFE803F05729160C030003AA002300920D
:1012200019460D223046FFF7B3FB3FE700231A466D
:1012300005213046FFF7A2FD00283FF437AF73E7E2
:101240002846FFF711FF020300F00F00013002F4FF
:1012500070220123024319463046FFF78FFD002814
:101260003FF424AF60E700230DF108090D22194671
:10127000CDF800903046FFF78BFB2846FFF7F4FED1
:101280000206029C4FF002080CD500F07F0000FA25
:1012900008F0044428460294FFF7E6FE030608F12E
:1012A0000708F2D400FA08F004F501742044002382
:1012B0000290CDF800900D2219463046FFF790FBC2
:1012C000F4E62846FFF7D0FE431EDBB20E2B0246A3
:1012D0007FF623AF28E72846FFF7C6FE020300F09B
:1012E0000F00013002F470220323024319463046F6
:1012F000FFF744FD00283FF4D9AE15E76FB3002097
:1013000013E72846FFF7B0FE431EDBB20E2B024662
:101310003FF60AAF002304213046FFF72FFD0028D7
:101320003FF4C4AE00E700F00F020132032342F4A1
:10133000202219463046FFF721FD00283FF4B6AEC3
:10134000F2E62846FFF790FE00F0F00200F00F03EF
:101350001032013343EA023208E702AC3B46394619
:1013600000940E223046FFF713FB0F2200943B46F9
:1013700039463046FFF734FBC1E700F0FC03B42BDD
:101380003FF4D2AE00F007020132012342F4002202
:1013900019463046FFF7F2FC00283FF487AEC3E65B
:1013A00008B5062000F004F80120FEF7A7FF00BFF3
:1013B00038B5144B1F281D681ED8D5F838210446AF
:1013C00062B152F820304BB1012B05D0591C0FD01F
:1013D000002142F820109847002038BD284600F030
:1013E00029F8224601462846BDE8384000F00CB8EE
:1013F00016232B60012038BD16232B604FF0FF30E1
:1014000038BD00BF2003002070B50C46084D0346D0
:101410000026204611461C462E60FEF767FF431C3F
:1014200000D070BD2B68002BFBD0236070BD00BFC7
:1014300058200020FEF752BF414552543132333418
:1014400035363738616263646566676800524F4CB1
:101450004C3B50495443483B5941573B414C543B0A
:10146000506F733B506F73523B4E6176523B4C450D
:1014700056454C3B4D41473B56454C3B0000000018
:1014800000000000C31D0108000000000100000072
:10149000C81D01080100000002000000CF1D010866
:1014A0000200000003000000D81D01080300000036
:1014B00004000000DE1D010805000000050000001A
:1014C000E31D01080600000006000000ED1D0108F4
:1014D0000700000007000000F61D010808000000DA
:1014E00008000000FF1D01080900000009000000BD
:1014F000081E01080A0000000A000000121E010870
:101500000B0000000B0000001C1E01080C00000076
:101510000C000000261E01080D0000000D00000058
:101520002E1E01080E0000000E000000361E0108ED
:101530000F0000000F0000003E1E01081000000018
:1015400010000000471E01081100000011000000FB
:101550004E1E01081200000012000000581E010873
:101560001300000013000000601E010814000000BA
:10157000140000006B1E010815000000150000009B
:10158000721E01081600000016000000791E0108F6
:101590001700000017000000811E0108180000005D
:1015A00018000000891E0108190000001900000041
:1015B000911E01081A0000001A0000009B1E01087D
:1015C0001B0000001B00000000000000FF000000E6
:1015D00001000102000103000104000105000106F1
:1015E00000010700010800010900010A00010B00C9
:1015F000010C01030D00010E00010F00011000019C
:10160000110001120001130001140001000800483C
:1016100000400102000800480020010200080048C4
:101620000080010200000048100001020000004894
:10163000200001020000004840000102C59500663C
:101640009C0000000000000080250000004B00000E
:101650000096000000E1000000C2010000840300C9
:1016600090D0030000000040000400480004081C63
:1016700001020A01000000400004004800080C1CA0
:1016800001020B0100000040000000480200041CA1
:101690000102010100000040000000480100001CA0
:1016A00001020001002C0140000000480001001B65
:1016B000000A080634170108201701081E17010840
:1016C0001C1701080000803F000080BF0000803F21
:1016D000000080BF0000803F000080BF000080BF8E
:1016E0000000803F0000803F0000803F0000803FFE
:1016F0000000803F0000803F0000803F000080BF6E
:10170000000080BF000400480000004800000048BE
:10171000000400480004004800040048FFFFFFFFE9
:101720000003010302030303040105030603070387
:101730000804FFFF0003010302030303040205037F
:101740000603070308040903FFFF00000000004828
:101750000001000000000200000400480400000036
:1017600000000400000400484000000000000400E5
:10177000000400488000000000000400000400484D
:101780000080000000000400000400480040000049
:1017900000000400000400480020000000000400D5
:1017A0000004004800100000000004000000004891
:1017B00010000000000002000000004800200000AF
:1017C000000002000000004800400000000002008D
:1017D000000400481000000000000400000400485D
:1017E000200000000000040000000048200000006D
:1017F000000002000004004808000000000004008F
:1018000000000048008000000000020000000048C6
:101810000800000000000200000000480400000072
:10182000000002000000000000A24A0400010000C5
:1018300001000000631C0108A51E01080201000050
:10184000501C0108B51E0108030200004D1C0108D0
:10185000C51E010804030000481C0108CD1E010834
:1018600005040000431C0108D01E01080605000005
:101870003A1C0108D71E010807060000371C0108A2
:10188000E61E010808070000341C0108F31E0108C9
:101890000908000088190020000000000A09000063
:1018A000311C0108FB1E01080C0A00002C1C010859
:1018B000021F01080D0B0000271C0108121F010860
:1018C0000E0C0000181C0108271F01080F0D000056
:1018D00088190020000000000B0E0000141C0108F5
:1018E000321F0108100F00000F1C0108401F0108E3
:1018F00000000000010203040102030406070809B6
:10190000010002000400060008000A000C0010009C
:1019100020004000800000010000000000000000E6
:10192000616200085D620008656200080A0000004C
:101930000500000000000000050000000004080190
:10194000F16400085164000885640008C16400085F
:10195000F18C0008AB640008F58C00080000000062
:101960000000004F00000007000700147F147F14E0
:10197000242A7F2A12231308646236495522500014
:1019800005030000001C2241000041221C00140835
:101990003E081408083E08080050300000080808F7
:1019A0000808006060000020100804023E5149450C
:1019B0003E00427F400042615149462141454B3142
:1019C0001814127F1027454545393C4A49493001D2
:1019D000710905033649494936064949291E003629
:1019E000360000005636000008142241001414147A
:1019F00014140041221408020151090632497941A8
:101A00003E7E1111117E7F494949363E41414122B6
:101A10007F4141221C7F494949417F090909013E13
:101A20004149497A7F0808087F00417F41002040F2
:101A3000413F017F081422417F404040407F020C1B
:101A4000027F7F0408107F3E4141413E7F09090922
:101A5000063E4151215E7F091929464649494931CF
:101A600001017F01013F4040403F1F2040201F3FB8
:101A70004038403F63140814630708700807615139
:101A8000494543007F4141000204081020004141C4
:101A90007F00040201020440404040400102040073
:101AA0000020545454787F484444383844444420F7
:101AB000384444487F3854545418087E09010206BB
:101AC0004949493F7F0804047800447D4000204094
:101AD000443D007F1028440000417F40007C0418F2
:101AE000047C7C0804047838444444387C1414147E
:101AF00008081414187C7C08040408485454542022
:101B0000043F4440203C4040207C1C2040201C3CA2
:101B10004030403C44281028440C5050503C446411
:101B2000544C44000836410000007F00000041365C
:101B3000080002010204023E555541220000000047
:101B40000000007900001824742E24487E49424089
:101B50005D2222225D15167C161500007700000A12
:101B6000555555280001000100000A0D0A0408140B
:101B70002A1422040404041C0008080800010101BE
:101B80000101000205020044445F444400000402D5
:101B9000017E2020103E060F7F007F0018180000F5
:101BA0000040502000000A0D0A0022142A140817D1
:101BB00008342A7D1708046A5930484540204200FD
:101BC0004200427E420042007E7E0042007E7E7ED7
:101BD00042007E7E7E7E007E7E7E7E7E5A000000FB
:101BE0005A5A4040405A7A6060607A7A7070707ACF
:101BF0007A7878787A7A7C7C7C7A7A7E7E7E7A00B3
:101C000000000000000000010203040607080900AC
:101C1000F50A05FF00640AFF0405040508050F0521
:101C2000080504050405FF140F2305FF0505050538
:101C3000FF0A0AFF1932FF3202FF05050F050505ED
:101C40000F1EFF1E050505FF0F050F05FF3232FFB2
:101C50000A0A0A0A0A28280A280A28280A0A0A0A4E
:101C60000A46FF140A140A140AFF444556207C0051
:101C7000202020207C00525820207C007C204152D3
:101C80004D007C2020202000204143432043414C34
:101C90002000204D41472043414C2000204C4F570D
:101CA000204241542000205258204C4F53532000D2
:101CB000202043524153482020004E4F542052458B
:101CC0004144590020205245414459202000494EAA
:101CD00020464C4947485400202020202020202026
:101CE00020007C2025642E2564002530326C752070
:101CF0003A002530326C750050203A2025642020AF
:101D0000200052203A2025642020200059203A202B
:101D100025642020200070203A2025642020200007
:101D200054203A202564202020004145545231326D
:101D30003334004D41474953205632005052494DEB
:101D4000555320583220763100323032352D313023
:101D50002D31330031303A30323A343900302E30C0
:101D60002E30000C010200050403005052494D556D
:101D7000535F58325F7631004D4147495356320028
:101D8000257320666F722025730042792044524FDC
:101D90004E41204156494154494F4E00302E323475
:101DA0002E3000322E322E300046573A2573207CDA
:101DB000204150493A2573004275696C64203A20ED
:101DC00025730041524D3B00414E474C453B004876
:101DD0004F52495A4F4E3B004241524F3B004D41FA
:101DE000473B0048454144465245453B0048454134
:101DF0004441444A3B0043414D535441423B00431C
:101E0000414D545249473B0047505320484F4D45A0
:101E10003B0047505320484F4C443B0050415353E4
:101E2000544852553B004245455045523B004C45B5
:101E3000444D41583B004C45444C4F573B004C4CA3
:101E400049474854533B0043414C49423B00474FAC
:101E50005645524E4F523B004F53442053573B0080
:101E600054454C454D455452593B004754554E45F9
:101E70003B00534F4E41523B00534552564F313B6E
:101E800000534552564F323B00534552564F333B59
:101E900000424C41434B424F583B004641494C5352
:101EA0004146453B004759524F5F43414C494252DE
:101EB000415445440052585F4C4F53545F4C414E7F
:101EC00044494E470052585F4C4F535400444953C5
:101ED00041524D494E470041524D494E475F475090
:101EE000535F464958004241545F435249545F4C46
:101EF0004F57004241545F4C4F570052585F534573
:101F000054004143435F43414C4942524154494F7D
:101F10004E004143435F43414C4942524154494F73
:101F20004E5F4641494C0052454144595F42454548
:101F3000500044495341524D5F5245504541540071
:101F400041524D4544000000000000000000004BDD
:101F5000000000CB00000080DB0F4940DB0F49C0D0
:101F6000DB0F49BFE4CB1640E4CB16C0000FC93FDE
:101F7000000F494000CB9640000FC9400053FB4082
:101F800000CB164100ED2F41000F49410031624165
:101F900000537B41003A8A4100CB9641005CA3414B
:101FA00000EDAF41007EBC41000FC94100A0D5410A
:101FB0000031E24100C2EE410053FB4100F2034216
:101FC000003A0A420083104200CB164200141D4220
:101FD000005C234200A5294200ED2F420036364224
:101FE000007E3C4200C74242000F4942A20000006E
:101FF000F9000000830000006E0000004E000000A9
:10200000440000001500000029000000FC00000052
:102010002700000057000000D1000000F50000007C
:1020200034000000DD000000C0000000DB00000004
:102030006200000095000000990000003C000000D4
:10204000430000009000000041000000FE0000007E
:102050005100000063000000AB000000DE00000043
:10206000BB000000C500000061000000B7000000D8
:10207000240000006E0000003A0000004200000052
:102080004D000000D2000000E0000000060000004B
:10209000490000002E000000EA00000009000000D6
:1020A000D1000000920000001C000000FE000000B3
:1020B0001D000000EB0000001C000000B10000004B
:1020C00029000000A70000003E000000E80000001A
:1020D0008200000035000000F50000002E00000026
:1020E000BB0000004400000084000000E900000084
:1020F0009C0000007000000026000000B4000000FA
:102100005F0000007E000000410000003900000078
:1021100091000000D600000039000000830000009C
:102120005300000039000000F40000009C00000093
:10213000840000005F0000008B000000BD00000074
:10214000F9000000280000003B0000001F00000014
:10215000F800000097000000FF000000DE00000013
:1021600005000000980000000F000000EF000000D4
:102170002F000000110000008B0000005A0000003A
:102180000A0000006D0000001F0000006D0000004C
:10219000360000007E000000CF0000002700000095
:1021A000CB00000009000000B70000004F00000055
:1021B000460000003F000000660000009E00000096
:1021C0005F000000EA0000002D0000007500000024
:1021D00027000000BA000000C7000000EB0000006C
:1021E000E5000000F10000007B0000003D00000061
:1021F0000700000039000000F70000008A0000001E
:102200005200000092000000EA0000006B00000095
:10221000FB0000005F000000B10000001F00000094
:102220008D0000005D000000080000005600000066
:10223000030000003000000046000000FC00000029
:102240007B0000006B000000AB000000F00000000D
:10225000CF000000BC000000200000009A00000039
:10226000F4000000360000001D000000A90000007E
:10227000E300000091000000610000005E0000002B
:10228000E60000001B0000000800000065000000E0
:1022900099000000850000005F00000014000000AD
:1022A000A000000068000000400000008D00000059
:1022B000FF000000D8000000800000004D0000007A
:1022C000730000002700000031000000060000003D
:1022D000060000001500000056000000CA000000C3
:1022E00073000000A8000000C900000060000000AA
:1022F000E20000007B000000C00000008C00000035
:102300006B0000006937AC3168212233B40F1433FD
:102310006821A2333863ED3EDA0F493F5E987B3F78
:10232000DA0FC93F0000C93F0000F0390000DA377A
:102330000000A2330000842E0000502B0000C227B2
:102340000000D0220000C41F0000C61B000044177C
:0C2350000400000007000000090000006D
:10235C00C9280181B0B0AF8100000000C9300181F3
:10236C00B0B0AF8000000000C90A0181B0B0AF87E7
:10237C000000000008B10181B0B000840000000032
:10238C0034DEFE7F01000000F8F1FE7FC4FFFF7F0A
:10239C00FC0EFF7F01000000080FFF7FB0AF0A802A
:1023AC00741EFF7F010000008C24FF7FB0FFFF7FB5
:1023BC00A43CFF7F01000000D03EFF7FB0A902804B
:1023CC00303FFF7F01000000C241FF7FB0B0AC8006
:1023DC003843FF7F010000009462FF7FB0B0A880FB
:1023EC00B062FF7FA908B180E462FF7FB0B0A88023
:1023FC000063FF7F01000000148CFF7FAF08B180E9
:10240C00B48CFF7F01000000C48DFF7FB0B0AA80A8
:10241C00E68EFF7F010000008C8FFF7FB0B0A8809C
:10242C00E48FFF7F0100000084A5FF7F3CFFFF7F4E
:10243C0098C4FF7F0100000058E2FF7FB0A9028022
:10244C00E8E2FF7FB0B0A88038E3FF7F0100000016
:10245C0040E3FF7FB0B0AA8074E3FF7FAF76B28019
:10246C0048E4FF7FAB3F3A80ACE4FF7F0100000003
:10247C00B4E4FF7FB0B0AA80F0E4FF7FF8FEFF7FEA
:10248C0004E5FF7F0100000098E5FF7FAC0FB280F0
:10249C0020E6FF7FB0AF0880C0E8FF7F010000009E
:1024AC00D0E8FF7FAC3F0380B4EBFF7F010000005E
:1024BC00E4EBFF7FB0AD0480DCEEFF7F0100000099
:0424CC00D5E8000847
:1024D000F401000064000000010101000000004060
:1024E0000201780014050000A086010001005300DD
:1024F0000100FFFF010000010000000000010000DA
:102500000000000000000000D1600008010101018E
:10251000FFFF01000000803F0000000000000000FD
:10252000000000000000803F0000000000000000EC
:10253000000000000000803FCDCC4C3ECDCC4C3E96
:10254000BD6F000801FF0001800101FF01010000D3
:1025500001FF01014F0201FF0E010003010184018F
:10256000020A0103030104080105C801060301076B
:102570008D0108080109C6010A01010B02010C00C6
:10258000010DD5010E18010F120110010111820178
:1025900012000113D50114180115130116030117B8
:1025A0008601180A011909011A08011BC2011C033E
:1025B000011D8F011E0A011F0601200101210201D8
:1025C00022000123D501241801252201260101271B
:1025D000820128000129D5012A18012B0B012C2882
:1025E000012D78012E28012F9101300001310B01BE
:1025F000320001330B0134000135A10136000137EF
:10260000A0013800013904013A28013B30013C0C9B
:10261000013D04013E0F013F7901402801411E01A7
:10262000422F01438701440001450B014600014749
:102630000B0148000149A7014A00014BA6014C00CB
:10264000014D04014E01014F000150000151800174
:10265000520901530801540101550001560F015759
:1026600079015809015905015A00015B60015C05B7
:10267000015DD1015E0C015F3C0160000161D00190
:10268000620B01630301642801651001662A01677A
:102690003901680B016902016A28016B10016C2A7B
:1026A000016D61016E0C016F0001700F0171790104
:1026B000720001730B01740001750B017600017744
:1026C000A10178000179A0017A00017B0401FF04D7
:1026D00001791D017B2701960E0197FE01980301E8
:1026E00099EF019A02019B4401730701700101FFF8
:1026F0000101000101FF0000000001FF01010000D5
:1027000001FF000109000110000111000124010175
:1027100025FF01750001FF01014E2C014800013029
:102720002001FF000130090154000131040132038E
:102730000140830146250160000127000150060188
:1027400051000152960156080157300161000162A3
:10275000000164000165000166A001FF0101223251
:102760000147140149FF014A0001FF00017A0A01F3
:102770007B0001782101FF01012334014200014463
:10278000FF014526014605014040010E0601201AC1
:1027900001434001FF0001340301354401FF010101
:1027A0003104014B09014C05014D0401FF000144B6
:1027B0000001452001470801482801670001700415
:1027C0000171010172FE01760001770001FF010134
:1027D0000D0101FF000180010101F801FF01018EDF
:1027E0000101000101FF0001800000000000000065
:1027F000280300200000000000000000201F00202F
:10280000881F0020F01F00200000000000000000D2
:1028100000000000000000000000000000000000B8
:1028200000000000000000000000000000000000A8
:102830000000000000000000000000000000000098
:102840000000000000000000000000000000000088
:102850000000000000000000000000000000000078
:102860000000000000000000000000000000000068
:102870000000000000000000000000000000000058
:102880000000000000000000000000000000000048
:1028900001000000000000000E33CDAB34126DE6E5
:1028A000ECDE05000B00000000000000000000004E
:1028B0000000000000000000000000000000000018
:1028C0000000000000000000000000000000000008
:1028D00000000000000000000000000000000000F8
:1028E00000000000000000000000000000000000E8
:1028F00000000000000000000000000000000000D8
:1029000000000000000000000000000000000000C7
:1029100000000000000000000000000000000000B7
:1029200000000000000000000000000000000000A7
:0829300000000000000000009F
:0400000508000000EF
:00000001FF
