:020000040800F2
:1000000000A000201DEA000885EA000885EA000833
:1000100085EA000885EA000885EA0008000000007B
:1000200000000000000000000000000085EA000859
:1000300085EA00080000000085EA0008B381000896
:1000400085EA000885EA000885EA000885EA0008D4
:1000500085EA000885EA000885EA000885EA0008C4
:1000600085EA0008AD81000885EA000885EA0008F5
:1000700085EA000885EA00086DB0000885EA0008F6
:1000800085EA000885EA000885EA000885EA000894
:1000900085EA000885EA000885EA000885EA000884
:1000A000CDB2000885B20008DDB2000875B20008C4
:1000B00089B2000899B20008A9B2000885EA0008D0
:1000C00085EA000885EA000885EA000885EA000854
:1000D00085EA0008ADB00008B9B0000885EA00085C
:1000E000A781000885EA000885EA000885EA00087B
:1000F000C9B2000885EA0008B9B2000885EA00081C
:1001000000000000000000000000000085EA000878
:1001100085EA000885EA000885EA000885EA000803
:1001200085EA000885EA000885EA000885EA0008F3
:1001300085EA000885EA00080000000000000000D1
:1001400085EA000885EA000885EA0008000000004A
:10015000000000000000000000000000000000009F
:10016000000000000000000085EA000885EA0008A1
:1001700085EA000800000000000000000000000008
:080180000000000085EA000800
:1001C00010B50F4B1A786A2A17D15A88B2F5AA6F60
:1001D00013D11A79BE2A10D193F84E25EF2A0CD1EB
:1001E000084C002213F8011BA342104682EA0102C8
:1001F000F8D1431A5842584110BD0020FCE700BF17
:1002000000F0030850F50308024A93680343936023
:10021000704700BF60040020024A936823EA00038D
:100220009360704760040020044A0123B2F850151F
:1002300083400B43A2F85035704700BF6004002094
:10024000044A01238340B2F8500520EA0300A2F8D3
:10025000500570476004002010B50C4CB4F85205EE
:10026000B4F85435184380B260B9FFF7E9FFB4F829
:10027000500510F0010004D1D4F85805003818BF1B
:10028000012010BD0020FFF7CFFFF0E76004002041
:10029000704B71481A68596870B5D0F85C45A21A5D
:1002A0008A4215DB1A7A9AB190F86025B0F8506549
:1002B0000132D2B280F86025002101252E4208D1FA
:1002C00001316D000929ADB2F8D15A6822441A6093
:1002D00070BD89B20139072905D8DFE801F01BACF0
:1002E00090819D452E7064225A605D7A5B4A4FF47E
:1002F00080404FF4005190612DB111854FF40041C1
:100300001185002204E091614FF4004191610122C6
:100310005A72DAE75D7A64225A604FF480404F4A9D
:100320004FF4004125B1108591614FF40051E7E78A
:10033000906191614FF40051E8E790F861154748EA
:1003400021B364225A604FF4804282614FF400521C
:1003500082614FF400420285B7E74FF48042018585
:1003600002854FF40052F6E790F861153B4869B1F9
:1003700064225A60828A92B282F4005282824FF4DE
:10038000804282614FF4004282619EE702F00302E4
:100390007821022A59604FF40041DED0032A0AD0A6
:1003A000012A01854FF4804201D0826100E002857C
:1003B0004FF40052E8E781614FF48042F5E790F88E
:1003C0006125002A81D064225A60244A4FF480417A
:1003D00011854FF4004191614FF40051916174E730
:1003E0001E4964225A604FF480428A614FF40042F1
:1003F0008A618A8A92B282F400528A8265E7642214
:100400005A60164A4FF4804191614FF40041916166
:100410004FF40051118558E7104964225A604FF497
:1004200000528A618A8A92B282F480428A824FF4B0
:1004300000428A6149E7642112F0010F5960074ABE
:100440004FF480414FF4004001D11085C3E7906123
:10045000DDE700BF00000020600400200008004825
:10046000FDEEC07A17EE903A2033402B43D8DFEDF3
:10047000237A9FED237AB4EEE70AF1EE10FA28DC36
:10048000DFED207A9FED1E7AB4EEE70AF1EE10FA66
:1004900022D4DFED1D7AB4EEE70AF1EE10FA1EDD8C
:1004A00030EE670A37EEC00A60EE007ADFED176AB9
:1004B0009FED177AA7EEA67ADFED166AE7EE876A58
:1004C0009FED157AA7EEA67A20EE276AA6EE070A18
:1004D000704730EE470ACEE730EE070AD4E79FEDCB
:1004E0000F7AB4EEC70AF1EE10FA44BF30EE270AD5
:1004F00037EE400AD8E79FED0A0A7047DB0F494004
:10050000DB0FC940DB0F49C0DB0FC93F9A7C2E3699
:10051000FAAF4FB93587083CA4AA2ABEDB0FC9BF82
:100520000000000003685A1C02601970704730B563
:10053000474BD3F86425B3F96E159578D278B3F9A3
:100540008C05002A41D00A1A82EAE274A4EBE27414
:10055000AC4223DD012012F5997F83F88E051ADD68
:10056000062092FBF0F2502AA8BF5022B3F8900563
:10057000024412B2A3F8AA25A3F8902593F8B02557
:10058000002A61D040F2DC5291425DDC4FF47A7275
:10059000A3F8AA2530BD6FF03102E7E793F88E2566
:1005A00032B1D3F89825C3F89425002283F88E251C
:1005B000D3F89C25D3F8A045104422889042D8DB7C
:1005C00062888242A8BF0246D3E740F2DC529142E1
:1005D000204C23DDA1F2DC52954228DAA1F2DC5254
:1005E000002ABCBF6FF4BB628A189210782AA8BF99
:1005F0007822C3F8AC250122A27283F88E25D3F8A5
:100600009C25D3F8A04510442288904203DB6288E1
:100610008242A8BF0246A3F8AA25AFE7521A954224
:1006200005DAB1F5896FD9DC6FF06302E1E70022EA
:10063000A27293F88E45C3F8AC25002CDFD0D3F816
:100640009845C3F89445D8E7002283F8B025A1E780
:100650006004002000000020134BD3ED037A134BFD
:10066000F5EE407AF1EE10FA4FF0000203F10401CA
:1006700003F1080003D11A600A6002607047F0EECF
:10068000086A86EEA77A80ED007A27EEA77A67EEF1
:10069000877A86EE876AF7EE006A86EEA77A81EDA2
:1006A000006A83ED007A704700000020140A0020E1
:1006B000034BB3F8C0351D2B01D80420B4E57047B7
:1006C00060040020054B0022C3F8C425C3F8C825E8
:1006D00003F2CC5300221A605A6070476004002075
:1006E000074B0022C3F8D425C3F8D825C3F8DC256E
:1006F00003F5BC6300221A605A609A60704700BF1D
:1007000060040020002007F04BBD10B5164C94F893
:10071000EC355A0706D523F00503042084F8EC35A0
:1007200007F01EFF94F8ED25104B0AB100221A7451
:1007300001225A74782200215A82042040F2145275
:100740009A8284F8EE1584F8EF1584F8F015C4F851
:10075000F415FFF775FD0520FFF772FD84F8F81515
:1007600084F8B01510BD00BF600400200000002018
:10077000224B93F8EC2512F0010F02F0040103D193
:10078000D3F8FC05012833DC93F8000680B393F816
:10079000010668BB39B11A4A1346516843F8081B71
:1007A000D2681A607047D3F81416480124D4910710
:1007B0001FD442F0040283F8EC2593F8EE2522B909
:1007C000012283F8EE25D3F85C250E4AB3F81816FB
:1007D000D182D3F85C25D3F85C1593F88E214FF4C1
:1007E0007A7012FB00120520C3F81C2607F0B8BE71
:1007F00011B9012007F0DABE704700BF6004002085
:10080000640A00200000002070B5104CD4F8205677
:10081000284607F011FF287A04F2246400226FF0C2
:100820001806192112FB0263434303F6C413534312
:100830000132072A93FBF1F324F8023BF2D1284658
:100840000349BDE8704007F013BF00BF60040020FB
:10085000300500202DE9F047CE4C94F83236B4F83C
:10086000342604EB43038AB0B3F968359342C0F2EF
:10087000E481B4F83626934200F3DF8194F83856C9
:100880000DB994F8395694F83C3684F83A5684F801
:100890003B56002B00F00D81D4F84076D4F8443656
:1008A000FB1AC72B40F2058194F84886B8F1000F77
:1008B00040F0F5804146404608F0C2FBB64BB748D1
:1008C000002D08BF18460BF0CFFED4F84C6694F804
:1008D0003896022E40F0D881B4F85035DA0740F14E
:1008E000AE81AF4BC4F85036D4F85086B8F1000F43
:1008F00006D00620002108F0A3FB40460BF0B4FE12
:10090000002110200136C4F84C6608F099FBB4F8B9
:10091000C035A4480A21B3FBF1F201FB12339BB2AC
:10092000A1490AF0AFFF9F480BF09EFE072100206F
:1009300008F086FBB9F1000F40F0AF8194F839263A
:100940009A48954B002A08BF18460BF08DFED4F844
:100950001466D4F85C3594F8682616F0010600F0A9
:100960009E81002A40F0A081C4F86C26B4F850257E
:10097000D20504D5012284F86826C4F87036072110
:100980000846D4F86C364FF47A724FF03C0AB3FB49
:10099000F2F808F055FBB8FBFAF9854981484A4658
:1009A0000AF070FF7F480BF05FFE07210C2008F073
:1009B00047FB80497B480AFB19820AF063FF7948AC
:1009C0000BF052FE1020072108F03AFB7A487B4BCF
:1009D000002E08BF18460BF047FE002D5FD1022104
:1009E000012008F02DFB0A267549B4F976266D48DA
:1009F00092FBF6F20AF046FF6A480BF035FE03213F
:100A0000012008F01DFB6F49B4F97426654892FB7C
:100A1000F6F20AF037FF63480BF026FE04210120AE
:100A200008F00EFBB4F9182667495E480AF02AFF61
:100A30005C480BF019FE02210B2008F001FBB4F911
:100A40006A25624957480AF01DFF56480BF00CFE14
:100A500003210B2008F0F4FAB4F9682559495148EC
:100A60000AF010FF4F480BF0FFFD04210B2008F0A7
:100A7000E7FAB4F96C2554494A480AF003FF49489B
:100A80000BF0F2FD05210B2008F0DAFAB4F96E251F
:100A90004F4944480AF0F6FE42480BF0E5FD94F851
:100AA0007A36AB4201D00BF0C8FD84F87A56C4F810
:100AB0004476002D00F0758107F082FBD4F87C3677
:100AC000C31A002BC0F2F680424DAB690344C4F850
:100AD0007C362B7F9BB1404B00264FF400522E7288
:100AE0009A614FF400429A6101214FF480429A6169
:100AF00008460AF043FA01232E7784F88036374AF5
:100B000094F8881632F811309BB2822B09D994F8E8
:100B1000ED35012B05D0012384F8ED352B74962398
:100B20006B8232F811500026242084F8916607F079
:100B30000DFE442007F00AFEADB28DF8246009AF27
:100B40000A2295FBF2F602FB1655EBB2092B94BF75
:100B500030333733DBB207F8013D3546002EF0D194
:100B600038460BF06DFE851DEDB2284607F0EEFD10
:100B700094F891361A485D4084F8915608F046F989
:100B8000092007F0E3FD94F89136384683F0090315
:100B900028E000BF60040020A41D01089E1D01087C
:100BA000BC1D0108B40A0020161E0108AA1D010878
:100BB0001E1E0108261E0108B01D0108B61D0108F1
:100BC0002C1E0108361E0108401E01084A1E01089D
:100BD000541E01080000002000080048E20A00201E
:100BE0005E1E010884F8913608F010F994F8910619
:100BF00007F0ACFD242084F8916607F0A7FD44209F
:100C000007F0A4FD012007F0A1FD94F89136754886
:100C100083F0010384F8913608F0F8F894F891060F
:100C200007F094FD012102200AF0A8F901213046C5
:100C30000AB0BDE8F0470AF0A1B9002523E69807FD
:100C400001D5694B4EE6D90601D41A0701D5674B89
:100C500048E6980605D4B9F1000F04D194F8392676
:100C60000AB9634B3EE6590701D5624B3AE65A068C
:100C700001D5614B36E6180601D5604B32E6D90541
:100C80007FF532AE5E4B2DE6052E01BF5D4BC4F8FD
:100C90005036C4F84C86464626E65B4855E6002AA0
:100CA0003FF46DAE84F86866D4F870269B1AC4F8D9
:100CB0006C3664E6554A0023A2F1EE01901D1578CA
:100CC00015B3032B06D050F8235021F813500133ED
:100CD0000132F4E7D4F8A436A4F86E3594F8A836B7
:100CE00013B10023A4F8AA36494E0023012516F8B3
:100CF000012B002A51D0DBB2013B042B08D8DFE8DE
:100D000003F0111B293741000133042BE0D1E5E743
:100D100001200BF0D3FC002384F8AD3684F8AC56E8
:100D20000123E4E701200BF0BBFC002384F8AC3680
:100D300084F8AD560223DAE704200BF0BFFC402014
:100D40000BF0AEFC012384F8AE36002384F8AF36F6
:100D50000323CCE740200BF0B1FC04200BF0A0FCF7
:100D6000012384F8AF36002384F8AE360423BEE7AF
:100D700008200BF0A3FC002384F8B13684F8B056A9
:100D80000523B4E708200BF08BFC002384F8B15650
:100D900084F8B0360AB0BDE8F0870133062BA6D13F
:100DA000F8E794F88036002BF4D001212846C4F8E7
:100DB000985684F89256C4F89C5684F89356C4F812
:100DC000A05684F89456C4F8A45684F8955684F82E
:100DD000A8560AF0D3F80F4B84F8805601221A72F5
:100DE0001A77D7E7641E0108C61D0108D01D010847
:100DF000DA1D0108E41D0108EE1D0108F81D0108B7
:100E0000021E01080C1E0108AA1D0108F20A00209A
:100E10000C0B0020000000202DE9F84F4FF4AA62CF
:100E20002DED028B0021C8489FEDC88A0FF03CFAD7
:100E3000C54A02F5E4730021C2F8B43602F22A561C
:100E40006A2303244FF4006015461370547182F82E
:100E5000B816C2F82066FFF7D7F98020FFF7D4F95B
:100E60000220FFF7D1F94FF40060FFF7CDF94FF4FE
:100E70008070FFF7C9F9C823A5F8FA30B44BDFF842
:100E80003CC3DFF83CE385F832414FF48037C5E9D5
:100E90003B73B04BC5F8F4304FF47A73A5F8343196
:100EA00042F22013C5E94AC34FF0A063C5F8C4312C
:100EB000A94B85F828154FF07E58C5E951E340F657
:100EC0004303A5F84C312A46A5F8E41085F8E6104E
:100ED000C5F8FC10A5F80011C5F8E81085F8F81061
:100EE000C5F81081C5F81481C5F8188185ED478AC9
:100EF00085ED488A85ED498AA5F83011A5F8B81125
:100F000085ED6F8A85ED708AA5F83E112B462C463B
:100F10000329CCBF0122002201F1010183F84E21F7
:100F200014BF1E220522122983F84F2103F1020368
:100F3000EED18A4BC4F84031834B00224FF47A70D3
:100F40004FF4FA610132042AA3F87201A3F8741174
:100F500003F10403F6D1824A824B8349C4E9632337
:100F6000824BC4F8D030A3F1FA73643BC4F8D43098
:100F700003F5602303F5CB73C4F8D8307C4B00270E
:100F80004FF00109C4E9371384F8827184F8949111
:100F90000AF046FD40F6AC53A381764BC4F8C83145
:100FA00003F10343A3F51D23A3F29D73C4F8CC31D1
:100FB0007148724B724AC4F8F821C4E97403714B4A
:100FC000C4F8D8312D2384F8DD3141F61E63A4F82E
:100FD000DE316D4BC4F8E031C4F8FC2145F2053335
:100FE0006A4AA4F8E431C4F8142264234B2284F83A
:100FF000E63184F8182240F201534FF4FA72A4F853
:10100000E831A4F81A22624BC4F8043240F2DC52F0
:10101000C4F80832A4F834255E4BC4F8F43144F225
:101020005A125D4BA4F82A254FF07F513222A77344
:10103000C4F81032C4F81C72C4F82C25A4F830751A
:1010400084F83275C4F8EC11C4F8F011C4F80082C9
:1010500084ED838AA4F82272C4F82C3242F6280365
:10106000A4F83032152384F834324C4BC4F824727F
:10107000C4F838324A4F4B4B84F84492DFF8389129
:10108000C4F83C3240F60822474BA4F82822C4F8A2
:101090004032BA4609F1080BB84617F8011B00297F
:1010A00043D14FF42053A4F8DE324FF44873A4F830
:1010B000E2323E4BC4F88431C823A4F88A3184F864
:1010C000DD1284F8E01284F8E41284F888110C230D
:1010D000013B05F1100585ED008AF9D134494FF443
:1010E000907288180BF0F6FA31494FF4907201F5BE
:1010F00010700BF0EFFAD4F82A35C4F836352D4AC3
:1011000073685360B368D4F82A159360C4F8421525
:101110005361012384F8403371681161022384F81C
:101120006034BDEC028BBDE8F88F23480FF00AF95C
:101130000028B1D058453FBFA0EB09000019A8EB2B
:101140000A0880F83681A7E760040020000000004C
:101150002A005802FA0020006C077503001E0001E7
:10116000000105960101C800B40532004C04D00707
:1011700050463200012828962828783C0A0A460062
:10118000CDCCCC3E0002210A1E321E0000004040A1
:101190008FC2F53C000020400000A0409A99193F02
:1011A000661E0108F6287C3F1F856B3F0AC81405A0
:1011B000280600209609002070150108190A0A2A3D
:1011C000DC054C042DE9F843FEF7FAFF10B90320C3
:1011D00007F057F9C14C07F021FB4FF4AA62C04950
:1011E00020460BF077FA94F82865022E88BF002677
:1011F0004FF4907506FB05F504EB050288BF84F8F3
:10120000286592F82032022B84BF002382F8203216
:101210000C2284F8B83605F5E47702FB034303F2A9
:101220002A5308202744C4F82036C4F8B476FEF7C1
:10123000F3FF4FF40050FEF7EFFF0120FEF7ECFF45
:101240004FF48040FEF7E8FFFEF7DEFF4FF49073A7
:1012500003FB0643002283F8452241F20302A3F870
:101260004622A04AC3F8482202F18052A2F57E42EB
:10127000C3F84C229C4A4FF4866CC3E994C22022E6
:1012800083F85822052384F8323640F2AA53A4F892
:10129000343640F20E63A4F83636944B01225A7766
:1012A000A36846F209021A4203D14FF40050FEF738
:1012B000ABFFA368D80703D54FF40050FEF7ACFF8F
:1012C000A368590409D50820FEF7A6FF4FF4005083
:1012D000FEF7A2FF0120FEF79FFFA3681A0706D5BD
:1012E0004FF40050FEF798FF0120FEF795FFA3682A
:1012F0009B0402D54020FEF78FFF012384F8B9310B
:1013000094F88C312BB194F8903113B1002384F808
:101310009031DFF8F081C4F8BC86002002464FF01F
:10132000FF0E04EBC003B3F89A114B0803F07733B8
:101330004FEA910909F03339CB1AA3EB09034FEABD
:10134000D10909F01139A3EB090303EB231303F0CF
:101350000F33B3FBFEF9C9EB092901F0010CA3EB34
:1013600009036244012BD2B207DD022B0BD1BCF181
:10137000000F08D011F0BC0F05D001300428D0D1E7
:10138000013A012A01D90AF04BFBFFF73DFA30225E
:1013900000215748DFF870910EF086FF05F24520D6
:1013A000394620440AF06AFB4FF4907303FB06466B
:1013B000C4F8F09696F8C80105F0C8FA09F18E0352
:1013C000C4F8F43694F88431DFED4A6AC4F83887FB
:1013D0006421C82213FB0123B4F8F210C4F8FC36D0
:1013E0000023C4F80037C4F80437C4F80837C4F839
:1013F0000C37C4F81037C4F81437A4F81837C4F8F9
:101400001C37C4F8203707EE901A09F10603C4F818
:101410002837A9F11E03B4F8F410C4F82C37F8EEFD
:10142000677A09F19A03C4F8343709F24663C3EDC9
:10143000017A07EE901AB6F82812A4F83C1796F82D
:10144000441284F83E1794F88F1184F84817B6F8C0
:10145000E212C4F84C3707EE101AF8EE677AB8EECD
:10146000C77AC3ED027AC6EE877A05F50C7323447A
:10147000C4F8503705F2DD2509F25E63A9F12602B2
:101480002544C4F83027C4F858774FF07E519FEDBB
:101490001A7A67EE877AC3ED007A09F26663C4F8B8
:1014A0006455C4F8A025154A1A604FF07C5209F221
:1014B0007A695A6000229A60D9601A61104BC9F8A3
:1014C0000030C9F80410C9F80820C9F80C10C9F890
:1014D0001020BDE8F84307F0B9B900BF6004002050
:1014E00000F0030830010300100500100000002088
:1014F000200B0020000061444C3D0F440AD7233CE0
:10150000CDCCCC3D96050020560500202DE9F74FA7
:1015100007F084F9434B6A221A704FF4AA625A808A
:10152000BE221A71EF22A3F84E2540F2515100223B
:101530001846013955D13C4B80F84F251A691206DF
:1015400004D53A4A5A6002F188325A60364C384E15
:1015500003254FF03409C4F80C900AF04FFA042820
:10156000DFF8C08038D1236943F002032361314B97
:101570006361236943F0400323610AF03FFA236962
:10158000042823F00203236126D14FF0000BDA4632
:1015900058F8047BCDF804A00AF030FA04281BD1D7
:1015A000236943F0010323610BF1006303F57C33EE
:1015B000BAB21A800AF022FA042816D10BEB0603FD
:1015C0000193019B3F0C1F800AF018FA236904283D
:1015D00023F0010323610DD0013D15F0FF05BAD1C1
:1015E0000DE013F8014B6240A3E7236923F00103E8
:1015F0002361F1E70BF1040BBBF5AA6FC8D10A4ACE
:101600001369042843F08003136102D1FEF7D8FD6B
:1016100010B9042006F035FF03B0BDE8F04F07F025
:1016200015B900BF60040020002002402301674577
:1016300002F0030800F003082DE9F04FD54ED6F86C
:101640002086B6F96EE5B8F80A202DED048B964594
:10165000A9B0C0F2B581BEF5FA6F98F80740BDBFDA
:10166000AEEB020313FB04F3C2F5FA62C4F16403A8
:10167000BCBF93FBF2F3C3F164030193B6F84431AA
:101680000393C54BD6F8B4B6069303F50D7203F178
:101690003C070592A3F5AD6503F2372208F1040378
:1016A000DA460492002064210793069B33F9022B4B
:1016B000029206931346039A9B1A03F2F31240F226
:1016C000E634A24200F27E81002BB8BF5B420228C2
:1016D00000F07B819BF815211AB19A42B4BF9B1A86
:1016E0000023B3FBF1FC05EB4C024FF69C74B2F9FE
:1016F000A297B2F9A4271CFB043CA2EB09020CFB45
:1017000002F292FBF1F24A443A80079A125C12FB11
:1017100003F3A24A93FBF2F3019A64339BB253435F
:1017200093FBF1F31AF8012F059C5A4392FBF1F257
:1017300004F8012B9AF8162005945A43049B92FB57
:10174000F1F203F8012B022804931EBF944B019A77
:10175000C254DDE9023208BF85F8B2179342B8BF20
:101760003B8800F10100BCBF5B423B80032807F1CE
:1017700002079AD1DFF83492D5F81486B9F91E30F1
:10178000581C0DD018F0080F0AD0D5F89825323B18
:10179000934205DC40F2DC539E45C8BFA5F86E3588
:1017A00095F8EF351BB1B9F81430A5F86E35B5F9D9
:1017B0006E35B5F846219342C0F23281B3F5FA6F27
:1017C000A8BF4FF4FA639B1A4FF47A714B43C2F5EA
:1017D000FA626424B3FBF2F393FBF4F105EB4102EC
:1017E0006FF06307B2F9B407B2F9B62707FB01330C
:1017F000121A534393FBF4F30344A5F8AA35B5F842
:10180000CC37590639D5B5F81836B9F81620DFEDBA
:10181000657A9FED650A9B1A1BB205EE903AF8EEC9
:10182000E55A65EEA75A35EE800AFEF719FEB0EECE
:10183000405AB0EE650AFEF713FEB5F9A63506EE7E
:10184000903AB5F9A43507EE103AF8EEE66AB8EE2C
:10185000C77A67EE007A20EE660AE6EE857AA7EE92
:10186000050AFDEEE77ABDEEC00A10EE103AA5F8C3
:10187000A43517EE903AA5F8A635D5F8D0A71AF0FA
:10188000020F00F0E280D5F8D427D5F8D83745F21A
:101890000721D31A8B4240F3D8800220C5F8D827FD
:1018A00009F0D2FBC2075EBFC0F3CF041923B4FB1B
:1018B000F3F495F8DC37D5F8E02705EB430148BF92
:1018C0004FF6FF74B1F8E407A1F8E447121A144484
:1018D00001336422B3FBF2F102FB113385F8DC37EC
:1018E00095F8AC38C5F8E047632B9EBF0133DBB2F7
:1018F00085F8AC38B4FBF3F495F8AD38A7B2032BF8
:10190000A5F8C07540F08E800A2F40F29E8099F8AD
:10191000201001EB810101EB810100234FEAC11B83
:1019200001EB01114FF416721FFA8BFBC90085F809
:10193000AD38282041F26803A5F8AE28A5F8B038E4
:10194000A5F8B418A5F8B2B806F08CFD2A21B7FBAB
:10195000F1F107EB8707013107EB870789B2BF0079
:101960000829BFB228BF0821A7EB0B074FF4167256
:1019700041F268037A43A3EB0B0389F8201092FB32
:10198000F3F3A5F8B638034AB2F8B438A4B2633B0F
:10199000A3420DE060040020C80900200CFEFFFFF8
:1019A000100C002035FA8E3CDB0FC93F00000020F0
:1019B0004BDD0123082082F8AD3806F0D1FD44E06C
:1019C00064235AE64FF4FA7381E69BF816211AB1A4
:1019D0009A42B4BF9B1A0023B3FBF1FC05EB4C0207
:1019E0004FF69C74B2F92496B2F926261CFB043CEF
:1019F000A2EB09020CFB02F295F9EEC092FBF1F2A8
:101A0000CCF1000C4A4412FB0CF2A5F8A82598F87A
:101A1000062012FB03F3B54A93FBF2F3643381E62D
:101A20001346D0E60A2F00F2A980032385F8AD38CB
:101A3000002389F82030A5F8B438A5F8B238A5F805
:101A4000B038A5F8AE38A5F8B6381AF4006FA84C2F
:101A500055D0D4F8D427D4F8B83845F20721D31A92
:101A60008B424CDDD4F85C35C4F8B828D4F8BC28D7
:101A7000C4F8BC380120A3EB020B09F0E5FA00B270
:101A8000632840F3AC80642390FBF3F007EE900AE8
:101A9000F8EEE77AB2EE047AC7EE876A9FED957AA0
:101AA000C6EE877AFCEEE77A17EE903AB3F5803F00
:101AB000AABF00221A461346C4F8C0289BB2DFF81A
:101AC000409259E90272E3FB0B72924600238A4A64
:101AD000384651460AF020FFC317B0F5803F73F136
:101AE00000032ABF002303461846C4F8D038B4F8D0
:101AF000B63849E9027A1B1A9BB2C4F8D43818F4F4
:101B0000805F02D00A2006F02BFDD4F8D898B9F1F6
:101B1000000F22D0D4F85C35D4F8DC289A421CD8C7
:101B200094F8E238B4F8E078002B5AD1D9F80430B0
:101B3000012284F8E228DB5D3BB137B999F8003027
:101B4000053B934201D806F03BFBD9F80430DB5D3E
:101B5000FE2B4AD10023A4F8E03894F8EC154B078B
:101B60004FF0080051D5FEF75FFB0720FEF768FB3A
:101B70000620FEF765FB614F0023C4E0012B05D072
:101B8000022B1FD0002B3FF4FEAE5EE795F8EC353C
:101B900023F0020385F8EC35B5F8B238A4B2633B04
:101BA000A34204DD022385F8AD38072014E0B5F820
:101BB000B43864339C420EDD002385F8AD38FEF75F
:101BC00077FD42E7B5F8B238A4B264339C42ECDD4D
:101BD000012385F8AD38082006F0C2FCEFE70023AA
:101BE0006DE7002384F8E238AFE7FF2B02D106F05F
:101BF000A5FCB2E7D4F85C250A2113FB01230137C9
:101C0000C4F8DC38A4F8E078A7E7FEF719FB18F071
:101C1000010F10D194F8E3381F0702D594F800366D
:101C2000CBBB072021F0010184F8EC15FEF708FB7F
:101C30000620FEF7F9FAB4F8502594F8E438500776
:101C400034D5EBB984F82437D4F81C374BB94FF4AA
:101C50009673C4F81C37D4F85C3503F59673C4F852
:101C60002037D4F85C35D4F820279B1A002B1FDBD3
:101C7000012384F8E4380023C4F81C37C4F8203763
:101C800094F8E3381B0713D50220FEF7D9FA002396
:101C900084F8E4380CE041F00101072084F8EC15E9
:101CA000FEF7C2FA0620FEF7CBFAC4E7002BE7D115
:101CB000B4F8C035222B11D90023032084F8013653
:101CC000FEF7BEFAFEF7C8FA00283FF454AF94F8C6
:101CD000EC3523F0010384F8EC354CE701230320B5
:101CE00084F80136FEF7A0FAECE700BF0CFEFFFF18
:101CF000600400206F12033B80EE36004C0E002083
:101D0000300D0020132397F84A800193B8F1010F9A
:101D100040F0BE813B68C4F8E878C4F8EC384FF076
:101D200005094FF0000BD4F8EC0803685B6898478E
:101D3000002800F06D81D4F8EC080368DB68984750
:101D4000D4F8E8A89AF84830052B12D8DFE803F059
:101D5000030A9FA4B3BD242840F0CD8001238AF854
:101D6000483006E0A0F14D014842484140008AF861
:101D700048009AF84830062BD5D19AF849307C2B88
:101D800000F2CC80002B00F016875A1E7B2A00F24E
:101D90000D87DFE812F0160123018F019A01AF01D0
:101DA0000B070B070B070B070B070B070B070B07A3
:101DB0000B070B070B070B070B070B070B070B0793
:101DC0000B070B070B070B070B070B070B070B0783
:101DD0000B070B070B070B0755040B0799050B07A0
:101DE0009E050B07BF050B07D1050B07D7050B0792
:101DF0000B070B070B070B0726060B077C040B07CB
:101E00006D060B07AC050B071F034E040B075003B1
:101E10000B070B072D060B073F060B070B07DB060F
:101E20009206B2060B075A030B07F5050B070306CC
:101E30000B070B070B070B070B070B070B070B0712
:101E40000B070B070B070B070B070B070B070B0702
:101E50000B070B070B070B070B070B070B07F30110
:101E6000A7020B07DD02F0020B070B0707031503A0
:101E700024035F03A1030B0716055B05A5044104BA
:101E80000B07ED040B070B070B07F90600073C28AF
:101E900014BF0023032362E7402802D98AF848B020
:101EA00067E78AF805008AF804B08AF807B08AF86C
:101EB0000600042353E79AF806308AF849004340A5
:101EC0008AF806308AF8489053E79AF804309AF86E
:101ED00005109AF80620994208D942408AF806204F
:101EE0005A1C53448AF80420187242E790420CBFEF
:101EF0000623002333E794F8EC355A073FF539AF52
:101F0000D4F8F0381B7883427FF433AF8F4B904A7C
:101F1000C3F8FC2F8F4B904ADA602AE7F02B00F0D1
:101F2000B2843CD8DD2B00F02586DE2B00F026861F
:101F3000A02B00F0B684C72B40F23D86C83B2A2B6D
:101F400000F23986DFE813F0B506370603073706D7
:101F5000DD07880892081B08800837069C06AC0637
:101F6000B00637066008370637066E087B08370666
:101F70003706370637063706370637063706370679
:101F80003706370637063706370637063706370669
:101F9000370637063706E20637063706B006FE2B49
:101FA00000F06484FF2B00F06981F22BC3D9FA2B77
:101FB00040F0018694F8EC355B0740F16C8600F048
:101FC000FABD032006F027FC002006F0C5FB002028
:101FD00006F0C2FB182006F0BFFB0FE0082006F059
:101FE0001AFCDFF884914FF0000819F8010B08F192
:101FF000010806F0B1FBB8F1080FF6D1D4F8E838C3
:10200000987906F0A9FBD4F8E838002283F8482034
:1020100094F8B739002B3BD0D7F80080D8F80030BF
:1020200040465B699847002801F05681D4F8D037C4
:102030004A49D8044CBFD4F82C37D4F8303794F838
:10204000B8099B8800221BB25FFA82FC8445C1F06C
:10205000488109F06BF8322006F004FA002394F866
:10206000B8193F4A9C46D8B28842C1F03F8132201D
:1020700006F0F8F9D4F8D037590306D5A3685A0307
:1020800003D440F2DC5006F0EDF9324B324ADA600C
:10209000019B132B07F14C077FF434AED4F88C3A34
:1020A000002B01F044812F4829B0BDEC048BBDE822
:1020B000F04F1847032006F0AEFB022006F04CFB61
:1020C000022006F049FB002085E7102006F0A3FB64
:1020D0000C2006F071FBDFF894904FF0000819F81F
:1020E000010B08F1010806F037FBB8F10C0FF6D12F
:1020F0000020D5E01A2006F08EFBDFF874904FF038
:10210000000819F8010B08F1010806F025FBB8F1E9
:102110000B0FF6D1DFF85C904FF0000819F8010BB7
:1021200008F1010806F018FBB8F1080FF6D1DFF846
:1021300048904FF0000819F8010B08F1010806F06B
:102140000BFBB8F1070FF6D158E700BF0090002055
:10215000EFBEADDE00ED00E00400FA05E40B002068
:102160001C0E0020F40E00206F1E0108781E0108CE
:10217000851E0108901E0108991E01080B2006F01B
:102180004AFBB4F8500506F017FBD4F8F428CB4B03
:102190009A420CBFB4F8F808B4F8FA0880B206F016
:1021A0000BFBD6F8FC38C3F3C000C3F380028000F9
:1021B00040EA4200C3F340021043C3F3401240EA36
:1021C000C200C3F3001340EA031000F01F0006F042
:1021D000F3FAB6F8CC2796F8EC35D6F8141696F83C
:1021E0000089DFF8E0C2500000F00200C3F3800372
:1021F0000343C2F3400043EA800302F008000343B4
:10220000C2F3800043EA0013C2F3801043EA401394
:1022100001F4E0701843C2F3001340EA4320C2F314
:10222000401340EA8320C2F3002340EAC32001F4B4
:102230007F23034301F480100343C2F3402043EAA9
:10224000405301F00071C2F380220B43002043EAA7
:1022500082634FF0010E0246424504D306F0B5FA00
:1022600094F82805B7E61CF8011B0EFA01F1194293
:102270001CBF0EFA02F108430132EDE70023B4F867
:102280005015A4F81C3901220A420CD10133520026
:10229000092B92B2F8D1022006F0BDFAB4F81C095D
:1022A00006F08AFAAAE69BB2013B072B05D8DFE8C5
:1022B00003F0080A0C0F111315170123A4F81C3999
:1022C000E9E70223FAE74023F8E74FF48073F5E7E4
:1022D0008023F3E72023F1E71023EFE70823EDE75E
:1022E0000423EBE7122006F096FA754BB5F91E09A8
:1022F0005B8CB3F5806F88BF4FF0080890FBF8F057
:1023000080B206F059FAB5F9200990FBF8F080B2D6
:1023100006F052FAB5F9220990FBF8F080B206F007
:102320004BFAB5F8240906F047FAB5F8260906F085
:1023300043FAB5F8280906F03FFAB5F82A0906F07D
:102340003BFAB5F82C0906F037FAB5F82E09A7E7DD
:10235000102006F060FADFF870914FF00F0808F1D6
:10236000FF3819F8010B5FFA88F806F0F5F9B8F1B3
:10237000FF0FF4D142E694F83009DFF850914000A5
:1023800000F0FE0006F047FA4FF0000894F83039EC
:102390009845BFF433AE39F8020B06F00DFA08F198
:1023A0000108F3E7062006F036FAB4F8320906F021
:1023B00003FAB4F8340906F0FFF9B4F818066FE729
:1023C000062006F028FAD4F8980506F0FEF9B4F8CD
:1023D000380965E7042006F01EFA002070E20720A5
:1023E00006F019FAB4F8C005FF28A8BFFF20C0B254
:1023F00006F0B2F9D4F8D4384FF6FF784345A8BFB9
:10240000434623EAE37080B206F0D6F9B4F83C09FB
:1024100006F0D2F994F83331D4F8C00843B10A2356
:1024200058434045A8BF404620EAE07080B237E7F5
:1024300000F30F00FAE7022006F0EDF994F88E01A0
:1024400006F08AF994F88D01C5E5022006F0E3F95B
:10245000A08925E70B2006F0DEF9D5F8203618789C
:1024600006F07AF9D5F82036587806F075F9D5F8DF
:102470002036187906F070F9D5F82036587906F02C
:102480006BF9D5F82036987906F066F9D5F820363C
:10249000D87906F061F9D5F82036987806F05CF91D
:1024A000D5F82036D87806F057F9D5F8203658896F
:1024B00006F082F9D5F82036187A8CE500540040F1
:1024C00000000020610D0020E40B0020C80900205E
:1024D0000000C84200007A44212006F09CF9D4F89C
:1024E000B4361B78022B4FF000087DD11FED089AFF
:1024F0005FED088AB2EE048AD6F8B43603EB88039F
:1025000093ED090A20EE080A0CF0EAFB80F30800BC
:10251000C0B206F021F9D6F8B43603EB880393ED88
:102520000C0A20EE090A0CF0DBFB80F30800C0B2B5
:1025300006F012F9D6F8B43603EB880393ED0F0AD0
:1025400020EE280A0CF0CCFB80F30800C0B208F1A2
:10255000010806F001F9B8F1030FCDD1B8F1070F6A
:10256000D4F8B4362AD193ED120A20EE080A0CF002
:10257000B7FB80F30800C0B206F0EEF8D4F8B4362A
:1025800093ED130A20EE080A0CF0AAFB80F3080072
:10259000C0B206F0E1F8D4F8B43693F8503000EE4B
:1025A000103AB8EE400A0CF09BFBFF28A8BFFF20B2
:1025B000C0B206F0D1F84FF00808CFE7434458788E
:1025C00006F0CAF8D4F8B4364344187B06F0C4F8D1
:1025D000D4F8B436434408F10108D87D06F0BCF8BD
:1025E000B8F10B0FBAD109E5D4F8B43643445878A2
:1025F00006F0B2F8D4F8B4364344187B06F0ACF8D1
:10260000D4F8B436434408F10108D87D06F0A4F8A4
:10261000B8F10B0FE8D1F1E42F2006F0FCF8DFF859
:102620003C8418F8010B00283FF4E8AC06F094F85D
:10263000F7E7012006F0EFF8D4F8B4361878CAE4CA
:10264000502006F0E8F8DFF818A44FF000094FF02A
:102650000C0BD4F8B43603EB890809F1010998F89A
:102660007D300BFB03A393F8500006F075F898F843
:102670007E0006F071F898F87F0006F06DF898F883
:10268000800006F069F8B9F1140FE2D1B6E44820F1
:1026900006F0C1F84FF000094FF0060AD5F8B4363D
:1026A0000AFB093809F1010998F8D20006F054F83C
:1026B00098F8CD0006F050F898F8CE0006F04CF8E7
:1026C00098F8CF0006F048F898F8D00006F044F8E3
:1026D00098F8D10006F040F8B9F10C0FDED18DE486
:1026E000022302934FF0000A4FF0010BD949D94B56
:1026F00094F80009CB1A83420CDB029B012B3FF4B8
:102700007DAC5FFA8AF006F086F8012302934FF061
:10271000000BEBE711F8010B00230C2202FB03F87E
:10272000CD4A18F802C0844503D001331C2BF4D1E4
:10273000DDE7C94B03919844D8F804000AF080F80B
:1027400003990346BBF1000F10D08244CFE7D8F8BD
:10275000040010F80900CDE9031305F0FDFFDDE9E1
:10276000031309F101094B45F1DCC0E7D946FAE74B
:10277000DFF8ECA294F80009DFF8D89206F04BF8E5
:102780004FF000084FF00C0B0AF1480294F80039A2
:102790009845BFF433AC19F8010B00210BFB01F392
:1027A00013F802C0844505D001311C29F6D108F187
:1027B0000108EBE7534493F8500005F0CDFFA64A1B
:1027C000F5E7162006F027F8B6F8440105F0F4FF07
:1027D000B6F8D00005F0F0FFB6F8D20005F0ECFF37
:1027E000B6F8D40005F0E8FFB6F8860105F0E4FF7E
:1027F000002005F0B1FF002005F0AEFF002005F03D
:10280000ABFF96F8330105F0A7FF96F8400105F0FD
:10281000A3FF002005F0A0FFD6F8B436B3F95A00A4
:102820000A2390FBF3F080B205F0C6FF96F828016A
:1028300005F092FF96F82C0105F08EFF96F82B011B
:1028400005F08AFF96F82D01FFF7C5BB082005F0BB
:10285000E2FF4FF001085FFA88F008F1010805F087
:102860007BFFB8F1090FF6D1FFF7C8BB082005F0D0
:10287000D2FF002005F0A0FF002005F09DFF002002
:1028800005F09AFF34E4042005F0C5FFD4F8B4360F
:10289000B3F85E0005F090FFD4F8B436B3F85C00EE
:1028A000FEE4DFF8C0810C2005F0B5FFD8F8AC07D6
:1028B00005F08BFFD8F8B00705F087FFD8F8B4070C
:1028C00005F083FFFFF79ABB042005F0A4FFA06882
:1028D000F6E7062005F09FFFB4F8E80005F06CFF6E
:1028E000B4F8EA0005F068FFB4F8EC00D8E404207E
:1028F00005F091FF94F8280105F02EFF94F82C01C3
:1029000005F02AFF94F82B0105F026FF94F82D011D
:10291000FFF761BB072005F07EFFB4F82E0105F03C
:102920004BFFB4F8300105F047FF94F8320105F091
:1029300013FFB4F83401B3E4012005F06CFF6079B3
:10294000FFF749BB0C2005F066FF94F83E0105F047
:1029500003FFB4F8480105F02FFFB4F8440105F077
:102960002BFFB4F8460105F027FF94F83F0105F06E
:10297000F3FEB4F84A0105F01FFFB4F84C018FE4F0
:10298000042005F048FF94F8840105F0E5FE94F872
:10299000850105F0E1FEB4F8860181E494F8300980
:1029A000DFF8C48000EB4000C0B205F034FF4FF008
:1029B000000994F83039994508F10208BFF41EABBC
:1029C00098F84C0105F0C8FE98F84D0100EB800026
:1029D00000EB800000F2EE2005F0EEFE09F10109A7
:1029E000E7E7012005F017FF94F84001FFF7F3BA7D
:1029F000082005F010FFDFF874904FF0000819F878
:102A0000010F08F1010805F0A7FEB8F1080FF6D193
:102A1000FFF7F4BA102005F0FEFE607905F09CFE89
:102A2000A06805F0D2FE94F83E0105F095FEB4F8DA
:102A3000E80005F0C1FEB4F8EA0005F0BDFEB4F808
:102A4000EC0005F0B9FEB4F82E0105F0B5FEB4F8BF
:102A5000300125E4610D0020B81501088515010835
:102A60007015010800F0FF1F60040020950500208C
:102A700094F83E09DFF80084C0EBC000C0B205F056
:102A8000CAFE4FF0000908F5146A4FF00C0B98F9D4
:102A9000980100230BFB03F212F90A20824200F096
:102AA0002D840133042BF5D109F10109B9F1040F8B
:102AB00008F10808EBD1FFF7A1BADFF8A8830D20D1
:102AC00005F0A9FE09F0C2FC05F046FEB8F82400A6
:102AD00005F07BFED8F8300005F077FE94F87139E8
:102AE00094F87009984296BF181AC0F1800000232C
:102AF0001844D4F874391844E2E605F083FE8046A1
:102B0000842005F088FE404605F05FFED54B1A6B29
:102B100008F1800393428CBFA2EB08094FF08009B3
:102B200009F0C0FC4A46404608A909F059FD0DF1DC
:102B3000200881464FF0000ACA45BFF65FAA18F880
:102B4000010B05F009FE0AF1010AF5E7132005F073
:102B500062FEDFF828934FF0000819F8010B08F126
:102B6000010805F0F9FDB8F10B0FF6D1002005F0D2
:102B70002CFE32E405F03CFEFFF740BA05F042FEC1
:102B800005F040FEFFF73ABA022005F044FEB54BCF
:102B9000D88BFFF785BB032005F03DFE94F8ED05CB
:102BA00005F00AFEAF4B187CFFF715BA4E2B3FF627
:102BB000C2A9222B03D808F061FEFFF71FBA233BFE
:102BC0004FF000082B2BF6D801A252F823F000BFDB
:102BD000392E0008B72B0008AF300008B72B0008CB
:102BE000BD300008B72B0008F9300008B72B0008EB
:102BF000B72B0008B72B00081B310008B72B0008C3
:102C0000B72B0008B72B0008B72B0008B72B00081C
:102C1000CF310008B72B0008B92E0008B72B0008E9
:102C20004B320008B72B0008D7300008B72B00083C
:102C3000B72B00083D2D0008B72B0008232D0008F6
:102C4000B72B0008B72B0008D9310008B72B0008B4
:102C500009320008C9320008B72B0008B72B00085A
:102C6000B72B000885300008B72B0008352D000869
:102C7000B72B00085F310008B72B00087931000836
:102C800094F8EC355B070FD405F0A8FD032828BFA6
:102C9000002084F82805FEF739FCFEF793FA03E0DC
:102CA00005F0A6FDA4F8AA06002005F0B4FDFFF784
:102CB000A5B99AF80580B8F1250F00F2D0800DF182
:102CC00020094FEA5808CB464FF0000AC2450CD302
:102CD000654943460022084690450DDC0022122B30
:102CE00010D1012384F89C39DEE705F081FD0AF15B
:102CF000010A2BF8020BE9E739F802CB21F802CBE5
:102D00000132E9E720F813200133E8E705F070FD10
:102D1000D4F8B486A8F85E0005F06AFDA8F85C0057
:102D2000C2E705F05BFD84F88E0105F057FD84F8DD
:102D30008D01B9E705F05CFDA081B5E7D4F8B48654
:102D400005F04CFD88F8000003F000FEACE7D4F875
:102D5000B48698F80030022B5DD19FED449ADFEDE8
:102D6000448A08F1240908F1300AB2EE048A05F019
:102D700035FD07EE900AF8EE677A87EE887AA9ECBF
:102D8000017A05F02BFD07EE900AF8EE677A87EEE0
:102D9000897A89ED027A05F021FD07EE900AF8EEB6
:102DA000677ACA4587EEA87A89ED057ADFD108F1FE
:102DB00004094FF0030ABAF1070F1FD105F00EFD09
:102DC00007EE900AF8EE677A87EE887A88ED127A35
:102DD00005F004FD07EE900AF8EE677A87EE887A30
:102DE00088ED137A05F0FAFC88F850000AF1010A20
:102DF000BAF10B0F09F10109DDD155E705F0EEFC41
:102E000089F8000005F0EAFC89F80B0005F0E6FC03
:102E100089F81600EAE708F10B0905F0DFFC08F86D
:102E2000010F05F0DBFC88F80B0005F0D7FCC1456D
:102E300088F81600F1D137E705F0D0FC132880465A
:102E40000DD8D4F8B49605F0C9FC0A4A0023117ACB
:102E5000814215D001331C2B02F10C02F7D108F08E
:102E60000DFD21E700000020D80D00200000C84221
:102E700000007A44B815010860040020851E01088E
:102E8000DC4A0C2101FB032309EB880893F8483046
:102E900088F87D3005F0A2FC88F87E0005F09EFCE5
:102EA00088F87F0005F09AFC494688F8800009F10F
:102EB0007D0008F0E3FDF7E605F090FC0B28814665
:102EC000CDD8D4F8B48605F089FC0328C7D80623EA
:102ED00003FB098888F8D20005F080FC88F8CD0053
:102EE00005F07CFC88F8CE0005F078FC88F8CF006F
:102EF00005F074FC88F8D00005F070FC88F8D1006B
:102F0000D2E69AF80530092BA9D9D5F8208605F024
:102F100065FC88F8000005F061FC88F8010005F008
:102F20005DFC6428A8BF642088F8040005F056FC06
:102F30006428A8BF642088F8050005F04FFC88F8D5
:102F4000060005F04BFC642828BF642088F80700C1
:102F500005F044FC88F8020005F040FC88F8030006
:102F600005F046FCD5F8E838A8F80A005B790A2B8A
:102F70007FF69AAE05F032FC88F8080094E605F07A
:102F800037FC6FF4AF6C00EB0C039BB2C62B98BF01
:102F9000A4F8440105F02CFCA5F8D00005F028FCAD
:102FA000A5F8D20005F024FCA5F8D40005F020FC1B
:102FB000A5F8860105F012FC05F010FC05F00EFCEA
:102FC00005F00CFC85F8330105F008FC85F840019C
:102FD00005F004FC05F00CFCD5F8B43600EB8000DD
:102FE0004000A3F85A0005F0F9FB85F8280105F028
:102FF000F5FB85F82C0105F0F1FB85F82B0105F0B8
:10300000EDFB85F82D014FE6DFF8F0914FF0000859
:1030100005F0EEFB08F10108B8F1080F29F8020BE2
:10302000F6D141E694F8EF35002B7FF43DAE05F084
:10303000DFFB714B84F8ED0501221A7434E605F0CC
:10304000D7FB6D4BD8832FE694F8EC3558073FF546
:103050002BAEFDF7E1FE1EE694F8EC3559073FF57F
:1030600023AE4FF4C873A4F852351DE694F8EC353E
:103070005A073FF519AE94F8E33843F0040384F897
:10308000E33811E645F2082009F0FEF9062007F0C2
:10309000ADFF0123C72084F8B63907F0A7FF00234E
:1030A00084F8713984F87039C4F87439FCE5C4F8CF
:1030B000088005F0A7FBFDF7A7F8F5E505F098FBFC
:1030C000A4F8E80005F094FBA4F8EA0005F090FBF2
:1030D000A4F8EC00E8E505F081FB84F8280105F090
:1030E0007DFB84F82C0105F079FB84F82B0105F0B9
:1030F00075FB84F82D01D7E505F07AFBA4F82E01C5
:1031000005F076FBA4F8300105F068FB84F8320185
:1031100005F06EFBA4F83401C6E505F05FFB84F80A
:103120003E0105F065FBA4F8480105F061FBA4F839
:10313000440105F05DFBA4F8460105F04FFB84F85F
:103140003F019AF80530082B7FF6AEAD05F050FB35
:10315000A4F84A0105F04CFBA4F84C01A4E505F0E5
:103160003DFB84F8840105F039FB84F8850105F006
:103170003FFBA4F8860197E59AF80580B8F1380F6F
:103180003FF66DAEDFF878904FF0000A40F6CA0BBC
:103190000323B8FBF3F8C24509F10209BFF484AD7B
:1031A00005F01CFB89F84C0105F022FB5845A8BF2F
:1031B000584640F2EE239842B8BF18461922B0FB99
:1031C000F2F01E3889F84D010AF1010AE3E705F033
:1031D00005FB84F8400167E5DFF828904FF0000810
:1031E00005F0FCFA08F10108B8F1080F09F8010F21
:1031F000F6D159E57015010800000020FE0D0020F1
:10320000600400209505002005F0E8FAC4F8088065
:1032100005F0F8FAFCF7F8FF05F0E0FA84F83E0153
:1032200005F0E6FAA4F8E80005F0E2FAA4F8EA00EE
:1032300005F0DEFAA4F8EC0005F0DAFAA4F82E01A5
:1032400005F0D6FAA4F830012EE59AF805304FF0D3
:103250000708B3FBF8F8C8EBC8029B1ADBB2002BD7
:103260007FF4FDAD5FFA88F808F1FF385FFA88F85F
:10327000B8F1FF0F3FF418AD05F0B0FAD4F8F0281C
:1032800040B20023911C11F933C0844503D00133AF
:10329000042BF8D1E3E502EBC30989F8020005F03D
:1032A000A7FAA9F8040005F099FA89F8060005F0D4
:1032B00095FA89F8070005F091FA89F8090005F0F8
:1032C0008DFA89F80800CFE71B4B4FF480421A852E
:1032D000012384F8B739E7E40A2005F0C3F8FEF7C4
:1032E0009DBE21F8023B0132FEF7AEBE52F8040B40
:1032F00000680133C0F800C0FEF7B5BEC0B205F0EB
:103300002BFAB8F89A0105F057FA98F89C0105F0E5
:1033100023FA98F89D0105F01FFA98F89F0105F02F
:103320001BFA98F89E0105F017FAFFF7BDBB29B00C
:10333000BDEC048BBDE8F08F0008004808B5FEF72F
:10334000E5F8FDF73FFFBDE80840012005F02EB984
:103350002DE9F04FB44DD5F8D42795F89C6A02F5C5
:103360009C4320338BB0C5F8983A002E00F0DF80E4
:10337000D5F8A03A9A4202D9013E85F89C6AAA4C37
:10338000D4F8D08718F48053019305D0D4F81436BC
:10339000D80701D4FDF7B9F9D4F8BC26937A23B342
:1033A00004EB4303127BB3F966351AB1C3F53B63F3
:1033B00008331BB2A3F57A73B3F57A7FA8BF4FF435
:1033C0007A7323EAE37307EE903ADFED986AF8EE3A
:1033D000E77A87EEA67ADFED967A67EE277AFCEE3B
:1033E000E77A17EE903AA5F83C3918F4807F00F0A0
:1033F0003081D4F8D4178F4A94F8FA36914240F2CB
:10340000258113B9012384F8FA3694F8196794F8E2
:10341000EC25D4F814A6012E02F0040B14BF0327E8
:1034200000274FF00009A2E1072C98BF195D8248E0
:103430007B6B88BF21469847032C19D8C0B1D5F8BB
:10344000BC3603EB84039A8FDB8F801A9B1A08FB30
:1034500000F090FBF3F040F2EE2300F57A70984212
:10346000B8BF184640F6CA039842A8BF184680B2B3
:1034700005EB44040136A4F8A40A95F830B9D5F850
:10348000BC36F4B2A345CFD8D5F8D027D5F85C0523
:10349000019042F201010A40039208D095F83926C2
:1034A00085F83826654A92F8391082F8381095F870
:1034B0003886B8F1000F04D0604A92F8388088F05E
:1034C000010895F8C97A01995D4C0F2285F8C82A40
:1034D0000322B7FBF2F202EB420201F51671BA1AAF
:1034E000D2B20591A4F5AD61049204F2625904F2DE
:1034F000AC5A2246002602915E451CDB4A4E96F8E5
:10350000C83A0F2B6DD1D6F814365B0169D4D6F8C2
:103510005C35D6F80427C6F800379B1AC82B02D9A9
:10352000012386F81937013786F8C97A27E7434F10
:103530004FF47A78A1E7B8F1000F33D0414931F95F
:103540001600998A80B281422ED8D98A81422BD323
:103550000599CAF80010039900B2D9B1049929F865
:103560001100029991F85C1B29B9022F12D9029817
:10357000012180F85C1BB9F80010B9F8020008447A
:10358000B9F804100844304900B221F816000321AC
:1035900090FBF1F022F8020B013609F106090AF15D
:1035A000040AA9E74046CCE7DAF800100198814206
:1035B00001D91088CFE7F0B2CDE9063205F05EF907
:1035C000032EDDE90632C6DCDFF85CE04FF0010CCB
:1035D0009EF8C81A0CFA06FC21EA0C018EF8C81AEB
:1035E000B9E7164B012283F8392083F83820D6F842
:1035F0005C35D6F80027C6F804379B1AD6F8FC26A7
:10360000934202D9002386F819374FF0000807E0EB
:103610005FFA88F005F032F924F8020B08F101088E
:10362000C345F5DC7FE700BF6004002000007A445A
:1036300000C07F44404B4C00900D00200000002053
:10364000C8090020040F0020BE0F0020002B7FF4CB
:10365000DCAE019BB4F96E95002B00F0E580B4F868
:103660004431B4F8DE20991A494580F2E0801344D1
:103670004B4540F3DC80FDF725F8FDF731F84FF0BE
:10368000000AAC4B93F83AB094F8EC35590740F186
:10369000D58018F0100F00F0D18094F8E338DA06E6
:1036A00000F1CC80BBF1000F00F01D8194F88E3149
:1036B000BAF1000F40F006813BB1D4F85C15D4F8A4
:1036C0001C365B1A002BC0F2B580102004F048FFB6
:1036D000012384F87C3BB1E0BBF1000F0DD0012E3B
:1036E00005D00520FCF7A0FD022384F8ED35002F5E
:1036F000AFD0384604F034FFABE71AF0806F4FF4D8
:10370000806005D008F0DAFF0023C4F80837EEE740
:1037100008F0C6FFF8E7012E29D1052125E0012E8A
:1037200004BF052184F81817BBF1000F0FD0D5F89E
:10373000781BB1F90E10A5F86A15A5F86C15A5F857
:103740006815D5F8F4164988A5F86E156746D4F8BB
:103750005C05D4F80C17814202D3BBF1000F60D195
:1037600042F21071C4F81417032184F8181794F862
:1037700018C794F8EC05BCF1050FB8D801A151F8B1
:103780002CF000BFD9360008173700081F37000893
:103790009D370008CD3700080538000840F00200CA
:1037A00085F8EC05FCF7B1FFD5F85C05D5F81417E2
:1037B0000144C5F81017042185F818174FF48060EC
:1037C00008F06EFF0520FCF73BFDD0E7012E11D17C
:1037D000D4F85C35D4F81017994288D2554991F83D
:1037E0003A1011B91AF0010F81D120F0020084F8CB
:1037F000EC0592E7D4F85C25D4F814371344C4F8E8
:10380000103774E7D5F8F406D5F85C15C08885F84C
:10381000FB96642303FB0011C5F8081785F8189779
:10382000CCE7012EA3D062E7B4F8463120E74FF091
:10383000010A26E7FCF769FF84F87CAB94F88C3129
:10384000019394F88D01B4F846C1B4F848E13A49BF
:1038500000231E4631F9027BB6086745C4BF66F0F7
:103860007F06F6B201337745B8BF46F04006042B19
:10387000F0D194F87D3BB34239D194F87E7BF92F97
:1038800003D80137FFB284F87E7B84F87D6B08F0A3
:103890000408BBF1000F40F0CC84D4F81436DB07E9
:1038A00038D5BAF1000F24D194F8EC35D80706D5F5
:1038B000590702D4012384F8B035FCF759FF142FBF
:1038C00053D140E03BB1D4F85C154FF47A7013FB50
:1038D0000013C4F81C3694F87C3B002BAED004F0E7
:1038E0002DFE0023F5E6BAF1000FF4D1EDE6002736
:1038F000C9E7D4F8FC350A2BE1DCB4F850355A0797
:10390000DDD494F8EF35002BD9D1FCF7DBFEFCF7C2
:10391000E7FED2E794F8EC355B07D0D594F838365B
:10392000002BCCD010B1FCF7F0FEC8E7BAF1000FC5
:10393000C5D1F8E700000020C8090020019B13B1A1
:103940007D2E00F0808494F8EC355F070DD4572E5F
:1039500040F0CD80D4F8FC384FF47A7213F00803AD
:10396000A4F8542501D1A4F81836B8F1000F40F09E
:10397000E480D4F8B4660023C4F8143606F17F0757
:1039800006F1CF084FF0010917F8010C394604F091
:103990002DFE40B117F8023CD4F8142609FA03F3BF
:1039A0001343C4F8143604374745EDD1B24F06F13E
:1039B000CE0B4FF00C0806F58B764FF000094FF058
:1039C000010A1BF8010C594604F010FEE8B19BF8FF
:1039D00004109BF8023008FB0140013BD0F8C426DC
:1039E00003EB43033B4493420FD09BF80320C0F802
:1039F000C43694F8853B80F8C0260AFA01F123EA20
:103A00000103C0F8C89684F8853B0BF1060B5E45B0
:103A1000D7D1D4F85C35019394F838360293019BE2
:103A2000D4F820B6954F03F5FA730026039379680E
:103A3000002900F0388191F800A0BAF1000F00F0E1
:103A40003281BA68019B9A1A002A0ADB039B94F818
:103A5000852BBB60012303FA06F022EA000284F8FA
:103A6000852B029B002B00F01E813A78487894F851
:103A7000858B0432D2B2002840F0888304EB4202E6
:103A8000B2F96805B4F8442102F1C80C604540F36E
:103A9000F98091F8029048FA06F1CA0700F1038113
:103AA000B9F1000FCCBF0220012004F07FFD0AF124
:103AB000FF31132900F28081DFE811F071018501E7
:103AC0009001A001B801C0011E027902E0020E03BC
:103AD0003A037E01A001AD01C0011E027902E4019A
:103AE00041029E020B2004F03BFD84F87E7BB8F17E
:103AF000000F01D05A2E17D0A6F15603082B57D825
:103B0000DFE803F05456565656525605500001232E
:103B1000DEB2013B84F82835FDF7F8FCFDF752FBD7
:103B2000304604F043FD20E794F87F3B4BB100237F
:103B300084F87F3B012384F8803B94F8813B53B9A0
:103B40001FE094F8813B83F0010384F8813BABB123
:103B50000C2004F005FD94F8EC35580711D5B4F8A5
:103B600046314B450DDAD4F8143613F0010302BF89
:103B70003222A4F8822B84F8813B02E00D2004F06D
:103B8000EFFCD4F81436D90366D594F8843B2BB9EE
:103B900094F87F3B13B93223A4F8823B012384F8C5
:103BA000843BE6E60323B3E70223B1E7FFF7C6FB56
:103BB000334B93F83A3043B16F2E02D1FCF7D8FD66
:103BC000D3E6019B0BB17E2EF8D0972E04D14FF493
:103BD000C873A4F85235C8E6A72E06D194F8E33886
:103BE00043F0040384F8E338BFE60023B73E0993AB
:103BF000072E3FF6BAAE01A353F826F0533C000857
:103C00006B3900086B3900086B3900081D3C00084F
:103C10006B3900084B3C0008233C000802230022BB
:103C200001E000230222D5F8B416B1F85C0002448A
:103C3000A1F85C20B1F85E201344A1F85E30FFF7D4
:103C40007DFB002385F87E3B8FE600236FF00102A9
:103C5000E9E76FF00103E2E794F87F3B002B3FF4C4
:103C600088AE94F8EC3513F0040302BF84F87F3B70
:103C7000012384F8803B7CE608170108200B002014
:103C800000000020C83A904203DA8A78C2F10009A5
:103C900001E70123B34028EA030384F8853B019B35
:103CA00003F5FA73BB600136042E07F10C077FF4AD
:103CB000BEAED4F81456AB0706D4D4F8D037DF051F
:103CC00007D594F8FB3623B1D4F8FC389E0700F1F1
:103CD0009682012008F0E4FC0123690740F19A82F2
:103CE000002B00F09782012008F0DAFCB4F8CC3702
:103CF0009A0704D40220FCF7E5FC08F0DFFC94F8F6
:103D0000EC355B0708D4B4F8CC3703F044031BB19F
:103D1000B4F81836A4F8AA36D4F8FC3813F00A0F11
:103D20002AD0EF0640F17A82B4F8CC375E0706D489
:103D3000042008F0C3FCB4F81836A4F8AA36A80684
:103D400040F17082B4F8CC37590602D4402008F014
:103D5000B5FC6A0642BFC54AB4F81836D38215F0DE
:103D6000080307D094F8F83533B9C04AB4F81836C8
:103D7000D382012384F8F8352B054FF4807040F18D
:103D8000558208F09BFC6379082B02D00E2B40F083
:103D9000618240200BB0BDE8F04F08F081BC9BF879
:103DA00000304B44FA2BA8BFFA2323EAE3738BF8C5
:103DB0000030584604F040FC0123B34048EA0308B1
:103DC00084F8858B6FE79BF801304B44642BA8BFC8
:103DD000642323EAE3738BF80130EAE79BF80330AE
:103DE0004B44642BA8BF642323EAE3738BF80330AE
:103DF000D4F8881B584604F03BFCDDE79BF805101F
:103E000049446429A8BF642121EAE171BAF10D0F88
:103E10008BF80510D0D09BF804304B44642BA8BF1E
:103E2000642323EAE3738BF80430C5E79BF806307C
:103E30004B4483F308038BF80630BDE7D4F88C0BB2
:103E40000178022943D107EE909AF8EEE76AF2EE84
:103E5000047A86EEA77AD0ED0A7A37EE277AB5EEA5
:103E6000C07AF1EE10FA2FD4DFED827AB4EEE77A61
:103E7000F1EE10FAD8BFF0EE477AC0ED0A7ABAF147
:103E80000F0F99D0D4F88C1B0B78022B2BD107EE97
:103E9000909AF8EEE76AF2EE047A86EEA77AD1ED10
:103EA000097A37EE277AB5EEC07AF1EE10FA17D418
:103EB000DFED707AB4EEE77AF1EE10FAD8BFF0EEEB
:103EC000477AC1ED097A77E7DFED6B7AD5E781783C
:103ED0004944C829A8BFC82121EAE1718170CEE711
:103EE000DFED657AEDE74B784B44C82BA8BFC823BC
:103EF00023EAE3734B705FE7D4F88C0B0178022957
:103F000040D107EE909AF8EEE76ADFED5A7A86EE36
:103F1000A77AD0ED0D6A37EE267AB5EEC07AF1EECB
:103F200010FA2CD4B4EEE77AF1EE10FAD8BFF0EE26
:103F3000477AC0ED0D7ABAF1100F3FF43DAFD4F8D7
:103F40008C1B0B78022B29D107EE909AF8EEE76ACA
:103F5000DFED487A86EEA77AD1ED0C6A37EE267A45
:103F6000B5EEC07AF1EE10FA15D4B4EEE77AF1EEC0
:103F700010FAD8BFF0EE477AC1ED0C7A1CE7DFEDFE
:103F80003E7AD6E7417B4944C829A8BFC82121EA27
:103F9000E1714173CFE7DFED387AEDE70B7B4B44FE
:103FA000C82BA8BFC82323EAE3730B7304E7D4F834
:103FB0008C0B0178022944D107EE909AF8EEE76A5B
:103FC000DFED2B7A86EEA77AD0ED107A37EE277ADE
:103FD000B5EEC07AF1EE10FA30D4DFED267AB4EE09
:103FE000E77AF1EE10FAD8BFF0EE477AC0ED107A1A
:103FF000BAF1110F3FF4E0AED4F88C1B0B78022B12
:104000002BD107EE909AF8EEE76ADFED197A86EE8B
:10401000A77AD1ED0F7A37EE277AB5EEC07AF1EEB6
:1040200010FA17D4DFED137AB4EEE77AF1EE10FA56
:10403000D8BFF0EE477AC1ED0F7ABDE6DFED0E7A1C
:10404000D4E7017E4944C829A8BFC82121EAE1710B
:104050000176CDE7DFED087AEDE7CB7D4B44C82B49
:10406000A8BFC82323EAE373CB75A5E600000020B0
:1040700000007A440000C84200000000D4F88C1B05
:104080000B78022B1FD107EE909AF8EEE76AF2EE5A
:10409000047A86EEA77AD1ED0B7A37EE277AB5EE61
:1040A000C07AF1EE10FA0BD45FED0E7AB4EEE77A37
:1040B000F1EE10FAD8BFF0EE477AC1ED0B7A7BE64D
:1040C0005FED137AF9E7CB784B44C82BA8BFC82320
:1040D00023EAE373CB706FE6D4F88C1B0B78022BCA
:1040E0001DD107EE909AF8EEE76A5FED1E7A86EE34
:1040F000A77AD1ED0E6A37EE267AB5EEC07AF1EEE8
:1041000010FA09D4B4EEE77AF1EE10FAD8BFF0EE67
:10411000477AC1ED0E7A4FE65FED297AF9E78B7B9E
:104120004B44C82BA8BFC82323EAE3738B7343E631
:10413000D4F88C1B0B78022B1FD107EE909AF8EE67
:10414000E76A5FED357A86EEA77AD1ED117A37EE20
:10415000277AB5EEC07AF1EE10FA0BD45FED3B7A18
:10416000B4EEE77AF1EE10FAD8BFF0EE477AC1ED7F
:10417000117A21E65FED407AF9E74B7E4B44C82B7C
:10418000A8BFC82323EAE3734B7615E601287FF422
:1041900013AEBAF10C0F7FF40FAE04EB4202897834
:1041A000B2F9680540F633029042A8BF1046B0F558
:1041B000617FB8BF4FF46170A0F561704FF49662F3
:1041C000B2FBF1F2B0FBF2F094F8B826C0B2824232
:1041D0003FF4F2AD032894BF0246022285F8B826C8
:1041E0000AFB025202F22A520490C5F82026FCF77C
:1041F0000BFB04980130C0B204F0D8F9DCE5B4F848
:10420000CC37D80704D40120FCF75CFA08F056FA42
:10421000002362E5022008F043FA70E5042008F06C
:104220003FFA8CE5402008F03BFA92E508F038FAB6
:10423000A9E5142F7FF499AB94F8EC755F2E07F085
:1042400004077FF47BAB002F3FF44CACFCF75DFA26
:10425000FFF779BB0BB0BDE8F08F1649D1F8883075
:1042600043F47003C1F88830134B1A6842F001021E
:104270001A605868114A02405A601A6822F0847223
:1042800022F480321A601A6822F480221A605A6876
:1042900022F4FE025A60DA6A22F00F02DA62186B28
:1042A000074A02401A6300229A604FF000638B6055
:1042B000704700BF00ED00E0001002400CC07FF826
:1042C000CCFC00FF80EAE073A3EBE0738B4206DBDB
:1042D000002801DD401A704702D0084470470020D2
:1042E00070472DE9F041824CD4F8903BA0EB0308D5
:1042F00042F20F7398452DED048B40F2EB8044F6AB
:10430000206398457B4DC4F8900B81BF0023C4F80F
:104310009C3BC4F8A03BC4F8A43B95F83B3043B3A6
:1043200094F8EC2512F0040223D1734BC4F89C2BB3
:104330000021196040F2DC50C4F8A02BC4F8A42B73
:1043400085F83B20C4F8AC2BC4F89C25A3F24C4262
:10435000A3F58763694EA4F88C054FF07E5010607A
:1043600056609160D060116118605E609960D8609D
:104370001961D4F8B06BD4F8B43BB3426ED0F31AE1
:1043800008EE903ADFED5E7A5E4BF8EE688A68EEF2
:10439000A78AD3ED007AF5EEC07AF1EE10FA40F27A
:1043A0009D8013ED017AB5EEC07AF1EE10FA40F27D
:1043B000958087EE270AB5EEC00AF1EE10FA40F2BA
:1043C0008D80DFED517A93ED018A38EE278A0AF06D
:1043D000B5FBDFED4E7A28EE000A20EE270ADFED6E
:1043E0004C7A20EE270AF6EE007AF4EEE78AF1EE38
:1043F00010FA31DCB4F9B83B0F2B72D1B4F9BA3BE7
:10440000444A02EB830201331BB20F2B08BF002387
:10441000A4F8BA3BD2ED007A0E23A4F8B83B3E4B89
:1044200093ED017A77EE877A30EE670A83ED000A22
:10443000B4F93239002BB8BF5B429BB21E2B07D8B0
:10444000B4F93439002BB8BF5B429BB21E2B4CD958
:10445000324BEB60FCF700F9C4F8B46BD4F8A03B26
:10446000002BC9BFD4F89C2B9FED2D9A07EE902A04
:10447000B8EEE77AC4BF07EE903AF8EEE77A294B38
:10448000C8BF87EE279A9FED287AA3EC019AD3ED57
:10449000007A69EE277AF4EEC77AF1EE10FA08D4C2
:1044A0009FED227AF4EEC77AF1EE10FAD8BFB0EEA3
:1044B000677AB4F9103C1E4E0027052B86ED007A72
:1044C000C4F89C7BC4F8A07BC4F8A47B36DC013321
:1044D000A4F8103CBDEC048BBDE8F0819FED100A00
:1044E00081E7144BD3ED007A99E74FF08043B0E7B2
:1044F000600400200000002008100020CDCCCC3D3E
:104500006F12833A680A0020339388438E2BEA4166
:104510000000C8421C1000205C1000200000A040D9
:104520000000000064100020000048C4000048445F
:104530006C100020581000200024744907EE908A67
:104540001FED036A16ED190A56ED039A56ED058A1A
:10455000F8EE677AA6F5CB63C7EE866AA6F5CA625F
:1045600016ED046AD3ED005AD6ED027A66EE255AAE
:10457000A6F25463E5EEA67AD3ED005AC6ED027AB0
:1045800066EE255A77EE877AA5EEA60AD2ED005A96
:1045900026EE256A67EEA67AE6EE269AB0EE407A17
:1045A000B6EE006AA7EE867A30EE270AE7EE268A94
:1045B00006ED190A46ED039A46ED058A0AF090FBCE
:1045C00039EEA80A08EE100A0AF08AFBB4F9B81B03
:1045D000AA8F0E2902F1010207EE900A12B2A6F18B
:1045E000500300F3F1800E2ACCBF3A46174603EB86
:1045F00082030131AF87C3ED008AA4F8B81B824F54
:1046000097ED036A97ED007AD7ED016A97ED020AFC
:1046100057ED045A36EE076AB8EEC88A76EE266A77
:1046200038EE408A86EE267AF7EE006AA7EE080A90
:1046300087ED047A36EEC77A17ED038A87ED020A12
:1046400027EE067A17ED056A87ED037A17ED027AF1
:1046500037EE067AF8EEE77A77EE255A77EEC87AE3
:1046600087EE256AA6EE278A76EEC66A07ED016A0E
:1046700066EE876A07ED038A47ED026A0AF030FBAF
:10468000B0EE480A0646C4F8180C0AF029FBB4F943
:104690007436C4F89805002BB8BF5B429BB2B3F5E3
:1046A000487F07F2AC4780F0AC80B4F97636002B37
:1046B000B8BF5B429BB2B3F5487F80F0A28094F80C
:1046C000EC25AB7A97ED007AD4F8588712F0040203
:1046D00008BFC4F89405002B40F08C80D4F89435C2
:1046E000181AB0F5FA7F494BA8BF4FF4FA709842F8
:1046F000B8BF18460521FFF7E5FD98F80430444996
:1047000043438B4279DB002BB8BF7F33DB11B3F51A
:10471000967FA8BF4FF49673991B98F80A303D48CE
:104720004B4383426BDB002BB8BF1F335B11B3F5E8
:10473000967FA8BF4FF496732AB198F81500D4F865
:10474000AC2B01FB0022B2F5161F3349A8BF4FF472
:1047500016128A42B8BF0A46C4F8AC2B002ABCBF66
:1047600002F5FF521F3203EB623398F8202007EE68
:10477000902A37EE097AF8EEE77A6FF0950167EE46
:10478000877A9FED267A67EE877AFDEEE77A17EE55
:10479000902A962AA8BF96228A42ACBF9B1A5B1A1F
:1047A00030460521C4F89C3587ED009AFFF78AFD55
:1047B000002EB8BF7642C82EC8BF0123C4F83809FE
:1047C000C8BF85F83B3085E6B4F8BA1BAA8701312B
:1047D0000F2A09B205D1AF87C3ED008AA4F8BA1B2E
:1047E0000DE703EB82030F29C3ED008AF6D1A4F88D
:1047F000BA7B04E7D4F8AC358EE7094B8CE7084B5D
:104800009AE70023CCE700BFD00B00200CFEFFFF8F
:104810008169FFFF61DAFFFF0080DAFF0000003BE3
:10482000D4FEFFFFD0ED005A9FED2B4A08B535EEC0
:10483000840AFBF715FEF0EE403AB0EE650AFBF78E
:104840000FFE90ED015AF0EE404A35EE040AFBF7F8
:1048500007FEF0EE405AB0EE450AFBF701FE90ED80
:10486000023AB0EE405A33EE040AFBF7F9FDB0EE1F
:10487000404AB0EE430AFBF7F3FD65EEC07A20EE46
:10488000236A24EE847AC1ED017AF0EE467AE5EEF1
:10489000077A24EE233A64EE806AC1ED037AF0EEE3
:1048A000437AE5EE667AA5EE067AE5EE436A24EEF3
:1048B000254A64EEE54A65EEA35A81ED004A81ED92
:1048C000025AC1ED047AC1ED054AC1ED066A81EDD7
:1048D000077AC1ED085A08BDDB0FC93F2DE9F04F3B
:1048E0002DED028BB1B04FF00009FBF769FC18B950
:1048F000FCF792FAFCF70AFEBA4DBB4CFCF762FCDF
:1049000095F8208C48F0010385F8203CB74B4FF414
:104910007002C3F88820002304930593069323684C
:1049200043F480332360236803F400330593049B2E
:1049300001330493059B1BB9049BB3F5A04FF2D13F
:10494000236813F4003318BF01230593059B012B43
:1049500040F0018302230693A54B12221A6063687C
:10496000636063686360636843F480636360636883
:1049700023F47C136360636843F4E8136360236883
:1049800043F08073236023689901FCD5636823F0AA
:1049900003036360636843F002036360636803F0CA
:1049A0000C03082BFAD1069B904EC5F8243C914B82
:1049B000F360636A636A43F080736362636943F41C
:1049C000FC031CAF636103238DF87230394641F656
:1049D000FF734FF09040ADF8703006F0F5FC4FF6E5
:1049E000FF738548ADF87030394606F0EDFC83481A
:1049F000394606F0E9FC8248394606F0E5FC814874
:104A0000394606F0E1FC39467F4806F0DDFC3846C1
:104A100003F0FAFF1C9B7D4AB3FBF2F3C5F8283C78
:104A20007B4B7C4ADFF8FCC14FF0000EC5F82CEC44
:104A3000C3F804E04FF0E0230DF1740A5A61F0224C
:104A400086F823200722C3F818E01A61BCE80F009B
:104A50003E460FC6BCE80F000FC69CE80F00D5F815
:104A600008B0C5F8D0B786E80F00636943F40023A7
:104A70006361636943F400236361636943F4002362
:104A80006361636943F4003363614FF09043102224
:104A90001A8520221A8540221A85584A4FF48043ED
:104AA00093614FF4005393614FF400439361764652
:104AB0005AF8040C5146013606F086FC062E0AF11F
:104AC000080AF5D1544B1C936369DFF85CA14A488E
:104AD00043F480236361394606F076FC9AF81D2082
:104AE0000823002A40F03A82434A93614B48C5F8B4
:104AF000F00804233022002100F2AA7085F83E3924
:104B000001260BF0D1FB1422002117A885F84C696F
:104B100048F005080BF0C8FB1BF4802F08BF85F890
:104B2000346C85F8208CE369334E43F48043E361B1
:104B3000236943F480432361636943F48023636101
:104B4000736A23F470037362736A43F4A00373629D
:104B5000736A23F070637362736A43F0A0637362D5
:104B6000736A23F070437362736A43F0A043736205
:104B7000336A23F470033362336A43F4A00333626D
:104B8000736A23F470237362736A43F4A02373621D
:104B900040F2023B4FF4604339463046CDE91C3BBE
:104BA00006F0D0FB20220123394630464FF48058CE
:104BB0001C928DF8743006F0C5FB39463046CDF8AE
:104BC000708006F0BFFB236943F4804323612369AF
:104BD00023F480432361124B998821F48051090406
:104BE000090C23E0600400200010024000ED00E00A
:104BF000002002400005FA050004004800080048B3
:104C0000000C0048001000480014004840420F000B
:104C10008C1000203F19010008000102F605002059
:104C2000003800404417010800000020998099884E
:104C300089B241EA08019980198801F4415141F48F
:104C4000437141F003011980998821F470610904CE
:104C5000090C41F4E0619980998B21F40061090409
:104C6000090C998307211982198889B2202241F001
:104C700040011980B261C6F818806369DFF8B88313
:104C8000C5F8F48843F480236361E36943F40013B7
:104C9000E361236B23F010032363236B43F01003C2
:104CA0002363736A23F00F037362736A43F0040390
:104CB0007362736A23F0F0037362736A43F0400314
:104CC000736239464FF480733046CDE91C3B06F0E1
:104CD00039FB4FF40073394630461C9306F032FB23
:104CE000D8F80030B5F9E81023F00103C8F8003017
:104CF000D8F80020C24B1340C8F80030C14BC8F8A8
:104D00001030D8F80030B5F9EA20002043F0010354
:104D1000C8F80030C8F80800C8F80C00C8F8080047
:104D2000D8F8083043F40043C8F80830D8F8003009
:104D3000C8F80030D8F8043023F0784323F4004357
:104D4000C8F80430D8F8003043F00103C8F8003048
:104D5000B5F9EC3041EA02041C431FD007EE901A6B
:104D60009FEDA97A8AF83E00F8EEE77AA74967EE48
:104D7000877A3846CDED1C7A07EE902AF8EEE77A6E
:104D800067EE877ACDED1D7A07EE903AF8EEE77A76
:104D900067EE877ACDED1E7AFFF744FD9C4EB5F89D
:104DA000F03003934FF0000B10225946A6F5EE7039
:104DB000C5F860BC95F8EF4095F8F78085F85CBCC5
:104DC000C6E901BB0BF070FA2320C5F870BCA5F84A
:104DD0006CBCC6E905BBC5F87CBC03F043FB0BAA61
:104DE0000121752004F0F2F9002840D0894AC5F865
:104DF000742C894AC5F8782C43F64332A5F8702CF8
:104E000001210FAA584604F0E1F99DF83C20002842
:104E100000F0A780EA2A40F0A48042F633525946B7
:104E200006267F20A5F8702C85F86C6C04F01DF91F
:104E30000A2003F017FB7821032004F016F90A205A
:104E400003F010FB0121304604F00FF90A2003F0B3
:104E500009FB3F21072004F008F9142003F002FBAE
:104E60005946072004F001F90A2003F0FBFA95F8EF
:104E70006C3C0022062B85F8802C40F0DF80674BCD
:104E8000C5F8843A664BC5F8883A664B6649D960DE
:104E9000D5F8FC380A2C43F00101C5F8FC1828BFEE
:104EA000144640F2FD2121FA04F212F0010240F012
:104EB0005681012C40F0518185F8812C9A0700F130
:104EC0005B81D5F8843A03989847002385F8823CA3
:104ED000B8F1000F40F054814FF000080024224642
:104EE0007F2168208DF8704004F09BF832220F215A
:104EF000682004F096F822460321682004F091F817
:104F000001223B4611460C2004F0DDF89DF870307C
:104F1000092B40F03E81454BC5F8843C444BC5F815
:104F2000883C072385F8823CD5F8FC3843F0080319
:104F3000C5F8FC3895F8E4300BB185F8803C95F85D
:104F4000E5300BB185F8813C95F8E630002B78D040
:104F500085F8823C75E00123069324E5354A1385E4
:104F6000C4E502F07E028DF83C2040B1682A06D1EB
:104F7000012385F86C3C1D2385F8703C77E79DF88C
:104F80002C3003F07E03682B8DF82C3032D10621B3
:104F900002233A46084685F86C3C04F017F99DF860
:104FA00075309DF873209B00520002F0020203F05E
:104FB000040313439DF8712002F0010213430CD047
:104FC000012B03D1002385F86D3C50E7022B01D162
:104FD0000123F8E7022003F054FA13AA01210C2060
:104FE00004F0F4F89DF84C3013F00F03F2D0042BCA
:104FF000EED1E7E7702B04BF042385F86C3C36E75D
:10500000FFE0CF007A25E00035FA8E3C98100020B2
:10501000C0100020CD9100086B900008CDB40008AE
:1050200099630008E40E00202D23FA3B73900008DA
:10503000E39100080004004800540040022385F872
:105040005C3C95F8F830052B7DD8012404FA03F375
:1050500013F0160F40F0A58013F0290F73D00A202B
:1050600003F000FA4CF6EF030FA90220ADF83C3034
:1050700006F03EFE002800F09480204603F0F2F98E
:1050800013A902208DF84C908DF84D9006F016FD76
:10509000002800F08680BDF84C305BBA03F03F0377
:1050A000082B7ED1424B9DF84C90D3F8040293F824
:1050B00008321C9039463B7105209DF84DB006F032
:1050C00017FE00286DD03B4C4FF2C77804F1100654
:1050D0000FA90220ADF83C8006F00AFE002860D03F
:1050E000012003F0BFF913A902208DF84C908DF830
:1050F0004DB006F0E3FCBDF84C309DF84C909DF8A7
:105100004DB05BBA9BB200284BD007EE903AF8EE58
:10511000E77AE4EC017AA642DAD1274BC5F8B03C35
:10512000264BC5F8B83C264B00221A606223C5F80E
:10513000C03CD5F85C35C5F8C43C0320002385F895
:10514000C83C06F029FED5F8FC3843F00403C5F846
:10515000FC381C4C49F6117647E01446A3E60022C1
:1051600085F8812C184AC5F8602C43F00303174AD0
:10517000C5F8642CC5F8FC38D5F8603C9847A0E623
:10518000A8F10203032B7FF6A9AEB8F1010F04D1F9
:10519000D0E6B8F1000F3FF4CDAE002385F8823C95
:1051A0009AE695F85C3C43F0200385F85C3CD0E738
:1051B00070150108EC10002099BD000855BB0008CF
:1051C0001C11002000080048B9B4000865630008FD
:1051D000A38A9BB283F40053A382A38A9BB283F475
:1051E0008043A382642003F03DF93B460222002164
:1051F0004020ADF8706003F021FE0028E8D0D5F81B
:10520000243C012B02BF95F85C3C43F0400385F839
:105210005C3C95F85C0C00287FF4DDAE95F8203CF2
:10522000C24C43F0020385F8203C4FF40053238521
:105230004FF48043A3610F26A38A9BB283F40053EB
:10524000A382A38A9BB283F48043A382A38A9BB2E6
:1052500083F40043A382192003F004F9013E1920CE
:1052600003F000F916F0FF06E6D14FF48043A36186
:105270004FF40053A3614FF40043A361D5F8FC3809
:105280001B0705D5D5F8843C9847012385F8C93C10
:10529000D5F84C37DFEDA66A1B7BA5F8CA3CBAF8F7
:1052A0002230A44807EE103AB8EEC77A1A22C6EEAA
:1052B000877AFF219FEDA07A67EE877AC0ED007AAA
:1052C000A0F206300AF0F0FFD5F8FC180123002206
:1052D0008F0785F8003985F8012907D585F8023947
:1052E000032385F80039022385F803394C0708D5D4
:1052F00095F800395A1C2B4485F80029032283F8BD
:10530000012995F8003911F00A0F03F10102D2B218
:1053100010D0E9182A44042081F80109052182F8F7
:105320000119DA1C023355FA83F385F800290622A5
:1053300083F80129D5F8D077B80608D595F8003953
:105340005A1C2B4485F80029072283F801296B7920
:10535000082B01D00E2B08D195F800395A1C2B448C
:1053600085F800290B2283F8012995F80029A9184E
:105370000C20531C81F801097907DBB205D52B44B9
:105380000232102183F80119D3B25A1CE918D2B2A3
:1053900012207C0585F8002981F8010909D595F8C6
:1053A000B81131B102332A4485F80039132382F849
:1053B0000139B80508D595F800395A1C2B4485F8F1
:1053C0000029152283F80129F90508D595F8003937
:1053D0005A1C2B4485F800291A2283F801299822A7
:1053E00000215648564C0AF05FFF012003F0A6F951
:1053F0004FF04C0B00286AD1D5F8EC39B5F944C10F
:10540000C5F8EC384F4BC5F8783B0022A5F8F826D4
:1054100085F8FA26C5F81C27C5F82027C5F8BC363C
:1054200085F8C92AD5F8B416B5F8440103F2324616
:10543000624603F6DE13F82526F8022B0135D4F870
:105440005C25EDB202F516720A2D43F8042B65D1E6
:10545000FA0454BFB4F84A310346A4F86E3501F19A
:10546000500591F87D30ABB991F87F2091F88030EC
:105470009A420FD2002A6BD0013A02EB820202EB71
:10548000820202F5617293B291F87E2004EB42022F
:10549000A2F8703504318D42E3D13B076DD594F805
:1054A0003E21062A63D8DFE812F05B003A043D048F
:1054B00067048904A404A4040BFB06FA04EB0A099C
:1054C00099F8368AB8F1000F04D00136F6B2022EF0
:1054D000F2D191E702791C4B90F90000CDF80480DD
:1054E00003EB820303220092D3F80C3242460121DF
:1054F00006F0FAFE039068B1144848224146504431
:105500000AF0D2FE039BC9F8EC3901231E4489F846
:10551000363AF6B2012003F0EBF86BE7022D9DBF9F
:10552000B4F84621643212B2624685E700080048AA
:105530000AE81C41681000200000C8424C0E002000
:10554000600400209605002070150108500E002010
:10555000013303EB830303EB830303F5617393E7E9
:1055600045F2F053A4F8CC3C06F0F6FE28B908202A
:10557000FAF752FEC24BC34A5A6317F4804F18BF62
:105580001223BF4D1EBF84F83039BF4B6B6342F20C
:1055900001031F4211D044F62063BE04A4F8CC3CA2
:1055A00041BF082384F83039B84B6B63F80741BF1B
:1055B0000C2384F83039B64B6B6394F83039B54F0F
:1055C000043B84F8313932209F234FF480580DF189
:1055D0004C091CAE139302F045FF0023A7F8288066
:1055E0000422494630468DF8713006F0FFFE9DF8E2
:1055F0007130C7F818809DF872201B0443EA02231B
:105600009DF873201343A44A934200F0338400F3BF
:105610002A84A2F51A42033A934200F0328402F53A
:105620001A420232934200F058840023C5E90B333A
:105630006B6202F0C5FD6379C4F8200D052B04BF31
:105640004FF4C873A4F85235FBF706F84FF47A7399
:10565000DFF87082A4F854350320D4F8B03C9847A2
:10566000DFED8E7A47460837C8ED007A4FF0650ABD
:10567000B0EE677AB0EE678AB5EE407AF1EE10FAD6
:10568000C7ED007A40F05084BAF1010A40F0378447
:1056900094F8E33843F0080384F8E33894F8EC35E1
:1056A00023F0020384F8EC35D4F8D03740F6020238
:1056B0001A4222D00027032384F8AD38394601234B
:1056C000774885F82030C822A4F8B078A4F8B478D8
:1056D000A4F8B278A4F8B6780AF0E6FDD4F85C3500
:1056E000C4F8BC386F4BC4F8E0770020002143E9D0
:1056F000020184F8DC7784F8AC7894F8203C6A4F97
:10570000D4F80880C4F8D08763F07F0384F8203C85
:105710003B464FF0804143F8041B64491960644BD9
:10572000BB604FF49663A4F87235624BAB61624D77
:10573000012284F8342C84F8302D95E80F000DF107
:105740001C0A8AE80F0005F110030FCB0DF12C0E97
:105750008EE80F0005F120030FCB0DF13C0C8CE817
:105760000F0005F130030FCB89E80F0005F140036E
:105770000FCB86E80F009AE80F0007F1180585E8BF
:105780000F009EE80F0007F1280A8AE80F009CE846
:105790000F0007F1380E8EE80F0099E80F0007F1AF
:1057A000480C8CE80F0096E80F0007F1580C8CE8C5
:1057B0000F004FF4967002F055FE4FF48C7207F113
:1057C000680000210AF070FD3C4BDA6942F00702E4
:1057D000DA619A6942F4A5229A615A6942F4C022B8
:1057E0005A6100200F27AA7B696895F80FC002F064
:1057F0000703D20801EB82029B00116A0CFA03FC3A
:1058000007FA03F321EA03031362136A04304CEA34
:1058100003031428136205F11005E4D16279D4F86A
:10582000F018182A9DBF264BD34003F00103002334
:105830008DF866300022881C10F93250022D00F0DD
:10584000A5830132042AF7D100228DF86120C8F324
:1058500040028DF86220C8F380128DF86420C8F3EE
:1058600040328DF85C20C8F3C0328DF85F2018F408
:10587000006229D094F83221D11E4A424A4123E0E5
:1058800000000020A1610008BD610008A5610008BA
:10589000B16100080004004818BA200000000000B0
:1058A000440C0020300D002084110020ABAAAA3F38
:1058B00026B4973EA08601009C1701080010024004
:1058C00000410001640A00208DF86020C8F3004206
:1058D0008DF8652008F001028DF85D20C8F3C00244
:1058E0008DF85E20C8F3804218F4805FB4F8D410BD
:1058F0008DF86320B4F8E020ADF86A101CBFB4F84E
:10590000DC10ADF86A10B2F5FA7FADF8682094BFEC
:10591000BDF86A200022ADF86A2094F8822184F84C
:10592000A42E00225B0018F0090FA4F8A52ECE4A81
:1059300018BF013302EB83034FF6FF79D3F87C32B3
:10594000A3F102080833039338F8020F484500F02A
:10595000C880030A022B00F0C080C44AC0B2012BE9
:105960004FEA001B02EB001040F0A1839DF85D3070
:10597000002B00F0B28004EB0B07002384F8A83E54
:10598000C4F8AC3EC4F8B03EC4F8B43EC4F8E83E37
:1059900084F8F03E97F8493DB7F8442DC4F8FC0E62
:1059A00031468DF87230D7F8400DADF870200223E3
:1059B000C4F8EC9E8DF8733005F006FD94F8A42E23
:1059C000D7F83C5D97F846AD012A18BF00212A6A36
:1059D00008BF0321BAF1000F40F0DF8222F001027C
:1059E0002A62AA69286A22F0F30242EA011220F030
:1059F0000A0042F0010240F00100AA612862AA698F
:105A000022F00C02AA61AA69AA610122002128469B
:105A100005F0E0FB2A88964F92B242F00102BB44A7
:105A20002A809BF847BD584606F010FBBBF11B0FC0
:105A300002D1192006F00AFB8E4AC7F8002F4FF05A
:105A4000000B8D4AC7F8042F2846C7F808BF05F099
:105A500039FB062841D80A214143884A01EB9A01C3
:105A600007EB810C131DCCF88C2DCCF89C3D4FEA34
:105A70009A0C0223E96803FA0CF39BB20B43EB6028
:105A800028234343A2F5BA7203F120011144EFF336
:105A9000128C4FF0500E8EF312880C33134453F8CF
:105AA000042F0AB10A60111D0BF1010BBBF1040FA9
:105AB000F5D100230B605FFA8CFC8CF3118828234E
:105AC00003FB0077D7F8AC3D002B40F0EC82EB688D
:105AD00023F001031B041B0CEB60039B43457FF485
:105AE00033AF674E674D042384F8B8390FCE0FC526
:105AF0000FCE0FC50FCE0FC596E80F0085E80F003B
:105B0000D4F8D037D4F83067D4F82C0703F4805297
:105B1000A5F262650023002A00F0FC82818825F846
:105B2000021B01330C2BF6D194F8373D8DF81C3055
:105B300094F8383D8DF81D30534B0F934FF0904340
:105B4000CDE913334FF44173ADF82C304F4B504F28
:105B5000DFF85CA1CDF880A04FF0A041CDE91C1387
:105B600001204FF0805313AD0BAE4FF0020B0DF13F
:105B70001C090DF13C08CDE91E03464B21931CA8DE
:105B80002597CDF89CB0CDF88890CDF88C802495E1
:105B9000269606F031F994F8302D8DF81C2094F8F3
:105BA000352D8DF81D2094F8362D8DF81E203A499C
:105BB0003A4A0F922022ADF8402007C985E8070035
:105BC000374ADFF8F0C011889278ADF82C10B27027
:105BD000344ACDF878B0CDE91CC24FF080530DF1B6
:105BE000700C0320CDE91F3A2790A7F10F03604600
:105BF0002193CDE9229825972495269606F0FCF866
:105C000094F8333D8DF81C304FF40053ADF83C3020
:105C1000254B13930523DFF8A0E08DF82C30234BA0
:105C2000CDF878B0CDE91CE34FF00053CDE91F3A31
:105C3000184B25971A1D2192012227921CAA104663
:105C4000CDE922982495269606F0D6F894F8312DC1
:105C50008DF81C2094F8322D8DF81D2094F8342DE9
:105C60008DF81E202AE000BF701501089C1100204D
:105C7000600400200D640008FD630008601300202C
:105C8000FC1701083014002008000400080002403E
:105C9000F10A0020F01400203C1801080400100054
:105CA0009F1E0108080402400004004858040240F6
:105CB000003600100001005000040050C549C64ADB
:105CC0000F924FF48052ADF8402001F10C0207CA48
:105CD00085E80700C14AC24B11889278ADF82C10B4
:105CE000B270C04ACDF878B0CDE91C324FF0005305
:105CF000CDE91F3ABC4B25970320063327901CA8FB
:105D0000CDE9229821932495269606F075F81E2059
:105D100031B0BDEC028BBDE8F04F02F0A3BB42F600
:105D2000F8231FE442F6F823B04AA4F8CC3C000163
:105D30000A23B0FBF3F00023A0F5B0600133122B6F
:105D400042F8040BFAD1AA4AAA495163402084F8C8
:105D5000303902F0F3FC00283FF409AC01234FF086
:105D6000070890F90000A44ACDE900384021A34B70
:105D700006F0BAFAFFF7FABB42F6F823A4F8CC3CD7
:105D80009B4B9F4A5A634020102384F8303902F01D
:105D9000D5FC00283FF4EBAB01234FF0000E994AED
:105DA00090F90000CDE9003E4FF4E133402106F0C8
:105DB0009BFA003818BF0120FFF7D8BB42F6F82342
:105DC000A4F8CC3C8A4B904A5A634020082384F8BC
:105DD000303902F0B3FC00283FF4C9AB01234FF087
:105DE000000C90F90000894ACDE9003C4FF4E13302
:105DF000DCE742F6F823062AA4F8CC3C4FF00C036B
:105E000018BF052284F8303984F81C3D784B84F89B
:105E10001D2D4FF000050CBF21211B217C4A08BF1E
:105E20007C4E84F8185D4FF0400018BF4FF4E13607
:105E300084F8195D84F81A5D84F81B1D5A6302F01A
:105E40007DFC00283FF493AB012390F90000724AD7
:105E5000009301953346402106F046FA401B18BFD7
:105E60000120FFF783BB6D4A934236D00132934243
:105E70007FF4DBAB4FF001236B624FF40052684BB1
:105E800004E0684B6B62664B4FF400421A852B8D21
:105E9000AF8C1B025F43EB6201232F6384F8B6399A
:105EA000002F3FF4C6ABFF0A4FF0000ABA450DDAE7
:105EB0000AEB070808EBD8784FEA68081022314649
:105EC0004FEAC82006F08CFB0F280CDCFF0206F01E
:105ED000E9FAC4F87479FFF7ACBB534B6B624FF42B
:105EE00080424F4BD2E73246002352F8041B013167
:105EF00040F012810133042BF7D14746D6E74FF02B
:105F0000230B02F05DF905F0F1F90A2002F0AAFA7C
:105F1000BBF1010B454BF4D193ED007AD3ED027A3E
:105F200088ED007AFFF7A8BB88ED008A87ED008A2C
:105F30004FF00F0B4FF00A0A02F042F905F0D6F9C4
:105F40000A2002F08FFABAF1010A384BF4D1D8EDE9
:105F5000007A93ED007AD7ED006A37EE277AD3ED19
:105F6000027A88ED007A77EEA67ABBF1010BC7EDD5
:105F7000007ADFD1F2EE0E6A87EE266A87EEA67A05
:105F800088ED006A87ED007AFFF782BB01EBC20162
:105F90008A88003A18BF012257E4BAF1040F47D1AA
:105FA00022F010021204120C2A62AA69286A20F058
:105FB000A00022F47342000442EA0132000C42F4D1
:105FC000807240F01000AA612862AA6922F440623F
:105FD00018E500BF3C18010800800040A31E01081E
:105FE000000500501C040240F01400203011002075
:105FF00000000020C9610008F5810008A0860100AA
:10600000F96100084982000809620008018300085C
:10601000ED62000890D00300998300081740EF005C
:10602000000800482000000180000001680A0020EC
:10603000BAF1080F1DD122F480721204120C2A62E8
:10604000EA69286A92B222F0F30242EA01124FF2A0
:10605000FF51014042F0010241F48071EA6129627E
:10606000EA6922F00C021204120CEA61EA69EA61A0
:10607000CBE422F480521204120C2A62EA69286AE4
:1060800022F440721205120D42EA013245F6FF7108
:10609000014042F4807241F48051EA612962EA6968
:1060A00022F44062DFE7EB6843F0010314E5032BC1
:1060B0007FF413AD94F8A63E9DF863209D0052B185
:1060C00000234FF6FF72082105F030FA6319C3F878
:1060D000BC09134B11E0BDF86810BDF86A30B1F58A
:1060E000FA7F11D90F4AB2FBF1F2122192B205F0F8
:1060F0001DFA6319C3F8BC090B4BC36094F8A63EA4
:10610000013384F8A63EE8E4084AB2FBF1F201212B
:1061100092B2D9E7B18802E508F1010AB846ECE687
:10612000ED63000880A81201CD63000840420F0013
:10613000F0B50124B0FBF4F58D4203D200261CB962
:106140001C70F0BD4C43F5E7B0FBF4F5B4FBF1F780
:1061500004FB15002EB9002D03DC8C420CD33C4609
:10616000EDE7092D08DD002A0CBF572437242C4405
:1061700003F8014B0136F2E73024F8E738B5074D54
:10618000044600236A6895F9001003B138BD002A5F
:10619000FCD0A142FAD190470123F3E78C100020F4
:1061A00000207047014B33F811007047EE150020B6
:1061B000014B33F811007047EE150020014B33F806
:1061C00011007047D80D0020094BDFED0A7A03EB70
:1061D000810393ED007AB8EE477AF6EE046AE7EEB3
:1061E000267AFCEEE77A17EE903A98B2704700BF35
:1061F0003011002000005C44024B33F81100C0084D
:10620000704700BF9415002007299ABF024B33F84E
:1062100021000020704700BFCC15002003788B427E
:106220000AD9064B53F82100054B1B7803B14008EF
:1062300000F5777080B2704700207047201500206D
:10624000501800200022254970B5134641F221065E
:1062500084180C44647883EA042308241DB2002DBA
:10626000B4BF86EA45055B0004F1FF34B4BFABB2AE
:106270009BB214F0FF04F1D10132192AE8D100F1E8
:1062800019020A44547800F11A020A44527802EBC7
:10629000042292B29A420CD1114B124C1A7800EBA4
:1062A0004202D2B24FF4AF65904203D10E4B0122AD
:1062B0001A7070BD461CF3B2013351FA86F60B44D6
:1062C00076785B7803EB06239BB26B431B1303F5D5
:1062D0004873023024F8023BC0B2E5E750180020B2
:1062E0007C110020721800207811002003788B4266
:1062F00083BF034B03EB4103588C0020704700BF62
:1063000050180020084BDA68D10709D4DA68D206A1
:1063100008D4DB6813F0040F0CBF0420032070477F
:1063200001207047022070470020024081617047C1
:1063300001857047838A9BB24B4083827047024637
:106340004FF08043934202D8002013B970479B0856
:10635000F8E7C11891424FEA50009CBFC018521A8A
:106360009B08F2E737B50B4B04465D6858786A46E0
:106370000621A84758B1BDF800305BBA2380BDF8AC
:1063800002305BBA6380BDF804305BBAA38003B00F
:1063900030BD00BFD010002037B50B4B04465D6800
:1063A00018786A460621A84758B1BDF800305BBA94
:1063B0002380BDF802305BBA6380BDF804305BBA5D
:1063C000A38003B030BD00BFD0100020064B53F8AF
:1063D00020301A681B89A1F57A7159434FF47A73FA
:1063E00091FBF3F1116070471C0E0020024B53F833
:1063F00020301B68196070471C0E0020024A136C85
:1064000001330B441364704708130020324B186C9F
:106410009A680144F0B48A1A9960596040F68C2158
:106420008A42DA603CD9197893F9452093F9004003
:10643000914229D10A1F082A26D893F84620182A03
:1064400003D8013283F8462001E083F8444093F9F1
:10645000442091420FD193F8471061B11F48204D5D
:10646000002106468A4211DC00210C2A14D11D4964
:106470000A7801320A70012283F84720002283F84B
:1064800045401A70F0BC70470022DBE755F8047FE6
:1064900020F8027B0131E5E726F812100132E4E72B
:1064A00093F847100029EDD0A2F2EF2040F2DA5124
:1064B000884208D819780B2905D8081D013143F8FE
:1064C00020201970DEE70021F0BC074883F8471050
:1064D000302209F0E9BE00BF08130020EE150020AD
:1064E00014130020EC15002018130020836A816922
:1064F000426B1944D160416A8B422BBF0169CB1AB0
:10650000C91A536028BF51604FF0000380F844302F
:10651000136828BF002143F00103816213607047B4
:10652000036B10B502464BB1046C59680B1B8C42CF
:10653000D8B202D9D3681844C0B210BDD0E9074020
:106540008442C1B238BFD068E3B236BFC018581A0F
:10655000401AF1E7D0E909120369914238BFC9181E
:106560008A1A416B581E19B14B681A44904202D9DD
:10657000801AC0B2704700207047436B13B190F887
:1065800044007047D0E909031B1A5842584170472C
:10659000034610B51C6B4069D96844B11A6C8C1A5B
:1065A000013A005D18BF1146C0B2196410BD1A6AE5
:1065B000805C01328A4238BF1446C0B21C62F5E7E3
:1065C00010B4426A8469A154426A016901328A4264
:1065D00028BF00224262426B2AB11368DB0707D44E
:1065E0005DF8044B82E7026D136843F0800313608B
:1065F0005DF8044B7047026D036B70B5D5690446B6
:1066000033B9A90604D5C36ADBB1908C80B2984730
:10661000616B81B92A060ED5A26A606A236D824237
:106620001CD0501CA669A062B25CD2B21A85236944
:10663000984200D3A1622B0742BF236D08221A6241
:1066400070BDE169928C40694E1CD2B2E661425441
:10665000E169E268914228BFE361D9E71A6822F054
:1066600080021A60E7E72DE9F0410669C3681E4021
:10667000F70704460D4621D4B0072ED4710707D57D
:106680006FF0040323616868A16B036889B29847BF
:10669000320707D56FF008032361A868E16B036830
:1066A00089B29847F30621D56FF010032361E8689B
:1066B000216C0368BDE8F04189B218476FF001030F
:1066C0000361C16A2F6A1FFA81F8002FD4D03B689A
:1066D0003846414698477F68F7E76FF00203236129
:1066E0002868616B036889B29847C7E7BDE8F08105
:1066F000036823F001031B041B0C036000230360E9
:1067000043608360C360294B984204D1284A536890
:1067100043F00F0326E0274B984204D1244A5368E4
:1067200043F0F0031EE0244B984204D1204A536802
:1067300043F4706316E0214B984204D11C4A53681D
:1067400043F470430EE01E4B984204D1184A53683C
:1067500043F4702306E01B4B984205D1144A53685A
:1067600043F4700353607047174B984204D1104AAA
:10677000536843F07063F5E7144B984201D1144A13
:10678000C5E7144B984201D1114AC8E7124B984211
:1067900001D10F4ACBE7114B984201D10C4ACEE709
:1067A0000F4B9842DFD10A4AD1E700BF08000240F0
:1067B000000002401C000240300002404400024041
:1067C000580002406C000240800002400804024071
:1067D000000402401C040240300402404404024011
:1067E00058040240002A70B50CBF202530251C46F5
:1067F00014F8016B0A4601390EB1002AF8DC114683
:1068000004E00468661C0660013925700029F8DC84
:1068100022EAE27219460C4614F8015B15B9D31A44
:10682000C81870BD01684E1C06600D702146F2E765
:10683000F0B54FF0FF33CF08136001F007013D467C
:106840000026052D00D806B1F0BD435DAF4203BF61
:106850000B41DBB20C46344613F0010604D004EBC6
:10686000C50414600135ECE70134082C4FEA5303EA
:10687000F2D1F7E7044B98420CBF044A044A13884C
:1068800001339BB21380704700540040580D002024
:106890005A0D002038B590ED010AD0ED027A2DEDA9
:1068A000028B20EE000A90ED008AA8EE080A04464A
:1068B0000D46A7EEA70A08F071F9B7EE007AC7EE09
:1068C000007A1F4BB3F840200132A3F8402093ED2B
:1068D0000F7A37EE277A83ED0F7AB0EE007AF4EE76
:1068E000C77AF1EE10FA21D5B6EE007AF4EEC77A47
:1068F000F1EE10FA06DC9FED137AF4EEC77AF1EEB2
:1069000010FA1ADD28EE278A012085ED008A94ED21
:10691000017A27EE277A85ED017A94ED027A67EE07
:10692000277AC5ED027ABDEC028B38BD9FED067A61
:10693000F4EEC77AF1EE10FAE4D40020F3E700BFDA
:1069400050180020BD3786350024744901380428CA
:1069500010D8DFE800F00307090B0D00064B074ACB
:1069600013607047064BFAE7064BF8E7064BF6E76D
:10697000064BF4E7064BF2E7F97E00086C000020B6
:10698000556D00085D7300084176000879790008AC
:106990008D7000082DE9F043964E974BD6ED007AA6
:1069A000964AB3F90030B2F900209FED957A954DE3
:1069B0002DED088BF1EE677A8DB0CDED007AD6ED36
:1069C000017A9B1AF1EE677ACDED017A07EE903AE3
:1069D0008D4BB3F90020F8EEE77A09EE902AB3F96F
:1069E0000220B3F9043067EE877A08EE102A0446D5
:1069F00003A96846B8EEC88A09EE103ACDED027ACE
:106A0000FDF710FF9DED060ADDED037A9DED07AA67
:106A10007E4B9DED057A1B68F8EEE99A28EE000A98
:106A2000B8EEC99AA9EEA70A9B78DDED097A28EE9F
:106A30000AAAA9EE270A012BDDED047AA9EEA7AA7E
:106A4000DDED0A7AA9EE27AADDED087A68EE277A4D
:106A5000E9EE877A9DED0B7AE9EE077A40F0C78080
:106A60006B4B1B785B0715D46A490A6892B16B6C53
:106A7000002B1846B8BFD81DA3EBE00307EE103A71
:106A8000B8EEC77A013A37EE277A0A60BDEEC77AC8
:106A900085ED117A6B6C002BB8BF0733DB1007EE66
:106AA000103AB8EEC77A5C4F77EEC78A08F018F94B
:106AB0005A4BD3F8009099F800804146FDF702FC4C
:106AC0003B68B0EE4A0A03443B6008F009F94146CE
:106AD000FDF7F8FB7B68B0EE680A03447B6008F0C2
:106AE000FFF899F801904946FDF7ECFB96ED01AAF5
:106AF000BB68D6ED008A0344B0EE4A0ABB6008F0DA
:106B00006FF8F0EE40AAB0EE4A0A08F0A9F8B0EE2D
:106B100040BAB0EE680A08F0A3F8B0EE40AAB0EEB2
:106B2000680A08F05DF86BEE0A5ADFED3D6AF0EE98
:106B3000657AE0EE667A41462BEE006AF0EE408A16
:106B4000E5EEA68AF0EE464AEAEE264A68EE277A95
:106B5000F0EE4A5A2AEE8AAA2AEEA65AE9EEAA7A54
:106B600068EE288A28EE0A8AD6EE265AE9EE858A49
:106B7000ABEE698AE9EE247A2AEE807AE9EE258A7C
:106B8000A9EE078AC5ED127AFDEEE77AC5ED138A04
:106B900085ED148A17EE900A224DFDF793FBFDEE6A
:106BA000E87A2B684146034417EE900A2B60FDF704
:106BB00089FB6B68FDEEC87A0344494617EE900ADC
:106BC0006B60FDF77FFBAB68174A0344AB6013684B
:106BD00023441360154A136801331360144A136881
:106BE000013313600DB0BDEC088BBDE8F083114B91
:106BF0001B8854E7E8160020780A002016000020C1
:106C000035FA8E3C501800207E0D0020AC0B002081
:106C10004C0A0020B8090020F40F0020B00B00201F
:106C2000000000003C18002004100020001000208C
:106C3000481800202200002008B52DED068BF0EE4C
:106C4000409AB0EE600AF0EE41AAF0EE608A07F0DA
:106C5000C7FFB0EE408AB0EE680A08F001F8B0EE67
:106C6000409AB0EE690A07F0FBFFF0EE408AB0EE02
:106C7000690A07F0B5FFB0EE40AAB0EE6A0A07F065
:106C8000EFFFF0EE409AB0EE6A0A07F0A9FF1A4B48
:106C900028EE007A29EE286A83ED007A29EECA7A76
:106CA00069EE0A6AA6EE007A60EE687A83ED017AF0
:106CB00028EEA97A68EE288AA6EE807AB1EE499A83
:106CC00083ED027A28EE297A28EE0A8A83ED037A88
:106CD0002AEE007AE6EEA97AA6EE297A83ED069AE4
:106CE000C3ED078A83ED088ABDEC068B83ED047A39
:106CF000C3ED057A08BD00BF4000002006EE901AE3
:106D00009FED116A114B9FED127A1B88F8EEE66A2F
:106D1000F7EE005A66EE866A07EE903A85EEA66AAE
:106D2000F8EE677A67EE877A90ED007A76EE276A5A
:106D300087EEA66A70EE477AA6EE277AB0EE470A8B
:106D400080ED007A704700BFDB0FC940601700205C
:106D5000BD3786352DE9F04F2DED048B87B0DFED83
:106D6000B47A0593B34B03921B8808EE103AB24BEA
:106D70001B880093B8EE488A13F0020328EE278A96
:106D800005460493F7EE009A00F01381149BDA890C
:106D9000AA4BB3F90000801A00F2F31740F2E63470
:106DA000A74200F203810028B8BF4042B3F9023085
:106DB0009A1A02F2F31440F2E6339C429CBF82EA34
:106DC000E273A3EBE27395F8502088BF4FF4FA7397
:106DD000002A00F0F1808342B8BF0346C3F5FA737E
:106DE00007EE903ADFED966AF8EEE77A642387EED5
:106DF000A67AB3FBF2F307EE903A37EE697AF8EE33
:106E0000E77AF0EE698AE7EE278AF5EEC08AF1EEBE
:106E100010FA00F1D180F4EEE98AF1EE10FAC8BF61
:106E2000F0EE698ADFF858B2DFF85892DFF858A21E
:106E30009FED849ACB1C0293834B019305F12406AA
:106E40000BF10C080BF118070024029A022C12F81F
:106E5000013F0292F2EE044A40F0B180BAF8041009
:106E6000DFED7A6A0A3311FB03F107EE901AB8EEF0
:106E7000E77AC7EE267A764B95F8551033F9143039
:106E800007EE103A734BB8EEC77AD3ED036A019B55
:106E9000E7EE667A13F8012B019303EE902AB0EE29
:106EA000675AF6EC017AF8EEE33A67EE857A67EE18
:106EB000A37A87EE894A41B1674800EB8400B0EEBF
:106EC000440AFFF71BFFB0EE404AD6ED027A28EEE7
:106ED000057A27EE277AD9ED007AE7EE247ADFEDFE
:106EE0005F4AF4EEE47AF1EE10FA08D4DFED5C4A82
:106EF000F4EEE47AF1EE10FAD8BFF0EE674A89EECC
:106F0000887ADBED007AD8ED006AE9EC014A75EE8B
:106F1000677AABEC015A27EE277AD7ED007AA8EC16
:106F2000017AE7EC016A76EEA77A95F8541037EE0D
:106F3000870A21B14B4800EB8400FFF7DFFEB0EE7B
:106F4000087AC0EE077A96ED057A67EE877A67EEE3
:106F5000A37A87EE897ADFED447AB4EEE77AF1EE30
:106F600010FA08D4DFED417AB4EEE77AF1EE10FAC8
:106F7000D8BFF0EE477A34EE240A30EE270A07F045
:106F8000AFFE3B4BB0F57A7FA8BF4FF47A709842C2
:106F9000B8BF1846374B23F814000134032C7FF494
:106FA00054AF07B0BDEC048BBDE8F08F4FF4FA701E
:106FB000FCE6F0EE698A35E7DFED2F8A32E7039AC7
:106FC0003AF91400514288424FEA440C03DB8242F2
:106FD0001146A8BF0146294A32F90CC0059AA1EB17
:106FE0000C0132F914C0009A614407EE901AF8EED1
:106FF000E77AD207C7EEA46A04D5D5ED127A66EE19
:10700000A77A38E7143313FB00F307EE903A9FEDAD
:107010000F6A049BB8EEE77AC7EE067A002B3FF4BE
:107020002AAF95ED137A66EE876AE6EEA87A22E734
:10703000BD378635601700202C0C0020C8090020C1
:107040000000FA430000C842100C00200000484233
:10705000840D0020E40E0020C818002000007AC330
:1070600000007A43D4180020000096C30000964325
:1070700018FCFFFF9417002000000000920D002074
:10708000A4180020400A0020040A00202DE9F04F37
:1070900089B0CDE90623A34ADFF8B492B2F90030F3
:1070A000B2F90210DFF8ACA2DFF8AC820192002B3B
:1070B000B8BF5B420029B8BF49429BB289B28B423C
:1070C00038BF0B46B3F5FA7F28BF4FF4FA7302932B
:1070D00009F10803059309F114030493924B0393F8
:1070E000002600F10C0307460093354634468F4BCB
:1070F0001B8803F0010003F0020C9B073FD0022C19
:1071000036D0019B069AB3F900305242B2EB430FDE
:107110004FEA430103DC069A8A42A8BF0A46844B21
:10712000BD7F33F91430D21A079B33F914301A4457
:107130003B7A6421534393FBF1F3C5EB8571C5EBB7
:1071400081059D4203DC6D429D42A8BF1D46DAF8D1
:1071500000301A4442F210739A42A8BF1A46754B87
:107160009A42B8BF1A46CAF80020FE7C564336132E
:1071700028B1BCF1000F02D1022C40F0CF80019B5E
:10718000B3F900E0009B0EEB8E0213F80B3C1201EA
:1071900092FBF3F2039BB3F900B0BBF1000F5B4627
:1071A000B8BF0BF10303A2EBA303D8F800201344EC
:1071B000B3F57A5F604AA8BF4FF47A539342B8BFE1
:1071C0001346BBF1000FB8BFCBF1000B1FFA8BFBCE
:1071D000BBF5206F7146C8F800300AD8022C0BD1DD
:1071E000504AB2F90420002AB8BF524292B2642A2F
:1071F00002D90023C8F800307D2293FBF2F3009AF5
:1072000012785A4348BF3F329211BCF1000F7DD033
:10721000022C11D0029B02990298C3F5FA7311FB5C
:107220000EF142434FF4FA7C05FB031106FB0322E7
:1072300091FBFCF192FBFCF2039B404833F902BB4B
:10724000005D0393BBF1000F5B46B8BF0BF1030376
:107250009B1013FB00F36FF04F0093FBF0F30B4414
:1072600097F8551005EE103A41B13548B8EEC50A09
:1072700000EB8400FFF742FDBDEEC05A059B39F9D3
:10728000021B1868049B29F802BC1B68BBEB0101B8
:1072900048BF033103444FEAA10C03EBA103049957
:1072A00041F8040B0491059941F804CB059197F836
:1072B000541061B107EE903A2248B8EEE70A00EBAD
:1072C0008400FFF71BFDFDEEC07A17EE903A15EE35
:1072D000100A104402461C48005D434348BF1F3358
:1072E0006100A2EB6312194B5A52019B02330193C6
:1072F000009B01340133032C0AF1040A08F104084D
:1073000000937FF4F4AE09B0BDE8F08F002893D06D
:10731000022C1ABF3246294671468DE7324629466D
:107320008AE700BF040A0020840D00202C0C0020F6
:10733000920D0020F0D8FFFF80C1FFFFFC0B002062
:10734000C8180020D4180020FF0B0020941700203C
:10735000E0180020240A0020340A00202DE9F04F14
:107360008BB0CDE907210993A44B1B88049313F03C
:107370000203044614D0A24AB2F90030B2F9022046
:10738000002BB8BF5B42002AB8BF52429BB292B2F8
:10739000934238BF1346B3F5007F28BF4FF4007304
:1073A0000293984B984F0193984B0693DFF8848291
:1073B00004F10B0307F1040907F10C0B03930025FB
:1073C0008F4B33F915C0924B33F91560002E3046C0
:1073D000B8BFF01C83100593019B1A46043201923A
:1073E00086EAE672A2EBE67292B2B2F5206F4FEA3D
:1073F0004C0100F2FC80059A1B688A1A1A44B2F507
:107400007A5F844BA8BF4FF47A529A42B8BF1A46AB
:10741000019B039843F8042C10F8013F0390D2110C
:107420005A4310F80B3C4B43049989074FEAA212C8
:107430004FEAA31346D007994942B1EB4C0F4FEAEC
:107440004C0E03DC07997145A8BF7146DFF8E8C10F
:1074500009983CF915C0A1EB0C0130F915C08C441A
:10746000D8F8001042F2107E61447145A8BF714601
:10747000DFF8C8E17145B8BF7146C8F8001094F84C
:1074800008A00CFB0AFA94F81EC00CEB8C0CCCF193
:10749000000EBEEBEA1F4FEAEA1003DC6045A8BF0E
:1074A0006046864694F813C001FB0CFC0299A2EBDF
:1074B0002C324A43A3EB0E0352124B4302EB2C3205
:1074C0000EEB632354490598495D11FB00F1A3EBD2
:1074D000A11A94F8551061B107EE90AA4F48B8EE82
:1074E000E70A00EB8500FFF709FCFDEEC07A17EE16
:1074F00090AA37F9020BDBF8001027F8026C301A5B
:1075000048BF0330D9F800604BF8046B831049F88A
:10751000043B314401EBA00100EE101A94F8541022
:1075200041B13F48B8EEC00A00EB8500FFF7E6FB2B
:10753000BDEEC00A069911F8013B069110EE101A33
:1075400059430AEB0203374AA3EB611322F81530C3
:107550006B1C022B08F104084FF001057FF430AFDB
:10756000089B9A79264B9B880F3213FB02F3284A1B
:10757000B2F904201B11002AB8BF0332002BA3EB81
:10758000A201B8BF5B42322B1E4A32DCA07B93685B
:1075900001FB003324488342A8BF034623488342AB
:1075A000B8BF03469360E2784A432149097803292A
:1075B0004FEAA2120AD9B4F85210B1F5FA7F05D2F7
:1075C0004842904217DC8A42A8BF0A465B13B3F5D3
:1075D000807FA8BF4FF480736FF0FF018B42ACBF78
:1075E000D21852180F4B9A800BB0BDE8F08F0022D2
:1075F0000EE70023D6E70246E8E700BF2C0C002088
:10760000040A0020340A002000190020FF0B00208B
:10761000840D002080C1FFFFFC0B0020C818002053
:10762000D418002094170020FEFFFF0F020000F086
:10763000180E0020240A0020920D0020F0D8FFFF31
:107640002DE9F04F89B0CDE90521BA4A0793B2F987
:107650000030B2F90220DFF81083DFF810A3DFF862
:10766000F8920090002BB8BF5B42002AB8BF52428C
:107670009BB292B2934238BF1346B3F5FA7F28BF4C
:107680004FF4FA73019308F10C0300270393AA4BFC
:107690000293054608F1040B3C463E46A74B1A8868
:1076A00002F001030493A34B02F00200920733F9A6
:1076B000163038D0059A5242B2EB430F4FEA4304DA
:1076C00003DC059AA242A8BF22469D4C34F91670ED
:1076D000D71B079A32F9162017442A7A64247A4372
:1076E00092FBF4F2AC7FC4EB847CC4EB8C04944238
:1076F00003DC64429442A8BF1446DAF80020174421
:1077000042F210729742A8BF17468E4A9742B8BFFE
:107710001746CAF80070EA7C5743049A3F1312B127
:10772000002800F0FF80029AB2F9002082EAE27C91
:10773000ACEBE27C1FFA8CFCBCF5206F00F2E98018
:10774000002A0099B8BF033203EB830E91F801C001
:107750004FEA0E1E9EFBFCFCACEBA20CD9F80020FD
:107760006244B2F57A5FDFF808C2A8BF4FF47A52DC
:107770006245B8BF6246C9F800204FF07D0C92FB0D
:10778000FCFC009A127B61464A4348BF3F3292118B
:10779000002800F0C0800198019910FB03F3C1F5A7
:1077A000FA7104FB01334FF4FA7C93FBFCF0019B6C
:1077B0005A4307FB012292FBFCF20299DFF8B4C1A5
:1077C00031F9023B1CF806C00291002B1946B8BFE4
:1077D000D91C891011FB0CF16FF04F0C91FBFCF1DF
:1077E000014405EE101A95F8551051B1564804930E
:1077F000B8EEC50A00EB8600FFF780FA049BBDEEE9
:10780000C05A38F9020B039928F8023C181A096883
:10781000DBF8003048BF0330194401EBA00100EE53
:10782000101A03994FEAA00C41F8043B4BF804CB23
:10783000039195F8541041B14448B8EEC00A00EBEA
:107840008600FFF75BFABDEEC00A15EE103A13444E
:107850003F4A10EE101A925D51430A4648BF1F324C
:10786000A3EB621370003B4A1352009A731C01325F
:10787000022B0AF1040A09F1040900924FF00106F3
:107880007FF40CAF069B9A792A4B9B880F3213FB2F
:1078900002F3294AB2F904201B11002AB8BF0332AF
:1078A000002BA3EBA201B8BF5B42322B2A4A3CDC7F
:1078B000A87B936801FB003328488342A8BF034696
:1078C00027488342B8BF03469360EA784A43254974
:1078D000097803294FEAA2120AD9B5F85210B1F576
:1078E000FA7F05D24842904221DC8A42A8BF0A466C
:1078F0005B13B3F5807FA8BF4FF480736FF0FF0177
:107900008B42ACBFD2185218124B9A8009B0BDE816
:10791000F08F00222FE70499002916BF3A46184637
:1079200020464AE73A46204647E70023CCE702468E
:10793000DEE700BF040A0020840D00202C0C00208C
:10794000920D0020F0D8FFFFC8180020D4180020A6
:10795000FF0B002094170020340A0020FEFFFF0FC9
:10796000020000F0180E002014190020240A002044
:1079700080C1FFFFFC0B00202DE9F04F2DED088B9F
:1079800087B00446059390F8543004910292002B7E
:1079900000F01082322BA8BF322307EE903ADFEDC1
:1079A000DA6AF8EEE77A86EEA77AD84B1B88012BC5
:1079B00038BF012307EE903A9FEDD5AAD54BF8EEDC
:1079C000E78AB3F800A028EE8AAA1AF0020337EE7D
:1079D0000A7A0393CAEE079A00F0EF81CE49B1F913
:1079E0000020B1F90210002AB8BF52420029B8BFE6
:1079F000494292B289B28A4238BF0A46B2F5E17F63
:107A000028BF4FF4E17207EE902A9FEDC47AF8EE9A
:107A1000E77AC7EE87AAC24BDFF858930193DFF8E5
:107A20005883C04BC04F009309F1080B04F10C06BA
:107A300000259FEDBEBAB0EE4B9ABD4BB64933F967
:107A4000150031F9153007EE900AB8EEE75AF5EE59
:107A5000047A25EE275A00EE103ABDEEC55ADFED46
:107A6000B57AB8EEC55A1AF0030F25EE275AB8EECC
:107A7000C00A6CD070EE007A029BFDEEE77A5942A4
:107A800017EE90CA8C4503DB63451946A8BF6146D3
:107A9000A94B9FEDAA6A33F915C0059BA1EB0C0118
:107AA00033F915C0A37F06EE903A237AF8EE666AA2
:107AB0006144B1EE047A07EE901A66EE876A07EE2B
:107AC000103AF8EEE77AB8EE477AB1EE669A27EE0A
:107AD000277ABDEEC99A27EE067A19EE103ABDEE66
:107AE000C77A17EE101A994208DBFDEEE66A16EE29
:107AF000903A8B42A8BF0B4609EE103A98ED007AF7
:107B0000AAEE277AFBEE0E7AB4EEE77AF1EE10FADF
:107B1000B8EEC99A08D4F3EE0E7AB4EEE77AF1EE35
:107B200010FAD8BFF0EE477AC8ED007AE37C08EE91
:107B3000103AB8EE488A1AF0010F28EE278ADFEDD6
:107B4000807A28EE278AB0EE48BA40F03C810028BF
:107B5000B8BF404280B2B0F5206F00F2318116F814
:107B60000B3CDFED786A07EE103A60EE266AB8EE5D
:107B7000477AC6EE877A97ED007A77EEC57AAAEE55
:107B8000277ADFED717AB4EEE77AF1EE10FA08D4D5
:107B9000DFED6E7AB4EEE77AF1EE10FAD8BFF0EED0
:107BA000477AC7ED007A337808EE103AB8EE488A83
:107BB000039B28EE278ADFED667A28EE278A5BB1E1
:107BC00070EE497AB0EE490AA7EEAA0A78EE4B7A2F
:107BD000B0EE4B8AA7EEAA8A009B94F8551013F8D2
:107BE000012B9FED5C7A009307EE902AF8EEE77A7E
:107BF00065EE677AA7EE870A21B1574800EB85004A
:107C0000FFF77CF899ED007AA9EC015A35EE475A56
:107C1000DBED007A019B85EE0A7A13F8012B0193C4
:107C200008F104080437013630EE080A37EE677AA7
:107C3000E7EE297A07EE102AB8EEC77AEBEC017A64
:107C400067EEC77A9FED457AA7EE870A07F048F8F6
:107C5000691C434B022923F815004FF001057FF4FE
:107C6000ECAEFDEEE88ADFED3F7A94F857703E4DBA
:107C700018EE903A23F0030308EE903A264BB3F93E
:107C80000480049B9E792A4BB3F90430F8EEE88A0D
:107C900000EE103A88EEA79ABAEECF0A002F00F055
:107CA000BC8088EAE879E778A9EBE87907F018F86A
:107CB0001FFA89F92D4BDFED2E6A06FB09F696FBBC
:107CC000F3F6643607EE100A7E43642396FBF3F363
:107CD00007EE903AB8EEC77AF8EEE77A80EAE073FA
:107CE00067EE877AA3EBE07387EEA67AB3F5207F81
:107CF00007EE908AB8EEE70A30EE470A3EDCB9F1AB
:107D0000640F63D93AE000BF83F9223E6017002078
:107D1000BD3786352C0C0020040A00200000E1430A
:107D2000FF0B0020FC0B0020400A00200000000098
:107D3000840D0020CDCC4C40920D00206F12033CEE
:107D40000AD7A33D0000A043000040C30000404309
:107D50000AD7233CA69B443BC8180020F7CC923896
:107D60009417002000803B45340A00200CFEFFFFE2
:107D70000000A042281900202C0A00200023AB603C
:107D800094F8551011B15448FEF7B8FF30EE080AC8
:107D9000BDEEC00A10EE103A1BB200EE103AB8EE7B
:107DA000C00A06F09DFF4D4B988007B0BDEC088BD4
:107DB000BDE8F08F9FED4A7AF7E5DFED4AAA2AE6A3
:107DC000DFED487AEDE6B0EE490A05E708EB8803F7
:107DD0001B0193FBF7F31B1A07EE903AF8EEE77AD4
:107DE000AA6867EE897AFDEEE77A17EE903A1344B7
:107DF000B3F57A5F3C4AA8BF4FF47A539342B8BFB9
:107E00001346AB607D2293FBF2F3A27B53439B119D
:107E100007EE903AB8EEE78AB2E7760006F060FF28
:107E2000283616FB08F67611301A002E07EE900A57
:107E3000B8BF7642322EF8EEE77A16DCA37BAA684A
:107E400007EE103AB8EE477A27EE277A27EE097A3E
:107E5000BDEEC77A17EE103A9F18244A9742A8BF82
:107E60001746234A9742B8BF17467B13B3F5807F66
:107E7000A8BF4FF480736FF0FF029342FDEEE77AE4
:107E8000B8BF1346AF6007EE103AE27817EE903AAB
:107E900053439B1100EE103A164B1B78032BB8EEA0
:107EA000C78AB8EEC00A7FF66BAFB4F85220B2F5BD
:107EB000FA7FBFF465AFFDEEC07A534217EE901A19
:107EC000994203DB91420B46A8BF134607EE903A56
:107ED000B8EEE70A54E700BFD0180020941700203E
:107EE000AF4C593C0000000080C1FFFFFEFFFF0FB8
:107EF000020000F0180E00202DE9F04F8BB0044670
:107F00000893984B06921B88029313F00203079381
:107F100000F0F180149BD889934BB3F90020121A1A
:107F200002F2F31640F2E635AE4200F2DE80002A9D
:107F3000B8BF5242B3F902301B1A03F2F31540F2F4
:107F4000E630854200F2D480002BB8BF5B429342FA
:107F5000B8BF1346C3F5FA730522B3FBF2F3A27F51
:107F6000643BD21053430A2293FBF2F3643323EAB7
:107F7000E3735BB27D4D7E4803930268D5F8E83029
:107F8000DFED7C7AD31A05EE103AB8EE455A036855
:107F9000C5F8E83025EE275ACB1C774A0593774B76
:107FA000049285ED3B5A05F1F00B05F1F80AA14664
:107FB00005F5827800220598022A10F801EF059055
:107FC00040F09B806E4989880EF1140011FB00F18E
:107FD0004911C5F80C116B4958F8046B31F912704E
:107FE000002F3946B8BFF91CA6EBA106049911F879
:107FF000010B049119F8011F019071434143642062
:1080000091FBF0F1C91100EE101A94F8551051B11E
:108010005D480993B8EEC00A00EB8200FEF76EFEE1
:10802000099BBDEEC00A594999F80BC00988186828
:108030007143C912019E0CFB01F171434FF0640CB6
:1080400091FBFCF10144B1F5001F5148A8BF4FF46A
:1080500000118142B5EEC05AB8BF0146F1EE10FAE8
:1080600043F8041B4FEA613116DDBBF90000DAED7D
:10807000006A381A07EE900AF8EEE77AB1EE087A4D
:1080800077EEE67AB2EE046A67EE877A87EE867A52
:1080900077EE267ACAED007A2BF8027B99F8160063
:1080A000BAEC017ADFED3B6A07EE900AF8EEE77A68
:1080B00067EE877A9DED017AB8EEC77A67EE877A28
:1080C00087EEA67ABDEEC77A17EE100AA1EBA011D3
:1080D00010EE100A0144304820F812100132032A31
:1080E0007FF469AF0BB0BDE8F08F4FF4FA7221E76F
:1080F0004FF4FA732BE764233CE7214830F9126010
:1081000006984042B0EB460F4FEA42074FEA460C52
:1081100003DC06986045A8BF60462049CF5F0899F8
:10812000C01B31F912700299C907384416D40EF1F8
:10813000140111FB06F1079E0911C8F80010002E6A
:108140003FF449AFE67C7043039E7043642690FB86
:10815000F6F001EB2011C8F800103CE7217A41430A
:108160000911F8E72C0C0020C80900205018002045
:10817000BC0900206F12833A100C0020340A002042
:10818000040A0020840D0020C81800206017002079
:108190000000E0FF0000C84294170020920D00206C
:1081A00003681B6818472820FDF7E8BF0920FDF782
:1081B000E5BF024A1368013313607047BC09002011
:1081C00010B50A4B4FF0E0201968846900BF1A68A7
:1081D0008A42F9D1064B19684FF47A7000FB01F31B
:1081E0001B1BB3FBF1F300FB023010BDBC090020E8
:1081F0008810002010B50446FFF7E2FF0F4AD2F8BE
:10820000103140F6AC51C31A8B42C4BF002382F830
:10821000143192F814310A49CC541BB90F2C0BD1EC
:10822000C2F810010133DBB282F81431192B054B6F
:108230000CBF012200221A7010BD00BF5018002090
:10824000511500205015002010B50446FFF7B8FF67
:10825000264AD2F81831C2F81801C31AB3F57A6F5A
:1082600084BF002382F81C3192F81C3143B9A82C3A
:1082700030D11F490B701F490B801F49CC5406E0B9
:10828000022B02D11D490C70F7E7242BF5D91B49AD
:1082900009780133DBB20231B3EB410F82F81C31B4
:1082A0004FEA410017DA1349088880EA042080B2B7
:1082B000082341F2210402B2002AB4BF84EA420238
:1082C000400003F1FF33B4BF90B280B213F0FF035C
:1082D000F1D1088010BD411C8B42FBD1002382F8F4
:1082E0001C31034B01221A70F4E700BF5018002024
:1082F0006A1500206C1500206E1500206B150020FB
:1083000010B50446FFF75CFF0D4BD3F82021C3F8EE
:108310002001821A41F288318A4284BF002283F808
:10832000242193F824210749142A8C540BBF064BAF
:108330000132012283F8242108BF1A7010BD00BF4A
:1083400050180020B5150020B415002010B50446C3
:10835000FFF736FF0D4BD3F82821C3F82801821A06
:1083600041F288318A4284BF002283F82C2193F89D
:108370002C2107490F2AE4B28C540BBF054B013264
:10838000012283F82C2108BF1A7010BD501800205C
:108390000D15002005150020F8B52D4C2D4E2E4F43
:1083A0000546FFF70DFFD4F83031C4F83001C31A89
:1083B000B3F5FA5F82BF002333703B70337853B953
:1083C000A12D08D101223A70E2180133EDB2DBB2DF
:1083D0005570337002E03A78002AF5D11F4D2A78A3
:1083E0009A4208D11E4B1B78052B05D0062B06D0D0
:1083F00000233B703370F8BD0020FDF723FFA37806
:108400001E2BF5D195F800C000250CF1FF3C284645
:10841000654507DB644463789842E9D10320FDF7A2
:1084200011FFE5E7631908225B78DBB280EA0301FC
:1084300041F3000121F07301013A81EA530312F084
:10844000FF02DBB24FEA5000F0D101351846DFE7FA
:10845000501800207A110020791100207B11002093
:108460007D11002038B50446013C00D238BDFFF72D
:10847000A7FE0546FFF7A4FE431BB3F57A7FF9D3A9
:10848000F2E72DE98848064600F040082A4C4FF0F4
:108490001E0B052502273FE0B8F1000F04D0A38A88
:1084A0009BB283F40053A382BAF1000F04D0A38AD5
:1084B0009BB283F48043A382B9F1000F04D0A38A56
:1084C0009BB283F40043A3825846FFF7CBFFB8F179
:1084D000000F04D0A38A9BB283F40053A382BAF1A5
:1084E000000F04D0A38A9BB283F48043A382B9F126
:1084F000000F04D0A38A9BB283F40043A3825846A2
:10850000FFF7B0FF85B1013DC6D14FF4FA70FFF718
:10851000A9FF4FF0960B002557EA050306D006F099
:10852000200A06F00209B7E7013FF4E74FF47A703A
:10853000FFF798FFAAE700BF00080048044A00239D
:108540001370044A1360044A1380044A136070478E
:10855000420D00203C0D0020400D0020380D002071
:108560000E4B30B500220C2404FB02F1CD5C854299
:1085700003D00132102AF7D130BD094A106820B16A
:108580005C18407864788442F6D20B441360054A44
:1085900000231380044A1360EEE700BF8C18010823
:1085A000380D0020400D00203C0D00204300142B0E
:1085B0000C4A30B4A8BF1423002102251424023130
:1085C00099421570547002F10202F8DB064A002845
:1085D00008BF02231344FF2283F8342130BC0F204C
:1085E000BEE700BF841900205018002010B50A789B
:1085F0004B789A421BD20F490430192431F91000EC
:1086000040F633018842A8BF0846B0F5617F40F2CA
:108610008331B8BF4FF4617012FB0412904206DD43
:1086200013FB04139842CCBF0020012010BD002092
:10863000FCE700BFC80900200C4970B500226FF0AC
:10864000180640F6C414437812FB02656B4303F628
:10865000C413057853430132072A05FB03F393FB48
:10866000F4F321F8023BEED170BD00BF020C0020F4
:108670002DE9F0411D4C00220A264FF47A758778C7
:10868000A2EB070E0FFA8EFEBEF1000FBC462ADDEC
:10869000C7F16407FFB290F803800EFB0EF308FBEE
:1086A00003F3C8F1640817FB07F70CEB8C0C93FB82
:1086B000F7F343440EFB03F393FBF6F303EB4C0396
:1086C0001BB22380B1F800C04F880A32A7EB0C0719
:1086D00092B27B43782A93FBF5F39C4424F802CBB7
:1086E000CDD1BDE8F08108BF0127D4E7140C0020EC
:1086F000F0B5104B104C1B6894F84A1100251E1D54
:10870000CAB2032A04D90DB184F84A2100200EE030
:1087100036F831C010EA0C0F01F101074FF00105E6
:1087200006D003EBC1002A44023084F84A21F0BD90
:108730003946E5E7500D002050180020024B00227A
:1087400083F84A21D4E700BF50180020014B0146AE
:10875000186825E54C0D0020064B10B5014604466F
:108760001868FFF71DFD044B1B689A7954409C71F3
:1087700010BD00BF4C0D0020480D002038B5054647
:1087800024200C46FFF7E8FF4D20FFF7E5FF002D02
:10879000084D0CBF3E202120FFF7DEFF2B68002292
:1087A00020469A71FFF7D8FF2B6893F84900BDE87F
:1087B0003840D1E7480D002010B50446C0B2FFF79D
:1087C000CBFF200ABDE81040C6E710B5044680B2D2
:1087D000FFF7F2FF200CBDE81040EDE7034B1B68EC
:1087E000DA79511CD9711344187A7047480D00206A
:1087F00010B5FFF7F3FF0446FFF7F0FF04EB00208E
:1088000080B210BD10B5FFF7F3FF0446FFF7F0FF8D
:1088100004EB004010BD01460020AFE708B5FFF7AC
:10882000CFFC074B00F5B71000F558701860054BEA
:1088300002221A70044A936803F2DC53936008BD65
:10884000000F0020FC0E0020580B002008B5FFF799
:10885000B7FC064B1860064B02221A70054B1A68CB
:10886000054B9A60012283F8212008BD000F0020EB
:10887000FC0E0020BC090020580B0020104B1B6888
:1088800003EB4002117E29B102290DD00D4B33F8C4
:1088900010007047022805D90328F7D10A4A126848
:1088A000D20409D5D8897047507E00EB800000EBD8
:1088B000800000F2EE2070474FF49660704700BFD2
:1088C0001C0B0020C8090020300C002038B52DED0D
:1088D000048B4A4B0C460168C3F84C118188A3F8FD
:1088E0005011023A062A05D8DFE802F052596067B3
:1088F00073798000B3F84C212280B3F84E21628056
:10890000B3F950313E4AA3801278002A3DD1B4F920
:1089100000203C4D09EE102AB4F9022095ED030A1F
:10892000D5ED007A08EE902AF8EEE88AB8EEC99AFA
:1089300028EE800AA7EE890A07EE903AB8EEE78A99
:10894000D5ED067AA7EE880A06F0CAF995ED040A75
:10895000D5ED017A208028EE800AA9EE270AD5ED10
:10896000077AA8EE270A06F0BBF9D5ED057A6080F4
:1089700028EEA70AD5ED027AA9EE270AD5ED087AE6
:10898000A8EE270A06F0ACF9A080BDEC048B38BD38
:10899000B3F84E212280B3F84C215242AFE7B3F82E
:1089A0004C2152422280B3F84E21F6E7B3F84E2113
:1089B00052422280B3F84C21A1E7B3F84C21524235
:1089C0002280B3F84E216280B3F850315B421BB273
:1089D00098E7B3F84E212280B3F84C21F3E7B3F8BF
:1089E0004C212280B3F84E215242ECE7B3F84E21DD
:1089F00052422280B3F84C21F6E700BF5018002005
:108A00003E000020981000209F4B5A6802F00C0294
:108A1000082A2DE9F04140F0AB8059685A68D60326
:108A200049BFDA6A994A9A4C02F00F02C1F38341B6
:108A300048BF013201F1020148BFB4FBF2F25143D9
:108A40000C4604605A68DFF84CE2C2F30312724429
:108A500092F8C0205FFA82FC24FA02F242605D685C
:108A6000C5F30225754495F8C06022FA06F68660C3
:108A70005D68C5F3C225754495F8C050EA40C260F0
:108A8000D3F82C80EFB2C8F303150EEB450518F4AC
:108A9000807FB5F8D050ADB26DD0002D6BD0B1FB5A
:108AA000F5F50561D3F82C80C8F343250EEB450E90
:108AB00018F4005FBEF8D050ADB25ED0002D5CD08F
:108AC000B1FBF5F54561D3F830E0714D1EF0100FA4
:108AD0000CBFAE46A646C0F818E0D3F830E01EF052
:108AE000200F0CBFAE46A646C0F81CE0D3F830E01D
:108AF0001EF0400F18BF254605621D6BED053ED5E3
:108B0000A1423CD1BC453AD14D0045621D6BED04FC
:108B100037D5A14235D1BC4533D14D0085621D6B9F
:108B2000AD0530D5A1422ED1BC452CD14D00C5623A
:108B30001D6B6D0529D5A14227D1BC4525D14D001E
:108B400045641D6B2D0522D5A14220D1BC451ED107
:108B50004D0085641D6BAD041BD5A14219D1BC45E8
:108B600017D16100C164196B890714D1026318E041
:108B7000474C002165E7254693E72546A2E71546C1
:108B8000C3E71546CAE71546D1E71546D8E71546A7
:108B9000DFE78264E7E71A6B02F00302012A16D1CD
:108BA00004631A6B12F4403F20D146631A6B12F42F
:108BB000402F35D186631A6B12F4401F4AD1C66329
:108BC0001A6B12F4400F67D10664BDE8F0811A6B8E
:108BD00002F00302022A02D14FF40042C6E71A6BE8
:108BE00002F00302032ADCD1294ABFE71A6B02F420
:108BF0004032B2F5803F01D14463D7E71A6B02F4EB
:108C00004032B2F5003F03D14FF400424263CDE75A
:108C10001A6B02F44032B2F5403FC7D11C4AF5E767
:108C20001A6B02F44022B2F5802F01D18463C2E7AF
:108C30001A6B02F44022B2F5002F03D14FF4004228
:108C40008263B8E71A6B02F44022B2F5402FB2D12A
:108C50000F4AF5E71A6B02F44012B2F5801F01D1FA
:108C6000C463ADE71A6B02F44012B2F5001F03D1E2
:108C70004FF40042C263A3E71A6B02F44012B2F54C
:108C8000401F9DD1024AF5E70010024000093D0057
:108C900000127A008C1801081A6B02F44002B2F537
:108CA000800F01D1046490E71A6B02F44002B2F520
:108CB000000F03D14FF40043036486E71B6B03F4FA
:108CC0004003B3F5400F80D1004BF5E700127A0066
:108CD0002DE9F041046DD0F80880236823F00103EA
:108CE00094B0236086794779206820F001002060E5
:108CF0006068330320F4405003F40053034363607F
:108D0000236807F00105310223F4B05317F002077E
:108D100001F480614FEA850223F00C0318BF42F092
:108D200008020B431A432260A36823F44073A36034
:108D30006846FFF769FE224B9C4231D10C9A2368AA
:108D40001B0448BF5200B2FBF8F308FB1322B2EB3E
:108D5000580F226828BF0133100406D5C3F342021E
:108D600023F00F031B041B0C13439BB2A381636806
:108D70002D04F10745EA07454BBF1D43AB43656032
:108D80006360A36832074CBF43F0080323F0080375
:108D9000A360236843F00103236014B0BDE8F081B1
:108DA000084B9C4201D10D9AC9E7074B9C4201D167
:108DB0000E9AC4E7054B9C420CBF0F9A109ABEE76F
:108DC000003801400044004000480040004C004092
:108DD00081607DE741717BE70A4B0C2202FB00308A
:108DE000F03070B40E4607C8074C04F5AA7585E844
:108DF000070003EB8603B4F85811D3F8C83170BCF0
:108E0000184700BF8C18010850180020F8B50A4F09
:108E100004460026204603F013FDF5B2A84206F1F1
:108E2000010600D8F8BD605DFFF790FC635D3A78FD
:108E300053403B70EEE700BFF10A00204000F8B558
:108E4000C5B23B48006849F6FF74866936040BD505
:108E5000013CA71CF9D1374B4FF0FF32C3F860211A
:108E6000FDF708FD0020F8BD446824F07F7424F469
:108E7000593424F47F7424F003042C4344F08074A8
:108E800044F4903444602B4C4FF42046C4F86061A5
:108E90008669B60707D4D4F86061771EC4F860719C
:108EA000002EF5D1DCE7816249F6FF71866937064D
:108EB00005D4C4F8601101398E1CF7D1D0E74168A0
:108EC00021F07F7121F4593121F47F7121F00301E8
:108ED000294341EA024141F0007141601A449A423B
:108EE0000DD14FF42043C4F86031002281698D0612
:108EF00016D4013B591C4FF00102F7D109E049F6A5
:108F0000FF718569AF0707D401398E1CF9D14FF085
:108F1000FF33C4F86031A3E713F8011B8162DEE779
:108F20000AB1C4F860312023C36101209BE700BF70
:108F3000540D00205018002000232DE9F743064669
:108F40000D461F4615F80380B8F1000F00D01FB181
:108F5000384603B0BDE8F0835C1CB8F1FF0F15F88C
:108F6000049029D19C1C2A5DB9F1030F3AD8DFE89F
:108F700009F0020B131B1C1D2B44DB7803EB0223AF
:108F8000A6F834312346DDE71C1D2B44DB7803EBC8
:108F90000223A6F83631F5E71C1D2B44DB7803EBE2
:108FA0000223A6F83831EDE71C1D2B44DB7803EBD8
:108FB0000223A6F83C31E5E7B8F1040F12D89C1C57
:108FC0002919424601A803F085FB96F85C0101AB24
:108FD00042464946FFF732FF0028444408BF6FF07D
:108FE0001307CFE76FF00307CCE707B552BAADF828
:108FF000042001AB0222FFF721FF00280CBF6FF015
:109000001300002003B05DF804FB08B506220B46F0
:10901000B021FFF713FF00280CBF6FF013000020F2
:1090200008BD07B58DF807200DF107030122FFF7F2
:1090300005FF03B05DF804FB024680213C20F0E709
:1090400010B50446A1F15000C0B2FFF7F5FF04EBE4
:109050004400400004EB440400F00E00FFF7ECFF76
:10906000E0081030BDE81040E6E70A4601466820F7
:10907000D7E708B5012232210C20FFF7D2FF4FF4C9
:109080007A70FFF7EFF9012231210C20FFF7C9FFB9
:109090000120FFF7E7F9012008BD08B5FFF7C1FF80
:1090A00000280CBF6FF01300002008BD38B504463F
:1090B0000D4601F07F0290F860018A21FFF7EDFF75
:1090C00084F8605138BDF8B53E4D4000C6B22868FE
:1090D00049F6FF7487693F040CD5013CA71CF9D100
:1090E000394B4FF0FF32C3F86021FDF7C3FB00217D
:1090F0000846F8BD446824F07F7424F4593424F4FD
:109100007F7424F00304344344F4903444602E4CC0
:109110004FF42047C4F860718769BF0708D4D4F8BA
:10912000607107F1FF3CC4F860C1002FF4D1DCE7A7
:10913000816249F6FF7187697F0605D4C4F8601122
:1091400001398F1CF7D1D0E7416821F07F7121F4FC
:10915000593121F47F7121F00301314341EA024189
:1091600041F0007141F410514160013B00219142F6
:1091700028680DD14FF42043C4F86031002285697E
:10918000AE0618D4013B5D1C4FF00102F7D109E097
:1091900049F6FF7687697F0707D4013EB71CF9D1EE
:1091A0004FF0FF33C4F860319FE7406A03F8010FC6
:1091B0000131C9B2DBE70AB1C4F860312023C361D1
:1091C00096E700BF540D00205018002008B5134644
:1091D0000A4601466820FFF776FF003818BF0120D5
:1091E00008BD13B5002304468DF8003001226B46FC
:1091F00010210C20FFF767FFD0B19DF80030DB078E
:1092000016D56B46072211210C20FFF75CFF78B1C1
:10921000BDF800302380BDF802306380BDF8043013
:10922000A380012231210C2002B0BDE81040F8E6F5
:10923000002002B010BD2DE9F04F85B0DFF8BCB0C2
:109240000E9D109F01950646894610461C464FF01C
:1092500000084FF0010A0F9B984523D13D6096F816
:109260005C012146FFF7D1FE0546002842D102AB42
:10927000062296F85C01B021FFF725FF002804F1D3
:10928000FF3208BF6FF0130502AB053413F8011B62
:1092900012F8010F88420DD1A242F7D1284605B03D
:1092A000BDE8F08F01AA2946FDF7C2FA019A531CC6
:1092B00003D13D606FF03105F0E702F1B401890997
:1092C0000BEB8101D1F8D411003918BF01214945B8
:1092D000EFD14FEAD20C2F2A02F007059FBF14F8F6
:1092E0000C100AFA05F5294304F80C10551C08F176
:1092F0000108B0E76FF01305D0E700BF8C18010834
:1093000013B5144601AB0422FFF7DDFE019B0028D4
:109310001BBA0CBF6FF013000020236002B010BD19
:1093200013B5144601AB0222FFF7CDFEBDF80430A1
:1093300000285BBA0CBF6FF013000020238002B03E
:1093400010BDF7B590F8DA30013B022B04462AD85D
:1093500090F85C01154F0DF106020E21FFF7E0FFBA
:10936000BDF8065007EA4545B8B994F85C010DF11F
:1093700006020C21FFF7D4FFB5F57F0FBDF806609C
:1093800004D807EA4646B6F57F0F0CD958B9084904
:10939000204603B0BDE8F040CEE5B5F57F0F02D81A
:1093A0006FF01300EFE703B0F0BD00BF0000FE1F39
:1093B00070000020F7B514461F4601220DF1070387
:1093C00005460E46FFF77FFE18B96FF0130003B095
:1093D000F0BD9DF8073004EA03023A4331462846BF
:1093E000FFF71FFE0028F0D00020F0E708B5134675
:1093F0000122FFF768FE00280CBF6FF01300002069
:1094000008BD13B500230C4690F85C018DF80730B9
:109410000DF107020121FFF7E9FF78B99DF8073048
:10942000C3F300122270C3F3C002A270C3F3800220
:109430006270C3F38012DB09E270237102B010BDC9
:1094400037B5044644F6206594F8DA3094F85C01A8
:10945000042B0DF1070211D11321FFF7C7FF9DF86F
:10946000073013F0180F03F0070203D06FF0050068
:1094700003B030BD68B16FF01300F9E71421FFF7B6
:10948000B5FF0028F7D19DF80730DB0703D5002092
:10949000EEE7042AFBD0013D03D00A20FEF7E2FFED
:1094A000D2E76FF00600E3E7F7B50646002290F832
:1094B0005C018321FFF7F1FD0546E0B944F6206722
:1094C00096F85C010DF107028321FFF78FFF9DF8ED
:1094D000073004462BB970B90135BD42F0D16FF0A9
:1094E000060496F85C0101228321FFF7D6FD204394
:1094F00040B203B0F0BD6FF01304F2E713B50129D9
:10950000144614BF5021702190F85C010DF1070240
:10951000FFF76CFF30B99DF8073001335B00237013
:1095200002B010BD6FF01300FAE7F0B585B000246B
:109530000229074615468DF80240ADF8064024D1B1
:109540000DF103022146FFF7D9FFD8B997F85C0166
:109550000DF102024621FFF749FF4C4B9DF80340F5
:109560009DF802205C4304F5FA744FF47A73B4FB5F
:10957000F3F402FB044404F5FA74B4FBF3F42C6036
:1095800005B0F0BD6FF01300E7E703292FD12146A6
:109590000DF10302FFF7B2FF0146002872D10DF171
:1095A00003023846FFF7AAFFF0B997F85C010DF106
:1095B00006025121FFF7B4FEBDF806309DF80640C3
:1095C000324A1B0A9C409DF8033001345343A4B235
:1095D0004FF47A7203F5FA73B3FBF2F35C4304F5CC
:1095E000FA74B4FBF2F4CAE76FF01300E4E702A9DF
:1095F000FFF707FF9DF80B30002B3DD00DF1030264
:1096000021463846FFF77AFFC0BB97F85C010DF1A1
:1096100006025121FFF784FEBDF806309DF8064092
:109620001B0A9C400134A4B240BB0DF1030201218E
:109630003846FFF763FF08BB01AA97F85C01712168
:10964000FFF76EFEBDF804209DF80430120A934027
:1096500001339BB20D499DF803201B1B4A439BB26B
:109660004FF47A7102F5FA72B2FBF1F2534303F54B
:10967000FA73B3FBF1F482E71C46D6E700236FF0E0
:109680001300E7E76FF0130079E700BF002F3A00FF
:109690002DE9F047037C86B00B7004460D4690F828
:1096A0005C0103AAF8210026FFF73AFE28B16FF00B
:1096B0001306304606B0BDE8F08794F85C0104AAB2
:1096C0000421FFF71DFE0028F1D1BDF80C201AB1CE
:1096D000049BB3FBF2F3AB60AB68A36100232B7375
:1096E00094F85C0104AA2021FFF71AFE0028DED1BD
:1096F000BDF810304BBB226A2A6194F85C012377D5
:1097000004AA2821FFF70CFE0028D0D1BDF81030A4
:10971000C3F30B0213F4006F18BFA2F58052FA23B3
:1097200012FB03F36B6104F1270805F117074FF0F3
:10973000000A05F124091FFA8AF3013B042B09D81A
:10974000DFE803F00C1C1E202000DB002B612362ED
:109750000123D2E7636B49F82A3023E094F85C01D7
:1097600004AA4421FFF7DCFD0028A0D1BDF8102099
:1097700053029AB1AB62A363012311E0E36BEAE702
:10978000236CE8E794F85C0104AA6421FFF7C8FDA4
:1097900000288CD1BDF810305B02DCE7A26BAA6216
:1097A00084F829300AF1010A18F8013F07F8013F4F
:1097B000BAF1060FBFD194F85C0104AA0121FFF7AA
:1097C00015FE00287FF473AF9DF8103084F8303117
:1097D000DB0985F83C3084F84C304FF4FA63CDE96E
:1097E000023040F636336B6004A920468DF81160D4
:1097F0008DF81260FFF705FE064600287FF457AF8C
:109800009DF811709DF812809DF8109047EA0803AA
:1098100059EA03031AD002AA02212046FFF785FE67
:1098200000287FF444AFB9F1000F05D0029B03F28A
:109830004E226B6813446B60B8F1000F1DD0029B81
:1098400003F2B2226B6803EB42036B609DF81330A6
:10985000DBB99DF814306BB101AA04212046FFF753
:1098600064FE019B03F226226B6813446B600028A0
:109870007FF41DAF6B6863611BE7002FE6D0029B8E
:1098800003F525726B681344DFE703AA0321204622
:10989000FFF74BFE039B03F525726B6813446B6067
:1098A0000028D6D003E702297FB5044615462DD1FE
:1098B0000DF105020021FFF721FE18B16FF0130032
:1098C00004B070BD9DF80530554A94F85C014FF422
:1098D0007A71534303F5FA734FF4FA62B3FBF2F271
:1098E000B3FBF1F301FB0522B2FBF3F293B2B3F544
:1098F000807F9ABF02F1FF32D2B2FF224621A4F844
:10990000D82004B0BDE87040FFF7C7BB032935D1AC
:109910000DF105020021FFF7F1FD414B9DF80520F7
:109920004FF47A715A4302F5FA724FF4FA63B2FBBC
:10993000F3F3B2FBF1F201FB0533B3FBF2F39AB29E
:1099400042B1531E0022FF2B02F1010113D803EB99
:1099500002239AB2ADF80620A4F8D8200028ADD191
:1099600094F85C015121FFF740FB0028A6D1C4F810
:10997000E4500020A4E75B080A46E4E702A9FFF7E9
:1099800040FD9DF80B60C6B10DF105020021204697
:10999000FFF7B4FD002891D194F85C010DF10602A7
:1099A0005121FFF7BDFC002888D1BDF806309DF895
:1099B00006601B0A9E400136B6B20DF10502012178
:1099C0002046FFF79BFD00287FF478AF144A9DF8EE
:1099D00005304FF47A71534303F5FA734FF4FA628A
:1099E000B3FBF2F2B3FBF1F301FB0522B2FBF3F29E
:1099F000921907D0013AFF2A00F101030DD802EBBA
:109A0000002292B294F85C017121FFF7EEFA00286F
:109A10007FF454AFC4F8DC50ABE752081846EAE7CD
:109A2000002F3A002DE9FF474FF4FA620023CDE9F9
:109A3000003244F61F62914206460F4605D86FF089
:109A40000305284604B0BDE8F08702A98DF8093067
:109A50008DF80A30FFF7D5FC054610B16FF01305FD
:109A6000EFE79DF809809DF80A909DF808A049EA63
:109A700008035AEA0303A7F636341BD001AA0221D1
:109A80003046FFF752FD0028E8D1BAF1000F05D0AB
:109A9000019B03F24E239C42D1D9E41AB9F1000F85
:109AA00025D0019B03F2B223B4EB430F4FEA4302EC
:109AB000C5D9A41A9DF80B3063B16A46032130461C
:109AC000FFF733FD009B03F525739C42B7D90028AF
:109AD000C4D1E41A9DF80C30002BB2D0A4F2262297
:109AE00004213046FFF7DFFE77610546A9E7B8F1AC
:109AF000000FDFD0019B03F525739C429FD9E41A28
:109B0000D8E773B50646002501220B2196F85C01C3
:109B1000FFF7C3FA002204460B2196F85C01FFF719
:109B2000BCFA0DF107020443132196F85C01FFF71C
:109B30005DFC9DF8073064B2044301355B0760B2F9
:109B4000EDB207D0032D0AD00028DDD06FF013004E
:109B500002B070BD032D08BF6FF00B00F8E76FF087
:109B60000B00F5E72DE9F04F9BB090F830310E91E6
:109B70000546002490F85C010593C0220121274688
:109B8000FFF78BFA002840F03D830122802195F8F1
:109B90005C012C74FFF781FA0122FF2195F85C012A
:109BA000FFF77BFA2246214695F85C01FFF775FA2C
:109BB00095F83A2195F85C019121FFF76EFA0122A0
:109BC000214695F85C01FFF768FA2246FF2195F8D7
:109BD0005C01FFF762FA2246802195F85C01FFF7ED
:109BE0005CFA214695F85C010122FFF756FA01461E
:109BF000002840F0078301238DF84C30064644F6D8
:109C000020689DF84C30DB0706F101060BD50029D2
:109C100040F0F582464508D095F85C0113AAFFF79D
:109C2000E5FB0146EDE7464505D16FF006063046F7
:109C30001BB0BDE8F08F002940F0E4822846FFF712
:109C4000FFFB06460028F2D1032385F8323195F850
:109C50005C0110AB0C221421FFF735FA002800F04C
:109C6000D182BDF8423003935BBABDF84660ADF8CF
:109C700032309BB2BDF84A800293B5F8523195F864
:109C8000312176BA98FA98F8B6B2B3F57A7F1FFA0E
:109C900088F84FEA46260DD008FB03F34FF47A719B
:109CA00003F5FA73B3FBF1F3297F002940F09B80A1
:109CB0001FFA83F8002A00F0A1804FEA8813DBB274
:109CC00006934FEA98089DF84020BDF84830C2F34B
:109CD000C302002101925BBAADF84C109BB201990E
:109CE0005B024FF2A102CA40079395F82830049313
:109CF00002F001020D92002B00F0C6812C7F002C97
:109D000000F088802A6A029B5A438032140A06EBCC
:109D1000122295F8E0104FF47A7A0AFB02F908292A
:109D200009F500490CBF4FF0020B4FF0030B5FEA3F
:109D3000194073D1384BC5F840319A466B6B84B2E9
:109D4000002B00F0A48153452CBF4FF0000B4FF0C7
:109D5000010B95F82A90B9F1000F00F0AC8195F84D
:109D60005C01D5F83CA00122FF21FFF796F90028FD
:109D700000F08F816FF01300BDF84C205202C5F83F
:109D80004821BAF1000F00F09481524594BF00229F
:109D90000122002840F0128295F82B10002900F0D3
:109DA0008E81039B002B00F0888102983302B3FB65
:109DB000F0F3286C83422CBF002301230D98002868
:109DC00040F0018201980138092800F2EC81DFE8B7
:109DD00010F0780178017801EA01EA01FC01EA015A
:109DE000FE01FC01FE010298298C4143B6EB212FB4
:109DF0004FEA212005D152B948F6E0280023069306
:109E000061E79BB27343311AB3FBF1F350E742F2BF
:109E1000B82852E732467CE7AE878F02DFF8D4C31A
:109E2000D5F8DC3008930CFB01F101F5FA730A93C5
:109E3000D5F8E430099395F8E83009990CFB03F361
:109E400003F5FA734FF4FA6CB3FBFCFE0AFB01EE68
:109E50000A99B1FBFCFC0899B3FBFAF30AFB01CCAD
:109E6000BEFBF3F30A99B1FBFAF1BCFBF1FC6344CE
:109E70000BFB03F340F27761DB0203F5FA73B3FBEC
:109E8000FAF34B4303F5FA73B3FBFAF102F18003E3
:109E90000A931A0A079B0F914A4302F1800C0AFBAE
:109EA00003F2CD4B1A40B2FBF0F2CC484FEA1C2C27
:109EB000824228BF0246BCF1010F4FF4167038BF32
:109EC0004FF0010C00FB02F30C2000FB0CF00B9395
:109ED000FCF735FAC04B0AFB04F4B4F5481F09EA55
:109EE000030928BF4FF4481409F5FA79A9EB440493
:109EF000BB4BB9FBFAF9B4FBFAF42402B4FBF9F456
:109F00002402C4F5803441F25C2203FB08F3B3FB66
:109F1000F2F35C4304F50044640C04F5004464432C
:109F20004FF44873A40B5C430B9B04F5004403F50A
:109F30000049240C64434FEA19494FEA400B09FBDE
:109F40000940FCF7FCF903046422323341F2883AF9
:109F5000B3FBF2F340F6B532B3FBFBF302FB03AA0B
:109F6000A04B0F990F919A459CBF42F21073BAFB18
:109F7000F3FADDE90832134403F5FA734FF47A7B00
:109F80004FF4FA62B3FBFBF0B3FBF2F202F5C81236
:109F9000B2FBF0F088BF4FF4704AFCF7D0F9000232
:109FA00000F5FA70B0FBFBF040430AFB0A00FCF737
:109FB000C6F98D4B0F990BFB00FA9A45B5F854B1D1
:109FC00028BF9A46D5F85831C5F840A103FB0BF3DA
:109FD00080331B0A03FB0BFB002E53D0834B0A9AE2
:109FE00003EA822303EB5603B3FBF6F303EB4303CD
:109FF0005B4303F500431B0C062009F10309B9FB81
:10A00000F0F9C9EBC909B9F5803F37BF0B9A784A17
:10A010000332B2FBF0F23FBFC2EBC20202F50042D4
:10A02000120C524304EB510414440BF12000B4FB16
:10A03000F1F4A403FE227F348009B4FBF2F45C4304
:10A0400004F5FA744FF47A73B4FBF3F4FCF777F980
:10A05000240104F5FA74B4F57A7F814623BF4FF4E6
:10A06000FA604FF47A73B4FBF0F0002022BF58443A
:10A07000B4FBF3F4B0FBF4F0FCF761F9484528BFFA
:10A0800048465BE63346B7E7DDF810B061E69B462D
:10A090005FE613AA95F85C01B621FFF741F9024685
:10A0A00000287FF467AE95F85C01FF21FEF7F5FF0D
:10A0B00062E652466DE64A466EE6039B79E60B463B
:10A0C0007CE60527049895F829C0002808BF4BF0C6
:10A0D000010B019885F82EB004281ABFBCFA8CF049
:10A0E00040090120B9F1000F08BF42F00102002928
:10A0F00008BF43F0010385F82F0085F8302085F86C
:10A10000313005F1500CBCE80F000DF14C0EAEE8FB
:10A110000F009CE8070000238EE807001493079BBC
:10A120001793BDF83230ADF86030069B16968DF867
:10A1300063308DF8647013AEADF85640ADF85480BE
:10A140000FCE05F150040FC49EE807008CE807000D
:10A150002846FFF7D6FC064600287FF468AD95F840
:10A160005C010122FF21FEF798FF00284AD10E9AD8
:10A1700095F85C01B621FFF7D3F8002842D195F895
:10A180005C013246FF21FEF788FF00283AD1059A8C
:10A1900095F85C010121FEF780FF064690BB059B08
:10A1A00085F8303143E5012A11D00198042810D0F8
:10A1B0007BB9BBF1000F1FD10F465A463946002725
:10A1C0003B463C467EE7FF277CE704277AE70327E8
:10A1D00078E7022776E700BF0000FFFF66666600AB
:10A1E0009A9906000F279F24AE878F020000FCFF7C
:10A1F0000000F0FF002F3A005F461A4662E746452E
:10A200003FF413AD6FF0130611E510B541F00102F4
:10A210000446002190F85C01FEF73FFF78B9204624
:10A22000FFF70EF968B92046FFF76BFC48B9024604
:10A23000014694F85C01BDE81040FEF72EBF6FF0B8
:10A24000130010BD2DE9F3474FF0000A054688467C
:10A2500090F85C019DF828708DF807A0FF21164644
:10A2600001229946FEF719FF52460446514695F8D9
:10A270005C01FEF712FF52460443FF2195F85C0192
:10A28000FEF70BFF64B2044364B2B9F1000F07D0CC
:10A2900095F85C014246CB21FFF7A8F8044364B26D
:10A2A00047B195F85C010DF10702EE21FFF79EF82A
:10A2B000044364B295F85C010122FF21FEF7EDFE34
:10A2C00001220443002195F85C01FEF7E6FE64B22A
:10A2D0000443002295F85C01FF21FEF7DEFE64B224
:10A2E0009DF80730204323F0100340B2337002B0D2
:10A2F000BDE8F0872DE9FF471546012290F830713F
:10A300000446884690F85C014FF0000A11461E464C
:10A310008DF80FA0FEF7C1FE8146B0BB402120465C
:10A32000FFF773FF60BB012E34D1009033460DF16F
:10A330000F0241462046FFF785FF40BB94F85C01C1
:10A3400002220121FEF7A9FE804658BB01462046A5
:10A35000FFF75BFF08BB012E22D1034600962A4679
:10A360000DF10F012046FFF76DFF80B994F85C01F5
:10A370003A460121FEF791FE48B984F8307101E0B8
:10A3800088F8009004B0BDE8F08788F800A06FF06E
:10A390001300F7E788F80000D0E785F80080F1E7C0
:10A3A0002870E3E700232B70F1E72DE9F04F00233D
:10A3B00091B0CDE90712B0F83C61C0F82431A0F8A3
:10A3C000283101220446FF2190F85C018DF82D30E0
:10A3D000CDE90C338DF82C30FEF75FFE024628B134
:10A3E0006FF01305284611B0BDE8F08F94F85C01BA
:10A3F0004F21FEF752FE0028F2D12C2294F85C0186
:10A400004E21FEF74AFE02460028E9D194F85C018D
:10A41000FF21FEF742FE0028E2D1B42294F85C014D
:10A42000B621FEF73AFE02460028D9D194F85C0125
:10A430008021FEF732FE03460028D1D10BAA0DF190
:10A440002D012046FFF756FF05460028CAD104F526
:10A450009573059304F5927703230DF13408CDE944
:10A4600000030146CDF808803B4604F5957220466E
:10A47000FEF7E1FE05460028B4D10DF12E0120467D
:10A48000DDF83490FFF76EFB05460028AAD1BDF831
:10A490002E20B24253D96149C4F82401A4F82801FE
:10A4A00009F1B402920901EB8202D2F8D42112B967
:10A4B000B9F12B0F40D94FF0030ACDE9009A059A64
:10A4C000CDF808803B4601212046FEF7B4FE002867
:10A4D00040F0A1800DF12E012046DDF83490FFF709
:10A4E00041FB002840F09780BDF82E20B24200F2D8
:10A4F00089804FF0010B964240F28780921B82EADE
:10A50000E273A3EBE27306930323049304F59273BF
:10A510005FFA8BF80993099B93E803000CAA0E904D
:10A52000ADF83C1005984946FCF782F90C9B5A1C83
:10A5300008D16FF031006EE009F10109B0E74FF08A
:10A54000000BD8E7354903F1B402920901EB82020E
:10A55000D2F8D421003A18BF01225A453AD1049AC0
:10A560002F2B02F1010A4FEAD30C03F00701E0D8C8
:10A570000120884017F80C10014307F80C103946E9
:10A5800094F85C0103F10109FEF73FFD002840D17A
:10A590000DF12E012046FFF7E5FA00283BD1BDF86A
:10A5A0002E00811B0029B8BF4942B04226D9069B24
:10A5B0008B4211D20EAE314694F85C01FEF725FDB8
:10A5C000034696E80300C4F82401A4F82811002BE0
:10A5D0007FF406AFDDF810A0079BC3F800A0089B2E
:10A5E00083F80080012384F81531079B1B6884F8E9
:10A5F0001331089B1B7884F81431F3E6CDF810A0D2
:10A60000069188E74FF00108E6E74FF00008C246E0
:10A61000E2E76FF013000546E4E600BF8C1801087E
:10A620002DE9F04F804B002504469DB02A46C0F826
:10A630006031061D88212920FEF72FFD4FF47A7323
:10A64000A4F856314FF4C873A4F85831774BC4F8C6
:10A650005C31774B84F8F4506562C4F8D8300CA9AB
:10A6600030468DF830508DF83150FFF711F805461F
:10A6700090B9ADF830000DF1300CBCE80F0004F1DA
:10A6800014070FC7BCE80F000FC7BCE80F000FC7C7
:10A690009CE80F0087E80F00664BC4F838314FF490
:10A6A000FA730127A4F83C314FF42063A4F8403139
:10A6B0003A46802194F8600184F85471FEF7EDFC6D
:10A6C0003A468046FF2194F86001FEF7E6FC00223E
:10A6D00048EA0008114694F86001FEF7DEFC45EAFE
:10A6E00008056DB20DF1280805434246912194F802
:10A6F0006001FEF77BFE6DB29DF8283084F83E3194
:10A7000005433A46002194F86001FEF7C6FC6DB29D
:10A7100005430022FF2194F86001FEF7BEFC6DB2F4
:10A720000543002294F860018021FEF7B6FC6DB26B
:10A7300005436DB24FF0000904F12C0A002D46D1FB
:10A740001FFA89F3013B042B04D8DFE803F04350E0
:10A7500054586000012384F82C300AF8097009F17C
:10A760000109B9F1060FE9D18DBB94F86001E585C7
:10A770000223FE226021FEF71DFE40BB94F860011B
:10A7800084F830501023EF226021FEF713FEF0B959
:10A790004FF49013A36394F82D3084F83150CBBB61
:10A7A0004FF480454FF40C13C4E90F530023FF25E9
:10A7B00094F86001636484F834512A460121FEF75D
:10A7C0006CFC4FF0010B84F836B18246A0B36FF0F9
:10A7D000130955E1E26B94F86001C2F34F22442162
:10A7E000FEF703FC0028B8D06FF01305B7E701238C
:10A7F00084F82E30B1E7012384F82F30ADE7002331
:10A80000FE2294F860016021FEF7D4FDEAE7002300
:10A81000EF22F6E794F8600120224421FEF7E5FBE1
:10A820000028BDD0D3E700BF29019001856B01004E
:10A83000A4700900640084039C4F84F8190187F810
:10A840006401014640220CA805F02EFD94F8F49016
:10A85000ADF81EA0B9F1070F8DF81BA08DF81CA054
:10A86000CDF820A000F0FA805A46802194F86001CB
:10A87000FEF713FC294605905A4694F86001FEF74E
:10A880000CFC059B03435BB25246514694F86001B1
:10A890000593FEF702FC059B03435BB229460622A3
:10A8A00094F860010593FEF7F8FB059B03435BB248
:10A8B0000DF11D02832194F860010593FEF796FDCA
:10A8C000059B9DF81D2003435BB242F004028321E7
:10A8D00094F860010593FEF7E0FB059B03435BB230
:10A8E0002946072294F860010593FEF7D6FB059BE5
:10A8F0005A4643EA0005812194F86001FEF7CDFB3A
:10A900006DB205430A20FDF7ADFD94F860015A468B
:10A910008021FEF7C2FB6DB2054319F001036DB251
:10A92000059340F0B1806B22942194F86001FEF70A
:10A93000B4FB82463046FEF7B7FD09AA4AEA000A90
:10A94000902194F86001FEF7DBFC45EA0A05099BBB
:10A950006DB224229421054394F86001C3F3062AC2
:10A96000C3F3C03BFEF799FB6DB205433046FEF7DB
:10A970009BFD6DB2054309AA902194F86001FEF792
:10A98000BFFC099A6DB212BA942105430A9294F859
:10A9900060012522FEF781FB6DB205433046FEF7CC
:10A9A00083FD6DB2054309AA902194F86001FEF77A
:10A9B000A7FC099A6DB2110E0543120C6DB28DF809
:10A9C0002C108DF82D200022812194F86001FEF7D3
:10A9D00064FB06220543FF2194F86001FEF75DFB4E
:10A9E0006DB205430DF11D02832194F86001FEF75D
:10A9F000FDFC9DF81D206DB2054302F0FB02832192
:10AA000094F86001FEF749FB6DB205430122FF2176
:10AA100094F86001FEF741FB6DB20543012200216D
:10AA200094F86001FEF739FB6DB205430022FF2167
:10AA300094F86001FEF731FB6DB20543002294F8F3
:10AA400060018021FEF729FB6DB205436DB22DB97F
:10AA5000059BDBB149F0010984F8F49094F8185192
:10AA6000012D05D894F817A11CD1BAF1200F1FD9D8
:10AA700007AA08A93046FFF798FC8146002857D05E
:10AA80000A4B83F8649195E1D3469CE70A98B8F89D
:10AA9000043084F817A184F818B1C4F82E01A4F882
:10AAA0003231D7E7BAF10C0FE1E700BF50180020B0
:10AAB000012294F86001FF21FEF7EFFA0246C8B9BF
:10AAC00094F860014F21FEF7E8FA98B92C2294F827
:10AAD00060014E21FEF7E1FA024658B994F8600190
:10AAE000FF21FEF7DAFA28B994F86001B422B62102
:10AAF000FEF7D3FA0023C4F82831A4F82C31002D36
:10AB000040F03C812B460093CDE901A804F59473F5
:10AB100004F5977229463046FEF78DFB81460028E2
:10AB2000AED1012384F8193184F817A184F81851A3
:10AB300094F85431002B40F02381D4F85011304662
:10AB4000FEF7FAF9814600289AD102460A2194F8C4
:10AB50006001FEF7A2FA034600287FF438AE94F8AD
:10AB60006001EF228421FEF725FC00287FF42FAE40
:10AB700084F8DE003046FEF7C4FF814600287FF4EB
:10AB80007FAF0122FF2194F86001FEF786FA0DF1F4
:10AB90001E020546842194F86001FEF7C1FB4A4677
:10ABA0000543FF2194F86001FEF777FA6DB2054383
:10ABB0006DB2002D7FF40BAEBDF81E301B01C4F842
:10ABC000D8300CA93046FEF763FD00287FF4FFADB6
:10ABD00094F860010DF11B020921FEF707FC002823
:10ABE0007FF4F5AD9DF81B300CAD03F0010384F844
:10ABF00035318DF81B300FCD04F1140CACE80F008B
:10AC00000FCDACE80F000FCDACE80F0095E80F00BA
:10AC10008CE80F000DF11B0294F860010121FEF792
:10AC2000E5FB00287FF4D3AD9DF81B308DF828009C
:10AC300084F8343194F8600142460121FEF7D6FBD6
:10AC400000287FF4C4AD9DF82850E80610D505F023
:10AC5000EF0594F860012A460121FEF71EFA00284C
:10AC60007FF4B5ADA16984F834513046FEF7DAFEC1
:10AC7000002394F860018DF8283042460121FEF748
:10AC8000B5FB00287FF4A3AD9DF82850690710D5C7
:10AC900005F0FB0594F860012A460121FEF7FDF955
:10ACA00000287FF494ADA16984F834513046FEF752
:10ACB000B9FE032584F8365109AA00213046FEF773
:10ACC0001DFC00287FF483AD9DF8243084F8EC301F
:10ACD00009AA01213046FEF711FC00287FF477AD68
:10ACE0009DF8243084F8E430424629463046FEF789
:10ACF0001CFC00287FF46BAD0A9BC4F8E830424688
:10AD000004213046FEF711FC00287FF460AD0A9B59
:10AD1000C4F8E03008AA09A93046FFF746FB87F8D7
:10AD20006401002846D101230DF11D020DF11E0121
:10AD30003046FFF7DFFA87F8640100283AD1E26B6A
:10AD400094F860010125257584F82C50C2F34F2238
:10AD50004421FEF74AF9A8B1EC2387F8643129E0D1
:10AD6000013303F1B402920901EB8202D2F8D4213B
:10AD7000002A7FF4C8AE2C2BF2D1C4E67C49F0E760
:10AD80007C49DCE694F8600184F82D500C224421C3
:10AD9000FEF72BF90028DFD14FF4701341F699121A
:10ADA000C4E90E3244F620613046FEF73BFE87F8D8
:10ADB000640110B11DB0BDE8F08F5022572194F806
:10ADC0006001FEF76AF994F8600108225621FEF747
:10ADD00064F90028C0D10AAA03213046FEF7A5FB7A
:10ADE00018B1122384F8EC30B6E70CAA02213046E1
:10ADF000FEF79BFB0028F4D194F860010822502153
:10AE0000FEF74BF90028ECD10A9A03213046FEF7F1
:10AE10004AFD0028E5D10C9A02213046FEF743FD99
:10AE2000122384F8EC30002896D1A169DFF848811C
:10AE30003046FEF7F7FD70B9012194F8600194F8EF
:10AE400034510222FEF729F90146002884D1304608
:10AE5000FFF7DBF910B188F86401ABE794F8600103
:10AE60002A460121FEF719F9814600287FF474AFC4
:10AE70004822114684F8345188F8640194F860013E
:10AE8000FEF70BF90822472194F86001FEF705F957
:10AE900003220546322194F86001FEF7FEF80722EE
:10AEA0000543302194F86001FEF7F7F86DB20543D1
:10AEB0000122FF2194F86001FEF7EFF86DB205431F
:10AEC0002022302194F86001FEF7E7F86DB20543C7
:10AED0004A4694F86001FF21FEF7DFF86DB20543A2
:10AEE0006DB225B16FF0130588F8645162E70CAAC2
:10AEF00004213046FEF719FB18B10E2384F8E43024
:10AF0000F0E794F8600106227021FEF7C6F80028E9
:10AF1000F3D10C9A04213046FEF7C5FC0E2384F8C9
:10AF2000E4300028DED1A1693046FEF77BFD0546FE
:10AF30000028D9D194F8600194F8347102220121DB
:10AF4000FEF7ABF80028CDD129463046FFF75DF972
:10AF500005460028C8D194F860013A460121FEF761
:10AF60009CF805460028BDD184F83471BCE700BFC9
:10AF70008C1801082602002050180020012803D058
:10AF8000022813D008B37047174A19B94FF4804309
:10AF900093617047012903D14FF4804313857047B3
:10AFA000938A9BB283F48043938270470E4A11B90F
:10AFB0004FF40053ECE7012902D14FF40053EDE7C1
:10AFC000938A9BB283F40053EEE7074A11B94FF41A
:10AFD0000043DDE7012902D14FF40043DEE7938A05
:10AFE0009BB283F40043DFE700080048134B4FF4A3
:10AFF00080521A85124A40F2E933118989070BD52C
:10B0000010730F4A40F2E9331189C90714D4013B88
:10B010009BB2002BF8D103E0013B9BB2002BECD19B
:10B02000084AB2F8663101339BB2A2F86631034B8D
:10B030004FF480529A617047137BF8E70004004890
:10B04000003800405018002007B5014601AB02222D
:10B050004020FEF738F830B1BDF8040040BA80B2A5
:10B0600003B05DF804FB4FF6FF70F9E70D4B0E4897
:10B070004FF400525A605A6C4FF6FE710A405A64FF
:10B08000D0F89C2113680B401360D0E963239A42E7
:10B0900003D000F5B470FBF729BA012380F8AC3176
:10B0A000704700BF00000240501800200148FBF725
:10B0B000A2BA00BFB81900200148FBF79CBA00BF34
:10B0C0000C1A0020184AB2EB902F4FEA902323D39A
:10B0D000083A93420FD8493A93421FD00132934223
:10B0E0001ED0B3F5801F4FF0FF3018BF002080F056
:10B0F000FE00C0B27047A3F580134B3B072B0BD863
:10B10000DFE803F0100A040A0A060A080420704760
:10B110000520704706207047FE20704702207047C8
:10B120000320704700207047520010002DE9F84FAF
:10B13000234D244FDFF8948000242E78E0B286421D
:10B1400011D8214B1B685B030BD500241D4DDFF884
:10B150008080224650274FF02809A246E3B29E4243
:10B160000CD8BDE8F88F57F820302BB10B2803D846
:10B17000DB6838F8101098470134DEE72B6859680F
:10B180009142AB4612D00846FFF79CFFEFF31283C3
:10B1900087F312884A6A09FB0080013242624A69D9
:10B1A00042F001024A61DBB283F31188DBF8003020
:10B1B0001B680435C3F800A001340A46CEE700BF7F
:10B1C000180E00201C0E0020300C0020E40B002084
:10B1D000EC110020224B10B5224C5343224AB2FB03
:10B1E000F3F203880139013AA04289B292B29BB2CC
:10B1F00006D123F070039BB223F440739BB214E09A
:10B200001A4CA042F5D0B0F1804FF2D0A4F598349A
:10B21000A042EED004F58064A042EAD0144CA042D3
:10B2200003D004F58064A042E6D103800D4BC162D7
:10B23000984202850FD003F5006398420BD003F5C6
:10B240004063984207D003F58063984203D003F52A
:10B250008063984201D1002303860123436110BD1E
:10B2600040420F00002C014000A24A04003401407B
:10B270000010004001490248FBF7F5B9EC1100202D
:10B28000002C0140FFF7F6BF02494FF08040FBF76A
:10B29000EAB900BF1412002001490248FBF7E3B9E4
:10B2A0003C1200200004004001490248FBF7DBB9D2
:10B2B000641200200008004001490248FBF7D3B99E
:10B2C0008C12002000340140FFF7F6BF014902480C
:10B2D000FBF7C9B9B41200200040014001490248FF
:10B2E000FBF7C1B9DC1200200048014070B50F4ED9
:10B2F0000F4C4FF47A73B0FBF3F596F810322BB97C
:10B30000636903209847012386F81032E369094AEC
:10B3100009492846984740B1084B1A68084B032052
:10B320001A606369BDE87040184770BD501800206E
:10B33000FC100020700A0020680A0020BC090020D0
:10B34000101000202DE9F0410022012603250B6892
:10B3500006FA02FE3EEA030331D10C795700631E60
:10B3600005FA07FC012B6FEA0C0C17D8836803EA77
:10B370000C0383604B79D0F80880BB4043EA080394
:10B38000836083889BB223EA0E0383808B79B0F8B5
:10B3900004E0934043EA0E039BB28380036803EA10
:10B3A0000C0303600368BC401C430460C46805FAD6
:10B3B00007F324EA0304CB79BB402343C360013283
:10B3C000102AC4D1BDE8F08173B50C4600250126D2
:10B3D000228806FA05F31A4218D00093A37803F0E6
:10B3E00003028DF80420E278022A02D0032A18BF53
:10B3F00001228DF805206946C3F30112C3F38103CE
:10B400008DF806208DF80730FFF79CFF0135102DD1
:10B41000DED102B070BD73B5124C134B0C2202FB8F
:10B420000040F0300E4607C803F5AA7585E807000E
:10B43000344402228DF80720B3F85821ADF80420D7
:10B440000A4994F8E4218DF80620D3F85C014A6992
:10B4500002434A61D3F8540101A9FFF7B5FF02B0D6
:10B4600070BD00BF8C180108501800200010024069
:10B4700013B50E4C94F81132B3B90D4B1B689BB148
:10B480001A681AB10B49486902434A619A88986858
:10B49000ADF8042001A94FF40072ADF80620FFF7C3
:10B4A00093FF012384F8113202B010BD5018002020
:10B4B000DC1000200010024008B5FFF7D9FF024B56
:10B4C0004FF480521A8008BD2200002010B5164C9F
:10B4D000FFF7CEFFA36820217F2098471420FCF7B8
:10B4E000C1FFA3681F21012098470A20FCF7BAFF7B
:10B4F0000021A368084698470A20FCF7B3FFA36819
:10B500003521142098470A20FCF7ACFFA3680021DE
:10B51000102098470A20FCF7A5FFA3680021BDE88A
:10B5200010401120184700BFD01000202DE9F74F20
:10B53000824D04689A4695F81232074690465A1C86
:10B5400085F8122220460A4605F5057941464FEA5C
:10B55000031B09EB0319FFF73DFE3B89ADF80430EF
:10B56000786840F2022301A9ADF80630FFF72CFFFE
:10B57000BE7A082E00F0A28022D8002E41D0042EE0
:10B5800074D03B7B1BB1636C43F40043636423883A
:10B590009BB243F00103082E238000F0CA8000F222
:10B5A000B480002E00F0B980042E00F0BD805D4410
:10B5B0004846A5F81C82C5F8184203B0BDE8F08FD4
:10B5C0000C2EDED1236A5E4823F480532362226A64
:10B5D0006168E369844223F4E64343F4E04342F4C0
:10B5E000405203D000F50060844201D141F4804113
:10B5F0006160E361C4F840A02262E36943F4006340
:10B6000078E0236A4E4823F001032362236A6168CD
:10B61000A26922F4803222F07302844242F0700266
:10B620001BD000F50060844217D000F540608442D2
:10B6300013D000F5806084420FD000F58060844212
:10B640000BD043F003036160A261C4F834A023620D
:10B65000A36943F00803A36193E723F00C0321F4EB
:10B66000407143F0030341F48071ECE7236A3448EE
:10B6700023F010032362236A6168A26922F08072BA
:10B6800022F4E642844242F4E0420ED000F500602B
:10B6900084420AD043F030036160A261C4F838A04C
:10B6A0002362A36943F40063D5E723F0C00321F4C8
:10B6B000406143F0300341F48061EDE7236A2049A3
:10B6C00023F480732362206A6268E3698C4223F06A
:10B6D000730343F070030FD001F500618C420BD06F
:10B6E00040F440706260E361C4F83CA02062E3690A
:10B6F00043F00803E36144E720F4406022F4405241
:10B7000040F4407042F48052ECE70C2E7FF44FAFCF
:10B7100005EB0B0304F1400203E005EB0B0304F11E
:10B720003402C3F8142242E705EB0B0304F138029C
:10B73000F7E705EB0B0304F13C02F2E75018002099
:10B74000002C0140154A0023136053609360144A93
:10B75000136053609360134A136053609360124AFE
:10B76000136053609360114B93ED000AB4EE400AEE
:10B77000F1EE10FA0AD693ED021AB4EE411AF1EE88
:10B7800010FA03D6D3ED010AFBF756BA9FED081A5B
:10B79000F0EE410AB0EE410AF6E700BFB416002011
:10B7A000CC160020D8160020C0160020E816002075
:10B7B0000000000010B5304CD4ED013A94ED046A5D
:10B7C00094ED003A94ED037A94ED024AD4ED056AC3
:10B7D00063EE867AF6EE005AE3EE077A8AB02146E7
:10B7E000B0EE635AE4EE267A07A8F0EE444A67EE1C
:10B7F000A57AF0EE435AA6EE675AE6EEE74AA3EEC4
:10B80000E76AE7EE675AE4EE676AA3EE677A66EEE8
:10B81000647ACDED066AE5EE267A66EEE56A8DED90
:10B82000047AE4EE876A27EE457ACDED075AA5EE55
:10B83000867A8DED085ACDED094A8DED056ACDED7C
:10B84000017ACDED026A8DED037AFBF723F818B982
:10B850000AB0BDE8104075E704F10C0104A8FBF73D
:10B8600019F80028F4D004F1180101A8FBF712F828
:10B870000028EDD00AB010BD4000002000210120BA
:10B88000FCF77CBF0EB42DE9F04386B00DAC5A4BEB
:10B8900054F8045BCDE9013400264FF00A092B78F7
:10B8A0002BB3252B05D00135019A511C0191137042
:10B8B0004AE06B78302B08BFAB78A3F1300219BF98
:10B8C00002354FF0000803354FF00108092A4FF008
:10B8D000000721D96C2B2BD115F8013B0121642BDA
:10B8E00069D033D8252BDFD024D8002BD7D1019BAA
:10B8F000002230461A7006B0BDE8F04303B070472E
:10B90000A3F14102052AE5D8A3F137020A2A0FD193
:10B9100015F8013B09FB0727A3F13002D1B2092931
:10B92000F6D9A3F16102052AEAD8A3F15702EDE79F
:10B930000021D4E7582B4BD0632BB0D1019B14F8D6
:10B94000042B1A70591C01910136A8E7A3F16E026D
:10B95000D0B20A28A3D80A2AA1D801A050F822F010
:10B96000EFB900089FB800089FB800089FB800080A
:10B970009FB80008E7B900089FB800088DB9000813
:10B980009FB800089FB80008D1B9000854F8040B0C
:10B9900003AB59B100220A21FAF7CAFB03AB4246B6
:10B9A000394601A8FAF71EFF064478E70A460A213D
:10B9B000FAF7BEFBF2E754F8040B0028BFBF2D23B3
:10B9C0008DF80C3040420DF10D03A8BF03ABE1E749
:10B9D000583B5A425A4154F8040B03AB09B11021A9
:10B9E000DAE71021E4E754F8043B0022D8E754F8E2
:10B9F000043B1E6053E700BFB40A002010B5FAF7FD
:10BA000081FC4FF43024012806D10CB9052010BD6B
:10BA1000FAF778FC013CF6E7002C08BF0520F6E7B2
:10BA2000F8B5222200211248124D04F03DFC124BC1
:10BA300000221946052401201646013215F9017B22
:10BA400083F89871042A83F89C4183F89D0183F858
:10BA50009F6183F89E4103F10803EED10223A1F810
:10BA6000A231522381F89631A1F89A01F8BD00BFA6
:10BA7000F605002088180108600400200B4B0C4AD2
:10BA80001A600C4B196000F1500302781AB98178E2
:10BA9000C278914208D304309842F6D10023064A76
:10BAA00083F00103137070470123F8E7E80F0020CB
:10BAB00030050020EC0F00203A00002070B5224C29
:10BAC00025686B6823F07F7323F4593323F47F7365
:10BAD00023F0030343EA004302461C48184368600E
:10BAE0000023206849F6FF758669760717D5406AF6
:10BAF000C8540133D8B28242F3D1154920684FF4BB
:10BB00002042C1F8602100248569AE0614D4013AB0
:10BB1000551C4FF00104F7D1C1F8602107E0013D49
:10BB2000AE1CE1D10A4B4FF0FF32C3F86021FAF7A7
:10BB3000A1FE0023184670BD0CB1C1F8602120227F
:10BB4000DBB2C261F6E700BF540D0020C62400023C
:10BB500050180020F0B5544E377885B00D46144685
:10BB6000002F67D1514B1B68C01A514B1B6898427C
:10BB700061D301A90920FFF7A1FF00285BD0002DA8
:10BB800056D0002C54D0BDF80430DFED4A6ADFED0A
:10BB90004A7A4A4ADFED4A5A9FED4A6A9FED4A4A7D
:10BBA000DFED4A4A9DF807709DF808009DF80A10DD
:10BBB0005BBA9BB207EE103AB8EE477A444BE7EE19
:10BBC000267ADFED446AC2ED007ADFED437A93ED29
:10BBD000035A37EE677AD3ED007A67EE277A67EE7D
:10BBE000877AE7EEA56AD3ED017A67EE277A67EEEA
:10BBF000877A67EEA57AE5EE067A93ED026A9FED05
:10BC0000375A27EE066A26EE077A9FED356AA7EEC9
:10BC1000256A66EE845AE6EE245AE7EE855AF5EE7A
:10BC2000405AF1EE10FA09D100232B60136823600B
:10BC3000012333700127384605B0F0BD27EE867A20
:10BC400066EEA73A27EE047A26EE866AA3EEA47A79
:10BC5000030243EA07430B43A6EE057A9FED216AF0
:10BC600087EE255A9FED207ADFED205A27EE677A7E
:10BC700076EEE77AA6EE867A76EE856AA5EE657AA6
:10BC8000C7EE275A07EE903A36EE656AF8EEE77A85
:10BC900026EE266A77EE857A86EE277A77EE257A83
:10BCA000C5ED007AC2E700BF281100202411002052
:10BCB0002011002000002F3B000034C21C11002086
:10BCC00000008033000000450050C3C600B808C71C
:10BCD000EC1000200000604A0000004700606A4746
:10BCE0000000384B00C82F4700409C4700B8084769
:10BCF000254A38B50346106849F6FF728469250461
:10BD00000BD5013A941CF9D1204B4FF0FF32C3F808
:10BD10006021FAF7AFFD002038BD44681C4D1D4A74
:10BD20002C402243426042682A4042EA034242F0E9
:10BD3000007242F0C602426049F6FF728469A507AC
:10BD400003D4013A941CF9D1DEE7013B11F8012B31
:10BD5000826213F0FF03EFD10C494FF42042C1F887
:10BD600060218469A50607D4013A541C4FF00103F1
:10BD7000F7D1C1F86021CCE70BB1C1F860212023D5
:10BD8000C3610120C8E700BF540D002050180020F7
:10BD9000009800FCC6200101022813B518D0032822
:10BDA0001AD0E8B1072246F625030F4C5BBA01A969
:10BDB00002202260ADF80430FFF79AFF0B4B206899
:10BDC00000221A700A4B1A680A4B1A6002B010BDA2
:10BDD000182247F2DF03E8E7622247F66603E4E74A
:10BDE000032246F29C03E0E72011002028110020E6
:10BDF000BC090020241100202DE9F74340F2032361
:10BE00004FF6FF71CDE900134FF000080446464697
:10BE100094F82C505FFA88F7BD426CD82269130F52
:10BE2000844BD96A14BF21F4785121F4F871D96296
:10BE3000D96A0A43DA62D4E90202596902430A4321
:10BE400060685A61FAF754FC026823686169012E40
:10BE500094BF4FF0000C4FF0010C6FF30E1242EA4A
:10BE6000CC1242F4145242F0200203F14007026067
:10BE700046608760C1600268B3F1A04F42F00102E2
:10BE800002606D4802D06D4A934248D16C498A687D
:10BE9000024042F468328A60D9686A4A0A4042F431
:10BEA0000052DA601A6B013E22F00F0216431E6345
:10BEB00000200121382707264FF01F0CC2B29542FF
:10BEC0002FD89A6842F001029A601A68D207FCD50E
:10BED000DA6822F00202DA60DA6842F00202DA601E
:10BEE000DA6842F00102DA609A6842F004029A606D
:10BEF00003B0BDE8F083A369DB5D6BB1E36933F8A0
:10BF000017300093236A694653F82700FFF71AFA9F
:10BF1000626A731CD655DEB208F1010878E74A4917
:10BF2000B5E7A269125C4AB3A26A0429125C27D859
:10BF300001EB410ED3F830804FEA4E0E0CFA0EF9A9
:10BF400028EA090802FA0EFE4EEA080EC3F830E0AD
:10BF5000092A58D90A3AD3F818E0D3F818E002EBC6
:10BF6000420206FA02F22EEA020EC3F818E0D3F8F3
:10BF700018E042EA0E029A610131C9B201309DE730
:10BF8000092914D8A1F1050E0EEB4E0ED3F834801A
:10BF90004FEA4E0E4FF01F0909FA0EF928EA090878
:10BFA00002FA0EFE4EEA080EC3F834E0D0E70E297E
:10BFB00014D8A1F10A0E0EEB4E0ED3F838804FEADA
:10BFC0004E0E4FF01F0909FA0EF928EA090802FA85
:10BFD0000EFE4EEA080EC3F838E0B9E7A1F10F0EE5
:10BFE0000EEB4E0ED3F83C804FEA4E0E4FF01F0979
:10BFF00009FA0EF928EA090802FA0EFE4EEA080EBE
:10C00000C3F83CE0A4E7013AD3F814E0D3F814E015
:10C0100002EB420207FA02F82EEA080EC3F814E017
:10C02000D3F814E0033206FA02F242EA0E025A6131
:10C03000A2E700BF00100240E010FCFF000100502A
:10C040000003005007C0FFFD000700500B4B0C49D8
:10C05000DB68DB43C3F302230122C3F1040310B501
:10C0600002FA03F30C181B01DBB284F80033430916
:10C0700000F01F00824041F8232010BD00ED00E0D9
:10C0800000E100E02DE9F3411D468F4B9DF8207043
:10C0900098428846164640F0B9808C4C8C4BC4F8C8
:10C0A000683104F53573C4F87C3104F57573C4F850
:10C0B00080314FF48073C4E95D33864BC4F89C3102
:10C0C000A3F54843203BC4F8B4310433C4F8B0317D
:10C0D00003F55743D833C4F870219A69C4F8B801FE
:10C0E00042F480429A615A6942F001025A6140F278
:10C0F0000233ADF8043000239F428DF806300CBFA8
:10C1000001230223012D8DF807300FD04FF090400E
:10C110004FF400730093436A23F0F0034362436AD1
:10C1200043F0700343626946FFF70CF94FF090400B
:10C130004FF480630093436A674C23F47063436257
:10C14000436A43F4E06343626946FFF7FBF80E205D
:10C15000FFF77CFF2520FFF779FF012384F84430A7
:10C1600000232046C4E90733C4E90933C4F82C800E
:10C170006571A660A771FCF7ABFD206B002800F08D
:10C180009380E76CE1686669FAF7B2FA0368226D9A
:10C190006FF30E1343F4855389B2036041608760E7
:10C1A000C660036843F001030360936843F04003F3
:10C1B000936043689BB22364012D1ED0606B0028FE
:10C1C0007AD0A56C2169FAF793FA03686FF30E131E
:10C1D00043F4845343F01003036089B200234160A9
:10C1E0008560C360026842F002020260226D436013
:10C1F0004360936843F080039360226D136843F0BB
:10C2000001031360204602B0BDE8F081334B984231
:10C2100058D12E4C2E4BC4F8BC314FF48073C4E976
:10C220007233C4F8C42104F2D4432D4AC4F8D03187
:10C2300004F2D453C4F8D431D369C4F80C0243F4E3
:10C240000033D36140F20233ADF8043000239F4243
:10C250008DF806300CBF01230223012D8DF8073025
:10C260000ED04FF0904004230093036A23F47063D0
:10C270000362036A43F4E06303626946FFF762F80E
:10C280004FF0904008230093036A164C23F4704348
:10C290000362036A43F4E04303626946FFF752F81E
:10C2A0002620FFF7D3FE58E7236D20221A621A6872
:10C2B00042F020021A607FE7226D136843F080038A
:10C2C00013609AE700249DE70038014050180020D1
:10C2D000741A010844000240B819002000440040CC
:10C2E000001002400C1A00202DE9F341DFF864C071
:10C2F0009DF824700E4611461A469DF820300446DB
:10C300004FF00C08002008FB00FE0EEB0C051CF99A
:10C310000EE0A64504D001300428F4D1002005E049
:10C3200028890028FAD124B1012C0CD002B0BDE834
:10C33000F08106480097FFF7A5FE0028F6D00471AB
:10C340002E816860F2E702480097F4E70038014068
:10C3500000440040A00D002007B51B4B1B4A1A608B
:10C360001B4B93F83E3123B3012B09D1194903200C
:10C37000087019490720087018490B700C231370B6
:10C38000174B184A1A604020FCF7D8F970B1012306
:10C39000002290F900004021CDE90032124A4FF40A
:10C3A000E133FFF7A1FF003818BF012003B05DF8AB
:10C3B00004FB084902200870074903200870074958
:10C3C0000B700723DBE700BF08150020900D00204D
:10C3D00060040020061500200C15002050180020D5
:10C3E000340000201D6200084D83000870B5154D13
:10C3F000AB894FF47A73E2B169B111F8016B2C8902
:10C40000A4070AD52E732C89E40713D45C1EA4B2AA
:10C4100043B12346F7E7FF26F1E75C1EA4B20BB158
:10C420002346ECE7084AB2F8663101339BB2A2F822
:10C43000663170BD2C7BE4B208B100F8014B013AC3
:10C44000D9E700BF003800405018002073B50C4CED
:10C45000207880B10B4D05234FF48056ADF80030A5
:10C4600001A82E8502226946FFF7C0FFAE619DF844
:10C47000050000F00100207080F0010002B070BDE6
:10C48000160E00200004004870B5054D2E680446C5
:10C49000FFF7DCFF18B92B689B1BA342F8D970BDCE
:10C4A000BC0900202DE9F04F464BDFF82C911C7899
:10C4B00099F800309C4289B015D0434A434FDFF8C9
:10C4C0001CB104EB0201CDE9041296BF1C1BC4F1A0
:10C4D00080040023CDE906431C443CB9394A0023BB
:10C4E00089F80030137009B0BDE8F08F3B683A88D6
:10C4F00054FA83F1B1F5807FDBF80C10DEB28CBF0B
:10C50000C6F5807626468B4252BAE7D202211B0C32
:10C5100006208DF80C108DF80D30ADF80E20FFF7C9
:10C52000B3FF0620FEF762FD294B01221A70294B4A
:10C530004FF480521A8503A904220020FFF756FF0A
:10C54000069D6DB3B542DDF810802BD22A464146D8
:10C550000020FFF74BFF721B002345440495069310
:10C56000079DA5B1AA42DDF8148020D805AB0DF1D6
:10C570001C0A41460020CDE90023FFF737FF009A4F
:10C58000019B08EB0201AA1A1960CAF80020114B9E
:10C590004FF480529A613B683344A41B3B609CE794
:10C5A0003246DDE7324604AB0DF1180AE1E74146B9
:10C5B0002A460020FFF71AFF08EB0501002305912A
:10C5C0000793E4E7D00D0020B9170020D40D002018
:10C5D000160E002000040048D10D00202400002089
:10C5E000F7B503238DF80430030C40BAADF806000C
:10C5F00006200D4614468DF80530FFF745FF90B133
:10C600000A4E04224FF480570DEB020100203785BB
:10C61000FFF7ECFE224600212846FFF7E7FEB76150
:10C62000204603B0F0BD0446FAE700BF000400480E
:10C63000024640213C20FCF7F4BC10B5B020FCF7CA
:10C64000FBFC4020FCF7F8FC0020FCF7F5FC102078
:10C65000FCF7F2FC4FF40064013C0020A4B2FFF7A9
:10C66000E7FF002CF8D110BDF8B50C4F461E16F8A8
:10C67000013F03B9F8BD03EB8303A3F1A1043C44DC
:10C680000025013514F8010FEDB2FFF7D1FF052D9C
:10C69000F7D10020FFF7CCFFE9E700BF901A0108AF
:10C6A000054A138823EA00008342108002D001204B
:10C6B000FBF77CBF704700BF2C0C0020044A138896
:10C6C00018438342108002D00120FBF76FBF7047F0
:10C6D0002C0C0020844641EA000313F003036DD1C3
:10C6E000403A41D351F8043B40F8043B51F8043B35
:10C6F00040F8043B51F8043B40F8043B51F8043B3C
:10C7000040F8043B51F8043B40F8043B51F8043B2B
:10C7100040F8043B51F8043B40F8043B51F8043B1B
:10C7200040F8043B51F8043B40F8043B51F8043B0B
:10C7300040F8043B51F8043B40F8043B51F8043BFB
:10C7400040F8043B51F8043B40F8043B51F8043BEB
:10C7500040F8043B51F8043B40F8043B51F8043BDB
:10C7600040F8043B403ABDD2303211D351F8043B7B
:10C7700040F8043B51F8043B40F8043B51F8043BBB
:10C7800040F8043B51F8043B40F8043B103AEDD22A
:10C790000C3205D351F8043B40F8043B043AF9D27B
:10C7A000043208D0D2071CBF11F8013B00F8013B4E
:10C7B00001D30B8803806046704700BF082A13D35B
:10C7C0008B078DD010F003038AD0C3F10403D21A73
:10C7D000DB071CBF11F8013B00F8013B80D331F8A7
:10C7E000023B20F8023B7BE7043AD9D3013A11F827
:10C7F000013B00F8013BF9D20B7803704B78437092
:10C800008B788370604670470000000000000000D5
:10C810000000000000000000000000000000000018
:10C820000000000000000000000000000000000008
:10C8300000000000000000000000000000000000F8
:10C8400030B490F800F020F007016FF0000C10F009
:10C85000070491F820F040F048804FF000046FF09A
:10C860000700D1E9002391F840F000F1080082FAB6
:10C870004CF2A4FA8CF283FA4CF3A2FA8CF34BBB81
:10C88000D1E9022382FA4CF200F10800A4FA8CF2FA
:10C8900083FA4CF3A2FA8CF3E3B9D1E9042382FAC8
:10C8A0004CF200F10800A4FA8CF283FA4CF3A2FADD
:10C8B0008CF37BB9D1E9062301F1200182FA4CF215
:10C8C00000F10800A4FA8CF283FA4CF3A2FA8CF37C
:10C8D000002BC6D0002A04BF04301A4612BAB2FA9E
:10C8E00082F200EBD20030BC7047D1E9002304F0A3
:10C8F0000305C4F100004FEAC50514F0040F91F8D8
:10C9000040F00CFA05F562EA05021CBF63EA050374
:10C9100062464FF00004AAE753B94AB9002908BF9C
:10C9200000281CBF4FF0FF314FF0FF3000F0E2B89D
:10C93000ADF1080C6DE904CE03F07EFDDDF804E0F6
:10C94000DDE9022304B0704700F1340191E83800BA
:10C950009C46A6464CF8045D90E8FF0FE54600BDF6
:10C9600090EC210B704700BF80EC210B704700BF9B
:10C9700090EC200B704700BF80EC200B704700BF8D
:10C98000D0EC200B704700BFC0EC200B704700BFFD
:10C99000F0EC0201F0EC0211F0EC0221F0EC0231BB
:10C9A000F0EC0241F0EC0251F0EC0261F0EC0271AB
:10C9B000F0EC0281F0EC0291F0EC02A1F0EC02B19B
:10C9C000F0EC02C1F0EC02D1F0EC02E1F0EC02F18B
:10C9D000704700BFE0EC0201E0EC0211E0EC022144
:10C9E000E0EC0231E0EC0241E0EC0251E0EC0261EB
:10C9F000E0EC0271E0EC0281E0EC0291E0EC02A1DB
:10CA0000E0EC02B1E0EC02C1E0EC02D1E0EC02E1CA
:10CA1000E0EC02F1704700BFB0FC0181B0FC019175
:10CA2000B0FC01A1B0FC01B1704700BFA0FC0181C6
:10CA3000A0FC0191A0FC01A1A0FC01B1704700BFC6
:10CA4000EC4600B52DE900502DE9FF1F4FF0000323
:10CA50002DE90C0001A903F0C9FFDDF840E012B098
:10CA6000704700BFEC4600B52DE900502DE9FF1FCF
:10CA70004FF000032DE90C0001A903F0F5FFDDF8EC
:10CA800040E012B0704700BFEC4600B52DE9005001
:10CA90002DE9FF1F4FF000032DE90C0001A904F060
:10CAA00005F8DDF840E012B0704700BFEC4600B575
:10CAB0002DE900502DE9FF1F4FF000032DE90C0078
:10CAC00001AB03F0C9FFDDF840E012B0704700BFD2
:10CAD000EC4600B52DE900502DE9FF1F4FF0000393
:10CAE0002DE90C0001AA04F03DF8DDF840E012B099
:10CAF000704700BF704700BF2DE9F04F2DED108B40
:10CB00008BB0F7F7EBFE3A4D3A4C94F83C36002BDD
:10CB10003FD0D4F85C3555F85C2CC4F840369B1AED
:10CB2000B3F5FA6F5CD200210220FCF789FA324B90
:10CB3000324A334904F25460FEF7A4FE04F2546012
:10CB4000FFF792FD02210846FCF77AFA2D48FFF71D
:10CB50008BFD04210020FCF773FA2B4B2B4A2C4948
:10CB600004F25460FEF78EFE04F25460FFF77CFD81
:10CB700006210220FCF764FA264A274904F2546091
:10CB8000FEF780FE04F25460FFF76EFD012384F887
:10CB9000483694F83836D4F8D4674BB155F8583C39
:10CBA000F31A002BA2BF002384F8383684F83936F4
:10CBB000D4F8D02742F20103134008BF05F8543CD3
:10CBC000100768D5D4F8BC361B7A062B63D8DFE88B
:10CBD00013F025002500A1014C027F02AF02AF0235
:10CBE00094F84836002BD4D0FFF727FD0023CEE77A
:10CBF0005815002060040020A71E0108B41E01087B
:10CC0000BC1E0108C61E0108D81E0108DF1E01084F
:10CC1000E51E0108851E0108F41E010815F8533CA5
:10CC2000CBB3002305F8533C55F8503C15F852CCD3
:10CC300093F800E015F84C8C0221681810F84B3C72
:10CC400043FA0CF303F00F0373450FD20B2B0DD8EF
:10CC500010F84B7C481C284405EB830310F84B0C60
:10CC600007EA080700EB072043F8380C02311029C7
:10CC7000E3D10123012105F8541C9F49C3F340036C
:10CC800081F8383083F0010384F8383606F5C33371
:10CC9000A03345F8583C530419D594F89C39002B1F
:10CCA00000F04F82012105F8541C84F8381692498F
:10CCB000002384F89C3981F8383006F5F42303F515
:10CCC000907345F8583C94F8383684F86135D707A6
:10CCD00017D595F8941095F895308B420DD0012317
:10CCE00084F83936844B85F89510002083F8390094
:10CCF00006F5C333A03345F8583C94F8393684F828
:10CD00006135900409D57D4A002332F8021B0029C1
:10CD100041F06B8601330C2BF7D1F3F7B9FA15F814
:10CD2000548CB8F1000F05D1D4F8983AF31A002BBF
:10CD3000C0F20A82F6F70CFB012385F8AE3095F8B5
:10CD4000AF305BB1D4F8FC38590707D5D4F81436A6
:10CD50001A0700F10D820820FFF7A2FCFBF730FA5A
:10CD6000A389C4F8D4072BB1D5F8D420821A002A9D
:10CD7000FFF6CAAE0344C5F8D4306148D4F8883A07
:10CD8000D4F8B4769847002879D05D4994F8802C7F
:10CD90000846FBF79BFDB4F85485B8F1000F59D055
:10CDA000D4F8F036574E1B78DFF854B1DFED568AD1
:10CDB00008EE103A06F13C0A06F144090022B8F5E3
:10CDC0007A7F02BF0023C9F800303361BBF900004D
:10CDD000D9F8003007EE900A0344306949F8043B63
:10CDE000411C0129F8EEE77A316140F0BC82C6EDC2
:10CDF000017AB0EE687AB8F1010F2BF8022B2AF80D
:10CE0000022BC6ED007A86ED027A40F0CD82012930
:10CE1000C6BF07EE900A96ED037A9FED3B0A029398
:10CE2000C4BFF8EEE77A87EE270A01F0B7FE029B4F
:10CE3000002218EE101A002900F0AE82F8EEC87A2F
:10CE4000F4EEC07AF1EE10FA40F1A6824FF47A7354
:10CE5000A4F85435B4F82439B5F814219B1AA4F871
:10CE60002439B5F81621B4F826399B1AA4F82639C6
:10CE7000B5F81821B4F828399B1AA4F82839FBF71B
:10CE80009FF9D5F828319FED217ADFED21AAC5F869
:10CE90002801C31A07EE903AF8EE677AC7EE878A40
:10CEA000F4EEEA8AF1EE10FA40F3A8820023C5F806
:10CEB0002C31FBF785F9D4F8203DC4F8D407C31A08
:10CEC000A5F8083294F8EC35C4F8200D13F00403EB
:10CED00001F0A183D4F8F435002B01F08D80013BE3
:10CEE000062B01F28980DFE813F071080E0A590A57
:10CEF000CE0AEA0A090B710B00000020EE15002093
:10CF0000840D002030160020000000000024744929
:10CF1000CDCC4C3E15F8083C002B3FF4BCAE15F8C8
:10CF2000050C002305F8083C15F8063C00F0070145
:10CF300043EA012315F8041CC4F8D03C01F03F0378
:10CF40005B0143EAD003C4F8D43C15F8033C9B00D2
:10CF500043EA911315F8021C01F0010043EA802313
:10CF600015F8010CC4F8D83C00F00F03DB0143EACC
:10CF700051032978C4F8DC3C01F07F031B0143EA2C
:10CF80001013C4F8E03C6B78A8785B0043EAD11337
:10CF900000F0030143EA4123E978C4F8E43C01F0DE
:10CFA0001F039B0143EA9003C4F8E83C2B79A8795E
:10CFB000DB0043EA5113C4F8EC3C6B7900F0070145
:10CFC00043EA0123E979C4F8F03C01F03F035B0137
:10CFD00043EAD003C4F8F43C2B7A9B0043EA911354
:10CFE000697A01F0010043EA8023A87AC4F8F83C8A
:10CFF00000F00F03DB0143EA5103E97AC4F8FC3C7B
:10D0000001F07F031B0143EA1013C4F8003D2B7BA2
:10D01000687B5B0043EAD11300F0030143EA41233C
:10D02000A97BC4F8043D01F01F039B0143EA900370
:10D03000C4F8083DEB7BDB0043EA5113297CC4F8BC
:10D040000C3D11F0010F40F214730CBFAD201846D7
:10D0500011F0020F08BFAD230907C4F8100DC4F882
:10D06000143D7FF506AE032304E6A97C00293FF4B6
:10D0700012AEE87CAF8A0021A97405EB400191F85B
:10D0800019C0897E41EA0C218F427FF404AEE97D0C
:10D0900001290BD081297FF4FEAD102801D9102081
:10D0A000E874CB49002701F1260E0AE00B46F4E7AD
:10D0B00091F8018091F802C04CEA082C2EF802CBBE
:10D0C00001375FFA87FC604501F10201F0D8D1E534
:10D0D00095F85C30002B3FF4DEAD002385F85C3022
:10D0E00095F85D30A82B7FF4D6AD95F87030002B05
:10D0F0007FF4D1ADB7499FEDB86ADFEDB86A01F1B1
:10D10000170791F803C0087900EB0C2007EE900A8E
:10D11000B8EEE77A0133C7EE067A082B01F1020177
:10D1200077EEE67AFCEEE77AE7EC017AE9D1A0E562
:10D1300094F8183D002B3FF4AEAD002384F8183D61
:10D1400097E505F8543CBEE5D5F8B0707B1C012F7F
:10D15000C5F8B03000F0F180022F00F0F780EFB199
:10D16000D5F8B030042BC4BF0023C5F8B030F5E5C6
:10D17000B4F8CC6716F008067FF4F0AD0820FFF78E
:10D180009DFAD4F89835C4F8943540F2DC53A4F8ED
:10D190008C35C4F8AC6BC4F89C65DFE5D4F8FC387A
:10D1A0001B07DDD5D5F8B430F31A002BD8DB07EE1A
:10D1B000906A9FED8B7AD4F8883C8A48C5F8B860AD
:10D1C000F8EE677A77EE877AFCEEE77AC5ED2D7A8E
:10D1D0009847844994F8822C0846FBF777FB94F82B
:10D1E000E3385E071ED5D5F8B420C5F8BC207E4ACA
:10D1F00085F8C07017609780B4F92A29A5F8C22075
:10D20000A5F8C820B4F92C29A5F8C420A5F8CA208F
:10D2100023F00403B4F92E29A5F8C620A5F8CC20E4
:10D2200084F8E338D5F8BC20DAB1D5F8B4309B1ACD
:10D230006E4A93424FF0000344D86D4A694E901DE8
:10D2400036F9021B32F9027BB94230F9027BB8BFD2
:10D2500022F8021C0133B942C8BF20F8021C032B7C
:10D26000EED194F8C93C002B3FF47AAFB4F82C39D6
:10D27000B4F80421B4F82A199B1AB4F80A2112FB55
:10D2800003F210B2B4F80631B4F82E29D21AB4F869
:10D290000C3113FB02F3B4F80221891AB4F8082107
:10D2A00012FB01F21BB20A2112B293FBF1F392FBC3
:10D2B000F1F2A4F82E39A4F82A2990FBF1F2A4F88F
:10D2C0002C294DE74A484B4FC5F8BC3000F1060CFD
:10D2D00000F10C0630F902EB3CF9022B0EEB0201D7
:10D2E00001EBD171A2EB0E020133491002EB820275
:10D2F000032B27F8021F26F8022BEBD1B5F9CE102D
:10D30000B5F9D020B5F9D2008B1803440A2673432F
:10D3100000EB400001EB410102EB420293FBF1F113
:10D3200093FBF2F2A4F8081193FBF0F3A4F80A219E
:10D33000A4F80C31F6F702F893E7D4F8FC38580754
:10D340007FF50EAF3046FDF7D1FF09E7F2F784FF16
:10D3500030B93046F6F7C5FF012384F80036FFE602
:10D3600084F80086FCE696ED007A06EE901A37EE19
:10D37000C76AF8EEE65AC6EE256A76EE876A96ED3B
:10D38000027AC6ED016A77EEE67AA6EE277AF0EE2B
:10D39000667A86ED037A2EE503F5FA734FF47A7018
:10D3A00093FBF0F32AF8023C134B1436B3427FF49C
:10D3B00006ADB8F1010F05D14046FBF7D1F8642363
:10D3C000C4F8583508F1FF38A4F8548542E500BF89
:10D3D0006E150020B5150020CDCCCC400080BB439D
:10D3E000003EC6478A0D0020620500207FC3C901A8
:10D3F0001A160020600500206C160020D4F8FC38B6
:10D4000013F0020300F0DA85D4F8643C50489847E2
:10D41000002800F0DB804E4994F8812C0846FBF789
:10D4200055FAB4F85265002E3ED0D4F82817494872
:10D43000A1F1020CA0F1080E01F104090022B6F5D9
:10D44000C87F08BF02600368BEF900802EF8022B77
:10D45000434440F8043B2CF8022FE145EFD1012E64
:10D460001FD1D5F838314FF4C870C83393FBF0F3AF
:10D470000B80D5F83C31C83393FBF0F34B80D5F8E3
:10D480004031C83393FBF0F33348408C1B1A8B8038
:10D49000A7F85C20A7F85E20F5F750FF6423C4F8D6
:10D4A0005835013EA4F85265D4F8D037590779D5DC
:10D4B000B4F8828BD4F82867B8F1320F50D1338892
:10D4C000A5F844317388A5F84631B388A5F84831EA
:10D4D000B7F85C30A5F84A31B7F85E30A5F84C31A2
:10D4E0001E4AB01EA2F1200C06F104090021B8F179
:10D4F000320F08BF11601368BCF900E02CF8021B62
:10D50000734442F8043B20F8021F8145EFD1B8F183
:10D51000010F17D10C2084F8841B84F87F8BFBF754
:10D520001FF8B5F844313380B5F846317380B5F84B
:10D530004831B380B5F84A31A7F85C30B5F84C31C2
:10D54000A7F85E3008F1FF33A4F8823B0BE000BF80
:10D55000881600209016002000000020A816002049
:10D56000B8F1000FBCD194F8803BDBB13221D5F883
:10D57000503193FBF1F33380D5F8543193FBF1F341
:10D580007380D5F8583193FBF1F3F449498C0022AC
:10D590005B1AB380A7F85C20A7F85E2084F8802B84
:10D5A000F5F7CCFED4F82827B5F8303111885B1A8E
:10D5B000A5F830315188B5F8323192885B1AA5F858
:10D5C0003231B5F834319B1AA5F83431B4F9263923
:10D5D0009FEDE36AD5ED577AE04E9FEDE2BA96ED06
:10D5E000152AD6ED124A96ED183A96ED10AA96ED48
:10D5F000130AD6ED172AD6ED161A96ED114A9FEDAD
:10D60000DACA07EE103AB4F9283905EE903AB4F9BF
:10D61000243906EE903AF8EEE66AB8EEC77AE6EEFE
:10D62000867AD5ED586AC5ED5A7AE7EE066AF8EEC5
:10D63000E55A95ED597AC5ED5B6AA5EE867A95EDCA
:10D640005D6A85ED5C7A77EE867A95ED606AD6ED57
:10D65000145A77EE867A95ED5E6A76EE866A95EDD7
:10D66000616A76EE866A95ED5F6A37EE067A95ED29
:10D67000626A66EEA86A37EE067A67EEA87A27EE47
:10D68000287A64EEE63A22EE665A23EE666AE7EE00
:10D69000043AA7EE255AA7EE226A6AEE479A60EE90
:10D6A000470A25EEE71A21EEC77AE7EEA49AE7EEDD
:10D6B000820AA7EE837A24EE678AA6EE801A62EECB
:10D6C000E77AA6EE8A8AE6EEA17A72EE016A73EE36
:10D6D0008A3A34EE294A74EE884A35EE005A75EEDD
:10D6E000A05A32EE877A73EE277AC6ED156A76EE87
:10D6F000216AC6ED103A86ED114AC6ED124A86ED52
:10D70000135AC6ED145AC6ED166A86ED177AC6EDA1
:10D71000187AFEF74FF8D5F8B820D5F88C31DFED40
:10D72000939A9FED93AA9A4240F0C7829FED917A17
:10D73000D5ED607A67EE877AC5ED607AD5ED617ACE
:10D7400067EE877AC5ED617AD5ED627A67EE877A02
:10D75000C5ED627AB5F9303196ED14EAD6ED11EAED
:10D76000D6ED13FAD6ED17DA96ED10FA96ED16DA35
:10D77000D6ED15AA96ED127A96ED189AD5ED4B5A7C
:10D780008DED057A5B4207EE903AB5F932315B4296
:10D7900008EE103AB5F934315B42F8EEE76AB8EEBC
:10D7A000C88A07EE903AB8EEE76A68EE0E7A6EEE37
:10D7B00088CAE6EEAF7A28EE2D8AEFEE26CAA6EEEC
:10D7C0008D8AE6EE2A7AE7EE06CAA6EE098A9FED72
:10D7D0006A6AC5ED6A7A67EE867AC5ED69CA27EE90
:10D7E000A75A6CEE86CAB0EE450AACEEAC0A85EDDF
:10D7F0006B8A28EE068AB4EE6A7A78EEA55AF1EEC4
:10D8000010FAA8EE080A6CBF01270027C5ED4B5A95
:10D81000CDED045ACDED037A8DED025A01F0BEF93B
:10D82000CCEE80BA9DED025AABEEAB5AB0EE450A93
:10D83000A8EE080A01F0B2F9DDED037AC7EE80CA5E
:10D840002CEEAC0AABEEAB0AA8EE080A01F0A6F982
:10D85000C8EE007AF0EE6B4AE7EEA94AB0EE6C5AD9
:10D8600097EEE95A2EEE248A69EEEC7A6AEEA4AAC3
:10D870006FEEA4CA9DED057A95ED5B0AEBEEA97AF1
:10D88000EFEE05CAAEEE858AE7EE05AAEDEE27CAF1
:10D89000ADEEA78AE9EE27AA20EE000AD5ED5A7A66
:10D8A000C5ED71CAA7EEA70AD5ED5C7A85ED728A3F
:10D8B000A7EEA70AC5ED73AACDED07CA8DED088ABC
:10D8C000CDED09AA01F06AF996ED1A5ADDED045A78
:10D8D000B4EECB5AF1EE10FAB4EECA0A44BF9FED93
:10D8E000215A86ED1ABAF1EE10FA00F10883DFED45
:10D8F000237AB4EEE70AF1EE10FA00F30383C0EEE8
:10D900000A7A6CEEA77AB4EECA0A27EE856AF1EEBF
:10D9100010FA85ED5D6A00F1F882DFED187AB4EE59
:10D92000E70AF1EE10FA00F3F382C0EE0A7A68EE2D
:10D93000277AB4EECA0A27EE857AF1EE10FA85ED61
:10D940005E7A00F1E882DFED0D7AB4EEE70AF1EEDF
:10D9500010FA00F3E382C0EE0A7A19E0000000201A
:10D96000487D8B3ACDCC4C3DC2B8B23E00000000A1
:10D97000F3665F3FEC51783F0000803958A00B41BF
:10D98000728A0E3C4C3D0F440000E144DB0F4940DD
:10D99000D4F81436DB076AEEA77A67EE857AC5ED10
:10D9A0005F7A0DD4B2EE005A26EE056A27EE057AAC
:10D9B00067EE857A85ED5D6A85ED5E7AC5ED5F7A05
:10D9C000B4EECC0AF1EE10FA1FD55FED137A95EDA7
:10D9D0006C7A95ED746A6CEEA7CA28EE278AA5EEDC
:10D9E000AC7A6AEEA7AA85ED6C7AD5ED6E7A95EDE4
:10D9F0006D7AE5EEAA7AA5EE887A75EE865A85EDFF
:10DA00006D7AC5ED6E7AC5ED745AD5ED747AB1EEC6
:10DA1000047AF4EEC77AF1EE10FA4FDB95ED757AE1
:10DA200095ED6C6A67EE877AB1EE677AB4EEC76AF5
:10DA3000F1EE10FA00F17582F4EEC67AF1EE10FA0A
:10DA400054BFF0EE465AF0EE675A95ED6D6AB4EEAB
:10DA5000C67AF1EE10FA00F36782F4EEC67AF1EEC0
:10DA600010FA48BFB0EE676A95ED6E5AB4EEC57A0B
:10DA7000F1EE10FA08DCF4EEC57AF1EE10FA54BFBC
:10DA8000B0EE457AB0EE677AD5ED577AC5ED6C9A6F
:10DA900077EEA57AC5ED6D9AC5ED577AD5ED587A32
:10DAA000C5ED6E9A77EE867AC5ED749AC5ED587A13
:10DAB000D5ED597A77EE877AC5ED597AB4EE6EFADC
:10DAC000F1EE10FAF4EE4EFA68BF47F00107F1EEFE
:10DAD00010FAB4EE6DDA68BF47F00107F1EE10FA04
:10DAE000C5ED4B9A07D6B4EE499AF1EE10FA02D67C
:10DAF000002F00F01C82FDF725FE736C96ED160AD0
:10DB0000C5F8DC31B36C96ED10BA96ED13AAD6EDDC
:10DB100017AA96ED18CAC5F8E031B4EE400A336D85
:10DB2000C5F8E831F1EE10FA736D85ED76BA85ED42
:10DB300079AAC5F8EC3185ED7C0AC5ED7DAA85EDA5
:10DB40007ECA80F11282F7EE007AB4EEE70AF1EEB7
:10DB500010FA80F20D82FFEE007AB4EEE70AF1EEE1
:10DB600010FA40F2088200F0BBFFB1EE408AF0EEFE
:10DB70004C0AB0EE6A0A85ED658A00F0DDFFF0EE32
:10DB80004B0AF0EE40AA85ED640AB0EE4A0A00F0B6
:10DB9000D3FF1FED84BA85ED660AB0EE40AA2AEEE7
:10DBA0008B0A01F09DF828EE0B0A07B2A4F87476F0
:10DBB00001F096F85FED8C7AA4F832792AEE67AA24
:10DBC0005FED8E7A8AEE270A0FFA80F8A4F876863F
:10DBD000A4F83489F2EE047A30EE290A80EE270A9E
:10DBE00001F07EF803B2002B02DA00F5B47003B244
:10DBF000A4F81836D4F84C37B6F822C0E14E93F8A2
:10DC00000090DFF8B4E3002206F1CC001146B7EE35
:10DC1000007A36F9023BB9F1000F18D007EE909A5E
:10DC2000F8EEE77AC7EE276A07EE903AF8EEE77A61
:10DC300037EE666A67EEA67AD0ED006AE6EE867A7F
:10DC4000C0ED007AFDEEE77A17EE903A1BB2013193
:10DC5000C9B203292EF8023B00F1040003FB03F3D1
:10DC600093FBFCF31A44D4D1DFEDC77A68EEA78AA0
:10DC70006423FCEEE87A534317EE900A93FBFCF31F
:10DC8000C4F8FC35F8F786FE88EAE870B4F9CA2CC7
:10DC900094F8E338A0EBE87080B2904280F26E8195
:10DCA000002FB8BF7F42BFB2BA4240F3678143F052
:10DCB000080384F8E338FFF7FCB8D31A0CEE903A67
:10DCC000B4F92C399FEDB17AD6ED160AD6ED187A53
:10DCD000D6ED176AC5F88C2108EE103AB4F92E3942
:10DCE0000DEE903AB4F92A39F8EE6CCA0EEE103AFD
:10DCF00095F8C0306CEE87CAB8EEC88AF8EEEDDA57
:10DD0000B8EECEEA83BB26EEED0AB7EE007AA8EEB7
:10DD1000270A6DEEA77AA0EEE07AE8EE267AB1EE59
:10DD2000400A60EEE70AE7EE0E0A00F005FF9FEDFD
:10DD3000981AB4EEC10AF1EE10FA08D49FED951AC4
:10DD4000B4EEC10AF1EE10FAD8BFB0EE401AD5ED2C
:10DD5000650A95ED640AF8F76FFF0123C5ED609A37
:10DD6000C5ED619A85F8C03096ED11DAD6ED107ADE
:10DD700028EE0DDAA7EE8EDAD6ED127AA7EEADDA3E
:10DD8000D6ED147A85ED67DA28EE278AD6ED137A78
:10DD9000A7EE8E8AD6ED157AA7EEAD8A28EE08EAB0
:10DDA00085ED688AB0EE4E0AADEE0D0A00F0F6FE83
:10DDB000CDEE00DAB0EE4E0AADEEAD0A00F0EEFEAA
:10DDC0009FED757AF0EEED7AF4EE477AF1EE10FA07
:10DDD00000F38C80C8EE007AF0EEE76AF4EE476A52
:10DDE000F1EE10FA00F38280DDEEA97AB0EE67DA88
:10DDF00095ED5B0AD5ED5A7AD6ED18DA20EE000AD9
:10DE00006DEE2DDAA7EEA70AD5ED5C7AA7EEA70A8C
:10DE100000F0C4FE96ED197AB4EECB7AF1EE10FA6A
:10DE2000B4EECA0A44BF9FED5D7A86ED19BAF1EEF1
:10DE300010FAB0EE40EA5CD4DFED597AB4EEE70AAE
:10DE4000F1EE10FA58DCC0EE0A7A6DEEA77A95ED85
:10DE50006A0A27EE878A20EE000AD5ED697AA7EED6
:10DE6000A70A00F09BFEF1EE007AB4EEE70AF1EEAD
:10DE700010FA9ABFF1EE027A37EEC00A9FED490A16
:10DE8000D4F8143698BF20EE2A0ADA0768EE007A32
:10DE900058BFB2EE007AC5ED627A5CBF67EE877A52
:10DEA000C5ED627AF0EE007AF4EEE7CAF1EE10FA10
:10DEB0000ED5B4EECCEAF1EE10FA09D5DFED3A7AE0
:10DEC0006DEEA7DAD5ED6E7AECEEAD7AC5ED6E7A31
:10DED00095ED6F7AB5F8C031F0EECD7A77EE877AAE
:10DEE0000133C5ED6F7AA5F8C03133E49FED2FDA29
:10DEF0007EE7F7EE007AA8E7F2EE047AA5E7F7EE00
:10DF0000007AFEE4F2EE047AFBE4F7EE007A0EE526
:10DF1000F2EE047A0BE5F7EE007A39E5F2EE047AD8
:10DF200036E5F0EE475A90E5B0EE476A9CE5F7EE2D
:10DF3000007AB4EEE7DAF1EE10FA07D5FFEE007AD8
:10DF4000B4EEE7DAF1EE10FA3FF7D7ADFDF732FCA9
:10DF5000D6ED167AB2EE047AF0EEE77AF4EEC77AEE
:10DF6000F1EE10FA7FF7C9ADC5E59FED100AFCE5AB
:10DF70009FED0F0AF9E59FED0F0AF6E523F0080380
:10DF800097E600BF8816002000247449BD37863507
:10DF90009A9949C09A994940FFFF7F7FCDCC4C3D6B
:10DFA00058A00B41CDCCCC3D0AD7233C000000004B
:10DFB000DB0FC93FDB0FC9BF7E0D0020A5F8303154
:10DFC000A5F83231A5F83431FEF773BFD5F80C222D
:10DFD000D4F85C35D4F814669B1A40F69802934244
:10DFE00040F2528146F0080600230120C4F814666E
:10DFF000C4F8F435FEF762FBD4F8B49699F85630BD
:10E00000002B40F01283F3F717FB94F84331002BF9
:10E0100052D0B5F80832C748B4F8CC6C00EE103ACC
:10E020000121B8EE400AF8F769FEBCEEC00A95F887
:10E03000AE2010EE103A9BB2B6FBF3F0411CB5F9DE
:10E04000283209B2002A00F00B83BB4EDFF80883A8
:10E0500006F1080C002738F902EBBCF90090B6F97C
:10E0600000202CF802EBAEEB090901375A43042FCC
:10E0700092FBF1F24A4426F8022BECD1002385F8FA
:10E08000AE3003B2002B40F3EE82AC4FDFF8C8C2D3
:10E09000A5F82832A7F1080E002037F9026B3EF9E7
:10E0A000022B013013FB02F2042892FBF1F2A6EBE3
:10E0B00002022CF8022BF0D1F2F7CCFBD4F8FC28AA
:10E0C0000123160785F8AF304FD5B4F96C3540F20F
:10E0D000DC518B42CCBFA3F2DC53CB1AB3F5967F55
:10E0E00080F2CE82B4F8CC3703F04403002B00F06A
:10E0F000C78295F83A3273B1B4F92839032B40F34B
:10E10000B6829B10452B30DC002385F83A32B4F8F8
:10E110001836A4F8AA36B4F8AA16B4F818365B1A5A
:10E1200099B21BB213F1B30F02DA01F5B4710BB25D
:10E13000B32BC4BFA3F5B4731BB213F11E0FC0F20F
:10E140009C821E2BA8BF1E23D4F8B416497A11FB5B
:10E1500003F31BB2B3F5C87F7949A8BF4FF4C87366
:10E160008B42B8BF0B46A4F8A83512F0140F13D099
:10E17000B4F8CC3703F4027373B194F8E338D806DB
:10E1800040F18682B4F8A63594F99421B4F99C152F
:10E1900001FB0233A4F8A635DFF8C08198F83A30C5
:10E1A00043B1B4F84631B4F96E259A42DCBF00237E
:10E1B000A4F8A835D4F8B47697F81C6166B3B4F81F
:10E1C000CC37990728D09FED5F0A80EE000A00F057
:10E1D0005BFC5D4BD3ED007A20EE270A00F080FD5A
:10E1E00007EE906AB0F5617FA8BF4FF46170F8EE5A
:10E1F000E75A07EE900AB8EEE70ADFED547A80EEB0
:10E20000270AF2F72DF925EE800A00F069FDB4F82F
:10E21000AA351844A4F8AA054D4B0093D8F86C60B1
:10E22000B4F8FA20D4F8201607F15C033846B0475A
:10E2300094F8B839D4F834C70293032B16D9BCF834
:10E240000210B1F5FA7F11D2B4F9A825B5F9400250
:10E25000002AB8BF524292B24B429B1A834203DC5F
:10E260008B188342A8BF0346A5F84032394AB4F957
:10E27000AA85B5F93E92B5F93CA2B5F940E2A2F6FD
:10E280004C031E46002032E20120FEF717FAD4F8B4
:10E29000207644F64B33BB80D4F8183C86F0080651
:10E2A000632BC4F8146604DC4FF4FA63A4F86E35EB
:10E2B000A2E60120FEF7F4F995F810226E2362B968
:10E2C0007B714FF47A73A4F86A350223C4F8F435ED
:10E2D000D4F85C35C5F814328EE6012A06D17B717C
:10E2E0004FF4FA63A4F86A350523EFE7032A3B717C
:10E2F00004D14FF47A73A4F86835E6E74FF4FA6373
:10E30000A4F86835F0E7D4F81436012083F0080348
:10E31000C4F81436FEF7C4F995F810324FF47A7247
:10E32000F3B9B4F97636A4F86A25B3F5E17F1BDDBD
:10E330000323CBE77C170020821700208A170020D8
:10E3400070FEFFFF00000000B40B0020EFB6B044E9
:10E350009605002030140020040A00200000002050
:10E36000032BA4F8682513D00223C4F8F435D4F89D
:10E370005C35D5F814229B1AB3F5FA6FFFF43CAE66
:10E380000023C4F8F435C5F81432F2F7BEF933E6C9
:10E39000B4F97426B2F5E17FE6DD97E795F810321F
:10E3A00093B9B4F97636B3F5E17F51DDD4F814367C
:10E3B000012083F00803C4F81436FEF771F940F227
:10E3C0007E43A4F86A35D2E7032B7FF415AEB4F987
:10E3D0007436B3F5E17F19DDD4F81436012083F0EB
:10E3E0000803C4F81436FEF75BF94FF48363A4F80E
:10E3F0006835D4F85C35D5F814229B1AB3F5FA6F5A
:10E40000FFF4FAAD0023C4F8F43563E79BB2B3F52B
:10E41000E17F3FF6F1ADB4F87636FA339BB2B3F54F
:10E42000FA7F3FF6E9ADD4F81436012043F0080333
:10E43000C4F81436FEF742F94FF48363A4F8683544
:10E44000D4F85C35C5F814320423C4F8F435D3E5A8
:10E450009BB2B3F5E17F3FF6CFADB4F87436FA3333
:10E460009BB2B3F5FA7F3FF6C7ADD4F8143601205E
:10E4700043F00803C4F81436FEF720F940F20143D4
:10E48000A4F86A35DCE7D4F81436012043F0080319
:10E49000C4F81436FEF712F94FF4FA63A4F86E3597
:10E4A000D4F8203644F64B329A80D5F81422D4F8AA
:10E4B0005C359B1A40F2DC529342A3D8C4E701209A
:10E4C000FEF7EEF895F81032012B0AD14FF4FA63FB
:10E4D000A4F86A35B4F9763613F5E17F07DA062336
:10E4E000F4E640F2B772022BA4F8682503D00523A6
:10E4F000C4F8F4357DE7B4F97436EDE795F8100209
:10E50000012811D1B4F9763613F5E17F42DAD4F857
:10E51000143683F00803C4F81436FEF7C1F840F24D
:10E520003A73A4F86A3564E702287FF465ADB4F95C
:10E53000743613F5E17F0BDAD4F81436012083F03A
:10E540000803C4F81436FEF7ABF840F2B7734EE791
:10E5500003F5E1739BB2B3F5C87F3FF64DADB4F858
:10E560007636FA339BB2B3F5FA7F3FF645ADD4F871
:10E570001436012043F00803C4F81436FEF79EF861
:10E5800040F23A73A4F86835D4F85C35C5F8143213
:10E5900007235AE703F5E1739BB2B3F5C87F3FF653
:10E5A0002BADB4F87436FA339BB2B3F5FA7F3FF66D
:10E5B00023ADD4F8143643F00803C4F81436FEF73C
:10E5C0007DF840F2B773A4F86A35DDE7D4F8143665
:10E5D000012043F00803C4F81436FEF76FF895F8ED
:10E5E0001032012B1CBF4FF4AF63A4F868354FF411
:10E5F000FA63A4F86E35D4F8203644F64B329A808C
:10E60000D5F81422D4F85C359B1A40F2DC529342C0
:10E610003FF6F8AEBCE7C4F8F435C5F81432D4F8C8
:10E62000203644F64B329A80E6E4DFF80083BB4F95
:10E630000026B8F9003099F8561000EE103A384626
:10E64000B8EEC00AF8F75AFBBDEEC00A013610EE6C
:10E65000103A032E28F8023B07F10407E9D1D2E46F
:10E66000013B1BB20EE50023A5F8283224E5002B60
:10E67000B8BF03339B105B4244E56FF01D0363E5B5
:10E68000012385F83A32B4F81836A4F8AA366CE5B6
:10E69000F1F74DFF80E507EE908AB8EEE77A07EED6
:10E6A000909A52ED026A9CF90110F8EEE77A49421D
:10E6B00067EEA67A52ED046AE7EE267A0EFB01F1C8
:10E6C000013007EE10AA52ED036AB8EEC77AE7EE02
:10E6D000267A07EE101A52ED016AB8EEC77AE7EE15
:10E6E000267AFDEEE77A17EE901A26F8021B0299B9
:10E6F000884202F11002CED394F8EC25520740F183
:10E70000E18094F8FB260492B4F98427184601218D
:10E71000029E8E4273D8D4F83017D4F8D0A7488818
:10E72000B4F96E658242C4BF121A1FFA82FB0AF462
:10E7300080520592D4F82C07D4F838270392D8BF1A
:10E740004FF0000B4FF00009029A4A455ED8744E14
:10E7500096F8343C0BB1FCF7E9FC94F8EC355F0714
:10E760002FD5B4F8CC37D8072BD5B4F97436002B95
:10E77000B8BF5B429BB2B3F52F7F1AD8B4F9763697
:10E78000002BB8BF5B429BB2B3F52F7F11D8B4F911
:10E790001E39002BB8BF5B429BB242F6E062934247
:10E7A00007D8B4F92039002BB8BF5B429BB2934223
:10E7B00007D9D6F8F43523B90220F1F735FDF1F782
:10E7C000A4FF96F8ED75022F00F0B280032F00F041
:10E7D000F880012F7EF498A9DFF8488198F810306E
:10E7E000002B3EF491A996F8EC4514F0040475D082
:10E7F0004C4A002386F8ED351374FEF785B930F9DD
:10E80000026FB242B8BF3246013181E71A88059FD4
:10E81000A2EB0B0212B21A8077B3039F9CF8008020
:10E82000B7F80EE0B8F1000F08D1B0F80680AEEBF3
:10E830000807B74202DAF044B04517DC76450EDD32
:10E84000B0F802E0964504DCB1F802E09645A8BFB6
:10E850009646A3F800E009F10109023374E7B1F824
:10E8600004E09645F5DCB0F800E0EFE77645CCBF74
:10E87000428802881A80EEE7049FB1F8028047B10F
:10E88000B1F804E09645E4DC4245A8BF424696460E
:10E89000DFE7B1F800E0964503DC4245A8BF4246F9
:10E8A0009646039AA3F800E0128A9642D3DA1AF049
:10E8B000100F01D08A88DDE79CF80020002ACAD119
:10E8C0000A88D7E7184BA3F21A2203F1100153F874
:10E8D000040B42F8040B8B42F9D138E7D6F8143612
:10E8E000D9077EF511A9F1F7EDFEF1F7F9FEF1F781
:10E8F0003FFF96F8F035C5E99144C5E99444002BF3
:10E900007EF402A9B8F81230D6F8982586F8F0758A
:10E910001344C6F89435FEF7F7B800BF701700200F
:10E920006004002000000020FE0D0020840D002067
:10E93000354F3B7C002B3EF4E7A8012386F8EF35EA
:10E940007B7C43B1D6F85C3503F5EA433033C5F838
:10E950005C3200237B74D4F85C25D5F85C32D21A83
:10E96000002A09DBF1F7D1FE00233B7484F8EF3570
:10E9700001237B74FEF7C8B8B5F93421002AB8BF6B
:10E98000524292B242F234118A4206D900243C74B7
:10E99000F1F7BBFE86F8EF45EAE7D4F85C25D21A1A
:10E9A000002AD4F85C25CCBFD31A9B1A46F66052D5
:10E9B00093423EF7A9A8D6F8183C0733FEF6A4A860
:10E9C000E4E7D6F8F435002B7FF412AFB6F8CC2785
:10E9D00052077FF50DAF85F810320123C6F8F435E4
:10E9E000D6F85C35C5F80C3202E7012384F83936D5
:10E9F000054B002283F8392006F5C333A03345F8D0
:10EA0000583CFEF78AB900BF00000020014B024AC3
:10EA10001A6070472C1700205B8218391148124980
:10EA2000026800608A4218D0002103E00F4B5B5857
:10EA3000435004310E480F4B42189A42F6D30E4A07
:10EA400002E0002342F8043B0C4B9A42F9D3F5F75D
:10EA500004FCFEF751F87047FEE70948D0F800D0F3
:10EA600040680047FC9F0020EFBEADDE2C26010869
:10EA700000000020600400206004002064200020CA
:10EA800000D8FF1FFEE7000008B52DED028BB0EEA9
:10EA9000408A00F03FFAB4EE488AF1EE10FAF0EE48
:10EAA000408A0AD6B0EE480A00F0D2F8F7EE007AB3
:10EAB000B4EEE70AF1EE10FA04DCB0EE680ABDEC41
:10EAC000028B08BD01F0EAFBBDEC028B034621225C
:10EAD0001A600248BDE8084000F0FCB88420010834
:10EAE00008B52DED028BB0EE408A00F037FBB4EE96
:10EAF000488AF1EE10FAF0EE408A0AD6B0EE480AE3
:10EB000000F0A6F8F7EE007AB4EEE70AF1EE10FA9C
:10EB100004DCB0EE680ABDEC028B08BD01F0BEFB60
:10EB2000BDEC028B034621221A600248BDE8084072
:10EB300000F0D0B88420010800F00ABC08B52DED23
:10EB4000028BB0EE408A00F0A9FCB4EE488AF1EEE8
:10EB500010FA0FD6B5EEC08AF1EE10FA0ADCB5EE67
:10EB6000408AF1EE10FA08D101F098FB22239FEDC4
:10EB7000090A0360BDEC028B08BD01F08FFBBDEC00
:10EB8000028B034621221A600348BDE8084000F0CA
:10EB9000A1B800BF000080FF8420010808B52DED5A
:10EBA000028BB0EE408A00F0E7F8B4EE488AF1EE4E
:10EBB00010FA06D6DFED098AB4EEE88AF1EE10FA13
:10EBC00002D4BDEC028B08BD01F068FB88EEA80AF8
:10EBD000BDEC028B2123036008BD00BF00000000D4
:10EBE00010EE103A184923F000428A421AD9B2F1C5
:10EBF000FF4F02D330EE400A704700B583B068463D
:10EC000000F046FD00F0030001289DED000ADDED57
:10EC1000010A10D0022809D090B900F0B1F803B071
:10EC20005DF804FBDFED090A00F0AAB800F0A8F8CF
:10EC3000B1EE400AF3E700F025F9B1EE400AEEE745
:10EC4000012000F01FF9EAE7D80F493F000000005B
:10EC500010EE103A23F0004300EE103A704700BF68
:10EC600010EE103A194923F000428A421BD9B2F142
:10EC7000FF4F02D330EE400A704700B583B06846BC
:10EC800000F006FD00F0030001289DED000ADDED17
:10EC9000010A13D002280BD098B9012000F0F2F835
:10ECA00003B05DF804FBDFED0A0A002000F0EAB8CB
:10ECB000012000F0E7F8B1EE400AF1E700F060F85B
:10ECC000EEE700F05DF8B1EE400AE9E7D80F493F02
:10ECD000000000009FED010A704700BF0000C07FE8
:10ECE00010B485B08DED010A019BC3F3C752A2F1A8
:10ECF0007F011E2931DC16294FEAD37425DC1D4B18
:10ED0000DDED017A03EB840393ED007A77EE277A49
:10ED1000CDED037ADDED037A77EEC77A17EE903A00
:10ED200033F000400DD0C3F3C7507F381FD4C3F376
:10ED3000160343F40003C0F1170023FA00F004B1F6
:10ED4000404205B05DF8044B7047C3F3160343F42B
:10ED50000003963A03FA02F0F1E7DDED017AFDEEE9
:10ED6000E77A17EE900A05B05DF8044B7047002073
:10ED7000E5E700BF88200108B1EEC00A704700BF78
:10ED800010EE103A23F00043B3F1485F2CD2FDEEB1
:10ED9000C07A17EE903A002B60D060EE007A9FEDBB
:10EDA000317A9FED315ADFED315A9FED316ADFED57
:10EDB000316AA7EE875A9FED307AE7EE855AA7EEC3
:10EDC000A56AA7EE867AE7EE876A67EEA66A60EE26
:10EDD000C00AB6EE007AE7EEA60AB7EE000AD7EE52
:10EDE000870A30EE600A704760EE007A9FED1D7A68
:10EDF0009FED1D5ADFED1D5A9FED1D6ADFED1D6A67
:10EE00001E4AA7EE875A93429FED1B7AE5EE275ADA
:10EE1000A5EEA76AA6EE277AE7EE276A66EEA76A4E
:10EE2000D5D9174A934214D803F17F4307EE103A1D
:10EE3000B7EE006A36EE476A60EEC00AF6EE005A98
:10EE400097EEA57AE7EEA60A37EE607A36EE470A25
:10EE50007047B6EE076AB5EE027AEDE7B7EE000A44
:10EE6000704700BF4ED747ADF6740F317CF293B4B4
:10EE7000010DD037ABAA2A3D610BB6BA9999993EDC
:10EE80000000483F10EE103A23F00043B3F1485F12
:10EE900004D2FDEEC07A17EE903A5BB360EE007AD2
:10EEA0009FED157ADFED155A9FED156ADFED156AB6
:10EEB000E7EE875A9FED147AA5EEA76A20EE275A4F
:10EEC000E6EE276AA6EEA77A30B9DFED106AE7EE24
:10EED000876AA6EE850A704727EE457AF6EE006A45
:10EEE000A0EEA67ADFED0A6AD7EE270AE5EE260A3B
:10EEF00030EE600A704700BFD3C92E2F342FD7B22F
:10EF00001BEF3836010D50B98988083CABAA2ABEE0
:10EF1000ABAA2A3E08B510EE102A22F00043B3F146
:10EF20007E5F2DED028B12D00AD8B3F17C5F16D232
:10EF3000B3F10C5F67D8BDEC028B9FED770A08BD7B
:10EF400070EE407A87EEA70ABDEC028B08BD002A5E
:10EF500040F3DD80BDEC028B9FED700A08BD002AF6
:10EF6000C0F28E80F7EE008A38EEC00AF6EE007A24
:10EF700020EE278AB0EE480AFFF7FEFEDFED687A42
:10EF80009FED687ADFED686ADFED685A9FED686A89
:10EF9000A8EE277ADFED677AE7EE086AE8EE067AF0
:10EFA000E6EE885A9FED646A9FED647ADFED646A4D
:10EFB000A5EE886AA7EE887ADFED627AE6EE087A37
:10EFC00010EE103AE7EE086A6FF30B03B0EE677AC3
:10EFD00007EE903AF0EE485AE7EEE75AE6EE888AF6
:10EFE00030EE276A27EE087AC5EE866A87EE286A31
:10EFF000BDEC028BB0EE667AA0EE067A37EE870A99
:10F0000030EE000A08BD20EE007ADFED457A9FED74
:10F01000456ADFED456A9FED465ADFED445AA7EE9B
:10F02000276ABDEC028BE6EE076ADFED427A9FEDC0
:10F03000436AE7EE057AE6EE875AA7EE876A9FED08
:10F040003E5ADFED3F7ADFED3F6AA5EE875AE6EEE6
:10F05000077AE5EE076AF7EE005AE7EE875A26EEE2
:10F06000877A9FED396ADFED397AC7EE256AB0EE0F
:10F07000467AA0EE667A30EE470A37EEC00A08BD3F
:10F08000B7EE007A30EE070AF6EE007A60EE277AE5
:10F09000DFED236A9FED236ADFED234ADFED245A7B
:10F0A0009FED225A9FED278AA7EEA66ADFED216A1F
:10F0B000E6EE274AE7EEA56ADFED205A9FED1E6ACD
:10F0C000A4EEA75AE6EEA75ADFED1D6AA5EE276A61
:10F0D000E5EEA76AA6EE278AA6EEA77A28EE278A8B
:10F0E000F0EE478AB0EE670AFFF746FE88EE286A20
:10F0F0009FED177ADFED177AA0EE067AF0EE006A40
:10F1000037EE007AE7EE667AB0EE670A1CE7BDECF0
:10F11000028B9FED110A08BDDB0FC93F0000000004
:10F1200008EF1138047F4F3A461124BDA80A4E3E1D
:10F130002EC69D3D613330BF90B0A6BE2D57014015
:10F1400039D119C0ABAA2A3E6821A233DA0FC93FD0
:10F150006821A2B3DA0F4940DB0F494038B510EE01
:10F16000105A25F00044B4F17E5F2DED048BF0EED3
:10F17000407A7FD077D8B4F17C5F0ED2B4F1485F8B
:10F1800080F090809FED627A30EE077AF7EE006AA9
:10F19000B4EEE67AF1EE10FA62DCB0EE670AFFF741
:10F1A00057FDF7EE007A37EEC08AB6EE007A28EE09
:10F1B000078ADFED586A9FED587A9FED586A9FEDF8
:10F1C000585ADFED585ADFED588AE8EE076A9FED8E
:10F1D000577AA8EE067AA6EE885A9FED556ADFEDBB
:10F1E000556AA7EE086AE5EE085A9FED537AA6EE37
:10F1F000087AE5EE886AE7EE087AE6EE888AB0EEED
:10F20000480AB0EE679AFFF7B7FD4C4B68EE888A64
:10F210009C4288EE896A38D810EE103A6FF30B03DF
:10F2200006EE903AA6EEE68A70EE267A9FED447AD4
:10F23000C8EE274AF0EE005AA4EEE57ADFED417AF7
:10F2400030EE000AB0EE675A90EE067AA6EEE55A66
:10F2500037EE457A37EEC70A002D01DCB1EE400AE1
:10F26000BDEC048B38BDBDEC048B70EE407A87EEAC
:10F27000A70A38BDBDEC048B9FED310A9FED327AB1
:10F2800027EE800AA7EE870A38BDA0EE060A9FED9A
:10F290002F7ADFED2D7AF0EE006AA0EE267A37EEB7
:10F2A000C70AD9E720EE007ADFED1B6A9FED196AE5
:10F2B000DFED1B5A9FED195ADFED1A4AA7EE266AB9
:10F2C000BDEC048BE6EE075ADFED186A9FED186A75
:10F2D000E7EE056AE5EE874AA6EE876A9FED155AC6
:10F2E000DFED155ADFED106AA4EE875AE6EE075AF5
:10F2F000E5EE076AB7EE006AA5EE876A26EE877A22
:10F30000C7EE066AE0EE267AB0EE670A38BD00BFA7
:10F31000CAF24971047F4F3A08EF11382EC69D3D5D
:10F32000461124BDA80A4E3EABAA2A3E613330BF27
:10F330002D57014090B0A6BE39D119C09999793F97
:10F340002EBD3BB3DB0F493FDB0FC93F2EBD3B3327
:10F3500010B582B0CDED010A019B23F00042B2F15D
:10F36000FF4FF0EE407A30D810EE100A20F0004146
:10F37000B1F1FF4F29D8B3F17E5F3ED09C1704F066
:10F38000020444EAD07431B37AB3B2F1FF4F3FD0F4
:10F39000B1F1FF4F29D0891AB1F1F45F4FEAE15280
:10F3A00033DA002B41DA3C323FDA9FED330A012C8D
:10F3B0004DD0022C42D064B19FED307ADFED307A2F
:10F3C00030EE070A30EE670A03E09DED017A37EE72
:10F3D000270A02B010BD022C0CD09FED2A7A032C14
:10F3E00008BFB0EE470A02B010BD00280ADB9FED4F
:10F3F000260AEEE79FED220AEBE702B0BDE81040D7
:10F4000000F07CBA9FED210AE3E79FED1F0ACEE7EB
:10F41000B1F1FF4F04F1FF3420D0022C26D81C4B51
:10F4200003EB840393ED000AD3E79DED017A87EEA9
:10F43000870AFFF70DFC00F061FAB8E79FED0F7A3D
:10F44000DFED0F7A30EE070A37EEC00AC1E710EEA3
:10F45000103A03F1004300EE103ABAE7022C08D844
:10F460000C4B03EB840393ED000AB2E79FED020A15
:10F47000AFE79FED090AACE7000000002EBDBB33EB
:10F48000DB0F4940DB0F49C0DB0FC93FDB0FC9BFB2
:10F49000902001089C200108DB0F493F10EE102A44
:10F4A00032F000432FD0002A134633DBB2F1FF4F76
:10F4B00040DAB2F5000F34DB4FF0000C6448C3F3C0
:10F4C0001601084400F4000282F07E520A43DB1564
:10F4D00000EE102A7F3B5F4A634401F10F0CF7EE08
:10F4E000007A0CEA020230EE670A03EBD05322BB2B
:10F4F000B5EE400AF1EE10FA62D1002B40F0908098
:10F500009FED550A70479FED557ADFED537A87EEF0
:10F51000270A704770EE407A9FED4F7A87EE870A90
:10F520007047DFED4F7A60EE277A6FF0180C17EE18
:10F53000903AC3E730EE000A7047F0EE007A70EEC2
:10F54000277A07EE103A80EE274A4648C1F557124F
:10F55000084402F522720243002A9FED433ADFED90
:10F56000434ADFED435ADFED433A9FED435ADFED67
:10F57000437ADFED436A24EE046AF8EEC72A26EEEA
:10F58000067AE7EE034AA7EE235AE4EE875AE5EE41
:10F59000076AE5EE877A67EE867AE6EE877A2ADDF5
:10F5A000B6EE007A20EE077A27EE007A77EE877AB9
:10F5B00067EE847A3BBB37EE677A30EE470A7047D6
:10F5C0009FED307AF6EE007AE0EE477A20EE007A90
:10F5D00027EE277A002BF0D007EE903A9FED2A6AAB
:10F5E000DFED2A6AF8EEE77AA7EEC67A37EE400A30
:10F5F00097EEA60A704770EE677A67EE847AE3B9F1
:10F6000030EE670A70479FED206ADFED206AE2EE78
:10F61000867A37EE677A37EE400A92EEA60A70478E
:10F6200007EE903A9FED180A9FED187AF8EEE77A08
:10F6300027EE800AA7EE870A7047DFED136A9FED79
:10F64000137AE2EEE67A37EEC00A92EE870A704746
:10F6500020FB4A00F0FF7F0000000000000000CC0B
:10F660000000004C305CCFFF9788173E25333A3EB0
:10F670002549923E4FD01C3E298E633EABAA2A3FBD
:10F68000CDCCCC3EABAAAA3ED1F717378071313F23
:10F6900070B510EE103A8B4A23F00044944286B0C5
:10F6A000054671D9884A94421E4624D823F0004268
:10F6B000002BDFED867A864922F00F02B0EE407A09
:10F6C00040F3E6808A4270EE677A09BF9FED817A47
:10F6D000DFED816ADFED816A77EEC77A37EEE67A91
:10F6E00077EEC77A80ED007A77EEE67AC0ED017AA0
:10F6F000012006B070BD7A4A944253D9B4F1FF4F4D
:10F7000049D2E215863AA4EBC25307EE903ABDEE19
:10F71000E77ADFED746AB8EEC77A77EEC77A8DEDD7
:10F72000037A67EEA67ABDEEE77AB8EEC77A77EE8F
:10F73000C77A8DED047A67EEA67AF5EE407AF1EE9F
:10F7400010FACDED057A40F08E80B5EE407AF1EEFC
:10F7500010FA40F08A80012363490191022100914F
:10F7600003A8294600F00AFA002EC2DA95ED007AC5
:10F77000D5ED017AB1EE477AF1EE677A85ED007A40
:10F78000C5ED017A4042B4E7002285ED000A4260EF
:10F79000002006B070BD70EE407AC0ED017AC0ED79
:10F7A000007AF5E7FFF754FA9FED507A9FED476A2C
:10F7B000F6EE007AE0EE077A9FED477AFDEEE77A03
:10F7C000F8EEE76A17EE900AA6EEC60A1F2866EE64
:10F7D000877AB1EE666A30EE677A1EDC444A411ED3
:10F7E00026F0004352F8212023F0FF03934214D067
:10F7F00085ED007A30EE470A002E30EE670A85ED7F
:10F80000010ABFF676AFB1EE477AB1EE400A85ED58
:10F81000007A85ED010A40426BE717EE103AC3F318
:10F82000C753C3EBD453082B4FEAE452E0DD9FEDFE
:10F83000297A9FED2A5AF0EE405AE6EE075A70EE0A
:10F84000657AE6EE077AD6EE857A35EEE77A17EE38
:10F85000103AC3F3C753D21A192A08DCB0EE650A6E
:10F8600085ED007AC6E7032376E7022374E79FED70
:10F87000217A9FED215AB0EE650AA6EE070A75EED1
:10F88000C07AE6EE077AD6EE857A30EE677AAFE791
:10F890008A4270EE277A09BF9FED0E7ADFED0E6A7D
:10F8A000DFED0E6A77EE877A37EEA67A77EEC77AC3
:10F8B00080ED007A77EEA67AC0ED017A4FF0FF3046
:10F8C00017E700BFD80F493FE3CB1640800FC93F71
:10F8D000D00FC93F004435374344353708A3852E40
:10F8E000800F4943000080432821010884F9223F0A
:10F8F000A820010800A3852E32318D2438B510EEE2
:10F90000105A25F00044B4F1A14FF0EE407A07D32D
:10F91000B4F1FF4F55D8002D77DD9FED4E0A38BD6D
:10F920004D4B9C425CD8B4F1445F4DD34FF0FF3354
:10F9300027EEA76A9FED495A9FED497ADFED495AB4
:10F94000DFED494A66EE066A5A1CA6EE857AE6EEB7
:10F95000A54A9FED465ADFED465AA7EE265AE4EE39
:10F96000A65A9FED447ADFED444AA5EE267AE5EEED
:10F97000A64A9FED425ADFED425AA7EE265A9FED66
:10F98000417AA4EEA67AE5EE265A27EE267AA5EE6F
:10F99000867A27EE877A3BD03B493C4A01EB8301CC
:10F9A000D1ED006A37EE667A02EB8303D3ED006A8D
:10F9B00037EE677A002D36EEC70AB0DAB1EE400AAC
:10F9C00038BD30EE000A38BD9FED317A30EE077A4F
:10F9D000F7EE006AB4EEE67AF1EE10FAA6DD38BD75
:10F9E000FFF736F92B4B9C4215D8A3F5D0039C4268
:10F9F00026D8F0EE007ABFEE007AA0EE277A002338
:10FA000030EE270AC7EE007A92E79FED230A38BD51
:10FA100037EEC70A38BD214B9C420BD8F7EE087A67
:10FA2000B7EE007AA0EE277A022330EE670AC0EE26
:10FA3000077A7DE7BFEE007AC7EE007A032377E707
:10FA4000F7EE007A30EE677A30EE270A0123C7EE30
:10FA5000007A6DE7DB0FC93FFFFFDF3ED769853CCA
:10FA600059DA4B3D21A215BD6BF16EBD356B883D5A
:10FA700095879DBD6E2EBA3D388EE3BD2549123E59
:10FA8000ABAAAA3ECDCC4CBE4024010850240108AC
:10FA9000CAF24971FFFF973FDB0FC9BFFFFF1B4051
:10FAA00010EE103A33F000411A4625D0B1F1FF4F65
:10FAB0001FD213F0FF4F20D1DFED297A294A60EEE3
:10FAC000277A904217EE903A31DB4CF2503CC3F368
:10FAD000C75160451A46A1F1190114DD002BDFED75
:10FAE000227A9FED210AB8BFDFED207A27EE800A47
:10FAF000704730EE000A704770474CF2503C60454A
:10FB00004FEAD151EADC0144FE29E7DC002915DC8B
:10FB100011F1160F19DB193122F0FF4242EAC152EE
:10FB200007EE902A9FED120A27EE800A7047DFED5C
:10FB3000117A07EE103A27EE270A704722F0FF42AB
:10FB400042EAC15300EE103A7047002BDFED097A0C
:10FB50009FED080AB8BFDFED087A27EE800A7047EC
:10FB60000000004CB03CFFFFCAF24971CAF249F1F3
:10FB7000000000336042A20D6042A28D2DE9F04FDB
:10FB80002DED048BDBB01C46944603930A46BA4B1A
:10FB900068991CF1040F53F82170824604F1FF3973
:10FBA000C0F25682BCF1030348BF0CF10403DB1022
:10FBB000029301334FEAC30EACEB0E030593029B95
:10FBC00017EB0900A3EB090316D401309FEDAB7AC4
:10FBD000699C18441EA9002BA4BF54F8235007EEBB
:10FBE000905A03F10103ACBFF8EEE77AF0EE477AE2
:10FBF0008342E1EC017AEED1002FC0F2E282039958
:10FC00001EA800EB81004FEA81087E18002346AD54
:10FC10004C460AEB8101B9F1000F80F2C880013433
:10FC2000B44245F8043B00F10400F4D10DF1280B77
:10FC30000BEB8703CDE9062E043B9FED929ADFED97
:10FC4000908A059804930AEB080446AE0BEB8708EC
:10FC50000097CDF820C00DEB8703002F93ED460AE7
:10FC60004FEA870515DD73195A4660EE097AB0EE42
:10FC7000407AFDEEE77A73ED016AF8EEE77AB34277
:10FC8000A7EEE87A37EEA60ABDEEC77AA2EC017AB3
:10FC9000EBD10190FFF704FFF4EE007AB0EE408A5A
:10FCA00020EE270A00F0B0FAF2EE007AA0EE678AA2
:10FCB00001980028FDEEC89AF8EEE97A38EE678AD6
:10FCC00040F38280791EC0F108035BF821E04EFA10
:10FCD00003FC0CFA03F3AEEB030EC0F1070219EEBE
:10FCE000903A4EFA02F26344002A09EE903A4BF839
:10FCF00021E000F3AF80B5EE408AF1EE10FA74D146
:10FD0000009B9F420ADD5D44002355F8041D4545D4
:10FD100043EA0103F9D1002B40F00281009B013B33
:10FD20005BF823207B1C9C46002A40F0F780049A55
:10FD3000012152F8045D0131002DFAD03944029DB1
:10FD4000039A05EB030E0EF1804E699D0EF1FF3E06
:10FD50003A4405EB8E0E1EAD06EB830705EB8205DC
:10FD6000DEED017AF8EEE77AB9F1000F0EF1040E3C
:10FD7000E5EC017ADFED417A09DB2A465346F3ECE4
:10FD8000016A32ED017AA342E6EE877AF7D10CF1EF
:10FD9000010C8C45E7EC017AE2DD0F465BE70134AC
:10FDA000B442E5EC017A00F104003FF43FAFDFED2F
:10FDB000337A83465346F3EC016A3BED017A8B427A
:10FDC000E6EE877AF7D1EAE700F09180F6EE007A66
:10FDD000B4EEE78AF1EE10FA80F22981B5EE408A9E
:10FDE000F1EE10FA4FF000028AD09246DDE9062EBD
:10FDF000DDF820C00197AEEB0C00B0EE480A009F82
:10FE00000092FFF74DFEDFED1E6AB4EEE60AF1EE5A
:10FE100010FADDE90023F0EE407AC0F29C819FEDFC
:10FE2000197A059920EE077A0831BDEEC77A059157
:10FE3000B8EEC77A5C1CE7EE667ABDEEC77AFDEED7
:10FE4000E77A17EE901A4BF8231017EE103A4BF89A
:10FE500024307EE00133002F09EE903A40F39D817B
:10FE600059464FF0000E51F8043B002B39D0C3F532
:10FE7000807341F8043C0CE08C2401080000000071
:10FE8000000080430000803B0B68C3F1FF0341F892
:10FE9000043B0EF1010E7745F6DC01239E46002857
:10FEA0000BDD012800F0BB80022806D1791E5BF82B
:10FEB000213003F03F0C4BF821C0022A7FF41BAF26
:10FEC000B7EE000A734630EE488A002B3FF413AFBA
:10FED00009920190FFF7E4FD0198099A38EE408AF3
:10FEE00009E70EF1010E7745BDDC9E46D7E77B1E84
:10FEF0005BF82320D211002A7FF7FDAE19EE903A6D
:10FF0000002F03F1010309EE903AA9DC022A7FF4E5
:10FF1000F2AEF7EE007A37EEC88AECE619460EE745
:10FF20003B469246DDE905125C1EA1F108005BF834
:10FF30002410009F059061B903F18043013B0BEB56
:10FF40008303014653F8040D013C08390028F9D019
:10FF5000059105980092B7EE000AFFF7A1FD002C6D
:10FF6000009AB0EE407AC0F22281601C46AD5FED8F
:10FF70003B6A81000BEB800305EB800073ED017A97
:10FF8000F8EEE77A5B4567EE877A27EE267A60ED32
:10FF9000017AF3D10DF1C8080E1F2E44C646A446BF
:10FFA0000025002F7DDBDFF85C92DFED957A30468F
:10FFB000002307E0F9EC016AB0EC017A9F42E6EE1B
:10FFC000877A03DBAB4203F10103F3DD0CF1FF3C65
:10FFD000BCF1FF3FEEEC017A05F10105A6F1040644
:10FFE000E1D1689B022B6ADC002B36DC0ED1DFED01
:10FFF000847A414431ED017A414577EE877AF9D12F
:020000040801F1
:100000005346002B40F0C680C2ED007A19EE903ABC
:1000100003F007005BB0BDEC048BBDE8F08F791EE8
:100020005BF8213003F07F0C4BF821C045E719EE57
:10003000903A002F03F1010309EE903AC8BF022263
:100040003FF70EAFF7EE007A37EEC88A022252E68B
:1000500000234FF0080E0293AEE5DDED327A9FEDFE
:10006000687A414471ED016A414537EE267AF9D14B
:100070005346002B40F0848077EEC77A82ED007AF9
:1000800064B133A90123B1EC017A01339C4277EECC
:10009000877AF8DA53460BB1F1EE677AC2ED017A4E
:1000A000B4E70CF1FF3C0023BCF1FF3F4EF8043BEA
:1000B00005F10105A6F104067FF473AF91E7689B93
:1000C000032BA3D1002C00F08C8008EB840595ED68
:1000D000007AA0002B46294671ED017AF0EE476ABE
:1000E00037EE277A414577EEC77A81ED007A77EED1
:1000F000A67AC1ED017AEFD1012C72D095ED007A8C
:1001000008F1040173ED017AF0EE476A37EE277AC1
:10011000994277EEC77A83ED007A77EEA67AC3ED3F
:10012000017AEFD1031DDFED367A434408F1080868
:1001300033ED017A984577EE877AF9D15346DDEDB4
:10014000326A9DED337A73B9C2ED006A82ED017AAD
:10015000C2ED027A5AE7FDEEC07A1C4617EE901AFD
:100160004BF82310F5E6F1EE666AB1EE477AF1EE50
:10017000677AC2ED006A82ED017AC2ED027A45E744
:10018000F1EE476A77EEC77AC2ED006A002C7FF481
:1001900078AF81E7F1EE677A36E7012815D00228BB
:1001A0007FF4B4AE0EF03F034BF82130AEE6689B0F
:1001B000022B12DC002B17DC7FF428AFDFED107A66
:1001C0001EE7039B4FEA830830E50EF07F03022A07
:1001D0004BF821307FF48FAD9BE6689B032B7FF4B7
:1001E00015AFDFED077AA9E75346DDED327A1BB193
:1001F0004FF0004313604FE7002313604EE700BF4A
:10020000000000006024010810EE102AC2F3C7535A
:100210007F3B162B22F000411BDC002B10461EDB1F
:100220001A4919410A4223D0DFED197A70EE277A74
:10023000F5EEC07AF1EE10FA1ADD002A04DA4FF476
:10024000000242FA03F3184420EA010300EE103AD8
:100250007047B1F1FF4F0BD330EE000A7047DFED6E
:100260000C7A70EE277AF5EEC07AF1EE10FA00DC27
:100270007047002A02DB9FED070A704711B99FED16
:10028000060A7047BFEE000AF2E700BFFFFF7F00DB
:10029000CAF249710000000000000080014B18689C
:1002A000704700BF1C030020830730B546D0841878
:1002B000844604E003F8011B9D0704D09C46A44536
:1002C0006346F7D130BD013A0244A2EB0C02032A87
:1002D00029D9CCB204EB04240F2A04EB04442FD90F
:1002E000A2F1100C2CF00F0C03F11005AC44C3E983
:1002F0000044C3E9024410336345F8D112F00C0FF7
:1003000002F00F0E18D02EF0030C9C44AEF1040541
:100310001A4642F8044B6245FBD125F0030404332E
:100320000EF003022344002ACCD0C9B21A4403F8C9
:10033000011B9342FBD130BD7246F4E70346C6E78A
:100340009646E0E711F0FF01034600F0030239D0C2
:100350008ABB026810B501EB012E0EEB0E4E8EEA41
:100360000204A2F1013323EA0203A4F1013222EADA
:100370000402134313F0803F0FD150F8044F84EA76
:100380000E0CA4F10133ACF1013223EA040322EA9A
:100390000C02134313F0803FEFD0037823B936E00B
:1003A00010F8013F002B32D09942F9D110BD8A429A
:1003B00028D09A0729D01A7818460133002AF6D196
:1003C00010467047CAB90268A2F1013323EA02035A
:1003D00013F0803F08D150F8042FA2F1013323EA33
:1003E000020313F0803FF6D003785BB110F8013FB1
:1003F000002BFBD17047990705D0184613F8012B45
:10040000002AF8D170471846DDE71846A1E71846DC
:1004100010BD00BF024B58221A604FF0FF307047EA
:1004200060200020024B58221A604FF0FF307047C6
:1004300060200020FEE700BF2DE9F047089D0F4631
:1004400004468C46002B48D18A42164661D9B2FA3E
:1004500082F34BB1C3F1200201FA03FC20FA02F24D
:100460009E4042EA0C0C9C404FEA164EB7B2BCFBD1
:10047000FEF1220C0EFB11CC42EA0C4201FB07F00C
:10048000904209D9B21801F1FF3C80F0EE80904211
:1004900040F2EB8002393244121AA4B2B2FBFEF0F1
:1004A0000EFB102244EA024400FB07F7A74209D9D9
:1004B000341900F1FF3280F0DA80A74240F2D78091
:1004C0003444023840EA0140E41B00211DB1DC4005
:1004D0000023C5E90043BDE8F0878B4206D90DB182
:1004E000C5E9000100210846BDE8F087B3FA83F1B1
:1004F000002948D1BB4202D3824200F20781841A0C
:1005000067EB030201209446002DE4D0C5E9004CBE
:10051000E1E7002A00F09280B2FA82F3002B40F06B
:10052000A8808A1A4FEA164E1FFA86FC0121200C79
:10053000B2FBFEF70EFB172240EA02420CFB07F06B
:10054000904207D9B21807F1FF3802D2904200F268
:10055000E2804746121AA4B2B2FBFEF00EFB102254
:1005600044EA02440CFB00FCA44507D9341900F10D
:10057000FF3202D2A44500F2CB801046A4EB0C045B
:1005800040EA0740A2E7C1F120068B4022FA06FCB0
:100590004CEA030C07FA01F420FA06F3F7404FEA9D
:1005A0001C49234300FA01F81FFA8CFEB7FBF9F04F
:1005B0001C0C09FB107744EA074400FB0EF7A74226
:1005C00002FA01F20AD91CEB040400F1FF3A80F0B0
:1005D0009B80A74240F2988002386444E41B9FB29B
:1005E000B4FBF9F309FB134447EA044403FB0EFE92
:1005F000A64509D91CEB040403F1FF3780F0828083
:10060000A6457FD9023B644443EA0040A4EB0E04B4
:10061000A0FB02E7BC427346B94663D360D05DB12C
:10062000B8EB030264EB090404FA06F622FA01F3BC
:100630001E43CC40C5E9006400214CE7620848082D
:1006400042EAC1710B0C43EA00438AB242EA034218
:10065000B3FBF6F1E407B4463746B6461F23B0FBBA
:10066000F6F0D21B41EA004161E7614614E710460B
:1006700028E7C3F1200120FA01F29E4027FA01F198
:100680009F403A434FEA164E1FFA86FCB1FBFEF735
:100690000EFB1710110C41EA004107FB0CF88845CE
:1006A00004FA03F43AD9711807F1FF3001D28845F2
:1006B0001FD8A1EB0801B1FBFEF808FB0CF70EFBFD
:1006C000181192B242EA0142BA422FD2B21808F18E
:1006D000FF31C6D2BA42C4D2A8F102013244C0E707
:1006E000F0459CD2BEEB020367EB0C070138B9461C
:1006F00095E7A6EB08084144B81EB1FBFEF808FBDD
:100700000CF7DCE73B467FE7504667E70846FBE629
:100710003444023832E7023F32441BE7A1EB0801C0
:100720003846B1FBFEF808FB0CF7C8E7414698E7EE
:1007300003685A004CBF43F0004323F000431844C1
:10074000704700BF2DE9F04759B301F1FF38054666
:10075000164647464FF0000A0AEB070101EBD1713C
:10076000491005EBC1094846FFF7E2FF88454FEA0B
:10077000C104034610D004F10800B342284407D84E
:10078000FFF7D6FF0138B04208D201F1010AE3E7D2
:100790008A4506D04F1EDFE7B042F9D84846BDE88B
:1007A000F0874FF000094846BDE8F087012806D0E1
:1007B000022802D028B9044870470448704704480A
:1007C00070470020704700BF9D0E0108AD0E010864
:1007D000A50E010830B5224B83B004468D1E43B3ED
:1007E00001A92846AFF30080F0B101992A46FFF72E
:1007F000A9FF0146C0B1FFF79BFF4B68A064012B26
:100800002BD0002B01F1040025DBFFF791FF002323
:1008100023650368E064002B12DBFFF789FF0346C2
:100820000020236103B030BD00230920236103B001
:1008300030BD0C4B0C49C91AC91018460191D5E7B7
:10084000C3F30360FFF7B2FF031E0CBF09200020B3
:10085000236103B030BD0123DAE700230520E0E780
:1008600000000000C8240108282601080368DA07F0
:1008700010B5044606D49B0700F1500009D5FCF7DB
:1008800077F82368590709D51A070ED5DB0613D563
:1008900010BDFCF765F823685907F5D404F1D800BA
:1008A000FCF76EF823681A07F0D404F5AC70FCF777
:1008B0006FF82368DB06EBD404F5EC70BDE810405C
:1008C000FCF7AAB80346006800B11844704700BF9F
:1008D000704700BF70B504460E46316C2046FFF7E6
:1008E00079FF054688B9326C626123693246214638
:1008F000012098470828F0D0072806D12846316CF7
:10090000FFF7E6FF301DFCF71FF800F0E5FD00BF24
:100910002DE9F04F0D1DD0F80C90D0F818A0074627
:1009200014460FCDADF5777D0DF10C0CACE80F0042
:100930000FCDACE80F000FCDACE80F0095E80F002D
:1009400002AE4FF0000E8CE80F000DF5F878C6F8F7
:1009500000E021E0336C7B614FF4F4723146404695
:10096000FBF7B8FE3B694246394658469847D8F8E7
:100970003830B3642146CDE9006A05463B46012084
:100980003A46C847044618BB4FF4F4724146304615
:10099000FBF7A0FE082D19D1316C3846FFF71AFF7E
:1009A000093405465FFA84FB0028D3D0B36BB364E7
:1009B0003A46CDE9006A3B464BF010010120C8479A
:1009C00030B928460DF5777DBDE8F08F072D05D0AD
:1009D000092528460DF5777DBDE8F08F2046316C5E
:1009E000FFF776FF03A8FBF7AFFF00BFF0B5CB6BB7
:1009F000FBB001F1040C0B640F460546BCE80F0088
:100A000001AC0FC4BCE80F000FC4BCE80F000FC45A
:100A10009CE80F004FF0FF3E84E80F006E46CDF8D3
:100A200000E006E02B69324629469847082804462C
:100A300008D1316C2846FFF7CDFE0028F2D00920FE
:100A40007BB0F0BD3046FFF711FF062CF7D13946D9
:100A50002846FFF73FFF00BFC160D96B8261196470
:100A600000221946FFF754BF70B5C66843690B648E
:100A7000AEB903690A4604460D460146022098476E
:100A8000072805D008280FD129462046FFF722FF66
:100A90003046296CFFF71CFF281DFBF755FF01228C
:100AA000FFF736FF00F018FD00F016FDC26808B52C
:100AB00032B1CA6B0A64BDE808400022FFF728BFC4
:100AC000FFF794FF092008BD052915D8DFE801F0DC
:100AD0000A031403030501207047009A436C136056
:100AE0000020704743B90F2A06D800EB820200208D
:100AF0005368009A136070470220704700B585B0B4
:100B00000A46002303A900911946FFF7DDFF039869
:100B100005B05DF804FB00BF052915D8DFE801F03A
:100B20000A031403030501207047009B1B684364FC
:100B30000020704743B90F2A06D8009B00EB8202C1
:100B40001B685360002070470220704710B584B0C6
:100B5000002303AC039200940A461946FFF7DCFF1A
:100B600004B010BD2DE9F041D36BADF5107D02F15D
:100B7000040C136407460E46BCE80F000DF15C0E32
:100B8000AEE80F00BCE80F00AEE80F00BCE80F00B5
:100B9000AEE80F009CE80F0016AC4FF0FF388EE86F
:100BA0000F006D46C4F8008010E0FFF7CFFF31461C
:100BB0002046B847034622460820294683B92B69B8
:100BC0009847052880460DD0092809D0216C284671
:100BD000FFF700FE03460C212A462046002BE4D0F6
:100BE0004FF009082046FFF741FE40460DF5107D05
:100BF000BDE8F0812DE9F04F1646CA6C89B00D466C
:100C000052F8041B069200F0030CE3B10C0C8DF8B3
:100C10001D400904E4B2059102EB840202218DF823
:100C20001C10296DBCF1020F08BFAA6B11F001085E
:100C30000FD005A9304600F0CFFA002839D108209E
:100C400009B0BDE8F08F090205918DF81D30032130
:100C5000E5E71768002FECD000F008010191E346AA
:100C6000CDF808809A46BAF1020F26D0178854882A
:100C700002F10409AA6C24F001030F21304603EBB2
:100C80000208FFF73BFF804515D827F0010202EB71
:100C90000803834294BF00230123640004F002048C
:100CA00007F001072743012F0BD0022F50D0002F50
:100CB00045D00920C4E70023EFE7546802F1080992
:100CC000D8E7BBF1000F73D1CBB1D9F80430D9F814
:100CD0000020991C4FEAD272EBD005F15804013381
:100CE000049400F0CC8009F10400FFF7EBFD04ABA5
:100CF00001462846AFF30080002840F0978009F1B4
:100D000008021768002FAED105A93046DDF808802B
:100D100000F062FA0028CCD1B8F1000F8FD00F217B
:100D20003046FFF7EBFE0E2102463046FFF70EFF7E
:100D3000594A0F213046FFF709FF072080E7BBF132
:100D4000000F02D0002B40F0878009F10402D8E7A1
:100D5000D9F8004024F00048BBF1000F0FD12BB1AF
:100D6000019B002B3CD0B8F1000F39D0002C01DAE8
:100D700009F1040908F1010209EB8202C1E70D2122
:100D80003046FFF7BBFE2F6A8742EFD1AB6A994529
:100D9000ECD100240423C5E90B434B44C5F828805B
:100DA0006B63D9F80030A34270DB01230293E1E7C3
:100DB0000D213046FFF7A2FE2C6A84429FD1AB6A18
:100DC00099459CD14846FFF7B3FC0F2102463046B7
:100DD000FFF7BCFE2A4600213046FFF7B7FEACE71E
:100DE00005F15803CDF80CB009F10407B34600240F
:100DF0001E460BE038460496FFF764FD00220146CC
:100E000004AB2846AFF300800437F8B9444504F139
:100E10000104EFD10D215846FFF770FE049BC5F881
:100E200028900246C5E90823062009E704460D215B
:100E30003046FFF763FE049E2862022C04BFEE6278
:100E400005F12C06C5E909690620F9E65E46D9F8E0
:100E50000040DDF80CB089E74846FFF769FC09F16E
:100E600004030446AB632846AFF3008000283FF438
:100E700020AF22460F213046FFF768FE5DE730467F
:100E80000D21FFF73BFE26462862DBE708F1010251
:100E900009EB820097E700BF000000000023FFF786
:100EA000A9BE00BF0123FFF7A5BE00BF0223FFF7C5
:100EB000A1BE00BF2DE9F0410646C4B01446052985
:100EC00008D8DFE801F016300773980B3A19102A9A
:100ED00040F2B780022044B0BDE8F081836B002C63
:100EE000F8D153F8042B42648363002044B0BDE87A
:100EF000F081002BEED1856B1FFA84FC012006F1F6
:100F0000040E00FA03F111EA0C0F2A4604D052F83D
:100F1000041B4EF8231015460133102BF1D1A00409
:100F2000E3D4B563E1E7012B4FEA1447A4B2CDD077
:100F3000052BCFD107EB0408B8F1200FCAD80F2F2B
:100F400040F2BD80002CD0D002685107A04600F1CD
:100F50001B81019302AC2046FBF716FDD6F838C082
:100F6000019B102F4FF0FF3239464FF0020E38BF71
:100F7000102118FB0E2E04EBC10184397246604625
:100F800050F8045B41F8045F013A551CF8D10CF1AC
:100F9000040C012B0CEB8E0200F0D5800F2FB263F6
:100FA00040F2FA802046FBF7EBFC9EE7032B91D141
:100FB000A7B207EB1443102B4FEA14448AD80368F6
:100FC000190700F1A38022AD2846FBF703FD7A0044
:100FD000B06B05EBC404531E42B1011B625844F8C8
:100FE000042B013B5A1CF9D100EBC700B063284623
:100FF000FBF7CEFC79E7002B7FF46CAF102C3FF6AB
:1010000069AF0368D80679D422AD2846FBF70EFDF8
:10101000B76B294600234FF0010C0CFA03F2224271
:10102000384603F1010303D050F8042B0A60074649
:10103000042B01F10401F0D1B7632846FBF7ECFC67
:1010400053E7102F3FF446AF0268D10708D530466A
:1010500022F0030240F8502B0193FBF785FC019B23
:10106000019322AD2846FBF77FFCD6F838C0002C50
:101070006BD0019B4FF0000802214FF0FF3214FBB0
:10108000012E05EBC70104397246604650F8044B47
:1010900041F8044F013A541CF8D10CF1040C0CEB4C
:1010A0008E0CB8F1000F39D1012B4ED00F2FC6F89E
:1010B00038C03FF61AAF2846FBF75AFC15E702681E
:1010C000B8F1100F02F001012AD851B1304622F0D8
:1010D000010242F0020240F8502B0193FBF74CFC56
:1010E000019B019322AD2846FBF746FC019B002C97
:1010F000E1D0D6F838C04FF00008BDE723F0100368
:10110000336006F5EC70FBF791FC7DE723F00803F4
:10111000036000F5AC70FBF75DFC54E702AC20E720
:10112000D1B9550726D422AD28460193FBF724FCFC
:1011300002A8FBF729FCA8F11008D6F838C0019BDB
:10114000C7F1100498E7944622AD0CF10403B36391
:101150002846FBF705FCC8E622F0010242F0020235
:1011600040F8502B0193FBF707FC3268019B12F00B
:10117000040FD8D0304622F0040240F8D82B019357
:10118000FBF702FC019BCEE722F0040240F8D82BCB
:101190000193FBF7F9FBDDE622A8FBF7E9FB01E78A
:1011A000027A03467AB9427AA2B14168013A10B490
:1011B0004272086803220C1D1A7202025C60000E63
:1011C00010BC1A6070470068013A1A7202021A6075
:1011D000000E7047B02070472DE9F043064685B0F9
:1011E0000D4600272846FFF7DBFFB028044600F035
:1011F000218103065ED500F0F003A02B1DD033D86B
:10120000802B00F08780902B2AD100F00D030D2B4E
:1012100026D00DF10808002300F00F021946CDF882
:1012200000803046FFF750FC0023CDF800800D22EF
:1012300019463046FFF770FCD4E7C34303F00703B9
:101240004FF47F621A41010702F47F6201D542F434
:101250008042002319463046FFF72CFE0028C1D0FB
:10126000092005B0BDE8F083B02B68D0C02B3FD17A
:10127000C62800F0CC80C72800F0DF8000F0F8031B
:10128000C02B00F0EC80C82800F0F780C928E7D117
:101290002846FFF785FF020300F00F0002F47022DA
:1012A00001300243012105233046FFF703FE0028E9
:1012B00098D0D5E78300DBB203F104080DF10809EB
:1012C00000231946CDF800900D223046FFF7FCFBB5
:1012D000029ACDF8009060064CBFA2EB080242448F
:1012E0000023029219460D223046FFF715FC79E7DC
:1012F00000F0F803D02BB3D100F007020132052330
:1013000042F4002201213046FFF7D4FD00283FF4CB
:1013100069AFA5E72846FFF743FF24022043B0F555
:10132000004F9DD004010023A2B219463046FFF7BA
:10133000C1FD002894D1C4F3C030074352E7A0F1A7
:10134000B103042B00F2B580DFE803F05729160C37
:10135000030003AA0023009219460D223046FFF72E
:10136000B3FB3FE700231A4605213046FFF7A2FDF5
:1013700000283FF437AF73E72846FFF711FF020359
:1013800000F00F00013002F47022012302431946DD
:101390003046FFF78FFD00283FF424AF60E70023BD
:1013A0000DF108090D221946CDF800903046FFF7DF
:1013B0008BFB2846FFF7F4FE0206029C4FF0020862
:1013C0000CD500F07F0000FA08F00444284602948F
:1013D000FFF7E6FE030608F10708F2D400FA08F06A
:1013E00004F50174204400230290CDF800900D22F2
:1013F00019463046FFF790FBF4E62846FFF7D0FE8B
:10140000431EDBB20E2B02467FF623AF28E72846A9
:10141000FFF7C6FE020300F00F00013002F4702255
:101420000323024319463046FFF744FD00283FF4EA
:10143000D9AE15E76FB3002013E72846FFF7B0FEDB
:10144000431EDBB20E2B02463FF60AAF00230421F7
:101450003046FFF72FFD00283FF4C4AE00E700F050
:101460000F020132032342F4202219463046FFF7CF
:1014700021FD00283FF4B6AEF2E62846FFF790FEC5
:1014800000F0F00200F00F031032013343EA0232A1
:1014900008E702AC3B46394600940E223046FFF77F
:1014A00013FB0F2200943B4639463046FFF734FBCE
:1014B000C1E700F0FC03B42B3FF4D2AE00F007020A
:1014C0000132012342F4002219463046FFF7F2FCB4
:1014D00000283FF487AEC3E608B5062000F004F804
:1014E0000120FEF7A7FF00BF38B5144B1F281D6869
:1014F0001ED8D5F83821044662B152F820304BB1DD
:10150000012B05D0591C0FD0002142F8201098471C
:10151000002038BD284600F029F82246014628461A
:10152000BDE8384000F00CB816232B60012038BD10
:1015300016232B604FF0FF3038BD00BF1C03002086
:1015400070B50C46084D03460026204611461C4641
:101550002E60FEF767FF431C00D070BD2B68002B88
:10156000FBD0236070BD00BF60200020FEF752BF9B
:101570004145525431323334353637386162636411
:101580006566676800524F4C4C3B50495443483B9A
:101590005941573B414C543B506F733B506F735212
:1015A0003B4E6176523B4C4556454C3B4D41473B8B
:1015B00056454C3B0000000000000000FF1E0108E3
:1015C0000000000001000000041F010801000000ED
:1015D000020000000B1F01080200000003000000D1
:1015E000141F010803000000040000001A1F010876
:1015F00005000000050000001F1F01080600000094
:1016000006000000291F0108070000000700000075
:10161000321F010808000000080000003B1F0108FD
:101620000900000009000000441F01080A00000032
:101630000A0000004E1F01080B0000000B00000014
:10164000581F01080C0000000C000000621F010878
:101650000D0000000D0000006A1F01080E000000D0
:101660000E000000721F01080F0000000F000000B4
:101670007A1F01081000000010000000831F0108FD
:1016800011000000110000008A1F01081200000074
:1016900012000000941F0108130000001300000056
:1016A0009C1F01081400000014000000A71F01087F
:1016B0001500000015000000AE1F01081600000014
:1016C00016000000B51F01081700000017000000F9
:1016D000BD1F01081800000018000000C51F010808
:1016E0001900000019000000CD1F01081A000000B9
:1016F0001A000000D71F01081B0000001B0000009B
:1017000000000000FF0000000100010200010300D2
:1017100001040001050001060001070001080001A5
:101720000900010A00010B00010C01030D00010E6C
:1017300000010F000110000111000112000113004F
:1017400001140001000800480040010200080048A0
:10175000002001020008004800800102000000484B
:1017600010000102000000482000010200000048B3
:1017700040000102C59500669C00000000000000CA
:1017800080250000004B00000096000000E10000F2
:1017900000C201000084030090D00300000000405C
:1017A000000400480004081C01020A010000004077
:1017B0000004004800080C1C01020B01000000405E
:1017C000000000480200041C01020101000000406A
:1017D000000000480100001C01020001002C014033
:1017E000000000480001001B000A08066C180108F0
:1017F0005818010856180108541801080000803FC5
:10180000000080BF0000803F000080BF0000803FDC
:10181000000080BF000080BF0000803F0000803FCC
:101820000000803F0000803F0000803F0000803FBC
:101830000000803F000080BF000080BF000400481F
:101840000000004800000048000400480004004870
:1018500000040048FFFFFFFF00030103020303032E
:1018600004010503060307030804FFFF0003010347
:101870000203030304020503060307030804090324
:10188000FFFF000000A24A04000100000100000068
:10189000971D0108E11F010802010000841D0108D5
:1018A000F11F010803020000811D01080120010849
:1018B000040300007C1D0108092001080504000044
:1018C000771D01080C200108060500006E1D0108A7
:1018D00013200108070600006B1D010822200108E3
:1018E00008070000681D01082F20010809080000F2
:1018F00084190020000000000A090000651D01088D
:10190000372001080C0A0000601D01083E20010874
:101910000D0B00005B1D01084E2001080E0C00009D
:101920004C1D0108632001080F0D000084190020E0
:10193000000000000B0E0000481D01086E20010889
:10194000100F0000431D01087C200108000000006A
:101950000102030401020304060708090100020052
:101960000400060008000A000C00100020004000DF
:10197000800000010000000000000000000000489E
:101980000001000000000200000400480400000004
:1019900000000400000400484000000000000400B3
:1019A000000400488000000000000400000400481B
:1019B0000080000000000400000400480040000017
:1019C00000000400000400480020000000000400A3
:1019D000000400480010000000000400000000485F
:1019E000100000000000020000000048002000007D
:1019F000000002000000004800400000000002005B
:101A0000000400481000000000000400000400482A
:101A1000200000000000040000000048200000003A
:101A2000000002000004004808000000000004005C
:101A30000000004800800000000002000000004894
:101A40000800000000000200000000480400000040
:101A500000000200316300082D63000835630008B0
:101A60000A00000005000000000000000500000062
:101A700000040801C16500082165000855650008DB
:101A800091650008D18D00087B650008D58D0008A0
:101A9000000000000000004F0000000700070014D5
:101AA0007F147F14242A7F2A122313086462364984
:101AB0005522500005030000001C22410000412275
:101AC0001C0014083E081408083E080800503000A6
:101AD00000080808080800606000002010080402E0
:101AE0003E5149453E00427F4000426151494621F6
:101AF00041454B311814127F1027454545393C4A62
:101B000049493001710905033649494936064949B1
:101B1000291E003636000000563600000814224107
:101B2000001414141414004122140802015109066F
:101B3000324979413E7E1111117E7F494949363E35
:101B4000414141227F4141221C7F494949417F094E
:101B50000909013E4149497A7F0808087F00417F11
:101B600041002040413F017F081422417F40404016
:101B7000407F020C027F7F0408107F3E4141413EBE
:101B80007F090909063E4151215E7F091929464610
:101B90004949493101017F01013F4040403F1F2039
:101BA00040201F3F4038403F63140814630708700B
:101BB00008076151494543007F4141000204081074
:101BC000200041417F0004020102044040404040A7
:101BD000010204000020545454787F4844443838AB
:101BE00044444420384444487F3854545418087EB0
:101BF000090102064949493F7F0804047800447DF1
:101C000040002040443D007F1028440000417F40B8
:101C1000007C0418047C7C0804047838444444386C
:101C20007C14141408081414187C7C080404084854
:101C300054545420043F4440203C4040207C1C200D
:101C400040201C3C4030403C44281028440C50505C
:101C5000503C4464544C44000836410000007F006E
:101C600000004136080002010204023E555541229F
:101C7000000000000000007900001824742E2448A1
:101C80007E4942405D2222225D15167C1615000019
:101C90007700000A555555280001000100000A0D83
:101CA0000A0408142A1422040404041C0008080866
:101CB000000101010101000205020044445F4444A7
:101CC00000000402017E2020103E060F7F007F00EE
:101CD000181800000040502000000A0D0A002214CD
:101CE0002A14081708342A7D1708046A5930484511
:101CF000402042004200427E420042007E7E00427E
:101D0000007E7E7E42007E7E7E7E007E7E7E7E7EA9
:101D10005A0000005A5A4040405A7A6060607A7A0D
:101D20007070707A7A7878787A7A7C7C7C7A7A7E2D
:101D30007E7E7A000000000000000001020304061D
:101D400007080900F50A05FF00640AFF04050405F9
:101D500008050F05080504050405FF140F2305FFFA
:101D600005050505FF0A0AFF1932FF3202FF0505C6
:101D70000F0505050F1EFF1E050505FF0F050F05C5
:101D8000FF3232FF0A0A0A0A0A28280A280A2828E3
:101D90000A0A0A0A0A46FF140A140A140AFF4445EA
:101DA00056207C00202020207C00525820207C00DF
:101DB0007C2041524D007C202020200020414343C4
:101DC0002043414C2000204D41472043414C2000FE
:101DD000204C4F57204241542000205258204C4F55
:101DE00053532000202043524153482020004E4F9F
:101DF0005420524541445900202052454144592025
:101E00002000494E20464C494748540020202020BD
:101E10002020202020007C2025642E2564002530F1
:101E2000326C75203A002530326C750050203A2013
:101E300025642020200052203A2025642020200004
:101E400059203A2025642020200070203A20256463
:101E50002020200054203A20256420202000536FA9
:101E6000756E64000A004145545231323334004DDE
:101E700041474953205632005052494D555320583E
:101E80003220763100323032352D31302D31330071
:101E900031303A30323A343900302E302E30000CA6
:101EA000010200050403005052494D55535F58325A
:101EB0005F7631004D414749535632002573206605
:101EC0006F722025730042792044524F4E412041C9
:101ED00056494154494F4E00302E32342E30003294
:101EE0002E322E300046573A2573207C204150492F
:101EF0003A2573004275696C64203A2025730041CD
:101F0000524D3B00414E474C453B00484F52495AC9
:101F10004F4E3B004241524F3B004D41473B004832
:101F2000454144465245453B004845414441444AA9
:101F30003B0043414D535441423B0043414D5452B9
:101F400049473B0047505320484F4D453B004750C1
:101F50005320484F4C443B00504153535448525532
:101F60003B004245455045523B004C45444D41588D
:101F70003B004C45444C4F573B004C4C4947485460
:101F8000533B0043414C49423B00474F5645524E5C
:101F90004F523B004F53442053573B0054454C4550
:101FA0004D455452593B004754554E453B00534F05
:101FB0004E41523B00534552564F313B0053455220
:101FC000564F323B00534552564F333B00424C4133
:101FD000434B424F583B004641494C534146453BD9
:101FE000004759524F5F43414C4942524154454486
:101FF0000052585F4C4F53545F4C414E44494E473A
:102000000052585F4C4F53540044495341524D497C
:102010004E470041524D494E475F4750535F464936
:1020200058004241545F435249545F4C4F5700425D
:1020300041545F4C4F570052585F53455400414341
:10204000435F43414C4942524154494F4E00414342
:10205000435F43414C4942524154494F4E5F4641D0
:10206000494C0052454144595F424545500044495E
:102070005341524D5F5245504541540041524D45E8
:1020800044000000000000000000004B000000CBF6
:1020900000000080DB0F4940DB0F49C0DB0F49BF68
:1020A000E4CB1640E4CB16C0000FC93F000F4940F7
:1020B00000CB9640000FC9400053FB4000CB1641B7
:1020C00000ED2F41000F49410031624100537B4137
:1020D000003A8A4100CB9641005CA34100EDAF413C
:1020E000007EBC41000FC94100A0D5410031E24152
:1020F00000C2EE410053FB4100F20342003A0A42A3
:102100000083104200CB164200141D42005C2342A3
:1021100000A5294200ED2F4200363642007E3C42A7
:1021200000C74242000F4942A2000000F90000002F
:10213000830000006E0000004E000000440000001C
:102140001500000029000000FC000000270000002E
:1021500057000000D1000000F5000000340000002E
:10216000DD000000C0000000DB0000006200000095
:1021700095000000990000003C00000043000000B2
:102180009000000041000000FE000000510000002F
:1021900063000000AB000000DE000000BB00000098
:1021A000C500000061000000B7000000240000002E
:1021B0006E0000003A000000420000004D000000E8
:1021C000D2000000E000000006000000490000000E
:1021D0002E000000EA00000009000000D10000000D
:1021E000920000001C000000FE0000001D00000026
:1021F000EB0000001C000000B100000029000000FE
:10220000A70000003E000000E8000000820000007F
:1022100035000000F50000002E000000BB000000AB
:102220004400000084000000E90000009C00000061
:102230007000000026000000B40000005F000000F5
:102240007E00000041000000390000009100000005
:10225000D600000039000000830000005300000099
:1022600039000000F40000009C0000008400000021
:102270005F0000008B000000BD000000F9000000BE
:10228000280000003B0000001F000000F8000000D4
:1022900097000000FF000000DE00000005000000C5
:1022A000980000000F000000EF0000002F00000069
:1022B000110000008B0000005A0000000A0000001E
:1022C0006D0000001F0000006D00000036000000DF
:1022D0007E000000CF00000027000000CB000000BF
:1022E00009000000B70000004F0000004600000099
:1022F0003F000000660000009E0000005F0000003C
:10230000EA0000002D00000075000000270000001A
:10231000BA000000C7000000EB000000E50000006C
:10232000F10000007B0000003D00000007000000FD
:1023300039000000F70000008A0000005200000091
:1023400092000000EA0000006B000000FB000000AB
:102350005F000000B10000001F0000008D000000C1
:102360005D000000080000005600000003000000AF
:102370003000000046000000FC0000007B00000070
:102380006B000000AB000000F0000000CF00000078
:10239000BC000000200000009A000000F4000000D3
:1023A000360000001D000000A9000000E30000004E
:1023B00091000000610000005E000000E6000000E7
:1023C0001B000000080000006500000099000000EC
:1023D000850000005F00000014000000A000000065
:1023E00068000000400000008D000000FF000000B9
:1023F000D8000000800000004D00000073000000C5
:102400002700000031000000060000000600000068
:102410001500000056000000CA0000007300000014
:10242000A8000000C900000060000000E2000000F9
:102430007B000000C00000008C0000006B0000006A
:102440006937AC3168212233B40F14336821A233C9
:102450003863ED3EDA0F493F5E987B3FDA0FC93FA4
:102460000000C93F0000F0390000DA370000A23355
:102470000000842E0000502B0000C2270000D02254
:102480000000C41F0000C61B000044170400000029
:08249000070000000900000034
:10249800C9280181B0B0AF8100000000C9300181B6
:1024A800B0B0AF8000000000C90A0181B0B0AF87AA
:1024B8000000000008B10181B0B0008400000000F5
:1024C800F8DCFE7F0100000084E3FE7FB0AE0980E7
:1024D80040E9FE7F0100000058F1FE7FB4FFFF7F56
:1024E800540EFF7F01000000600EFF7FB0AF0A802E
:1024F800CC1DFF7F01000000DC23FF7FA0FFFF7FD2
:10250800283CFF7F01000000543EFF7FB0A90280F5
:10251800B43EFF7F010000004641FF7FB0B0AC80B1
:10252800BC42FF7F010000002862FF7FB0B0A88096
:102538004462FF7FA908B1807862FF7FB0B0A880AD
:102548009462FF7F01000000BC68FF7FAB08B18088
:10255800126BFF7F01000000CC8BFF7FAF08B180BA
:102568006C8CFF7F010000007C8DFF7FB0B0AA80DB
:102578009E8EFF7F010000004C8FFF7FB0B0A880C7
:10258800A48FFF7F0100000068A5FF7F1CFFFF7F6D
:1025980074C4FF7F0100000034E2FF7FB0A902800D
:1025A800C4E2FF7FB0B0A88014E3FF7F0100000001
:1025B8001CE3FF7FB0B0AA8050E3FF7FAF76B28004
:1025C80024E4FF7FAB3F3A8088E4FF7F01000000EE
:1025D80090E4FF7FB0B0AA80CCE4FF7FD8FEFF7FF5
:1025E800E0E4FF7F0100000074E5FF7FAC0FB280DC
:1025F800FCE5FF7FB0AF08809CE8FF7F010000008A
:10260800ACE8FF7FAC3F038090EBFF7F0100000048
:10261800C0EBFF7FB0AD0480B8EEFF7F0100000083
:042628000DEA0008AF
:10262C00F401000064000000010101000000004002
:10263C000201780014055300A08601000101FFFF80
:10264C00010000010000000000010000000000007B
:10265C0000000000A161000801010101FFFF010061
:10266C000000803F0000000000000000000000009F
:10267C000000803F0000000000000000000000008F
:10268C000000803FCDCC4C3ECDCC4C3E8D70000834
:10269C0001FF0001800101FF0101000001FF0101A8
:1026AC004F0201FF0E01000301018401020A010324
:1026BC00030104080105C801060301078D01080880
:1026CC000109C6010A01010B02010C00010DD50123
:1026DC000E18010F120110010111820112000113D9
:1026EC00D501141801151301160301178601180AD8
:1026FC00011909011A08011BC2011C03011D8F01DC
:10270C001E0A011F060120010121020122000123E2
:10271C00D501241801252201260101278201280058
:10272C000129D5012A18012B0B012C28012D780128
:10273C002E28012F9101300001310B0132000133A1
:10274C000B0134000135A10136000137A00138001E
:10275C00013904013A28013B30013C0C013D0401D4
:10276C003E0F013F7901402801411E01422F0143D8
:10277C008701440001450B01460001470B0148004D
:10278C000149A7014A00014BA6014C00014D04016F
:10279C004E01014F000150000151800152090153BB
:1027AC000801540101550001560F015779015809D0
:1027BC00015905015A00015B60015C05015DD10105
:1027CC005E0C015F3C0160000161D001620B016392
:1027DC000301642801651001662A01673901680B41
:1027EC00016902016A28016B10016C2A016D6101FB
:1027FC006E0C016F0001700F017179017200017391
:10280C000B01740001750B0176000177A1017800B2
:10281C000179A0017A00017B0401FF0401791D01FB
:10282C007B2701960E0197FE0198030199EF019AFF
:10283C0002019B4401730701700101FF01010001BA
:10284C0001FF0000000001FF0101000001FF000179
:10285C0009000110000111000124010125FF01757F
:10286C000001FF01014E2C01480001302001FF0046
:10287C00013009015400013104013203014083018C
:10288C00462501600001270001500601510001524C
:10289C009601560801573001610001620001640085
:1028AC000165000166A001FF0101223201471401FC
:1028BC0049FF014A0001FF00017A0A017B000178FF
:1028CC002101FF010123340142000144FF0145268F
:1028DC00014605014040010E0601201A014340014A
:1028EC00FF0001340301354401FF01013104014BA8
:1028FC0009014C05014D0401FF0001440001452074
:10290C0001470801482801670001700401710101A9
:10291C0072FE01760001770001FF01010D0101FF3C
:10292C00000180010101F801FF01018E010100018C
:10293C0001FF0001800000000000000020030020C7
:10294C0000000000281F0020901F0020F81F00200E
:10295C00000000000000000000000000000000006B
:10296C00000000000000000000000000000000005B
:10297C00000000000000000000000000000000004B
:10298C00000000000000000000000000000000003B
:10299C00000000000000000000000000000000002B
:1029AC00000000000000000000000000000000001B
:1029BC00000000000000000000000000000000000B
:1029CC0000000000000000000000000000000000FB
:1029DC0000000000000000000100000000000000EA
:1029EC000E33CDAB34126DE6ECDE05000B000000AF
:1029FC0000000000000000000000000000000000CB
:102A0C0000000000000000000000000000000000BA
:102A1C0000000000000000000000000000000000AA
:102A2C00000000000000000000000000000000009A
:102A3C00000000000000000000000000000000008A
:102A4C00000000000000000000000000000000007A
:102A5C00000000000000000000000000000000006A
:102A6C00000000000000000000000000000000005A
:102A7C00000000000000000000000000000000004A
:0400000508000000EF
:00000001FF
