:020000040800F2
:1000000000A00020CDE9000835EA000835EA000824
:1000100035EA000835EA000835EA0008000000006B
:1000200000000000000000000000000035EA0008A9
:1000300035EA00080000000035EA00084D8100089C
:1000400035EA000835EA000835EA000835EA000814
:1000500035EA000835EA000835EA000835EA000804
:1000600035EA00084781000835EA000835EA00084B
:1000700035EA000835EA000825B0000835EA00082E
:1000800035EA000835EA000835EA000835EA0008D4
:1000900035EA000835EA000835EA000835EA0008C4
:1000A00085B200083DB2000895B200082DB20008E4
:1000B00041B2000851B2000861B2000835EA0008F8
:1000C00035EA000835EA000835EA000835EA000894
:1000D00035EA000865B0000871B0000835EA00088C
:1000E0004181000835EA000835EA000835EA0008D1
:1000F00081B2000835EA000871B2000835EA00084C
:1001000000000000000000000000000035EA0008C8
:1001100035EA000835EA000835EA000835EA000843
:1001200035EA000835EA000835EA000835EA000833
:1001300035EA000835EA0008000000000000000071
:1001400035EA000835EA000835EA0008000000003A
:10015000000000000000000000000000000000009F
:10016000000000000000000035EA000835EA000841
:1001700035EA000800000000000000000000000058
:080180000000000035EA000850
:1001C00010B50F4B1A786A2A17D15A88B2F5AA6F60
:1001D00013D11A79BE2A10D193F84E25EF2A0CD1EB
:1001E000084C002213F8011BA342104682EA0102C8
:1001F000F8D1431A5842584110BD0020FCE700BF17
:1002000000F0030850F50308024A93680343936023
:10021000704700BF68040020024A936823EA000385
:100220009360704768040020044A0123B2F8501517
:1002300083400B43A2F85035704700BF680400208C
:10024000044A01238340B2F8500520EA0300A2F8D3
:10025000500570476804002010B50C4CB4F85205E6
:10026000B4F85435184380B260B9FFF7E9FFB4F829
:10027000500510F0010004D1D4F85805003818BF1B
:10028000012010BD0020FFF7CFFFF0E76804002039
:10029000704B71481A68596870B5D0F85C45A21A5D
:1002A0008A4215DB1A7A9AB190F86025B0F8506549
:1002B0000132D2B280F86025002101252E4208D1FA
:1002C00001316D000929ADB2F8D15A6822441A6093
:1002D00070BD89B20139072905D8DFE801F01BACF0
:1002E00090819D452E7064225A605D7A5B4A4FF47E
:1002F00080404FF4005190612DB111854FF40041C1
:100300001185002204E091614FF4004191610122C6
:100310005A72DAE75D7A64225A604FF480404F4A9D
:100320004FF4004125B1108591614FF40051E7E78A
:10033000906191614FF40051E8E790F861154748EA
:1003400021B364225A604FF4804282614FF400521C
:1003500082614FF400420285B7E74FF48042018585
:1003600002854FF40052F6E790F861153B4869B1F9
:1003700064225A60828A92B282F4005282824FF4DE
:10038000804282614FF4004282619EE702F00302E4
:100390007821022A59604FF40041DED0032A0AD0A6
:1003A000012A01854FF4804201D0826100E002857C
:1003B0004FF40052E8E781614FF48042F5E790F88E
:1003C0006125002A81D064225A60244A4FF480417A
:1003D00011854FF4004191614FF40051916174E730
:1003E0001E4964225A604FF480428A614FF40042F1
:1003F0008A618A8A92B282F400528A8265E7642214
:100400005A60164A4FF4804191614FF40041916166
:100410004FF40051118558E7104964225A604FF497
:1004200000528A618A8A92B282F480428A824FF4B0
:1004300000428A6149E7642112F0010F5960074ABE
:100440004FF480414FF4004001D11085C3E7906123
:10045000DDE700BF0000002068040020000800481D
:10046000FDEEC07A17EE903A2033402B43D8DFEDF3
:10047000237A9FED237AB4EEE70AF1EE10FA28DC36
:10048000DFED207A9FED1E7AB4EEE70AF1EE10FA66
:1004900022D4DFED1D7AB4EEE70AF1EE10FA1EDD8C
:1004A00030EE670A37EEC00A60EE007ADFED176AB9
:1004B0009FED177AA7EEA67ADFED166AE7EE876A58
:1004C0009FED157AA7EEA67A20EE276AA6EE070A18
:1004D000704730EE470ACEE730EE070AD4E79FEDCB
:1004E0000F7AB4EEC70AF1EE10FA44BF30EE270AD5
:1004F00037EE400AD8E79FED0A0A7047DB0F494004
:10050000DB0FC940DB0F49C0DB0FC93F9A7C2E3699
:10051000FAAF4FB93587083CA4AA2ABEDB0FC9BF82
:100520000000000003685A1C026019707047002325
:100530001B68FFDE30B5484BD3F86425B3F96E1560
:100540009578D278B3F98C05002A41D00A1A82EA4C
:10055000E274A4EBE274AC4223DD012012F5997F32
:1005600083F88E051ADD062092FBF0F2502AA8BF10
:100570005022B3F89005024412B2A3F8AA25A3F8BA
:10058000902593F8B025002A61D040F2DC529142C8
:100590005DDC4FF47A72A3F8AA2530BD6FF031020A
:1005A000E7E793F88E2532B1D3F89825C3F8942560
:1005B000002283F88E25D3F89C25D3F8A04510445B
:1005C00022889042D8DB62888242A8BF0246D3E7E5
:1005D00040F2DC529142214C23DDA1F2DC529542E3
:1005E00028DAA1F2DC52002ABCBF6FF4BB628A1881
:1005F0009210782AA8BF7822C3F8AC250122A272F3
:1006000083F88E25D3F89C25D3F8A0451044228882
:10061000904203DB62888242A8BF0246A3F8AA2563
:10062000AFE7521A954205DAB1F5896FD9DC6FF060
:100630006302E1E70022A27293F88E45C3F8AC256D
:10064000002CDFD0D3F89845C3F89445D8E70022B2
:1006500083F8B025A1E700BF680400200000002057
:10066000134BD3ED037A134BF5EE407AF1EE10FA0B
:100670004FF0000203F1040103F1080003D11A60F6
:100680000A6002607047F0EE086A86EEA77A80ED95
:10069000007A27EEA77A67EE877A86EE876AF7EE0A
:1006A000006A86EEA77A81ED006A83ED007A7047D2
:1006B000000000201C0A0020034BB3F8C0351D2B9E
:1006C00001D80420B0E5704768040020054B0022E3
:1006D000C3F8C425C3F8C82503F2CC5300221A601E
:1006E0005A60704768040020074B0022C3F8D425E5
:1006F000C3F8D825C3F8DC2503F5BC6300221A60D3
:100700005A609A60704700BF6804002010B5164C0C
:1007100094F8EC355A0706D523F00503042084F835
:10072000EC3507F0EBFE94F8ED25104B0AB10022F2
:100730001A7401225A74782200215A82042040F24D
:1007400014529A8284F8EE1584F8EF1584F8F015A7
:10075000C4F8F415FFF774FD0520FFF771FD84F868
:10076000F81584F8B01510BD6804002000000020C2
:100770002DE9F047C04C94F8F935B4F8FA2504EBAC
:100780004303B3F968359342C0F25481B4F8FC25B1
:10079000934200F34F8194F8FE550DB994F8FF553C
:1007A00094F8023684F8005684F80156002B00F0C5
:1007B0000D81D4F80476D4F80836FB1AC72B40F222
:1007C000058194F80C86B8F1000F40F0F5804146A1
:1007D000404608F0FFFBA94BA948002D08BF18466A
:1007E0000BF01EFFD4F8106694F8FE95022E40F030
:1007F0007A81B4F85035DA0740F11E81A14BC4F874
:100800001436D4F81486B8F1000F06D00620002163
:1008100008F0E0FB40460BF003FF002110200136FA
:10082000C4F8106608F0D6FBB4F8C03596480A2123
:10083000B3FBF1F201FB12339BB294490AF0FEFFC5
:1008400091480BF0EDFE0721002008F0C3FBB9F141
:10085000000F40F0518194F8FF258D48874B002A06
:1008600008BF18460BF0DCFED4F82C66D4F85C35D3
:1008700094F8302616F0010600F04081002A40F07E
:100880004281C4F83426B4F85025D20504D501229B
:1008900084F83026C4F8383607210846D4F83436B0
:1008A0004FF47A724FF03C0AB3FBF2F808F092FB77
:1008B000B8FBFAF9774974484A460AF0BFFF724814
:1008C0000BF0AEFE07210C2008F084FB72496E4845
:1008D0000AFB19820AF0B2FF6B480BF0A1FE102050
:1008E000072108F077FB6D486D4B002E08BF1846B6
:1008F0000BF096FE002D5FD10221012008F06AFB6B
:100900000A266849B4F93E265F4892FBF6F20AF0DF
:1009100095FF5D480BF084FE0321012008F05AFB8F
:100920006149B4F93C26584892FBF6F20AF086FF7A
:1009300055480BF075FE0421012008F04BFBB4F97B
:1009400042265A4950480AF079FF4F480BF068FE9A
:1009500002210B2008F03EFBB4F96A2554494A48AD
:100960000AF06CFF48480BF05BFE03210B2008F0F7
:1009700031FBB4F968254C4943480AF05FFF42480F
:100980000BF04EFE04210B2008F024FBB4F96C257B
:1009900046493D480AF052FF3B480BF041FE052115
:1009A0000B2008F017FBB4F96E25424936480AF0CF
:1009B00045FF35480BF034FE94F84436AB4201D085
:1009C0000BF017FE84F84456C4F80876002D00F0AA
:1009D000498107F0C3FBD4F84836C31A002BC0F294
:1009E000CB80354EB3690344C4F84836337FDBB15E
:1009F000324B334800274FF40052C4F84C76C4F809
:100A0000507637729A614FF400429A614FF48042F7
:100A10009A614FF4FA710122C4F8581608F0BEF931
:100A20000123377784F85C3694F85406D4F85836A6
:100A300000228FE00025B3E6980701D5214BDEE6C2
:100A4000D90601D41A0701D51F4BD8E6980605D45C
:100A5000B9F1000F04D194F8FF250AB91B4BCEE67B
:100A6000590701D51A4BCAE65A0601D5194BC6E6F5
:100A7000180633D5184BC2E668040020541D01083F
:100A80004E1D01086C1D0108800A0020C61D0108CA
:100A90005A1D0108CE1D0108D61D0108601D010860
:100AA000661D0108DC1D0108E61D0108F01D010896
:100AB000FA1D0108041E010800000020000800487B
:100AC000B40A0020761D0108801D01088A1D010856
:100AD000941D01089E1D0108A81D0108D9057FF578
:100AE00090AE714B8BE6052E01BF704BC4F81436E7
:100AF000C4F81086464684E66D48B3E6002A3FF403
:100B0000CBAE84F83066D4F838269B1AC4F8343655
:100B1000C2E6D4F85C25521A002AFADB30B1D4F8C8
:100B20005C15D4F84C260A44C4F8502694F85D2687
:100B300072B1D4F8682640F6C41611689AB2B2426F
:100B4000A8BF3246B2F5FA7FB8BF4FF4FA720A6016
:100B500064332A46B3F5FA6FD4F85016D9DD0AB1DA
:100B6000C4F85836012102200AF0D2F9BDE8F04756
:100B7000012100200AF0CCB94E4A0023A2F1EC0179
:100B8000101D1578B5B1032B06D050F8235021F86D
:100B9000135001330132F4E7D4F8A036A4F86E35CF
:100BA00094F8A43613B10023A4F8A636424E0023CD
:100BB00001250CE00133042BECD1F1E701200BF00F
:100BC00059FD002384F8A93684F8A856012316F8A5
:100BD000012B002A42D0DBB2013B042BEED8DFE828
:100BE00003F0030D1B29330001200BF035FD00231A
:100BF00084F8A83684F8A9560223E8E704200BF00D
:100C000039FD40200BF028FD012384F8AA3600238B
:100C100084F8AB360323DAE740200BF02BFD0420E9
:100C20000BF01AFD012384F8AB36002384F8AA36B2
:100C30000423CCE708200BF01DFD002384F8AD361B
:100C400084F8AC560523C2E708200BF005FD00230D
:100C500084F8AD5684F8AC36BDE8F0870133062B36
:100C6000B5D1F9E794F85C36002BF5D0134BC4F8F6
:100C70009456012284F89056C4F8985684F89156F8
:100C8000C4F89C5684F89256C4F8A05684F893563B
:100C900084F8A456C4F84C56C4F850561A721A7701
:100CA00084F85C56D8E700BFB21D0108BC1D0108DE
:100CB0005A1D0108F80A0020100B00200000002037
:100CC000224B93F8EC2512F0010F02F0040103D13E
:100CD000D3F8B006012833DC93F8B40680B393F858
:100CE000B50668BB39B11A4A1346516843F8081B68
:100CF000D2681A607047D3F82C16480124D49107A3
:100D00001FD442F0040283F8EC2593F8EE2522B9B3
:100D1000012283F8EE25D3F85C250E4AB3F842167B
:100D2000D183D3F85C25D3F85C1593F88E214FF46A
:100D30007A7012FB00120520C3F8C82607F0DEBB4C
:100D400011B9012007F000BC704700BF6804002003
:100D5000200B00200000002070B5104CD4F8CC56B9
:100D6000284607F037FC287A04F5DA6400226FF091
:100D70001806192112FB0263434303F6C4135343BD
:100D80000132072A93FBF1F324F8023BF2D1284603
:100D90000349BDE8704007F039BC00BF680400207B
:100DA000380500202DE9F84F4FF4AA622DED028B93
:100DB0000021C8489FEDC88A0FF04EFAC54A02F5D7
:100DC000E4730021C2F8E03602F22A566A230324B3
:100DD0004FF4006015461370547182F8E416C2F89F
:100DE000CC66FFF711FA8020FFF70EFA0220FFF71A
:100DF0000BFA4FF40060FFF707FA4FF48070FFF72B
:100E000003FAC823A5F8FA30B44BDFF83CC3DFF887
:100E10003CE385F832414FF48037C5E93B73B04B72
:100E2000C5F8F4304FF47A73A5F8343142F2201348
:100E3000C5E94AC34FF0A063C5F8C431A94B85F892
:100E400028154FF07E58C5E951E340F64303A5F855
:100E50004C312A46A5F8E41085F8E610C5F8FC10D8
:100E6000A5F80011C5F8E81085F8F810C5F810814C
:100E7000C5F81481C5F8188185ED478A85ED488A43
:100E800085ED498AA5F83011A5F8B81185ED6F8A6E
:100E900085ED708AA5F83E112B462C460329CCBF60
:100EA0000122002201F1010183F84E2114BF1E220C
:100EB0000522122983F84F2103F10203EED18A4B58
:100EC000C4F84031834B00224FF47A704FF4FA613A
:100ED0000132042AA3F87201A3F8741103F1040388
:100EE000F6D1824A824B8349C4E96323824BC4F81A
:100EF000D030A3F1FA73643BC4F8D43003F5602317
:100F000003F5CB73C4F8D8307C4B00274FF00109B0
:100F1000C4E9371384F8827184F894910AF05CFD77
:100F200040F6AC53A381764BC4F8C83103F10343B8
:100F3000A3F51D23A3F29D73C4F8CC317148724B05
:100F4000724AC4F8F821C4E97403714BC4F8D8316B
:100F50002D2384F8DD3141F61E63A4F8DE316D4B9C
:100F6000C4F8E031C4F8FC2145F205336A4AA4F81C
:100F7000E431C4F8142264234B2284F8E63184F867
:100F8000182240F201534FF4FA72A4F8E831A4F8A1
:100F90001A22624BC4F8043240F2DC52C4F8083220
:100FA000A4F834255E4BC4F8F43144F25A125D4B78
:100FB000A4F82A254FF07F513222A773C4F81032CB
:100FC000C4F81C72C4F82C25A4F8307584F8327566
:100FD000C4F8EC11C4F8F011C4F8008284ED838ADF
:100FE000A4F82272C4F82C3242F62803A4F8303256
:100FF000152384F834324C4BC4F82472C4F83832C8
:101000004A4F4B4B84F84492DFF83891C4F83C3295
:1010100040F60822474BA4F82822C4F84032BA46CA
:1010200009F1080BB84617F8011B002943D14FF40A
:101030002053A4F8DE324FF44873A4F8E2323E4B5A
:10104000C4F88431C823A4F88A3184F8DD1284F806
:10105000E01284F8E41284F888110C23013B05F1B6
:10106000100585ED008AF9D134494FF49072881843
:101070000BF00CFB31494FF4907201F510700BF03E
:1010800005FBD4F82A35C4F836352D4A7368536009
:10109000B368D4F82A159360C4F84215536101234C
:1010A00084F8403371681161022384F86034BDEC28
:1010B000028BBDE8F88F23480FF01CF90028B1D04F
:1010C00058453FBFA0EB09000019A8EB0A0880F8BB
:1010D0003681A7E768040020000000002A005802BB
:1010E000FA0020006C077503001E00010001059640
:1010F0000101C800B40532004C04D007504632004C
:10110000012828962828783C0A0A4600CDCCCC3EF7
:101110000002210A1E321E00000040408FC2F53C32
:10112000000020400000A0409A99193F0E1E0108BF
:10113000F6287C3F1F856B3F0AC814053006002047
:101140009E09002020150108190A0A2ADC054C0412
:101150002DE9F843FFF734F810B9032007F05FF9E1
:10116000C14C07F023FB4FF4AA62C04920460BF0A4
:101170008DFA94F82865022E88BF00264FF49075EA
:1011800006FB05F504EB050288BF84F8286592F894
:101190002032022B84BF002382F820320C2284F8F4
:1011A000E43605F5E47702FB034303F22A530820F3
:1011B0002744C4F8CC36C4F8E076FFF72DF84FF496
:1011C0000050FFF729F80120FFF726F84FF4804080
:1011D000FFF722F8FFF718F84FF4907303FB06436C
:1011E000002283F8452241F20302A3F84622A04AD6
:1011F000C3F8482202F18052A2F57E42C3F84C2285
:101200009C4A4FF4866CC3E994C2202283F858228A
:10121000052384F8F93540F2AA53A4F8FA3540F2D0
:101220000E63A4F8FC35944B012283F82020A368B8
:1012300046F209021A4203D14FF40050FEF7E4FFD0
:10124000A368D80703D54FF40050FEF7E5FFA36865
:10125000590409D50820FEF7DFFF4FF40050FEF7D0
:10126000DBFF0120FEF7D8FFA3681A0706D54FF46D
:101270000050FEF7D1FF0120FEF7CEFFA3689B04CC
:1012800002D54020FEF7C8FF012384F8B93194F855
:101290008C312BB194F8903113B1002384F8903144
:1012A000DFF8EC81C4F8E886002002464FF0FF0E1C
:1012B00004EBC003B3F89A114B0803F077334FEAFD
:1012C000910909F03339CB1AA3EB09034FEAD1098D
:1012D00009F01139A3EB090303EB231303F00F33D8
:1012E000B3FBFEF9C9EB092901F0010CA3EB0903DB
:1012F0006244012BD2B207DD022B0BD1BCF1000FEF
:1013000008D011F0BC0F05D001300428D0D1013A2B
:10131000012A01D90AF060FBFFF71EFD30220021EF
:101320005648DFF870910EF097FF05F245203946D8
:1013300020440AF07FFB4FF4907303FB0646C4F889
:101340001C9796F8C80105F0D1FA09F18E03C4F88C
:10135000203794F88431DFED4A6AC4F86487642149
:10136000C82213FB0123B4F8F210C4F82837002375
:10137000C4F82C37C4F83037C4F83437C4F83837D9
:10138000C4F83C37C4F84037A4F84437C4F84837A9
:10139000C4F84C3707EE901A09F10603C4F8543725
:1013A000A9F11E03B4F8F410C4F85837F8EE677AC0
:1013B00009F19A03C4F8603709F27263C3ED017A48
:1013C00007EE901AB6F82812A4F8681796F8441297
:1013D00084F86A1794F88F1184F87417B6F8E2123B
:1013E000C4F8783707EE101AF8EE677AB8EEC77AC5
:1013F000C3ED027AC6EE877A05F50C732344C4F870
:101400007C3705F2DD2509F28A63A9F1260225441D
:10141000C4F85C27C4F884774FF07E519FED197AA9
:1014200067EE877AC3ED007A09F29263C4F86455D7
:10143000C4F8A025144A1A604FF07C5209F2A6693C
:101440005A6000229A60D9601A61104BC9F80030C6
:10145000C9F80410C9F80820C9F80C10C9F8102000
:10146000BDE8F84307F0BAB96804002000F00308AB
:10147000300103001005001000000020540B002074
:10148000000061444C3D0F440AD7233CCDCCCC3DF9
:101490009E0500205E0500202DE9F74F07F086F934
:1014A000434B6A221A704FF4AA625A80BE221A7104
:1014B000EF22A3F84E2540F251510022184601397F
:1014C00055D13C4B80F84F251A69120604D53A4A8B
:1014D0005A6002F188325A60364C384E03254FF07C
:1014E0003409C4F80C900AF065FA0428DFF8C080CB
:1014F00038D1236943F002032361314B63612369CF
:1015000043F0400323610AF055FA2369042823F0CD
:101510000203236126D14FF0000BDA4658F8047B12
:10152000CDF804A00AF046FA04281BD1236943F041
:10153000010323610BF1006303F57C33BAB21A8017
:101540000AF038FA042816D10BEB06030193019B2D
:101550003F0C1F800AF02EFA2369042823F00103B0
:1015600023610DD0013D15F0FF05BAD10DE013F850
:10157000014B6240A3E7236923F001032361F1E7F4
:101580000BF1040BBBF5AA6FC8D10A4A13690428F2
:1015900043F08003136102D1FEF712FE10B904205C
:1015A00006F03DFF03B0BDE8F04F07F017B900BFEC
:1015B00068040020002002402301674502F0030870
:1015C00000F003082DE9F04FD54ED6F8CC86B6F9D9
:1015D0006EE5B8F80A202DED048B9645A9B0C0F24F
:1015E000B581BEF5FA6F98F80740BDBFAEEB0203B8
:1015F00013FB04F3C2F5FA62C4F16403BCBF93FBAE
:10160000F2F3C3F164030193B6F844310393C54B7D
:10161000D6F8E0B6069303F5187203F13C0705927D
:10162000A3F5AD6503F2632208F10403DA460492E0
:10163000002064210793069B33F9022B0292069344
:101640001346039A9B1A03F2F31240F2E634A242C5
:1016500000F27E81002BB8BF5B42022800F07B8144
:101660009BF815211AB19A42B4BF9B1A0023B3FB11
:10167000F1FC05EB4C024FF69C74B2F9CE97B2F92F
:10168000D0271CFB043CA2EB09020CFB02F292FBEC
:10169000F1F24A443A80079A125C12FB03F3A24A21
:1016A00093FBF2F3019A64339BB2534393FBF1F340
:1016B0001AF8012F059C5A4392FBF1F204F8012B12
:1016C0009AF8162005945A43049B92FBF1F203F812
:1016D000012B022804931EBF944B019AC254DDE9EA
:1016E000023208BF85F8DE179342B8BF3B8800F18D
:1016F0000100BCBF5B423B80032807F102079AD17F
:10170000DFF83492D5F82C86B9F92230581C0DD068
:1017100018F0080F0AD0D5F89825323B934205DC23
:1017200040F2DC539E45C8BFA5F86E3595F8EF35FD
:101730001BB1B9F81430A5F86E35B5F96E35B5F8AA
:1017400046219342C0F23281B3F5FA6FA8BF4FF43D
:10175000FA639B1A4FF47A714B43C2F5FA62642420
:10176000B3FBF2F393FBF4F105EB41026FF0630777
:10177000B2F9E007B2F9E22707FB0133121A53432B
:1017800093FBF4F30344A5F8AA35B5F8F8375906E6
:1017900039D5B5F84236B9F81E20DFED657A9FEDF0
:1017A000650A9B1A1BB205EE903AF8EEE55A65EE13
:1017B000A75A35EE800AFEF753FEB0EE405AB0EE5F
:1017C000650AFEF74DFEB5F9A63506EE903AB5F975
:1017D000A43507EE103AF8EEE66AB8EEC77A67EE7F
:1017E000007A20EE660AE6EE857AA7EE050AFDEE9F
:1017F000E77ABDEEC00A10EE103AA5F8A43517EE50
:10180000903AA5F8A635D5F8FCA71AF0020F00F01B
:10181000E280D5F80028D5F8043845F20721D31A1C
:101820008B4240F3D8800220C5F8042809F0D6FB8B
:10183000C2075EBFC0F3CF041923B4FBF3F495F8DD
:101840000838D5F80C2805EB430148BF4FF6FF7464
:10185000B1F81008A1F81048121A14440133642298
:10186000B3FBF2F102FB113385F8083895F8D8384C
:10187000C5F80C48632B9EBF0133DBB285F8D8381E
:10188000B4FBF3F495F8D938A7B2032BA5F8C075CB
:1018900040F08E800A2F40F29E8099F8241001EBD0
:1018A000810101EB810100234FEAC11B01EB011112
:1018B0004FF416721FFA8BFBC90085F8D93828201F
:1018C00041F26803A5F8DA28A5F8DC38A5F8E01895
:1018D000A5F8DEB806F094FD2A21B7FBF1F107EB7D
:1018E0008707013107EB870789B2BF000829BFB21C
:1018F00028BF0821A7EB0B074FF4167241F26803CB
:101900007A43A3EB0B0389F8241092FBF3F3A5F8B9
:10191000E238034AB2F8E038A4B2633BA3420DE0D8
:1019200068040020D00900200CFEFFFF440C0020BA
:1019300035FA8E3CDB0FC93F000000204BDD012350
:10194000082082F8D93806F0D9FD44E064235AE62D
:101950004FF4FA7381E69BF816211AB19A42B4BF8C
:101960009B1A0023B3FBF1FC05EB4C024FF69C7471
:10197000B2F9D096B2F9D2261CFB043CA2EB0902C4
:101980000CFB02F295F9EEC092FBF1F2CCF1000CE7
:101990004A4412FB0CF2A5F8A82598F8062012FB81
:1019A00003F3AF4A93FBF2F3643381E61346D0E6C8
:1019B0000A2F00F2AD80032385F8D938002389F877
:1019C0002430A5F8E038A5F8DE38A5F8DC38A5F80D
:1019D000DA38A5F8E2381AF4006FA24C59D0D4F8DE
:1019E0000028D4F8E43845F20721D31A8B4250DDA1
:1019F000D4F85C35C4F8E428D4F8E828C4F8E8380A
:101A00000120A3EB020B09F0E9FA00B2632840F3CE
:101A1000B080642390FBF3F007EE900AF8EEE77ACB
:101A2000B2EE047AC7EE876A9FED8F7AC6EE877AA8
:101A3000FCEEE77A17EE903AB3F5803FAABF00229A
:101A40001A461346C4F8EC289BB2DFF82CA2D4F84F
:101A5000F078DAF80420E3FB0B7291460023834A06
:101A6000384649460AF018FFC317B0F5803F73F1B6
:101A700000032ABF002303461846C4F8F838B4F818
:101A8000E238C4F8F0781B1A9BB2CAF80490C4F884
:101A9000FC3818F4805F02D00A2006F02FFDD4F83D
:101AA0000099B9F1000F22D0D4F85C35D4F804299C
:101AB0009A421CD894F80A39B4F80879002B5AD104
:101AC000D9F80430012284F80A29DB5D3BB137B92B
:101AD00099F80030053B934201D806F03FFBD9F856
:101AE0000430DB5DFE2B4AD10023A4F8083994F8BA
:101AF000EC154B074FF0080051D5FEF795FB07207A
:101B0000FEF79EFB0620FEF79BFB594F0023B6E035
:101B1000012B05D0022B1FD0002B3FF4FAAE5AE761
:101B200095F8EC3523F0020385F8EC35B5F8DE388E
:101B3000A4B2633BA34204DD022385F8D938072011
:101B400014E0B5F8E03864339C420EDD002385F8DC
:101B5000D938FEF7B1FD3EE7B5F8DE38A4B26433FC
:101B60009C42ECDD012385F8D938082006F0C6FC3C
:101B7000EFE7002369E7002384F80A39AFE7FF2B7A
:101B800002D106F0A9FCB2E7D4F85C250A2113FBC8
:101B900001230137C4F80439A4F80879A7E7FEF750
:101BA0004FFB18F0010F10D194F80B391F0702D525
:101BB00094F8B4364BBB072021F0010184F8EC15F2
:101BC000FEF73EFB0620FEF72FFBB4F8503594F8E5
:101BD0000C79580724D56FB926483A464FF49671C8
:101BE00007F0DCF8F0B1012384F80C39C4F8487729
:101BF000C4F84C7794F80B391B0713D50220FEF775
:101C00001FFB002384F80C390CE041F00101072090
:101C100084F8EC15FEF708FB0620FEF711FBD4E76D
:101C2000002FE7D1B4F8C035222B11D900230320AF
:101C300084F8B536FEF704FBFEF70EFB00283FF4F0
:101C400064AF94F8EC3523F0010384F8EC355CE7DD
:101C50000123032084F8B536FEF7E6FAECE700BF6F
:101C60000CFEFFFF680400206F12033B80EE36007D
:101C70007C0E0020B00B0020580D0020132397F895
:101C80004A800193B8F1010F40F0BE813B68C4F86F
:101C90001079C4F814394FF005094FF0000BD4F84F
:101CA000140903685B689847002800F06D81D4F838
:101CB00014090368DB689847D4F810A99AF84830EB
:101CC000052B12D8DFE803F0030A9FA4B3BD242834
:101CD00040F0CD8001238AF8483006E0A0F14D01A4
:101CE0004842484140008AF848009AF84830062B9C
:101CF000D5D19AF849307C2B00F2CC80002B00F033
:101D000016875A1E7B2A00F20D87DFE812F01601B3
:101D100023018F019A01AF010B070B070B070B077C
:101D20000B070B070B070B070B070B070B070B0723
:101D30000B070B070B070B070B070B070B070B0713
:101D40000B070B070B070B070B070B070B070B0703
:101D500055040B0799050B079E050B07BF050B07DD
:101D6000D1050B07D7050B070B070B070B070B0755
:101D700026060B077C040B076D060B07AC050B074B
:101D80001F034E040B0750030B070B072D060B0711
:101D90003F060B070B07DB069206B2060B075A033A
:101DA0000B07F5050B0703060B070B070B070B07C4
:101DB0000B070B070B070B070B070B070B070B0793
:101DC0000B070B070B070B070B070B070B070B0783
:101DD0000B070B070B07F301A7020B07DD02F0024D
:101DE0000B070B070703150324035F03A1030B076E
:101DF00016055B05A50441040B07ED040B070B0753
:101E00000B07F90600073C2814BF0023032362E7F1
:101E1000402802D98AF848B067E78AF805008AF8AE
:101E200004B08AF807B08AF80600042353E79AF84A
:101E300006308AF8490043408AF806308AF848900C
:101E400053E79AF804309AF805109AF80620994258
:101E500008D942408AF806205A1C53448AF80420C4
:101E6000187242E790420CBF0623002333E794F830
:101E7000EC355A073FF539AFD4F818391B7883424F
:101E80007FF433AF8F4B904AC3F8FC2F8F4B904AAF
:101E9000DA602AE7F02B00F0B2843CD8DD2B00F0AA
:101EA0002586DE2B00F02686A02B00F0B684C72BFB
:101EB00040F23D86C83B2A2B00F23986DFE813F05A
:101EC000B506370603073706DD07880892081B08A2
:101ED000800837069C06AC06B00637066008370651
:101EE00037066E087B08370637063706370637068B
:101EF00037063706370637063706370637063706FA
:101F00003706370637063706370637063706E2063E
:101F100037063706B006FE2B00F06484FF2B00F076
:101F20006981F22BC3D9FA2B40F0018694F8EC3585
:101F30005B0740F16C8600F0FABD032006F033FC2D
:101F4000002006F0D1FB002006F0CEFB182006F0A2
:101F5000CBFB0FE0082006F026FCDFF884914FF061
:101F6000000819F8010B08F1010806F0BDFBB8F1F3
:101F7000080FF6D1D4F81039987906F0B5FBD4F8EB
:101F80001039002283F8482094F8DF39002B3BD029
:101F9000D7F80080D8F8003040465B6998470028A1
:101FA00001F05681D4F8FC374A49D8044CBFD4F824
:101FB0005837D4F85C3794F8E0099B8800221BB2AC
:101FC0005FFA82FC8445C1F0488109F08BF8322029
:101FD00006F016FA002394F8E0193F4A9C46D8B25E
:101FE0008842C1F03F81322006F00AFAD4F8FC376B
:101FF000590306D5A3685A0303D440F2DC5006F017
:10200000FFF9324B324ADA60019B132B07F14C0780
:102010007FF434AED4F8B43A002B01F044812F4859
:1020200029B0BDEC048BBDE8F04F1847032006F043
:10203000BAFB022006F058FB022006F055FB0020F8
:1020400085E7102006F0AFFB0C2006F07DFBDFF8E3
:1020500094904FF0000819F8010B08F1010806F000
:1020600043FBB8F10C0FF6D10020D5E01A2006F0A2
:102070009AFBDFF874904FF0000819F8010B08F193
:10208000010806F031FBB8F10B0FF6D1DFF85C90D8
:102090004FF0000819F8010B08F1010806F024FBC5
:1020A000B8F1080FF6D1DFF848904FF0000819F8A2
:1020B000010B08F1010806F017FBB8F1070FF6D184
:1020C00058E700BF00900020EFBEADDE00ED00E05D
:1020D0000400FA05180C00204C0E0020240F0020EC
:1020E000171E0108201E01082D1E0108381E0108B8
:1020F000411E01080B2006F056FBB4F8500506F00F
:1021000023FBD4F81C29CB4B9A420CBFB4F820090E
:10211000B4F8220980B206F017FBD6F82439C3F3CD
:10212000C000C3F38002800040EA4200C3F34002D3
:102130001043C3F3401240EAC200C3F3001340EA65
:10214000031000F01F0006F0FFFAB6F8F82796F823
:10215000EC35D6F82C1696F82889DFF8E0C2500046
:1021600000F00200C3F380030343C2F3400043EADC
:10217000800302F008000343C2F3800043EA001327
:10218000C2F3801043EA401301F4E0701843C2F335
:10219000001340EA4320C2F3401340EA8320C2F315
:1021A000002340EAC32001F47F23034301F480109D
:1021B0000343C2F3402043EA405301F00071C2F3ED
:1021C00080220B43002043EA82634FF0010E024657
:1021D000424504D306F0C1FA94F82805B7E61CF886
:1021E000011B0EFA01F119421CBF0EFA02F108435D
:1021F0000132EDE70023B4F85015A4F84439012268
:102200000A420CD101335200092B92B2F8D10220BC
:1022100006F0C9FAB4F8440906F096FAAAE69BB2A9
:10222000013B072B05D8DFE803F0080A0C0F111358
:1022300015170123A4F84439E9E70223FAE74023FC
:10224000F8E74FF48073F5E78023F3E72023F1E705
:102250001023EFE70823EDE70423EBE7122006F055
:10226000A2FA754BB5F94609DB8CB3F5806F88BFD0
:102270004FF0080890FBF8F080B206F065FAB5F967
:10228000480990FBF8F080B206F05EFAB5F94A0909
:1022900090FBF8F080B206F057FAB5F84C0906F05A
:1022A00053FAB5F84E0906F04FFAB5F8500906F0A2
:1022B0004BFAB5F8520906F047FAB5F8540906F09A
:1022C00043FAB5F85609A7E7102006F06CFADFF8D4
:1022D00070914FF00F0808F1FF3819F8010B5FFA01
:1022E00088F806F001FAB8F1FF0FF4D142E694F84D
:1022F0005809DFF85091400000F0FE0006F053FA54
:102300004FF0000894F858399845BFF433AE39F8C7
:10231000020B06F019FA08F10108F3E7062006F0AF
:1023200042FAB4F85A0906F00FFAB4F85C0906F05C
:102330000BFAB4F842066FE7062006F034FAD4F838
:10234000980506F00AFAB4F8600965E7042006F07B
:102350002AFA002070E2072006F025FAB4F8C0053A
:10236000FF28A8BFFF20C0B206F0BEF9D4F8FC38A1
:102370004FF6FF784345A8BF434623EAE37080B297
:1023800006F0E2F9B4F8640906F0DEF994F83331A6
:10239000D4F8EC0843B10A2358434045A8BF40464F
:1023A00020EAE07080B237E700F30F00FAE702207E
:1023B00006F0F9F994F88E0106F096F994F88D017B
:1023C000C5E5022006F0EFF9A08925E70B2006F00D
:1023D000EAF9D5F8CC36187806F086F9D5F8CC3677
:1023E000587806F081F9D5F8CC36187906F07CF9E2
:1023F000D5F8CC36587906F077F9D5F8CC369879F7
:1024000006F072F9D5F8CC36D87906F06DF9D5F822
:10241000CC36987806F068F9D5F8CC36D87806F03E
:1024200063F9D5F8CC36588906F08EF9D5F8CC3654
:10243000187A8CE50054004000000020910D002027
:10244000180C0020D00900200000C84200007A4487
:10245000212006F0A8F9D4F8E0361B78022B4FF0C3
:1024600000087DD11FED089A5FED088AB2EE048A5C
:10247000D6F8E03603EB880393ED090A20EE080A4C
:102480000CF006FC80F30800C0B206F02DF9D6F877
:10249000E03603EB880393ED0C0A20EE090A0CF0FA
:1024A000F7FB80F30800C0B206F01EF9D6F8E0365C
:1024B00003EB880393ED0F0A20EE280A0CF0E8FBEB
:1024C00080F30800C0B208F1010806F00DF9B8F178
:1024D000030FCDD1B8F1070FD4F8E0362AD193ED30
:1024E000120A20EE080A0CF0D3FB80F30800C0B2F9
:1024F00006F0FAF8D4F8E03693ED130A20EE080A55
:102500000CF0C6FB80F30800C0B206F0EDF8D4F87A
:10251000E03693F8503000EE103AB8EE400A0CF076
:10252000B7FBFF28A8BFFF20C0B206F0DDF84FF0D0
:102530000808CFE74344587806F0D6F8D4F8E036D8
:102540004344187B06F0D0F8D4F8E036434408F151
:102550000108D87D06F0C8F8B8F10B0FBAD109E52B
:10256000D4F8E0364344587806F0BEF8D4F8E036A4
:102570004344187B06F0B8F8D4F8E036434408F139
:102580000108D87D06F0B0F8B8F10B0FE8D1F1E4FE
:102590002F2006F008F9DFF83C8418F8010B00281A
:1025A0003FF4E8AC06F0A0F8F7E7012006F0FBF8EE
:1025B000D4F8E0361878CAE4502006F0F4F8DFF8D2
:1025C00018A44FF000094FF00C0BD4F8E03603EBE1
:1025D000890809F1010998F87D300BFB03A393F8F2
:1025E000500006F081F898F87E0006F07DF898F823
:1025F0007F0006F079F898F8800006F075F8B9F1D8
:10260000140FE2D1B6E4482006F0CDF84FF00009EF
:102610004FF0060AD5F8E0360AFB093809F101093E
:1026200098F8D20006F060F898F8CD0006F05CF853
:1026300098F8CE0006F058F898F8CF0006F054F855
:1026400098F8D00006F050F898F8D10006F04CF851
:10265000B9F10C0FDED18DE4022302934FF0000A92
:102660004FF0010BD949D94B94F82809CB1A834272
:102670000CDB029B012B3FF47DAC5FFA8AF006F085
:1026800092F8012302934FF0000BEBE711F8010BD6
:1026900000230C2202FB03F8CD4A18F802C084453F
:1026A00003D001331C2BF4D1DDE7C94B03919844CF
:1026B000D8F804000AF084F803990346BBF1000F30
:1026C00010D08244CFE7D8F8040010F80900CDE913
:1026D000031306F009F8DDE9031309F101094B457D
:1026E000F1DCC0E7D946FAE7DFF8ECA294F8280954
:1026F000DFF8D89206F057F84FF000084FF00C0BB7
:102700000AF1480294F828399845BFF433AC19F817
:10271000010B00210BFB01F313F802C0844505D027
:1027200001311C29F6D108F10108EBE7534493F875
:10273000500005F0D9FFA64AF5E7162006F033F859
:10274000B6F8440106F000F8B6F8D00005F0FCFF3A
:10275000B6F8D20005F0F8FFB6F8D40005F0F4FFA3
:10276000B6F8860105F0F0FF002005F0BDFF00205F
:1027700005F0BAFF002005F0B7FF96F8330105F029
:10278000B3FF96F8400105F0AFFF002005F0ACFF65
:10279000D6F8E036B3F95A000A2390FBF3F080B282
:1027A00005F0D2FF96F8280105F09EFF96F82C015F
:1027B00005F09AFF96F82B0105F096FF96F82D018B
:1027C000FFF7C5BB082005F0EEFF4FF001085FFAE8
:1027D00088F008F1010805F087FFB8F1090FF6D17C
:1027E000FFF7C8BB082005F0DEFF002005F0ACFFB6
:1027F000002005F0A9FF002005F0A6FF34E4042026
:1028000005F0D1FFD4F8E036B3F85E0005F09CFF88
:10281000D4F8E036B3F85C00FEE4DFF8C0810C20A9
:1028200005F0C1FFD8F8AC0705F097FFD8F8B0075E
:1028300005F093FFD8F8B40705F08FFFFFF79ABBB8
:10284000042005F0B0FFA068F6E7062005F0ABFF16
:10285000B4F8E80005F078FFB4F8EA0005F074FF7A
:10286000B4F8EC00D8E4042005F09DFF94F82801AA
:1028700005F03AFF94F82C0105F036FF94F82B018F
:1028800005F032FF94F82D01FFF761BB072005F03A
:102890008AFFB4F82E0105F057FFB4F8300105F0B7
:1028A00053FF94F8320105F01FFFB4F83401B3E48C
:1028B000012005F078FF6079FFF749BB0C2005F097
:1028C00072FF94F83E0105F00FFFB4F8480105F0DF
:1028D0003BFFB4F8440105F037FFB4F8460105F0BA
:1028E00033FF94F83F0105F0FFFEB4F84A0105F00C
:1028F0002BFFB4F84C018FE4042005F054FF94F84A
:10290000840105F0F1FE94F8850105F0EDFEB4F8C0
:10291000860181E494F85809DFF8C48000EB400098
:10292000C0B205F040FF4FF0000994F858399945BE
:1029300008F10208BFF41EAB98F84C0105F0D4FE74
:1029400098F84D0100EB800000EB800000F2EE20D3
:1029500005F0FAFE09F10109E7E7012005F023FF80
:1029600094F84001FFF7F3BA082005F01CFFDFF8E8
:1029700074904FF0000819F8010F08F1010805F0F4
:10298000B3FEB8F1080FF6D1FFF7F4BA102005F046
:102990000AFF607905F0A8FEA06805F0DEFE94F855
:1029A0003E0105F0A1FEB4F8E80005F0CDFEB4F854
:1029B000EA0005F0C9FEB4F8EC0005F0C5FEB4F875
:1029C0002E0105F0C1FEB4F8300125E4910D002080
:1029D00068150108351501082015010800F0FF1FD2
:1029E000680400209D05002094F86609DFF8008443
:1029F000C0EBC000C0B205F0D6FE4FF0000908F6EB
:102A0000681A4FF00C0B98F9980100230BFB03F2A6
:102A100012F90A20824200F02D840133042BF5D1F3
:102A200009F10109B9F1040F08F10808EBD1FFF72A
:102A3000A1BADFF8A8830D2005F0B5FE09F0E2FC8D
:102A400005F052FEB8F8280005F087FED8F83400EB
:102A500005F083FE94F8983994F89909834296BF5B
:102A6000C31AC3F1800300201844D4F89C391844D9
:102A7000E2E605F08FFE8046842005F094FE404695
:102A800005F06BFED54B5A6B08F1800393428CBF67
:102A9000A2EB08094FF0800909F0E0FC4A464046E5
:102AA00008A909F079FD0DF1200881464FF0000AD0
:102AB000CA45BFF65FAA18F8010B05F015FE0AF12A
:102AC000010AF5E7132005F06EFEDFF828934FF0BA
:102AD000000819F8010B08F1010805F005FEB8F12E
:102AE0000B0FF6D1002005F038FE32E405F048FE69
:102AF000FFF740BA05F04EFE05F04CFEFFF73ABA7C
:102B0000022005F050FEB54B588CFFF785BB032023
:102B100005F049FE94F8ED0505F016FEAF4B187C64
:102B2000FFF715BA4E2B3FF6C2A9222B03D808F0A7
:102B300081FEFFF71FBA233B4FF000082B2BF6D87E
:102B400001A252F823F000BFB12D00082F2B00087E
:102B5000273000082F2B0008353000082F2B0008E5
:102B6000713000082F2B00082F2B00082F2B000896
:102B7000933000082F2B00082F2B00082F2B000864
:102B80002F2B00082F2B0008473100082F2B00089F
:102B9000312E00082F2B0008C33100082F2B00080E
:102BA0004F3000082F2B00082F2B0008B52C0008F1
:102BB0002F2B00089B2C00082F2B00082F2B000820
:102BC000513100082F2B00088131000841320008E4
:102BD0002F2B00082F2B00082F2B0008FD2F00089B
:102BE0002F2B0008AD2C00082F2B0008D730000831
:102BF0002F2B0008F130000894F8EC355B070FD458
:102C000005F0B4FD032828BF002084F82805FEF74E
:102C100043FCFEF79DFA03E005F0B2FDA4F8A6061A
:102C2000002005F0C0FDFFF7A5B99AF80580B8F1BE
:102C3000250F00F2D0800DF120094FEA5808CB464D
:102C40004FF0000AC2450CD36549434600220846AE
:102C500090450DDC0022122B10D1012384F8C439D9
:102C6000DEE705F08DFD0AF1010A2BF8020BE9E71A
:102C700039F802CB21F802CB0132E9E720F8132022
:102C80000133E8E705F07CFDD4F8E086A8F85E00A3
:102C900005F076FDA8F85C00C2E705F067FD84F852
:102CA0008E0105F063FD84F88D01B9E705F068FD3C
:102CB000A081B5E7D4F8E08605F058FD88F800005B
:102CC00003F014FEACE7D4F8E08698F80030022B4D
:102CD0005DD19FED449ADFED448A08F1240908F1A3
:102CE000300AB2EE048A05F041FD07EE900AF8EED4
:102CF000677A87EE887AA9EC017A05F037FD07EE4E
:102D0000900AF8EE677A87EE897A89ED027A05F003
:102D10002DFD07EE900AF8EE677ACA4587EEA87A8D
:102D200089ED057ADFD108F104094FF0030ABAF101
:102D3000070F1FD105F01AFD07EE900AF8EE677A2B
:102D400087EE887A88ED127A05F010FD07EE900A7A
:102D5000F8EE677A87EE887A88ED137A05F006FD3B
:102D600088F850000AF1010ABAF10B0F09F10109C4
:102D7000DDD155E705F0FAFC89F8000005F0F6FC16
:102D800089F80B0005F0F2FC89F81600EAE708F173
:102D90000B0905F0EBFC08F8010F05F0E7FC88F8DB
:102DA0000B0005F0E3FCC14588F81600F1D137E7C8
:102DB00005F0DCFC132880460DD8D4F8E09605F029
:102DC000D5FC0A4A0023117A814215D001331C2B0D
:102DD00002F10C02F7D108F02DFD21E700000020E0
:102DE000080E00200000C84200007A44681501085F
:102DF000680400202D1E0108DC4A0C2101FB03237E
:102E000009EB880893F8483088F87D3005F0AEFC6F
:102E100088F87E0005F0AAFC88F87F0005F0A6FC83
:102E2000494688F8800009F17D0008F003FEF7E6C6
:102E300005F09CFC0B288146CDD8D4F8E08605F03F
:102E400095FC0328C7D8062303FB098888F8D2001D
:102E500005F08CFC88F8CD0005F088FC88F8CE00E1
:102E600005F084FC88F8CF0005F080FC88F8D000DD
:102E700005F07CFC88F8D100D2E69AF80530092BE1
:102E8000A9D9D5F8CC8605F071FC88F8000005F0CA
:102E90006DFC88F8010005F069FC6428A8BF642077
:102EA00088F8040005F062FC6428A8BF642088F854
:102EB000050005F05BFC88F8060005F057FC642867
:102EC00028BF642088F8070005F050FC88F802004D
:102ED00005F04CFC88F8030005F052FCD5F81039D9
:102EE000A8F80A005B790A2B7FF69AAE05F03EFC43
:102EF00088F8080094E605F043FC6FF4AF6C00EB33
:102F00000C039BB2C62B98BFA4F8440105F038FC13
:102F1000A5F8D00005F034FCA5F8D20005F030FC8F
:102F2000A5F8D40005F02CFCA5F8860105F01EFCE0
:102F300005F01CFC05F01AFC05F018FC85F83301BF
:102F400005F014FC85F8400105F010FC05F018FCB4
:102F5000D5F8E03600EB80004000A3F85A0005F0F9
:102F600005FC85F8280105F001FC85F82C0105F029
:102F7000FDFB85F82B0105F0F9FB85F82D014FE6E7
:102F8000DFF8F0914FF0000805F0FAFB08F10108B6
:102F9000B8F1080F29F8020BF6D141E694F8EF35A5
:102FA000002B7FF43DAE05F0EBFB714B84F8ED0593
:102FB00001221A7434E605F0E3FB6D4B58842FE6CA
:102FC00094F8EC3558073FF52BAEFDF7EBFE1EE607
:102FD00094F8EC3559073FF523AE4FF4C873A4F8C5
:102FE00052351DE694F8EC355A073FF519AE94F8C2
:102FF0000B3943F0040384F80B3911E645F208203D
:1030000009F01EFA062007F0BBFF0123C72084F851
:10301000DE3907F0B5FF002384F8993984F8983930
:10302000C4F89C39FCE5C4F8088005F0B3FBFDF753
:10303000EBF8F5E505F0A4FBA4F8E80005F0A0FB2B
:10304000A4F8EA0005F09CFBA4F8EC00E8E505F024
:103050008DFB84F8280105F089FB84F82C0105F02C
:1030600085FB84F82B0105F081FB84F82D01D7E561
:1030700005F086FBA4F82E0105F082FBA4F83001D0
:1030800005F074FB84F8320105F07AFBA4F83401F2
:10309000C6E505F06BFB84F83E0105F071FBA4F872
:1030A000480105F06DFBA4F8440105F069FBA4F8A4
:1030B000460105F05BFB84F83F019AF80530082BC8
:1030C0007FF6AEAD05F05CFBA4F84A0105F058FBB5
:1030D000A4F84C01A4E505F049FB84F8840105F04F
:1030E00045FB84F8850105F04BFBA4F8860197E5C4
:1030F0009AF80580B8F1380F3FF66DAEDFF878909A
:103100004FF0000A40F6CA0B0323B8FBF3F8C245A0
:1031100009F10209BFF484AD05F028FB89F84C01E0
:1031200005F02EFB5845A8BF584640F2EE239842C2
:10313000B8BF18461922B0FBF2F01E3889F84D01CD
:103140000AF1010AE3E705F011FB84F8400167E5A5
:10315000DFF828904FF0000805F008FB08F101089F
:10316000B8F1080F09F8010FF6D159E5201501084B
:10317000000000202E0E0020680400209D05002085
:1031800005F0F4FAC4F8088005F004FBFDF73CF8FC
:1031900005F0ECFA84F83E0105F0F2FAA4F8E80034
:1031A00005F0EEFAA4F8EA0005F0EAFAA4F8EC005B
:1031B00005F0E6FAA4F82E0105F0E2FAA4F83001D1
:1031C0002EE59AF805304FF00708B3FBF8F8C8EB86
:1031D000C8029B1ADBB2002B7FF4FDAD5FFA88F8C2
:1031E00008F1FF385FFA88F8B8F1FF0F3FF418AD27
:1031F00005F0BCFAD4F8182940B20023911C11F94B
:1032000033C0844503D00133042BF8D1E3E502EB4E
:10321000C30989F8020005F0B3FAA9F8040005F023
:10322000A5FA89F8060005F0A1FA89F8070005F06B
:103230009DFA89F8090005F099FA89F80800CFE7A6
:103240001B4B4FF480421A85012384F8DF39E7E4F1
:103250000A2005F0D5F8FEF79DBE21F8023B0132A9
:10326000FEF7AEBE52F8040B00680133C0F800C090
:10327000FEF7B5BEC0B205F037FAB8F89A0105F00E
:1032800063FA98F89C0105F02FFA98F89D0105F073
:103290002BFA98F89F0105F027FA98F89E0105F09F
:1032A00023FAFFF7BDBB29B0BDEC048BBDE8F08F5E
:1032B0000008004808B5FEF7EFF8FDF749FFBDE844
:1032C0000840012005F040B92DE9F04FB44DD5F884
:1032D000002895F8C46A02F59C4320338BB0C5F8EA
:1032E000C03A002E00F0DF80D5F8C83A9A4202D9E1
:1032F000013E85F8C46AAA4CD4F8FC8718F48053C0
:10330000019305D0D4F82C36D80701D4FDF7FEF987
:10331000D4F8E826937A23B304EB4303127BB3F982
:1033200066351AB1C3F53B6308331BB2A3F57A7354
:10333000B3F57A7FA8BF4FF47A7323EAE37307EEFD
:10334000903ADFED986AF8EEE77A87EEA67ADFED3D
:10335000967A67EE277AFCEEE77A17EE903AA5F8B0
:10336000643918F4807F00F03081D4F800188F4A57
:1033700094F82637914240F2258113B9012384F84D
:10338000263794F8456794F8EC25D4F82CA6012E3E
:1033900002F0040B14BF032700274FF00009A2E13D
:1033A000072C98BF195D8248BB6B88BF21469847A0
:1033B000032C19D8C0B1D5F8E83603EB84039A8FF3
:1033C000DB8F801A9B1A08FB00F090FBF3F040F2B1
:1033D000EE2300F57A709842B8BF184640F6CA034B
:1033E0009842A8BF184680B205EB44040136A4F801
:1033F000CC0A95F858B9D5F8E836F4B2A345CFD839
:10340000D5F8FC27D5F85C05019042F201010A408D
:10341000039208D095F8FF2585F8FE25654A92F8B5
:103420003D1082F83C1095F8FE85B8F1000F04D0ED
:10343000604A92F83C8088F0010895F8F17A019989
:103440005D4C0F2285F8F02A0322B7FBF2F202EB63
:10345000420201F51671BA1AD2B20591A4F5AD6116
:10346000049204F28A5904F2D45A224600260291A8
:103470005E451CDB4A4E96F8F03A0F2B6DD1D6F81C
:103480002C365B0169D4D6F85C35D6F83027C6F8FF
:103490002C379B1AC82B02D9012386F845370137F0
:1034A00086F8F17A27E7434F4FF47A78A1E7B8F12D
:1034B000000F33D0414931F91600998A80B2814218
:1034C0002ED8D98A81422BD30599CAF800100399C6
:1034D00000B2D9B1049929F81100029991F8841B1E
:1034E00029B9022F12D90298012180F8841BB9F85A
:1034F0000010B9F802000844B9F804100844304933
:1035000000B221F81600032190FBF1F022F8020B23
:10351000013609F106090AF1040AA9E74046CCE799
:10352000DAF800100198814201D91088CFE7F0B293
:10353000CDE9063205F06AF9032EDDE90632C6DC74
:10354000DFF85CE04FF0010C9EF8F01A0CFA06FC74
:1035500021EA0C018EF8F01AB9E7164B012283F824
:103560003D2083F83C20D6F85C35D6F82C27C6F8E9
:1035700030379B1AD6F82827934202D9002386F8C1
:1035800045374FF0000807E05FFA88F005F03EF994
:1035900024F8020B08F10108C345F5DC7FE700BF02
:1035A0006804002000007A4400C07F44404B4C0077
:1035B000C00D002000000020D0090020340F0020A2
:1035C000EE0F0020002B7FF4DCAE019BB4F96E956A
:1035D000002B00F0E580B4F84431B4F8DE20991AED
:1035E000494580F2E08013444B4540F3DC80FDF711
:1035F0006DF8FDF779F84FF0000AAC4B93F83EB048
:1036000094F8EC35590740F1D58018F0100F00F010
:10361000D18094F80B39DA0600F1CC80BBF1000FB1
:1036200000F01D8194F88E31BAF1000F40F0068150
:103630003BB1D4F85C15D4F8C8365B1A002BC0F245
:10364000B580102004F05AFF012384F8A43BB1E0B8
:10365000BBF1000F0DD0012E05D00520FCF7E4FDD5
:10366000022384F8ED35002FAFD0384604F046FF32
:10367000ABE71AF0806F4FF4806005D008F0FAFFD6
:103680000023C4F83437EEE708F0E6FFF8E7012E30
:1036900029D1052125E0012E04BF052184F8441716
:1036A000BBF1000F0FD0D5F8A01BB1F90E10A5F893
:1036B0006A15A5F86C15A5F86815D5F8201749887E
:1036C000A5F86E156746D4F85C05D4F83817814222
:1036D00002D3BBF1000F60D142F21071C4F8401761
:1036E000032184F8441794F844C794F8EC05BCF11E
:1036F000050FB8D801A151F82CF000BF51360008D1
:103700008F3600089736000815370008453700083F
:103710007D37000840F0020085F8EC05FCF7F6FF65
:10372000D5F85C05D5F840170144C5F83C170421CD
:1037300085F844174FF4806008F08EFF0520FCF7F1
:103740007FFDD0E7012E11D1D4F85C35D4F83C17B9
:10375000994288D2554991F83E1011B91AF0010FDB
:1037600081D120F0020084F8EC0592E7D4F85C25C2
:10377000D4F840371344C4F83C3774E7D5F8200731
:10378000D5F85C15C08885F82797642303FB0011E2
:10379000C5F8341785F84497CCE7012EA3D062E72B
:1037A000B4F8463120E74FF0010A26E7FCF7AEFFF8
:1037B00084F8A4AB94F88C31019394F88D01B4F89B
:1037C00046C1B4F848E13A4900231E4631F9027B6C
:1037D000B6086745C4BF66F07F06F6B20133774589
:1037E000B8BF46F04006042BF0D194F8A53BB34295
:1037F00039D194F8A67BF92F03D80137FFB284F8AA
:10380000A67B84F8A56B08F00408BBF1000F40F01C
:10381000CC84D4F82C36DB0738D5BAF1000F24D18C
:1038200094F8EC35D80706D5590702D4012384F85B
:10383000B035FDF745FA142F53D140E03BB1D4F831
:103840005C154FF47A7013FB0013C4F8C83694F873
:10385000A43B002BAED004F03FFE0023F5E6BAF106
:10386000000FF4D1EDE60027C9E7D4F8B0360A2BF3
:10387000E1DCB4F850355A07DDD494F8EF35002B6D
:10388000D9D1FCF723FFFCF72FFFD2E794F8EC35F2
:103890005B07D0D594F8FE35002BCCD010B1FCF7E7
:1038A00035FFC8E7BAF1000FC5D1F8E700000020E6
:1038B000D0090020019B13B17D2E00F0808494F884
:1038C000EC355F070DD4572E40F0CD80D4F8243965
:1038D0004FF47A7213F00803A4F8542501D1A4F828
:1038E0004236B8F1000F40F0E480D4F8E0660023DF
:1038F000C4F82C3606F17F0706F1CF084FF0010916
:1039000017F8010C394604F03FFE40B117F8023CAD
:10391000D4F82C2609FA03F31343C4F82C360437E1
:103920004745EDD1B24F06F1CE0B4FF00C0806F52E
:103930008B764FF000094FF0010A1BF8010C594635
:1039400004F022FEE8B19BF804109BF8023008FB5B
:103950000140013BD0F8F02603EB43033B44934284
:103960000FD09BF80320C0F8F03694F8AD3B80F8F8
:10397000EC260AFA01F123EA0103C0F8F49684F870
:10398000AD3B0BF1060B5E45D7D1D4F85C35019306
:1039900094F8FE350293019BD4F8CCB6954F03F50D
:1039A000FA73002603937968002900F0388191F8B2
:1039B00000A0BAF1000F00F03281BA68019B9A1A98
:1039C000002A0ADB039B94F8AD2BBB60012303FAAA
:1039D00006F022EA000284F8AD2B029B002B00F0D7
:1039E0001E813A78487894F8AD8B0432D2B2002820
:1039F00040F0888304EB4202B2F96805B4F8442130
:103A000002F1C80C604540F3F98091F8029048FA41
:103A100006F1CA0700F10381B9F1000FCCBF022003
:103A2000012004F091FD0AF1FF31132900F2808199
:103A3000DFE811F0710185019001A001B801C0011A
:103A40001E027902E0020E033A037E01A001AD01DD
:103A5000C0011E027902E40141029E020B2004F023
:103A60004DFD84F8A67BB8F1000F01D05A2E17D077
:103A7000A6F15603082B57D8DFE803F054565656E4
:103A80005652560550000123DEB2013B84F828351A
:103A9000FDF702FDFDF75CFB304604F055FD20E725
:103AA00094F8A73B4BB1002384F8A73B012384F88B
:103AB000A83B94F8A93B53B91FE094F8A93B83F0C5
:103AC000010384F8A93BABB10C2004F017FD94F876
:103AD000EC35580711D5B4F846314B450DDAD4F81A
:103AE0002C3613F0010302BF3222A4F8AA2B84F86B
:103AF000A93B02E00D2004F001FDD4F82C36D903D7
:103B000066D594F8AC3B2BB994F8A73B13B9322394
:103B1000A4F8AA3B012384F8AC3BE6E60323B3E711
:103B20000223B1E7FFF7C6FB334B93F83E3043B1B6
:103B30006F2E02D1FDF7C4F8D3E6019B0BB17E2EA8
:103B4000F8D0972E04D14FF4C873A4F85235C8E6C4
:103B5000A72E06D194F80B3943F0040384F80B39EF
:103B6000BFE60023B73E0993072E3FF6BAAE01A386
:103B700053F826F0CB3B0008E3380008E338000890
:103B8000E3380008953B0008E3380008C33B000811
:103B90009B3B00080223002201E000230222D5F80B
:103BA000E016B1F85C000244A1F85C20B1F85E2098
:103BB0001344A1F85E30FFF77DFB002385F8A63B98
:103BC0008FE600236FF00102E9E76FF00103E2E7FF
:103BD00094F8A73B002B3FF488AE94F8EC3513F033
:103BE000040302BF84F8A73B012384F8A83B7CE6CA
:103BF000B8160108540B002000000020C83A90427B
:103C000003DA8A78C2F1000901E70123B34028EA08
:103C1000030384F8AD3B019B03F5FA73BB600136E7
:103C2000042E07F10C077FF4BEAED4F82C56AB0778
:103C300006D4D4F8FC37DF0507D594F8273723B12D
:103C4000D4F824399E0700F19682012008F004FD83
:103C50000123690740F19A82002B00F0978201202E
:103C600008F0FAFCB4F8F8379A0704D40220FCF7FD
:103C70002DFD08F0FFFC94F8EC355B0708D4B4F890
:103C8000F83703F044031BB1B4F84236A4F8A63663
:103C9000D4F8243913F00A0F2AD0EF0640F17A82C3
:103CA000B4F8F8375E0706D4042008F0E3FCB4F853
:103CB0004236A4F8A636A80640F17082B4F8F83768
:103CC000590602D4402008F0D5FC6A0642BFC54A16
:103CD000B4F84236D38315F0080307D094F8F835CA
:103CE00033B9C04AB4F84236D383012384F8F83597
:103CF0002B054FF4807040F1558208F0BBFC6379CE
:103D0000082B02D00E2B40F0618240200BB0BDE8A2
:103D1000F04F08F0A1BC9BF800304B44FA2BA8BF31
:103D2000FA2323EAE3738BF80030584604F052FC80
:103D30000123B34048EA030884F8AD8B6FE79BF892
:103D400001304B44642BA8BF642323EAE3738BF850
:103D50000130EAE79BF803304B44642BA8BF64238F
:103D600023EAE3738BF80330D4F8B01B584604F011
:103D70004DFCDDE79BF8051049446429A8BF642188
:103D800021EAE171BAF10D0F8BF80510D0D09BF844
:103D900004304B44642BA8BF642323EAE3738BF8FD
:103DA0000430C5E79BF806304B4483F308038BF8D7
:103DB0000630BDE7D4F8B40B0178022943D107EEF1
:103DC000909AF8EEE76AF2EE047A86EEA77AD0EDE2
:103DD0000A7A37EE277AB5EEC07AF1EE10FA2FD4D0
:103DE000DFED827AB4EEE77AF1EE10FAD8BFF0EEAA
:103DF000477AC0ED0A7ABAF10F0F99D0D4F8B41B04
:103E00000B78022B2BD107EE909AF8EEE76AF2EED0
:103E1000047A86EEA77AD1ED097A37EE277AB5EEE5
:103E2000C07AF1EE10FA17D4DFED707AB4EEE77ACB
:103E3000F1EE10FAD8BFF0EE477AC1ED097A77E7D4
:103E4000DFED6B7AD5E781784944C829A8BFC8213E
:103E500021EAE1718170CEE7DFED657AEDE74B781D
:103E60004B44C82BA8BFC82323EAE3734B705FE71A
:103E7000D4F8B40B0178022940D107EE909AF8EEFD
:103E8000E76ADFED5A7A86EEA77AD0ED0D6A37EE53
:103E9000267AB5EEC07AF1EE10FA2CD4B4EEE77AB9
:103EA000F1EE10FAD8BFF0EE477AC0ED0D7ABAF114
:103EB000100F3FF43DAFD4F8B41B0B78022B29D17F
:103EC00007EE909AF8EEE76ADFED487A86EEA77A79
:103ED000D1ED0C6A37EE267AB5EEC07AF1EE10FA23
:103EE00015D4B4EEE77AF1EE10FAD8BFF0EE477AC7
:103EF000C1ED0C7A1CE7DFED3E7AD6E7417B494401
:103F0000C829A8BFC82121EAE1714173CFE7DFEDDD
:103F1000387AEDE70B7B4B44C82BA8BFC82323EAB4
:103F2000E3730B7304E7D4F8B40B0178022944D18E
:103F300007EE909AF8EEE76ADFED2B7A86EEA77A25
:103F4000D0ED107A37EE277AB5EEC07AF1EE10FA9E
:103F500030D4DFED267AB4EEE77AF1EE10FAD8BF6E
:103F6000F0EE477AC0ED107ABAF1110F3FF4E0AEEF
:103F7000D4F8B41B0B78022B2BD107EE909AF8EEF5
:103F8000E76ADFED197A86EEA77AD1ED0F7A37EE80
:103F9000277AB5EEC07AF1EE10FA17D4DFED137A76
:103FA000B4EEE77AF1EE10FAD8BFF0EE477AC1ED41
:103FB0000F7ABDE6DFED0E7AD4E7017E4944C829C9
:103FC000A8BFC82121EAE1710176CDE7DFED087ACB
:103FD000EDE7CB7D4B44C82BA8BFC82323EAE3738E
:103FE000CB75A5E60000002000007A440000C8421E
:103FF00000000000D4F8B41B0B78022B1FD107EE91
:10400000909AF8EEE76AF2EE047A86EEA77AD1ED9E
:104010000B7A37EE277AB5EEC07AF1EE10FA0BD4B0
:104020005FED0E7AB4EEE77AF1EE10FAD8BFF0EE5B
:10403000477AC1ED0B7A7BE65FED137AF9E7CB782F
:104040004B44C82BA8BFC82323EAE373CB706FE6A9
:10405000D4F8B41B0B78022B1DD107EE909AF8EE22
:10406000E76A5FED1E7A86EEA77AD1ED0E6A37EE2B
:10407000267AB5EEC07AF1EE10FA09D4B4EEE77AFA
:10408000F1EE10FAD8BFF0EE477AC1ED0E7A4FE6A6
:104090005FED297AF9E78B7B4B44C82BA8BFC82377
:1040A00023EAE3738B7343E6D4F8B41B0B78022B3B
:1040B0001FD107EE909AF8EEE76A5FED357A86EE4B
:1040C000A77AD1ED117A37EE277AB5EEC07AF1EE04
:1040D00010FA0BD45FED3B7AB4EEE77AF1EE10FA0A
:1040E000D8BFF0EE477AC1ED117A21E65FED407A54
:1040F000F9E74B7E4B44C82BA8BFC82323EAE373E0
:104100004B7615E601287FF413AEBAF10C0F7FF45D
:104110000FAE04EB42028978B2F9680540F633022B
:104120009042A8BF1046B0F5617FB8BF4FF46170F0
:10413000A0F561704FF49662B2FBF1F2B0FBF2F0C1
:1041400094F8E426C0B282423FF4F2AD032894BF53
:104150000246022285F8E4260AFB025202F22A52A3
:104160000490C5F8CC26FCF7F7FD04980130C0B2E6
:1041700004F0EAF9DCE5B4F8F837D80704D40120F4
:10418000FCF7A4FA08F076FA002362E5022008F0B2
:1041900063FA70E5042008F05FFA8CE5402008F02F
:1041A0005BFA92E508F058FAA9E5142F7FF499AB71
:1041B00094F8EC755F2E07F004077FF47BAB002FBB
:1041C0003FF44CACFCF7A2FAFFF779BB0BB0BDE8AB
:1041D000F08F1649D1F8883043F47003C1F8883065
:1041E000134B1A6842F001021A605868114A0240E3
:1041F0005A601A6822F0847222F480321A601A68B7
:1042000022F480221A605A6822F4FE025A60DA6AA6
:1042100022F00F02DA62186B074A02401A6300228A
:104220009A604FF000638B60704700BF00ED00E0C4
:10423000001002400CC07FF8CCFC00FF80EAE07365
:10424000A3EBE0738B4206DB002801DD401A7047C8
:1042500002D008447047002070472DE9F041824C9D
:10426000D4F8B83BA0EB030842F20F7398452DED4C
:10427000048B40F2EB8044F6206398457B4DC4F8F4
:10428000B80B81BF0023C4F8C43BC4F8C83BC4F8D2
:10429000CC3B95F83F3043B394F8EC2512F0040280
:1042A00023D1734BC4F8C42B0021196040F2DC50B9
:1042B000C4F8C82BC4F8CC2B85F83F20C4F8D42B05
:1042C000C4F89C25A3F58962A3F23443694EA4F88F
:1042D0008C054FF07E50106056609160D060116187
:1042E00018605E609960D8601961D4F8D86BD4F812
:1042F000DC3BB3426ED0F31A08EE903ADFED5E7A03
:104300005E4BF8EE688A68EEA78AD3ED007AF5EE88
:10431000C07AF1EE10FA40F29D8013ED017AB5EE0D
:10432000C07AF1EE10FA40F2958087EE270AB5EEDA
:10433000C00AF1EE10FA40F28D80DFED517A93ED74
:10434000018A38EE278A0AF0D1FBDFED4E7A28EE9B
:10435000000A20EE270ADFED4C7A20EE270AF6EE5F
:10436000007AF4EEE78AF1EE10FA31DCB4F9E03BC2
:104370000F2B72D1B4F9E23B444A02EB83020133C2
:104380001BB20F2B08BF0023A4F8E23BD2ED007A4A
:104390000E23A4F8E03B3E4B93ED017A77EE877A4B
:1043A00030EE670A83ED000AB4F95A39002BB8BF22
:1043B0005B429BB21E2B07D8B4F95C39002BB8BF07
:1043C0005B429BB21E2B4CD9324BEB60FCF748F999
:1043D000C4F8DC6BD4F8C83B002BC9BFD4F8C42B9D
:1043E0009FED2D9A07EE902AB8EEE77AC4BF07EE4C
:1043F000903AF8EEE77A294BC8BF87EE279A9FEDEF
:10440000287AA3EC019AD3ED007A69EE277AF4EECC
:10441000C77AF1EE10FA08D49FED227AF4EEC77A4B
:10442000F1EE10FAD8BFB0EE677AB4F9383C1E4E00
:104430000027052B86ED007AC4F8C47BC4F8C87B3E
:10444000C4F8CC7B36DC0133A4F8383CBDEC048BDB
:10445000BDE8F0819FED100A81E7144BD3ED007A9F
:1044600099E74FF08043B0E7680400200000002087
:1044700038100020CDCCCC3D6F12833A240B0020A5
:10448000339388438E2BEA410000C8424C10002031
:104490008C1000200000A0400000000094100020BC
:1044A000000048C4000048449C10002088100020F0
:1044B0000024744907EE908A1FED036A16ED190A6D
:1044C00056ED039A56ED058AF8EE677AA6F5D063A5
:1044D000C7EE866AA6F5CF6216ED046AD3ED005AE0
:1044E000D6ED027A66EE255AA6F27C63E5EEA67A50
:1044F000D3ED005AC6ED027A66EE255A77EE877A3A
:10450000A5EEA60AD2ED005A26EE256A67EEA67A37
:10451000E6EE269AB0EE407AB6EE006AA7EE867A0C
:1045200030EE270AE7EE268A06ED190A46ED039AD1
:1045300046ED058A0AF0ACFB39EEA80A08EE100A2F
:104540000AF0A6FBB4F9E01BB5F840200E2902F1F1
:10455000010207EE900A12B2A6F1500300F3F280B6
:104560000E2ACCBF3A46174603EB82030131A5F869
:104570004070C3ED008AA4F8E01B834F97ED036AF7
:1045800097ED007AD7ED016A97ED020A57ED045ACC
:1045900036EE076AB8EEC88A76EE266A38EE408AAA
:1045A00086EE267AF7EE006AA7EE080A87ED047A0F
:1045B00036EEC77A17ED038A87ED020A27EE067AF0
:1045C00017ED056A87ED037A17ED027A37EE067A62
:1045D000F8EEE77A77EE255A77EEC87A87EE256A05
:1045E000A6EE278A76EEC66A07ED016A66EE876A4E
:1045F00007ED038A47ED026A0AF04AFBB0EE480A6B
:104600000646C4F8400C0AF043FBB4F93C36C4F843
:104610009805002BB8BF5B429BB2B3F5487F07F506
:10462000956780F0AE80B4F93E36002BB8BF5B4290
:104630009BB2B3F5487F80F0A48094F8EC25AB7A68
:1046400097ED007AD4F8848712F0040208BFC4F80A
:104650009405002B40F08E80D4F89435181AB0F5EC
:10466000FA7F4A4BA8BF4FF4FA709842B8BF184679
:104670000521FFF7E3FD98F80430454943438B4299
:104680007BDB002BB8BF7F33DB11B3F5967FA8BF70
:104690004FF49673991B98F80A303E484B43834277
:1046A0006DDB002BB8BF1F335B11B3F5967FA8BF3E
:1046B0004FF496732AB198F81500D4F8D42B01FB67
:1046C0000022B2F5161F3449A8BF4FF416128A42D1
:1046D000B8BF0A46C4F8D42B002ABCBF02F5FF526B
:1046E0001F3203EB623398F8202007EE902A37EE52
:1046F000097AF8EEE77A6FF0950167EE877A9FED19
:10470000277A67EE877AFDEEE77A17EE902A962AE7
:10471000A8BF96228A42ACBF9B1A5B1A304605217D
:10472000C4F89C3587ED009AFFF788FD002EB8BFCE
:104730007642C82EC8BF0123C4F86009C8BF85F8F7
:104740003F3083E6B4F8E21BA5F8402001310F2A80
:1047500009B206D1A5F84070C3ED008AA4F8E21BA7
:104760000BE703EB82030F29C3ED008AF6D1A4F80F
:10477000E27B02E7D4F8AC358CE7094B8AE7084BBB
:1047800098E70023CAE700BF040C00200CFEFFFFDF
:104790008169FFFF61DAFFFF0080DAFF0000003B64
:1047A000D4FEFFFFD0ED005A9FED2B4A08B535EE41
:1047B000840AFBF755FEF0EE403AB0EE650AFBF7CF
:1047C0004FFE90ED015AF0EE404A35EE040AFBF739
:1047D00047FEF0EE405AB0EE450AFBF741FE90ED81
:1047E000023AB0EE405A33EE040AFBF739FEB0EE5F
:1047F000404AB0EE430AFBF733FE65EEC07A20EE86
:10480000236A24EE847AC1ED017AF0EE467AE5EE71
:10481000077A24EE233A64EE806AC1ED037AF0EE63
:10482000437AE5EE667AA5EE067AE5EE436A24EE73
:10483000254A64EEE54A65EEA35A81ED004A81ED12
:10484000025AC1ED047AC1ED054AC1ED066A81ED57
:10485000077AC1ED085A08BDDB0FC93F2DE9F04FBB
:104860002DED028BB1B04FF00009FBF7A9FC18B990
:10487000FCF798FAFCF710FEBA4DBB4CFCF768FC4D
:1048800095F8488C48F0010385F8483CB74B4FF445
:104890007002C3F8882000230493059306932368CD
:1048A00043F480332360236803F400330593049BAF
:1048B00001330493059B1BB9049BB3F5A04FF2D1C0
:1048C000236813F4003318BF01230593059B012BC4
:1048D00040F0018302230693A54B12221A606368FD
:1048E000636063686360636843F480636360636804
:1048F00023F47C136360636843F4E8136360236804
:1049000043F08073236023689901FCD5636823F02A
:1049100003036360636843F002036360636803F04A
:104920000C03082BFAD1069B904EC5F84C3C914BDA
:10493000F360636A636A43F080736362636943F49C
:10494000FC031CAF636103238DF87230394641F6D6
:10495000FF734FF09040ADF8703006F011FD4FF648
:10496000FF738548ADF87030394606F009FD83487D
:10497000394606F005FD8248394606F001FD8148BA
:10498000394606F0FDFC39467F4806F0F9FC38460A
:1049900004F002F81C9B7D4AB3FBF2F3C5F8503CCF
:1049A0007B4B7C4ADFF8FCC14FF0000EC5F854EC9D
:1049B000C3F804E04FF0E0230DF1740A5A61F022CD
:1049C00086F823200722C3F818E01A61BCE80F001C
:1049D0003E460FC6BCE80F000FC69CE80F00D5F896
:1049E00008B0C5F8FCB786E80F00636943F40023FC
:1049F0006361636943F400236361636943F40023E3
:104A00006361636943F4003363614FF090431022A4
:104A10001A8520221A8540221A85584A4FF480436D
:104A200093614FF4005393614FF4004393617646D2
:104A30005AF8040C5146013606F0A2FC062E0AF183
:104A4000080AF5D1544B1C936369DFF85CA14A480E
:104A500043F480236361394606F092FC9AF82020E3
:104A60000823002A40F03A82434A93614B48C5F834
:104A7000180904233022002100F2D27085F866392B
:104A800001260BF0E9FB1422002117A885F87469B0
:104A900048F005080BF0E0FB1BF4802F08BF85F8F9
:104AA0005C6C85F8488CE369334E43F48043E361E2
:104AB000236943F480432361636943F48023636182
:104AC000736A23F470037362736A43F4A00373621E
:104AD000736A23F070637362736A43F0A063736256
:104AE000736A23F070437362736A43F0A043736286
:104AF000336A23F470033362336A43F4A0033362EE
:104B0000736A23F470237362736A43F4A02373629D
:104B100040F2023B4FF4604339463046CDE91C3B3E
:104B200006F0ECFB20220123394630464FF4805832
:104B30001C928DF8743006F0E1FB39463046CDF812
:104B4000708006F0DBFB236943F480432361236913
:104B500023F480432361124B998821F48051090486
:104B6000090C23E0680400200010024000ED00E082
:104B7000002002400005FA05000400480008004833
:104B8000000C0048001000480014004840420F008C
:104B9000BC1000203F19010008000102FE050020A2
:104BA00000380040F4160108000000209980998820
:104BB00089B241EA08019980198801F4415141F410
:104BC000437141F003011980998821F4706109044F
:104BD000090C41F4E0619980998B21F4006109048A
:104BE000090C998307211982198889B2202241F082
:104BF00040011980B261C6F818806369DFF8B88394
:104C0000C5F81C8943F480236361E36943F400130E
:104C1000E361236B23F010032363236B43F0100342
:104C20002363736A23F00F037362736A43F0040310
:104C30007362736A23F0F0037362736A43F0400394
:104C4000736239464FF480733046CDE91C3B06F061
:104C500055FB4FF40073394630461C9306F04EFB6B
:104C6000D8F80030B5F9E81023F00103C8F8003097
:104C7000D8F80020C24B1340C8F80030C14BC8F828
:104C80001030D8F80030B5F9EA20002043F00103D5
:104C9000C8F80030C8F80800C8F80C00C8F80800C8
:104CA000D8F8083043F40043C8F80830D8F800308A
:104CB000C8F80030D8F8043023F0784323F40043D8
:104CC000C8F80430D8F8003043F00103C8F80030C9
:104CD000B5F9EC3041EA02041C431FD007EE901AEC
:104CE0009FEDA97A8AF84200F8EEE77AA74967EEC5
:104CF000877A3846CDED1C7A07EE902AF8EEE77AEF
:104D000067EE877ACDED1D7A07EE903AF8EEE77AF6
:104D100067EE877ACDED1E7AFFF744FD9C4EB5F81D
:104D2000F03003934FF0000B10225946A6F5EE70B9
:104D3000C5F888BC95F8EF4095F8F78085F884BCF5
:104D4000C6E901BB0BF088FA2320C5F898BCA5F88A
:104D500094BCC6E905BBC5F8A4BC03F051FB0BAA83
:104D60000121752004F0FCF9002840D0894AC5F8DB
:104D70009C2C894AC5F8A02C43F64332A5F8982C00
:104D800001210FAA584604F0EBF99DF83C200028B9
:104D900000F0A780EA2A40F0A48042F63352594638
:104DA00006267F20A5F8982C85F8946C04F027F946
:104DB0000A2003F025FB7821032004F020F90A20C3
:104DC00003F01EFB0121304604F019F90A2003F01C
:104DD00017FB3F21072004F012F9142003F010FB09
:104DE0005946072004F00BF90A2003F009FB95F857
:104DF000943C0022062B85F8A82C40F0DF80674BFE
:104E0000C5F8AC3A664BC5F8B03A664B6649D9600E
:104E1000D5F824390A2C43F00101C5F8241928BF1C
:104E2000144640F2FD2121FA04F212F0010240F092
:104E30005681012C40F0518185F8A92C9A0700F188
:104E40005B81D5F8AC3A03989847002385F8AA3CD3
:104E5000B8F1000F40F054814FF0000800242246C2
:104E60007F2168208DF8704004F0A5F832220F21D0
:104E7000682004F0A0F822460321682004F09BF883
:104E800001223B4611460C2004F0E7F89DF87030F3
:104E9000092B40F03E81454BC5F8AC3C444BC5F86E
:104EA000B03C072385F8AA3CD5F8243943F0080321
:104EB000C5F8243995F8E4300BB185F8A83C95F88D
:104EC000E5300BB185F8A93C95F8E630002B78D099
:104ED00085F8AA3C75E00123069324E5354A13853D
:104EE000C4E502F07E028DF83C2040B1682A06D16C
:104EF000012385F8943C1D2385F8983C77E79DF8BD
:104F00002C3003F07E03682B8DF82C3032D1062133
:104F100002233A46084685F8943C04F021F99DF8AE
:104F200075309DF873209B00520002F0020203F0DE
:104F3000040313439DF8712002F0010213430CD0C7
:104F4000012B03D1002385F8953C50E7022B01D1BA
:104F50000123F8E7022003F062FA13AA01210C20D2
:104F600004F0FEF89DF84C3013F00F03F2D0042B40
:104F7000EED1E7E7702B04BF042385F8943C36E7B5
:104F8000FFE0CF007A25E00035FA8E3CC810002003
:104F9000F010002061910008FF8F000885B4000820
:104FA00039630008140F00202D23FA3B07900008F6
:104FB000779100080004004800540040022385F85F
:104FC000843C95F8F830052B7DD8012404FA03F3CE
:104FD00013F0160F40F0A58013F0290F73D00A20AC
:104FE00003F00EFA4CF6EF030FA90220ADF83C30A7
:104FF00006F05AFE002800F09480204603F000FAE4
:1050000013A902208DF84C908DF84D9006F032FDDA
:10501000002800F08680BDF84C305BBA03F03F03F7
:10502000082B7ED1424B9DF84C90D3F8040293F8A4
:1050300008321C9039463B7105209DF84DB006F0B2
:1050400033FE00286DD03B4C4FF2C77804F11006B8
:105050000FA90220ADF83C8006F026FE002860D0A3
:10506000012003F0CDF913A902208DF84C908DF8A2
:105070004DB006F0FFFCBDF84C309DF84C909DF80B
:105080004DB05BBA9BB200284BD007EE903AF8EED9
:10509000E77AE4EC017AA642DAD1274BC5F8D83C8E
:1050A000264BC5F8E03C264B00221A606223C5F867
:1050B000E83CD5F85C35C5F8EC3C0320002385F8C6
:1050C000F03C06F045FED5F8243943F00403C5F85A
:1050D00024391C4C49F6117647E01446A3E6002219
:1050E00085F8A92C184AC5F8882C43F00303174A01
:1050F000C5F88C2CC5F82439D5F8883C9847A0E62B
:10510000A8F10203032B7FF6A9AEB8F1010F04D179
:10511000D0E6B8F1000F3FF4CDAE002385F8AA3CED
:105120009AE695F8843C43F0200385F8843CD0E768
:10513000201501081C11002051BD00080DBB0008FE
:105140004C1100200008004871B4000805630008F5
:10515000A38A9BB283F40053A382A38A9BB283F4F5
:105160008043A382642003F04BF93B4602220021D6
:105170004020ADF8706003F02BFE0028E8D0D5F891
:105180004C3C012B02BF95F8843C43F0400385F86A
:10519000843C95F8840C00287FF4DDAE95F8483CFB
:1051A000C24C43F0020385F8483C4FF4005323857A
:1051B0004FF48043A3610F26A38A9BB283F400536C
:1051C000A382A38A9BB283F48043A382A38A9BB267
:1051D00083F40043A382192003F012F9013E192041
:1051E00003F00EF916F0FF06E6D14FF48043A361F9
:1051F0004FF40053A3614FF40043A361D5F8243961
:105200001B0705D5D5F8AC3C9847012385F8F13C40
:10521000D5F87837DFEDA66A1B7BA5F8F23CBAF823
:105220002630A44807EE103AB8EEC77A1A22C6EE26
:10523000877AFF219FEDA07A67EE877AC0ED007A2A
:10524000A0F206300BF008F8D5F82419012300224B
:105250008F0785F8283985F8292907D585F82A394F
:10526000032385F82839022385F82B394C0708D504
:1052700095F828395A1C2B4485F82829032283F8ED
:10528000292995F8283911F00A0F03F10102D2B249
:1052900010D0E9182A44042081F82909052182F850
:1052A0002919DA1C023355FA83F385F828290622D6
:1052B00083F82929D5F8FC77B80608D595F8283958
:1052C0005A1C2B4485F82829072283F829296B7951
:1052D000082B01D00E2B08D195F828395A1C2B44E5
:1052E00085F828290B2283F8292995F82829A91857
:1052F0000C20531C81F829097907DBB205D52B4412
:105300000232102183F82919D3B25A1CE918D2B2FB
:1053100012207C0585F8282981F8290909D595F8F6
:10532000B81131B102332A4485F82839132382F8A1
:105330002939B80508D595F828395A1C2B4485F821
:105340002829152283F82929F90508D595F828393F
:105350005A1C2B4485F828291A2283F829299822D7
:1053600000215648564C0AF077FF012003F0B4F9AB
:105370004FF04C0B00286AD1D5F8143AB5F944C166
:10538000C5F814394F4BC5F8A03B0022A5F82427D7
:1053900085F82627C5F84827C5F84C27C5F8E8360C
:1053A00085F8F12AD5F8E016B5F8440103F2324643
:1053B000624603F60623F82526F8022B0135D4F8B9
:1053C0005C25EDB202F516720A2D43F8042B65D167
:1053D000FA0454BFB4F84A310346A4F86E3501F11B
:1053E000500591F87D30ABB991F87F2091F880306D
:1053F0009A420FD2002A6BD0013A02EB820202EBF2
:10540000820202F5617293B291F87E2004EB4202AF
:10541000A2F8703504318D42E3D13B076DD594F885
:105420003E21062A63D8DFE812F05B0055045804D9
:105430008104A204BC04BC040BFB06FA04EB0A09B9
:1054400099F85E8AB8F1000F04D00136F6B2022E48
:10545000F2D191E702791C4B90F90000CDF804805D
:1054600003EB820303220092D3F80C32424601215F
:1054700006F016FF039068B1144848224146504494
:105480000AF0EAFE039BC9F8143A01231E4489F886
:105490005E3AF6B2012003F0F9F86BE7022D9DBFEA
:1054A000B4F84621643212B2624685E7000800482B
:1054B0000AE81C41981000200000C8427C0E002021
:1054C000680400209E05002020150108800E0020A1
:1054D000013303EB830303EB830303F5617393E76A
:1054E00045F2F053A4F8F43C06F012FF28B9082066
:1054F000FAF792FED34BD44A9A6317F4804F18BF41
:105500001223D04D1EBF84F85839D04BAB6342F202
:1055100001031F4211D044F62063BA04A4F8F43CFE
:1055200041BF082384F85839C94BAB63FB0741BF1F
:105530000C2384F85839C74BAB6394F85839C64FDD
:10554000043B84F8593932209F234FF480590DF1E0
:105550004C081CAE139302F053FF0023A7F82890C9
:105560000422414630468DF8713006F01BFF9DF84D
:105570007130C7F818909DF872201B0443EA02238B
:105580009DF873201343B54A934200F04B8400F317
:105590004284A2F51A42033A934200F04A8402F58B
:1055A0001A420232934200F070840023C5E90C33A2
:1055B000AB6202F0D3FD6379C4F8480D052B04BF3C
:1055C0004FF4C873A4F85235FBF74AF84FF47A73D6
:1055D000DFF8BC92A4F854350320D4F8D83C98479F
:1055E000DFED9F7A4F460837C9ED007A4FF0650A24
:1055F000B0EE677AB0EE678AB5EE407AF1EE10FA57
:10560000C7ED007A40F06884BAF1010A40F04F8497
:1056100094F80B3943F0080384F80B3994F8EC350F
:1056200023F0020384F8EC35D4F8FC3740F602028C
:105630001A4222D00027032384F8D938394601239F
:10564000884885F82430C822A4F8DC78A4F8E078EB
:10565000A4F8DE78A4F8E2780AF0FEFDD4F85C3510
:10566000C4F8E838804BC4F80C7800200021C3E966
:10567000000184F8087884F8D87894F8483C7B4A8C
:10568000A768DFF81092C4F8FC7763F07F0384F812
:10569000483C13464FF0804143F8041B744919609D
:1056A000744B93604FF49663A4F87235724BAB6100
:1056B00094F85D364FF0010A84F85CAC2BBBD9F846
:1056C0001430DFF8D4E143F40033C9F81430D9F8CA
:1056D000183043F40063C9F81830684B4FF090401D
:1056E000CDE91C30664B06220821CDE91EE305F00A
:1056F00087FC40F2DC5344F620625146304605F008
:10570000F1FE84F85DA6C4F868065E4D95E80F00CA
:105710000DF11C0A8AE80F0005F110030FCB0DF103
:105720002C0E8EE80F0005F120030FCB0DF13C0C81
:105730008CE80F0005F130030FCB88E80F0005F16E
:1057400040030FCB86E80F009AE80F004E4D85E826
:105750000F009EE80F0005F1100A8AE80F009CE890
:105760000F0005F1200E8EE80F0098E80F0005F1FC
:10577000300C8CE80F0096E80F0005F1400C8CE827
:105780000F004FF4967002F03BFE4FF48C72002134
:1057900005F150000AF060FDD9F81C3043F0070312
:1057A000C9F81C30D9F8183043F4A523C9F81830CB
:1057B000D9F8143043F4C023C9F814304FF000086E
:1057C000EA7BA97B686808F1040805F019FCB8F1C8
:1057D000140F05F11005F3D16279D4F81819182ABD
:1057E0009DBF2A4BD34003F0010300238DF86630A0
:1057F0000022881C10F93250022D00F09F830132E4
:10580000042AF7D100228DF86120C7F340028DF8F9
:105810006220C7F380128DF86420C7F340328DF800
:105820005C20C7F3C0328DF85F2017F4006235D0DA
:1058300094F83221A2F1030CDCF1000242EB0C02DD
:105840002CE000BF00000020416100085D610008FD
:1058500045610008516100080004004818BA2000A2
:1058600000000000780C0020580D0020B41100202A
:10587000ABAAAA3F26B4973EA0860100002C0140A7
:10588000010208064C170108C01100200041000168
:10589000200B0020001002400001001B8DF860204A
:1058A000C7F300428DF8652007F001028DF85D20F6
:1058B000C7F3C0028DF85E20C7F38042FD04B4F840
:1058C000D4108DF86320B4F8E020ADF86A1044BF1E
:1058D000B4F8DC10ADF86A10B2F5FA7FADF86820C4
:1058E00094BFBDF86A200022ADF86A2094F88221A6
:1058F00084F8C02E00225B0017F0090FA4F8C12E17
:10590000CB4ACC4F18BF013302EB83034FF6FF792C
:10591000D3F87C32A3F102080833039338F8020F5E
:10592000484500F0C780030A022B00F0BF80C24A3E
:10593000C0B2012B4FEA001B02EB001040F087833E
:105940009DF85D30002B00F0B18004EB0B0A0023C2
:105950009AF8652DBAF8601DC4F8180FADF87010EC
:10596000DAF85C0D8DF87220314602228DF8732032
:1059700084F8C43EC4F8C83EC4F8CC3EC4F8D03E57
:10598000C4F8043FC4F8089F84F80C3F05F0F8FC05
:1059900094F8C02EDAF8585D9AF862AD012A18BF63
:1059A00000212A6A08BF0321BAF1000F40F0CD821E
:1059B00022F001022A62AA69286A22F0F30242EA6E
:1059C000011220F00A0042F0010240F00100AA6139
:1059D0002862AA6922F00C02AA61AA69AA610122BE
:1059E0000021284605F0D2FB2A8892B242F001023B
:1059F000BB442A809BF863BD584606F003FBBBF10D
:105A00001B0F02D1192006F0FDFA8C4AC7F81C2F93
:105A10004FF0000B8A4AC7F8202F2846C7F824BF4A
:105A200005F02CFB062841D80A214143854A01EBA9
:105A30009A0107EB810C131DCCF8A82DCCF8B83DCA
:105A40004FEA9A0C0223E96803FA0CF39BB20B436A
:105A5000EB6028234343A2F5BA7203F120011144FD
:105A6000EFF3128C4FF0500E8EF312880C33134468
:105A700053F8042F0AB10A60111D0BF1010BBBF1A1
:105A8000040FF5D100230B605FFA8CFC8CF31188B6
:105A9000282303FB0070D0F8C83D002B40F0D382D0
:105AA000EB6823F001031B041B0CEB60039B4345D5
:105AB0007FF434AF644E654D042384F8E0390FCE93
:105AC0000FC50FCE0FC50FCE0FC596E80F0085E8A6
:105AD0000F00D4F8FC37D4F85C67D4F8580703F407
:105AE0008052A5F256650023002A00F0E3828188E7
:105AF00025F8021B01330C2BF6D1554B0F934FF0B9
:105B00009043CDE913334FF44173ADF82C30514B32
:105B1000514D21954FF0A041CDE91C1301204FF0CC
:105B20008053002713AC0BAE05F10D094FF0020BAB
:105B30000DF11C080DF13C0ACDE91E0303F5585385
:105B40001CA82093ADF81C70CDF89490CDF89CB0B3
:105B5000CDF88880CDF88CA02494269606F028F9FC
:105B60003E4A3F490F922022ADF8402007C984E801
:105B700007003C4ADFF808C111889278ADF82C1074
:105B8000B270394AADF81C704FF08053CDE91CC299
:105B90001F930DF1700C03F55853032020932790A9
:105BA00005F10E0360462193CDE9228A8DF81E701F
:105BB000CDF878B0CDF894902494269606F0F8F8B5
:105BC0004FF40053ADF83C30284B13930523DFF816
:105BD000B4E08DF82C30264B8DF81C70CDE91CE319
:105BE000244BCDF878B04FF00052CDE91F2305F1DA
:105BF00014022192012227921CAA1046CDE9228A82
:105C0000CDF894902494269606F0D2F81A4A1449B6
:105C10000F924FF48052ADF8402001F10C0207CAF8
:105C200084E80700154A134B118892782CE000BFD6
:105C30002015010868040020C0110020AD63000891
:105C40009D63000884130020AC1701085414002041
:105C50000800040008000240141500200400100091
:105C6000EC170108471E0108080402400004004820
:105C70005804024000360010008000404B1E01080E
:105C80000001005000040050ADF82C104FF00050FF
:105C9000CDE91F03BB49B2700320BB4A27901635DC
:105CA0001CA8CDE91C12CDE9228AADF81C708DF834
:105CB0001E70CDF878B02195CDF894902494269656
:105CC00006F076F81E2031B0BDEC028BBDE8F04F37
:105CD00002F096BB42F6F82304E442F6F823AB4AFE
:105CE000A4F8F43C00010A23B0FBF3F00023A0F574
:105CF000B0600133122B42F8040BFAD1A44AA54933
:105D00009163402084F8583902F0E6FC00283FF403
:105D1000EEAB0123072690F900009F4ACDE900363B
:105D200040219E4B06F0BCFAFFF7E0BB42F6F82399
:105D3000A4F8F43C964B9A4A9A634020102384F8C6
:105D4000583902F0C9FC00283FF4D1AB01230025EB
:105D5000944A90F90000CDE900354FF4E133402139
:105D600006F09EFA003818BF0120FFF7BFBB42F6CD
:105D7000F823A4F8F43C864B8B4A9A63402008230E
:105D800084F8583902F0A8FC00283FF4B0AB012396
:105D9000002190F90000854ACDE900314FF4E1334C
:105DA000DDE742F6F823062AA4F8F43C4FF00C0392
:105DB00018BF052284F8583984F8443D744B84F8A0
:105DC000452D4FF000050CBF21211B21784A08BF4B
:105DD000784E84F8405D4FF0400018BF4FF4E13634
:105DE00084F8415D84F8425D84F8431D9A6302F0B3
:105DF00073FC00283FF47BAB012390F900006E4A4E
:105E0000009301953346402106F04AFA401B18BF23
:105E10000120FFF76BBB694A934236D001329342AF
:105E20007FF4C3AB4FF00123AB624FF40052644BDD
:105E300004E0644BAB62624B4FF400421A85AB8DB9
:105E40002F8D1B025F432B6301236F6384F8DE39C0
:105E5000002F3FF4AEABFF0A4FF0000ABA450DDA4F
:105E60000AEB070909EBD9794FEA69091022314693
:105E70004FEAC92006F090FB0F280CDCFF0206F069
:105E8000EDFAC4F89C79FFF794BB4F4BAB624FF42B
:105E900080424B4BD2E73246002352F8041B0131BB
:105EA00040F00A810133042BF7D14F46D6E74FF07B
:105EB000230B02F053F905F0F5F90A2002F0A0FADD
:105EC000BBF1010B414BF4D193ED007AD3ED027A93
:105ED00089ED007AFFF790BB89ED008A87ED008A93
:105EE0004FF00F0B4FF00A0A02F038F905F0DAF91B
:105EF0000A2002F085FABAF1010A344BF4D1D9ED47
:105F0000007A93ED007AD7ED006A37EE277AD3ED69
:105F1000027A89ED007A77EEA67ABBF1010BC7ED24
:105F2000007ADFD1F2EE0E6A87EE266A87EEA67A55
:105F300089ED006A87ED007AFFF76ABB01EBC201C9
:105F40008A88003A18BF01225DE4BAF1040F3FD1FC
:105F500022F010021204120C2A62AA69286A20F0A8
:105F6000A00022F47342000442EA0132000C42F421
:105F7000807240F01000AA612862AA6922F440628F
:105F80002AE500BF000500501C04024060110020FB
:105F9000000000206961000891810008A0860100CE
:105FA00099610008E5810008A96100089D82000848
:105FB0008D62000890D00300358300081740EF0081
:105FC000000800482000000180000001240B002090
:105FD000BAF1080F1DD122F480721204120C2A6249
:105FE000EA69286A92B222F0F30242EA01124FF201
:105FF000FF51014042F0010241F48071EA612962DF
:10600000EA6922F00C021204120CEA61EA69EA6100
:10601000E5E422F480521204120C2A62EA69286A2A
:1060200022F440721205120D42EA013245F6FF7168
:10603000014042F4807241F48051EA612962EA69C8
:1060400022F44062DFE7EB6843F001032DE5032B08
:106050007FF42CAD94F8C23E9DF863209D0052B1B0
:1060600000234FF6FF72082105F03CFA6319C3F8CC
:10607000E409134B11E0BDF86810BDF86A30B1F5C2
:10608000FA7F11D90F4AB2FBF1F2122192B205F058
:1060900029FA6319C3F8E4090B4BC36097F8C23EB1
:1060A000013387F8C23E01E5084AB2FBF1F2012153
:1060B00092B2D9E7B1881BE509F1010AB946F4E6C5
:1060C0008D63000880A812016D63000840420F0034
:1060D000F0B50124B0FBF4F58D4203D200261CB9C3
:1060E0001C70F0BD4C43F5E7B0FBF4F5B4FBF1F7E1
:1060F00004FB15002EB9002D03DC8C420CD33C466A
:10610000EDE7092D08DD002A0CBF572437242C4465
:1061100003F8014B0136F2E73024F8E738B5074DB4
:10612000044600236A6895F9001003B138BD002ABF
:10613000FCD0A142FAD190470123F3E7BC10002024
:1061400000207047014B33F81100704722160020E1
:10615000014B33F81100704722160020014B33F831
:1061600011007047080E0020094BDFED0A7A03EB9F
:10617000810393ED007AB8EE477AF6EE046AE7EE13
:10618000267AFCEEE77A17EE903A98B2704700BF95
:106190006011002000005C44024B33F81100C0087D
:1061A000704700BFC815002007299ABF024B33F87B
:1061B00021000020704700BF0016002003788B42AA
:1061C0000AD9064B53F82100054B1B7803B1400850
:1061D00000F5777080B2704700207047541500209A
:1061E000841800200022254970B5134641F221068B
:1061F00084180C44647883EA042308241DB2002D1B
:10620000B4BF86EA45055B0004F1FF34B4BFABB20E
:106210009BB214F0FF04F1D10132192AE8D100F148
:1062200019020A44547800F11A020A44527802EB27
:10623000042292B29A420CD1114B124C1A7800EB04
:106240004202D2B24FF4AF65904203D10E4B01220D
:106250001A7070BD461CF3B2013351FA86F60B4436
:1062600076785B7803EB06239BB26B431B1303F535
:106270004873023024F8023BC0B2E5E784180020DE
:10628000AC110020A6180020A811002003788B4232
:1062900083BF034B03EB4103588C0020704700BFC2
:1062A00084180020084BDA68D10709D4DA68D206CE
:1062B00008D4DB6813F0040F0CBF042003207047E0
:1062C0000120704702207047002002408161704722
:1062D00001857047838A9BB24B4083827047024698
:1062E0004FF08043934202D8002013B970479B08B7
:1062F000F8E7C11891424FEA50009CBFC018521AEB
:106300009B08F2E737B50B4B04465D6858786A4640
:106310000621A84758B1BDF800305BBA2380BDF80C
:1063200002305BBA6380BDF804305BBAA38003B06F
:1063300030BD00BF0011002037B50B4B04465D682F
:1063400018786A460621A84758B1BDF800305BBAF4
:106350002380BDF802305BBA6380BDF804305BBABD
:10636000A38003B030BD00BF00110020064B53F8DE
:1063700020301A681B89A1F57A7159434FF47A735A
:1063800091FBF3F1116070474C0E0020024B53F863
:1063900020301B68196070474C0E0020024A136CB5
:1063A00001330B44136470472C130020324B186CDC
:1063B0009A680144F0B48A1A9960596040F68C21B9
:1063C0008A42DA603CD9197893F9452093F9004064
:1063D000914229D10A1F082A26D893F84620182A64
:1063E00003D8013283F8462001E083F8444093F952
:1063F000442091420FD193F8471061B11F48204DBE
:10640000002106468A4211DC00210C2A14D11D49C4
:106410000A7801320A70012283F84720002283F8AB
:1064200045401A70F0BC70470022DBE755F8047F46
:1064300020F8027B0131E5E726F812100132E4E78B
:1064400093F847100029EDD0A2F2EF2040F2DA5184
:10645000884208D819780B2905D8081D013143F85E
:1064600020201970DEE70021F0BC074883F84710B0
:10647000302209F0F1BE00BF2C13002022160020AC
:1064800038130020201600203C130020836A816905
:10649000426B1944D160416A8B422BBF0169CB1A10
:1064A000C91A536028BF51604FF0000380F8443090
:1064B000136828BF002143F0010381621360704715
:1064C000036B10B502464BB1046C59680B1B8C4230
:1064D000D8B202D9D3681844C0B210BDD0E9074081
:1064E0008442C1B238BFD068E3B236BFC018581A70
:1064F000401AF1E7D0E909120369914238BFC9187F
:106500008A1A416B581E19B14B681A44904202D93D
:10651000801AC0B2704700207047436B13B190F8E7
:1065200044007047D0E909031B1A5842584170478C
:10653000034610B51C6B4069D96844B11A6C8C1ABB
:10654000013A005D18BF1146C0B2196410BD1A6A45
:10655000805C01328A4238BF1446C0B21C62F5E743
:1065600010B4426A8469A154426A016901328A42C4
:1065700028BF00224262426B2AB11368DB0707D4AE
:106580005DF8044B82E7026D136843F080031360EB
:106590005DF8044B7047026D036B70B5D569044616
:1065A00033B9A90604D5C36ADBB1908C80B2984791
:1065B000616B81B92A060ED5A26A606A236D824298
:1065C0001CD0501CA669A062B25CD2B21A852369A5
:1065D000984200D3A1622B0742BF236D08221A62A2
:1065E00070BDE169928C40694E1CD2B2E6614254A2
:1065F000E169E268914228BFE361D9E71A6822F0B5
:1066000080021A60E7E72DE9F0410669C3681E4081
:10661000F70704460D4621D4B0072ED4710707D5DD
:106620006FF0040323616868A16B036889B298471F
:10663000320707D56FF008032361A868E16B036890
:1066400089B29847F30621D56FF010032361E868FB
:10665000216C0368BDE8F04189B218476FF001036F
:106660000361C16A2F6A1FFA81F8002FD4D03B68FA
:106670003846414698477F68F7E76FF00203236189
:106680002868616B036889B29847C7E7BDE8F08165
:10669000036823F001031B041B0C03600023036049
:1066A00043608360C360294B984204D1284A5368F1
:1066B00043F00F0326E0274B984204D1244A536845
:1066C00043F0F0031EE0244B984204D1204A536863
:1066D00043F4706316E0214B984204D11C4A53687E
:1066E00043F470430EE01E4B984204D1184A53689D
:1066F00043F4702306E01B4B984205D1144A5368BB
:1067000043F4700353607047174B984204D1104A0A
:10671000536843F07063F5E7144B984201D1144A73
:10672000C5E7144B984201D1114AC8E7124B984271
:1067300001D10F4ACBE7114B984201D10C4ACEE769
:106740000F4B9842DFD10A4AD1E700BF0800024050
:10675000000002401C0002403000024044000240A1
:10676000580002406C0002408000024008040240D1
:10677000000402401C040240300402404404024071
:1067800058040240002A70B50CBF202530251C4655
:1067900014F8016B0A4601390EB1002AF8DC1146E3
:1067A00004E00468661C0660013925700029F8DCE5
:1067B00022EAE27219460C4614F8015B15B9D31AA5
:1067C000C81870BD01684E1C06600D702146F2E7C6
:1067D000F0B54FF0FF33CF08136001F007013D46DD
:1067E0000026052D00D806B1F0BD435DAF4203BFC2
:1067F0000B41DBB20C46344613F0010604D004EB27
:10680000C50414600135ECE70134082C4FEA53034A
:10681000F2D1F7E7044B98420CBF044A044A1388AC
:1068200001339BB21380704700540040880D002054
:106830008A0D002038B590ED010AD0ED027A2DEDD9
:10684000028B20EE000A90ED008AA8EE080A0446AA
:106850000D46A7EEA70A08F079F9B7EE007AC7EE61
:10686000007A1F4BB3F840200132A3F8402093ED8B
:106870000F7A37EE277A83ED0F7AB0EE007AF4EED6
:10688000C77AF1EE10FA21D5B6EE007AF4EEC77AA7
:10689000F1EE10FA06DC9FED137AF4EEC77AF1EE12
:1068A00010FA1ADD28EE278A012085ED008A94ED82
:1068B000017A27EE277A85ED017A94ED027A67EE68
:1068C000277AC5ED027ABDEC028B38BD9FED067AC2
:1068D000F4EEC77AF1EE10FAE4D40020F3E700BF3B
:1068E00084180020BD3786350024744901380428F7
:1068F00010D8DFE800F00307090B0D00064B074A2C
:1069000013607047064BFAE7064BF8E7064BF6E7CD
:10691000064BF4E7064BF2E7997E00087000002072
:10692000F56C0008FD720008E1750008197900088F
:106930002D7000082DE9F043964E974BD6ED007A66
:10694000964AB3F90030B2F900209FED957A954D43
:106950002DED088BF1EE677A8DB0CDED007AD6ED96
:10696000017A9B1AF1EE677ACDED017A07EE903A43
:106970008D4BB3F90020F8EEE77A09EE902AB3F9CF
:106980000220B3F9043067EE877A08EE102A044635
:1069900003A96846B8EEC88A09EE103ACDED027A2E
:1069A000FDF700FF9DED060ADDED037A9DED07AAD8
:1069B0007E4B9DED057A1B68F8EEE99A28EE000AF9
:1069C000B8EEC99AA9EEA70A9B78DDED097A28EE00
:1069D0000AAAA9EE270A012BDDED047AA9EEA7AADF
:1069E000DDED0A7AA9EE27AADDED087A68EE277AAE
:1069F000E9EE877A9DED0B7AE9EE077A40F0C780E1
:106A00006B4B1B785B0715D46A490A6892B16B6CB3
:106A1000002B1846B8BFD81DA3EBE00307EE103AD1
:106A2000B8EEC77A013A37EE277A0A60BDEEC77A28
:106A300085ED117A6B6C002BB8BF0733DB1007EEC6
:106A4000103AB8EEC77A5C4F77EEC78A08F020F9A3
:106A50005A4BD3F8009099F800804146FDF7EEFBC1
:106A60003B68B0EE4A0A03443B6008F011F9414626
:106A7000FDF7E4FB7B68B0EE680A03447B6008F036
:106A800007F999F801904946FDF7D8FB96ED01AA60
:106A9000BB68D6ED008A0344B0EE4A0ABB6008F03A
:106AA00077F8F0EE40AAB0EE4A0A08F0B1F8B0EE7E
:106AB00040BAB0EE680A08F0ABF8B0EE40AAB0EE0B
:106AC000680A08F065F86BEE0A5ADFED3D6AF0EEF1
:106AD000657AE0EE667A41462BEE006AF0EE408A77
:106AE000E5EEA68AF0EE464AEAEE264A68EE277AF6
:106AF000F0EE4A5A2AEE8AAA2AEEA65AE9EEAA7AB5
:106B000068EE288A28EE0A8AD6EE265AE9EE858AA9
:106B1000ABEE698AE9EE247A2AEE807AE9EE258ADC
:106B2000A9EE078AC5ED127AFDEEE77AC5ED138A64
:106B300085ED148A17EE900A224DFDF77FFBFDEEDE
:106B4000E87A2B684146034417EE900A2B60FDF764
:106B500075FB6B68FDEEC87A0344494617EE900A50
:106B60006B60FDF76BFBAB68174A0344AB601368BF
:106B700023441360154A136801331360144A1368E1
:106B8000013313600DB0BDEC088BBDE8F083114BF1
:106B90001B8854E71C170020AA0A00201E000020B2
:106BA00035FA8E3C84180020AE0D0020E00B00204A
:106BB000540A0020C009002024100020E40B00200B
:106BC0000000000070180020341000203010002059
:106BD0007C1800202600002008B52DED068BF0EE75
:106BE000409AB0EE600AF0EE41AAF0EE608A07F03B
:106BF000CFFFB0EE408AB0EE680A08F009F8B0EEB8
:106C0000409AB0EE690A08F003F8F0EE408AB0EE60
:106C1000690A07F0BDFFB0EE40AAB0EE6A0A07F0BD
:106C2000F7FFF0EE409AB0EE6A0A07F0B1FF1A4B98
:106C300028EE007A29EE286A83ED007A29EECA7AD6
:106C400069EE0A6AA6EE007A60EE687A83ED017A50
:106C500028EEA97A68EE288AA6EE807AB1EE499AE3
:106C600083ED027A28EE297A28EE0A8A83ED037AE8
:106C70002AEE007AE6EEA97AA6EE297A83ED069A44
:106C8000C3ED078A83ED088ABDEC068B83ED047A99
:106C9000C3ED057A08BD00BF4400002006EE901A3F
:106CA0009FED116A114B9FED127A1B88F8EEE66A90
:106CB000F7EE005A66EE866A07EE903A85EEA66A0F
:106CC000F8EE677A67EE877A90ED007A76EE276ABB
:106CD00087EEA66A70EE477AA6EE277AB0EE470AEC
:106CE00080ED007A704700BFDB0FC9409417002089
:106CF000BD3786352DE9F04F2DED048B87B0DFEDE4
:106D0000B47A0593B34B03921B8808EE103AB24B4A
:106D10001B880093B8EE488A13F0020328EE278AF6
:106D200005460493F7EE009A00F01381149BDA896C
:106D3000AA4BB3F90000801A00F2F31740F2E634D0
:106D4000A74200F203810028B8BF4042B3F90230E5
:106D50009A1A02F2F31440F2E6339C429CBF82EA94
:106D6000E273A3EBE27395F8502088BF4FF4FA73F7
:106D7000002A00F0F1808342B8BF0346C3F5FA73DE
:106D800007EE903ADFED966AF8EEE77A642387EE35
:106D9000A67AB3FBF2F307EE903A37EE697AF8EE93
:106DA000E77AF0EE698AE7EE278AF5EEC08AF1EE1F
:106DB00010FA00F1D180F4EEE98AF1EE10FAC8BFC2
:106DC000F0EE698ADFF858B2DFF85892DFF858A27F
:106DD0009FED849ACB1C0293834B019305F124060B
:106DE0000BF10C080BF118070024029A022C12F880
:106DF000013F0292F2EE044A40F0B180BAF804106A
:106E0000DFED7A6A0A3311FB03F107EE901AB8EE50
:106E1000E77AC7EE267A764B95F8551033F9143099
:106E200007EE103A734BB8EEC77AD3ED036A019BB5
:106E3000E7EE667A13F8012B019303EE902AB0EE89
:106E4000675AF6EC017AF8EEE33A67EE857A67EE78
:106E5000A37A87EE894A41B1674800EB8400B0EE1F
:106E6000440AFFF71BFFB0EE404AD6ED027A28EE47
:106E7000057A27EE277AD9ED007AE7EE247ADFED5E
:106E80005F4AF4EEE47AF1EE10FA08D4DFED5C4AE2
:106E9000F4EEE47AF1EE10FAD8BFF0EE674A89EE2C
:106EA000887ADBED007AD8ED006AE9EC014A75EEEC
:106EB000677AABEC015A27EE277AD7ED007AA8EC77
:106EC000017AE7EC016A76EEA77A95F8541037EE6E
:106ED000870A21B14B4800EB8400FFF7DFFEB0EEDC
:106EE000087AC0EE077A96ED057A67EE877A67EE44
:106EF000A37A87EE897ADFED447AB4EEE77AF1EE91
:106F000010FA08D4DFED417AB4EEE77AF1EE10FA28
:106F1000D8BFF0EE477A34EE240A30EE270A07F0A5
:106F2000B7FE3B4BB0F57A7FA8BF4FF47A7098421A
:106F3000B8BF1846374B23F814000134032C7FF4F4
:106F400054AF07B0BDEC048BBDE8F08F4FF4FA707E
:106F5000FCE6F0EE698A35E7DFED2F8A32E7039A27
:106F60003AF91400514288424FEA440C03DB824252
:106F70001146A8BF0146294A32F90CC0059AA1EB77
:106F80000C0132F914C0009A614407EE901AF8EE31
:106F9000E77AD207C7EEA46A04D5D5ED127A66EE79
:106FA000A77A38E7143313FB00F307EE903A9FED0E
:106FB0000F6A049BB8EEE77AC7EE067A002B3FF41F
:106FC0002AAF95ED137A66EE876AE6EEA87A22E795
:106FD000BD37863594170020600C0020D0090020B2
:106FE0000000FA430000C842440C00200000484260
:106FF000B40D0020140F0020FC18002000007AC3FC
:1070000000007A4308190020000096C30000964350
:1070100018FCFFFFC817002000000000C20D002070
:10702000D8180020480A00200C0A00202DE9F04F53
:1070300089B0CDE90623A34ADFF8B492B2F9003053
:10704000B2F90210DFF8ACA2DFF8AC820192002B9B
:10705000B8BF5B420029B8BF49429BB289B28B429C
:1070600038BF0B46B3F5FA7F28BF4FF4FA7302938B
:1070700009F10803059309F114030493924B039358
:10708000002600F10C0307460093354634468F4B2B
:107090001B8803F0010003F0020C9B073FD0022C79
:1070A00036D0019B069AB3F900305242B2EB430F3F
:1070B0004FEA430103DC069A8A42A8BF0A46844B82
:1070C000BD7F33F91430D21A079B33F914301A44B8
:1070D0003B7A6421534393FBF1F3C5EB8571C5EB18
:1070E00081059D4203DC6D429D42A8BF1D46DAF832
:1070F00000301A4442F210739A42A8BF1A46754BE8
:107100009A42B8BF1A46CAF80020FE7C564336138E
:1071100028B1BCF1000F02D1022C40F0CF80019BBE
:10712000B3F900E0009B0EEB8E0213F80B3C12014A
:1071300092FBF3F2039BB3F900B0BBF1000F5B4687
:10714000B8BF0BF10303A2EBA303D8F8002013444C
:10715000B3F57A5F604AA8BF4FF47A539342B8BF41
:107160001346BBF1000FB8BFCBF1000B1FFA8BFB2E
:10717000BBF5206F7146C8F800300AD8022C0BD13D
:10718000504AB2F90420002AB8BF524292B2642A8F
:1071900002D90023C8F800307D2293FBF2F3009A55
:1071A00012785A4348BF3F329211BCF1000F7DD094
:1071B000022C11D0029B02990298C3F5FA7311FBBD
:1071C0000EF142434FF4FA7C05FB031106FB032248
:1071D00091FBFCF192FBFCF2039B404833F902BBAC
:1071E000005D0393BBF1000F5B46B8BF0BF10303D7
:1071F0009B1013FB00F36FF04F0093FBF0F30B4475
:1072000097F8551005EE103A41B13548B8EEC50A69
:1072100000EB8400FFF742FDBDEEC05A059B39F933
:10722000021B1868049B29F802BC1B68BBEB010118
:1072300048BF033103444FEAA10C03EBA1030499B7
:1072400041F8040B0491059941F804CB059197F896
:10725000541061B107EE903A2248B8EEE70A00EB0D
:107260008400FFF71BFDFDEEC07A17EE903A15EE95
:10727000100A104402461C48005D434348BF1F33B8
:107280006100A2EB6312194B5A52019B0233019326
:10729000009B01340133032C0AF1040A08F10408AD
:1072A00000937FF4F4AE09B0BDE8F08F002893D0CE
:1072B000022C1ABF3246294671468DE732462946CE
:1072C0008AE700BF0C0A0020B40D0020600C0020EB
:1072D000C20D0020F0D8FFFF80C1FFFF300C00205E
:1072E000FC18002008190020330C0020C8170020CB
:1072F000141900202C0A00203C0A00202DE9F04F30
:107300008BB0CDE907210993A44B1B88049313F09C
:107310000203044614D0A24AB2F90030B2F90220A6
:10732000002BB8BF5B42002AB8BF52429BB292B258
:10733000934238BF1346B3F5007F28BF4FF4007364
:107340000293984B984F0193984B0693DFF88482F1
:1073500004F10B0307F1040907F10C0B039300255B
:107360008F4B33F915C0924B33F91560002E304620
:10737000B8BFF01C83100593019B1A46043201929A
:1073800086EAE672A2EBE67292B2B2F5206F4FEA9D
:107390004C0100F2FC80059A1B688A1A1A44B2F567
:1073A0007A5F844BA8BF4FF47A529A42B8BF1A460C
:1073B000019B039843F8042C10F8013F0390D2116D
:1073C0005A4310F80B3C4B43049989074FEAA21229
:1073D0004FEAA31346D007994942B1EB4C0F4FEA4D
:1073E0004C0E03DC07997145A8BF7146DFF8E8C170
:1073F00009983CF915C0A1EB0C0130F915C08C447B
:10740000D8F8001042F2107E61447145A8BF714661
:10741000DFF8C8E17145B8BF7146C8F8001094F8AC
:1074200008A00CFB0AFA94F81EC00CEB8C0CCCF1F3
:10743000000EBEEBEA1F4FEAEA1003DC6045A8BF6E
:107440006046864694F813C001FB0CFC0299A2EB3F
:107450002C324A43A3EB0E0352124B4302EB2C3265
:107460000EEB632354490598495D11FB00F1A3EB32
:10747000A11A94F8551061B107EE90AA4F48B8EEE2
:10748000E70A00EB8500FFF709FCFDEEC07A17EE76
:1074900090AA37F9020BDBF8001027F8026C301ABB
:1074A00048BF0330D9F800604BF8046B831049F8EB
:1074B000043B314401EBA00100EE101A94F8541083
:1074C00041B13F48B8EEC00A00EB8500FFF7E6FB8C
:1074D000BDEEC00A069911F8013B069110EE101A94
:1074E00059430AEB0203374AA3EB611322F8153024
:1074F0006B1C022B08F104084FF001057FF430AF3C
:10750000089B9A79264B9B880F3213FB02F3284A7B
:10751000B2F904201B11002AB8BF0332002BA3EBE1
:10752000A201B8BF5B42322B1E4A32DCA07B9368BB
:1075300001FB003324488342A8BF0346234883420B
:10754000B8BF03469360E2784A432149097803298A
:107550004FEAA2120AD9B4F85210B1F5FA7F05D257
:107560004842904217DC8A42A8BF0A465B13B3F533
:10757000807FA8BF4FF480736FF0FF018B42ACBFD8
:10758000D21852180F4B9A800BB0BDE8F08F002232
:107590000EE70023D6E70246E8E700BF600C0020B4
:1075A0000C0A00203C0A002034190020330C002073
:1075B000B40D002080C1FFFF300C0020FC1800201B
:1075C00008190020C8170020FEFFFF0F020000F07E
:1075D000480E00202C0A0020C20D0020F0D8FFFF2A
:1075E0002DE9F04F89B0CDE90521BA4A0793B2F9E8
:1075F0000030B2F90220DFF81083DFF810A3DFF8C3
:10760000F8920090002BB8BF5B42002AB8BF5242EC
:107610009BB292B2934238BF1346B3F5FA7F28BFAC
:107620004FF4FA73019308F10C0300270393AA4B5C
:107630000293054608F1040B3C463E46A74B1A88C8
:1076400002F001030493A34B02F00200920733F906
:10765000163038D0059A5242B2EB430F4FEA43043A
:1076600003DC059AA242A8BF22469D4C34F916704D
:10767000D71B079A32F9162017442A7A64247A43D2
:1076800092FBF4F2AC7FC4EB847CC4EB8C04944298
:1076900003DC64429442A8BF1446DAF80020174481
:1076A00042F210729742A8BF17468E4A9742B8BF5F
:1076B0001746CAF80070EA7C5743049A3F1312B188
:1076C000002800F0FF80029AB2F9002082EAE27CF2
:1076D000ACEBE27C1FFA8CFCBCF5206F00F2E98079
:1076E000002A0099B8BF033203EB830E91F801C062
:1076F0004FEA0E1E9EFBFCFCACEBA20CD9F800205E
:107700006244B2F57A5FDFF808C2A8BF4FF47A523C
:107710006245B8BF6246C9F800204FF07D0C92FB6D
:10772000FCFC009A127B61464A4348BF3F329211EB
:10773000002800F0C0800198019910FB03F3C1F507
:10774000FA7104FB01334FF4FA7C93FBFCF0019BCC
:107750005A4307FB012292FBFCF20299DFF8B4C105
:1077600031F9023B1CF806C00291002B1946B8BF44
:10777000D91C891011FB0CF16FF04F0C91FBFCF13F
:10778000014405EE101A95F8551051B1564804936E
:10779000B8EEC50A00EB8600FFF780FA049BBDEE49
:1077A000C05A38F9020B039928F8023C181A0968E4
:1077B000DBF8003048BF0330194401EBA00100EEB4
:1077C000101A03994FEAA00C41F8043B4BF804CB84
:1077D000039195F8541041B14448B8EEC00A00EB4B
:1077E0008600FFF75BFABDEEC00A15EE103A1344AF
:1077F0003F4A10EE101A925D51430A4648BF1F32AD
:10780000A3EB621370003B4A1352009A731C0132BF
:10781000022B0AF1040A09F1040900924FF0010653
:107820007FF40CAF069B9A792A4B9B880F3213FB8F
:1078300002F3294AB2F904201B11002AB8BF03320F
:10784000002BA3EBA201B8BF5B42322B2A4A3CDCDF
:10785000A87B936801FB003328488342A8BF0346F6
:1078600027488342B8BF03469360EA784A432549D4
:10787000097803294FEAA2120AD9B5F85210B1F5D6
:10788000FA7F05D24842904221DC8A42A8BF0A46CC
:107890005B13B3F5807FA8BF4FF480736FF0FF01D7
:1078A0008B42ACBFD2185218124B9A8009B0BDE877
:1078B000F08F00222FE70499002916BF3A46184698
:1078C00020464AE73A46204647E70023CCE70246EF
:1078D000DEE700BF0C0A0020B40D0020600C002081
:1078E000C20D0020F0D8FFFFFC180020081900206E
:1078F000330C0020C81700203C0A0020FEFFFF0FB9
:10790000020000F0480E0020481900202C0A002038
:1079100080C1FFFF300C00202DE9F04F2DED088BCA
:1079200087B00446059390F8543004910292002BDE
:1079300000F01082322BA8BF322307EE903ADFED21
:10794000DA6AF8EEE77A86EEA77AD84B1B88012B25
:1079500038BF012307EE903A9FEDD5AAD54BF8EE3C
:10796000E78AB3F800A028EE8AAA1AF0020337EEDD
:107970000A7A0393CAEE079A00F0EF81CE49B1F973
:107980000020B1F90210002AB8BF52420029B8BF46
:10799000494292B289B28A4238BF0A46B2F5E17FC3
:1079A00028BF4FF4E17207EE902A9FEDC47AF8EEFB
:1079B000E77AC7EE87AAC24BDFF858930193DFF846
:1079C0005883C04BC04F009309F1080B04F10C061B
:1079D00000259FEDBEBAB0EE4B9ABD4BB64933F9C8
:1079E000150031F9153007EE900AB8EEE75AF5EEBA
:1079F000047A25EE275A00EE103ABDEEC55ADFEDA7
:107A0000B57AB8EEC55A1AF0030F25EE275AB8EE2C
:107A1000C00A6CD070EE007A029BFDEEE77A594204
:107A200017EE90CA8C4503DB63451946A8BF614633
:107A3000A94B9FEDAA6A33F915C0059BA1EB0C0178
:107A400033F915C0A37F06EE903A237AF8EE666A02
:107A50006144B1EE047A07EE901A66EE876A07EE8B
:107A6000103AF8EEE77AB8EE477AB1EE669A27EE6A
:107A7000277ABDEEC99A27EE067A19EE103ABDEEC6
:107A8000C77A17EE101A994208DBFDEEE66A16EE89
:107A9000903A8B42A8BF0B4609EE103A98ED007A57
:107AA000AAEE277AFBEE0E7AB4EEE77AF1EE10FA40
:107AB000B8EEC99A08D4F3EE0E7AB4EEE77AF1EE96
:107AC00010FAD8BFF0EE477AC8ED007AE37C08EEF2
:107AD000103AB8EE488A1AF0010F28EE278ADFED37
:107AE000807A28EE278AB0EE48BA40F03C81002820
:107AF000B8BF404280B2B0F5206F00F2318116F875
:107B00000B3CDFED786A07EE103A60EE266AB8EEBD
:107B1000477AC6EE877A97ED007A77EEC57AAAEEB5
:107B2000277ADFED717AB4EEE77AF1EE10FA08D435
:107B3000DFED6E7AB4EEE77AF1EE10FAD8BFF0EE30
:107B4000477AC7ED007A337808EE103AB8EE488AE3
:107B5000039B28EE278ADFED667A28EE278A5BB141
:107B600070EE497AB0EE490AA7EEAA0A78EE4B7A8F
:107B7000B0EE4B8AA7EEAA8A009B94F8551013F832
:107B8000012B9FED5C7A009307EE902AF8EEE77ADE
:107B900065EE677AA7EE870A21B1574800EB8500AA
:107BA000FFF77CF899ED007AA9EC015A35EE475AB7
:107BB000DBED007A019B85EE0A7A13F8012B019325
:107BC00008F104080437013630EE080A37EE677A08
:107BD000E7EE297A07EE102AB8EEC77AEBEC017AC5
:107BE00067EEC77A9FED457AA7EE870A07F050F84F
:107BF000691C434B022923F815004FF001057FF45F
:107C0000ECAEFDEEE88ADFED3F7A94F857703E4D1A
:107C100018EE903A23F0030308EE903A264BB3F99E
:107C20000480049B9E792A4BB3F90430F8EEE88A6D
:107C300000EE103A88EEA79ABAEECF0A002F00F0B5
:107C4000BC8088EAE879E778A9EBE87907F020F8C2
:107C50001FFA89F92D4BDFED2E6A06FB09F696FB1C
:107C6000F3F6643607EE100A7E43642396FBF3F3C3
:107C700007EE903AB8EEC77AF8EEE77A80EAE0735A
:107C800067EE877AA3EBE07387EEA67AB3F5207FE1
:107C900007EE908AB8EEE70A30EE470A3EDCB9F10B
:107CA000640F63D93AE000BF83F9223E94170020A5
:107CB000BD378635600C00200C0A00200000E1432F
:107CC000330C0020300C0020480A00200000000087
:107CD000B40D0020CDCC4C40C20D00206F12033CEF
:107CE0000AD7A33D0000A043000040C3000040436A
:107CF0000AD7233CA69B443BFC180020F7CC9238C3
:107D0000C817002000803B453C0A00200CFEFFFF06
:107D10000000A0425C190020340A00200023AB6060
:107D200094F8551011B15448FEF7B8FF30EE080A28
:107D3000BDEEC00A10EE103A1BB200EE103AB8EEDB
:107D4000C00A06F0A5FF4D4B988007B0BDEC088B2C
:107D5000BDE8F08F9FED4A7AF7E5DFED4AAA2AE603
:107D6000DFED487AEDE6B0EE490A05E708EB880357
:107D70001B0193FBF7F31B1A07EE903AF8EEE77A34
:107D8000AA6867EE897AFDEEE77A17EE903A134417
:107D9000B3F57A5F3C4AA8BF4FF47A539342B8BF19
:107DA0001346AB607D2293FBF2F3A27B53439B11FE
:107DB00007EE903AB8EEE78AB2E7760006F068FF81
:107DC000283616FB08F67611301A002E07EE900AB8
:107DD000B8BF7642322EF8EEE77A16DCA37BAA68AB
:107DE00007EE103AB8EE477A27EE277A27EE097A9F
:107DF000BDEEC77A17EE103A9F18244A9742A8BFE3
:107E00001746234A9742B8BF17467B13B3F5807FC6
:107E1000A8BF4FF480736FF0FF029342FDEEE77A44
:107E2000B8BF1346AF6007EE103AE27817EE903A0B
:107E300053439B1100EE103A164B1B78032BB8EE00
:107E4000C78AB8EEC00A7FF66BAFB4F85220B2F51D
:107E5000FA7FBFF465AFFDEEC07A534217EE901A79
:107E6000994203DB91420B46A8BF134607EE903AB6
:107E7000B8EEE70A54E700BF04190020C817002035
:107E8000AF4C593C0000000080C1FFFFFEFFFF0F18
:107E9000020000F0480E00202DE9F04F8BB00446A0
:107EA0000893984B06921B88029313F002030793E2
:107EB00000F0F180149BD889934BB3F90020121A7B
:107EC00002F2F31640F2E635AE4200F2DE80002AFE
:107ED000B8BF5242B3F902301B1A03F2F31540F255
:107EE000E630854200F2D480002BB8BF5B4293425B
:107EF000B8BF1346C3F5FA730522B3FBF2F3A27FB2
:107F0000643BD21053430A2293FBF2F3643323EA17
:107F1000E3735BB27D4D7E4803930268D5F8E83089
:107F2000DFED7C7AD31A05EE103AB8EE455A0368B5
:107F3000C5F8E83025EE275ACB1C774A0593774BD6
:107F4000049285ED3B5A05F1F00B05F1F80AA146C4
:107F500005F5827800220598022A10F801EF0590B5
:107F600040F09B806E4989880EF1140011FB00F1EE
:107F70004911C5F80C116B4958F8046B31F91270AE
:107F8000002F3946B8BFF91CA6EBA106049911F8D9
:107F9000010B049119F8011F0190714341436420C2
:107FA00091FBF0F1C91100EE101A94F8551051B17F
:107FB0005D480993B8EEC00A00EB8200FEF76EFE42
:107FC000099BBDEEC00A594999F80BC00988186889
:107FD0007143C912019E0CFB01F171434FF0640C17
:107FE00091FBFCF10144B1F5001F5148A8BF4FF4CB
:107FF00000118142B5EEC05AB8BF0146F1EE10FA49
:1080000043F8041B4FEA613116DDBBF90000DAEDDD
:10801000006A381A07EE900AF8EEE77AB1EE087AAD
:1080200077EEE67AB2EE046A67EE877A87EE867AB2
:1080300077EE267ACAED007A2BF8027B99F81600C3
:10804000BAEC017ADFED3B6A07EE900AF8EEE77AC8
:1080500067EE877A9DED017AB8EEC77A67EE877A88
:1080600087EEA67ABDEEC77A17EE100AA1EBA01133
:1080700010EE100A0144304820F812100132032A91
:108080007FF469AF0BB0BDE8F08F4FF4FA7221E7CF
:108090004FF4FA732BE764233CE7214830F9126070
:1080A00006984042B0EB460F4FEA42074FEA460CB3
:1080B00003DC06986045A8BF60462049CF5F089959
:1080C000C01B31F912700299C907384416D40EF159
:1080D000140111FB06F1079E0911C8F80010002ECB
:1080E0003FF449AFE67C7043039E7043642690FBE7
:1080F000F6F001EB2011C8F800103CE7217A41436B
:108100000911F8E7600C0020D00900208418002035
:10811000C40900206F12833A440C00203C0A00205E
:108120000C0A0020B40D0020FC1800209417002039
:108130000000E0FF0000C842C8170020C20D002068
:108140002820FDF7EBBF0920FDF7E8BF024A1368BE
:1081500001331360704700BFC409002010B50A4BFB
:108160004FF0E0201968846900BF1A688A42F9D18B
:10817000064B19684FF47A7000FB01F31B1BB3FB2D
:10818000F1F300FB023010BDC4090020B81000203C
:1081900010B50446FFF7E2FF0F4AD2F8103140F65F
:1081A000AC51C31A8B42C4BF002382F8143192F839
:1081B00014310A49CC541BB90F2C0BD1C2F8100151
:1081C0000133DBB282F81431192B054B0CBF0122AD
:1081D00000221A7010BD00BF8418002085150020F1
:1081E0008415002010B50446FFF7B8FF264AD2F8E0
:1081F0001831C2F81801C31AB3F57A6F84BF00238F
:1082000082F81C3192F81C3143B9A82C30D11F4997
:108210000B701F490B801F49CC5406E0022B02D182
:108220001D490C70F7E7242BF5D91B490978013358
:10823000DBB20231B3EB410F82F81C314FEA41004F
:1082400017DA1349088880EA042080B2082341F233
:10825000210402B2002AB4BF84EA4202400003F1C2
:10826000FF33B4BF90B280B213F0FF03F1D10880A6
:1082700010BD411C8B42FBD1002382F81C31034B03
:1082800001221A70F4E700BF841800209E15002018
:10829000A0150020A21500209F15002010B504464F
:1082A000FFF75CFF0D4BD3F82021C3F82001821AA1
:1082B00041F288318A4284BF002283F8242193F856
:1082C00024210749142A8C540BBF064B013201228A
:1082D00083F8242108BF1A7010BD00BF8418002045
:1082E000E9150020E815002010B50446FFF736FF19
:1082F0000D4BD3F82821C3F82801821A41F28831A6
:108300008A4284BF002283F82C2193F82C2107494C
:108310000F2AE4B28C540BBF054B0132012283F8C3
:108320002C2108BF1A7010BD8418002041150020B0
:1083300039150020F8B52D4C2D4E2E4F0546FFF770
:108340000DFFD4F83031C4F83001C31AB3F5FA5F29
:1083500082BF002333703B70337853B9A12D08D10D
:1083600001223A70E2180133EDB2DBB2557033707E
:1083700002E03A78002AF5D11F4D2A789A4208D1B6
:108380001E4B1B78052B05D0062B06D000233B7017
:108390003370F8BD0020FDF725FFA3781E2BF5D123
:1083A00095F800C000250CF1FF3C2846654507DB29
:1083B000644463789842E9D10320FDF713FFE5E7B1
:1083C000631908225B78DBB280EA030141F3000104
:1083D00021F07301013A81EA530312F0FF02DBB28C
:1083E0004FEA5000F0D101351846DFE7841800202D
:1083F000AA110020A9110020AB110020AD1100200E
:1084000038B50446013C00D238BDFFF7A7FE05464B
:10841000FFF7A4FE431BB3F57A7FF9D3F2E72DE90A
:108420008848064600F040082A4C4FF01E0B0525F0
:1084300002273FE0B8F1000F04D0A38A9BB283F477
:108440000053A382BAF1000F04D0A38A9BB283F435
:108450008043A382B9F1000F04D0A38A9BB283F4B6
:108460000043A3825846FFF7CBFFB8F1000F04D0BA
:10847000A38A9BB283F40053A382BAF1000F04D005
:10848000A38A9BB283F48043A382B9F1000F04D086
:10849000A38A9BB283F40043A3825846FFF7B0FF40
:1084A00085B1013DC6D14FF4FA70FFF7A9FF4FF037
:1084B000960B002557EA050306D006F0200A06F0C1
:1084C0000209B7E7013FF4E74FF47A70FFF798FF2E
:1084D000AAE700BF00080048044A00231370044ABA
:1084E0001360044A1380044A13607047720D002021
:1084F0006C0D0020700D0020680D00200E4B30B573
:1085000000220C2404FB02F1CD5C854203D0013231
:10851000102AF7D130BD094A106820B15C184078A4
:1085200064788442F6D20B441360054A002313801A
:10853000044A1360EEE700BF3C180108680D0020F4
:10854000700D00206C0D00204300142B0C4A30B439
:10855000A8BF14230021022514240231994215706A
:10856000547002F10202F8DB064A002808BF022319
:108570001344FF2283F8342130BC0F20BEE700BF34
:10858000B81900208418002010B50A784B789A4258
:108590001BD20F490430192431F9100040F6330181
:1085A0008842A8BF0846B0F5617F40F28331B8BF6A
:1085B0004FF4617012FB0412904206DD13FB0413AA
:1085C0009842CCBF0020012010BD0020FCE700BF76
:1085D000D00900200C4970B500226FF0180640F653
:1085E000C414437812FB02656B4303F6C413057889
:1085F00053430132072A05FB03F393FBF4F321F8FD
:10860000023BEED170BD00BF360C00202DE9F041D9
:108610001D4C00220A264FF47A758778A2EB070ECC
:108620000FFA8EFEBEF1000FBC462ADDC7F16407CB
:10863000FFB290F803800EFB0EF308FB03F3C8F1C2
:10864000640817FB07F70CEB8C0C93FBF7F3434420
:108650000EFB03F393FBF6F303EB4C031BB22380F7
:10866000B1F800C04F880A32A7EB0C0792B27B43E7
:10867000782A93FBF5F39C4424F802CBCDD1BDE8D6
:10868000F08108BF0127D4E7480C0020F0B5104B5B
:10869000104C1B6894F84A1100251E1DCAB2032A0B
:1086A00004D90DB184F84A2100200EE036F831C01B
:1086B00010EA0C0F01F101074FF0010506D003EBA2
:1086C000C1002A44023084F84A21F0BD3946E5E76A
:1086D000800D002084180020024B002283F84A21DC
:1086E000D4E700BF84180020064B10B50446186874
:1086F000036821461B689847034B1B689A795440CE
:108700009C7110BD7C0D0020780D002038B5054609
:1087100024200C46FFF7E8FF4D20FFF7E5FF002D72
:10872000084D0CBF3E202120FFF7DEFF2B68002202
:1087300020469A71FFF7D8FF2B6893F84900BDE8EF
:108740003840D1E7780D002010B50446C0B2FFF7DD
:10875000CBFF200ABDE81040C6E710B5044680B242
:10876000FFF7F2FF200CBDE81040EDE7034B1B685C
:10877000DA79511CD9711344187A7047780D0020AA
:1087800010B5FFF7F3FF0446FFF7F0FF04EB0020FE
:1087900080B210BD10B5FFF7F3FF0446FFF7F0FFFE
:1087A00004EB004010BD01460020AFE708B5FFF71D
:1087B000D5FC074B00F5B71000F558701860054B55
:1087C00002221A70044A936803F2DC53936008BDD6
:1087D000300F00202C0F00208C0B002008B5FFF775
:1087E000BDFC064B1860064B02221A70054B1A6836
:1087F000054B9A60012283F8212008BD300F00202C
:108800002C0F0020C40900208C0B0020104B1B688B
:1088100003EB4002117E29B102290DD00D4B33F834
:1088200010007047022805D90328F7D10A4A1268B8
:10883000D20409D5D8897047507E00EB800000EB48
:10884000800000F2EE2070474FF49660704700BF42
:10885000500B0020D0090020640C002038B52DED0D
:10886000048B4A4B0C460168C3F84C118188A3F86D
:108870005011023A062A05D8DFE802F05259606723
:1088800073798000B3F84C212280B3F84E216280C6
:10889000B3F950313E4AA3801278002A3DD1B4F991
:1088A00000203C4D09EE102AB4F9022095ED030A90
:1088B000D5ED007A08EE902AF8EEE88AB8EEC99A6B
:1088C00028EE800AA7EE890A07EE903AB8EEE78A0A
:1088D000D5ED067AA7EE880A06F0DAF995ED040AD6
:1088E000D5ED017A208028EE800AA9EE270AD5ED81
:1088F000077AA8EE270A06F0CBF9D5ED057A608055
:1089000028EEA70AD5ED027AA9EE270AD5ED087A56
:10891000A8EE270A06F0BCF9A080BDEC048B38BD98
:10892000B3F84E212280B3F84C215242AFE7B3F89E
:108930004C2152422280B3F84E21F6E7B3F84E2183
:1089400052422280B3F84C21A1E7B3F84C215242A5
:108950002280B3F84E216280B3F850315B421BB2E3
:1089600098E7B3F84E212280B3F84C21F3E7B3F82F
:108970004C212280B3F84E215242ECE7B3F84E214D
:1089800052422280B3F84C21F6E700BF8418002041
:1089900042000020C81000209F4B5A6802F00C02D1
:1089A000082A2DE9F04140F0AB8059685A68D60397
:1089B00049BFDA6A994A9A4C02F00F02C1F3834127
:1089C00048BF013201F1020148BFB4FBF2F251434A
:1089D0000C4604605A68DFF84CE2C2F3031272449A
:1089E00092F8C0205FFA82FC24FA02F242605D68CD
:1089F000C5F30225754495F8C06022FA06F6866034
:108A00005D68C5F3C225754495F8C050EA40C26060
:108A1000D3F82C80EFB2C8F303150EEB450518F41C
:108A2000807FB5F8D050ADB26DD0002D6BD0B1FBCA
:108A3000F5F50561D3F82C80C8F343250EEB450E00
:108A400018F4005FBEF8D050ADB25ED0002D5CD0FF
:108A5000B1FBF5F54561D3F830E0714D1EF0100F14
:108A60000CBFAE46A646C0F818E0D3F830E01EF0C2
:108A7000200F0CBFAE46A646C0F81CE0D3F830E08D
:108A80001EF0400F18BF254605621D6BED053ED553
:108A9000A1423CD1BC453AD14D0045621D6BED046D
:108AA00037D5A14235D1BC4533D14D0085621D6B10
:108AB000AD0530D5A1422ED1BC452CD14D00C562AB
:108AC0001D6B6D0529D5A14227D1BC4525D14D008F
:108AD00045641D6B2D0522D5A14220D1BC451ED178
:108AE0004D0085641D6BAD041BD5A14219D1BC4559
:108AF00017D16100C164196B890714D1026318E0B2
:108B0000474C002165E7254693E72546A2E7154631
:108B1000C3E71546CAE71546D1E71546D8E7154617
:108B2000DFE78264E7E71A6B02F00302012A16D13D
:108B300004631A6B12F4403F20D146631A6B12F49F
:108B4000402F35D186631A6B12F4401F4AD1C66399
:108B50001A6B12F4400F67D10664BDE8F0811A6BFE
:108B600002F00302022A02D14FF40042C6E71A6B58
:108B700002F00302032ADCD1294ABFE71A6B02F490
:108B80004032B2F5803F01D14463D7E71A6B02F45B
:108B90004032B2F5003F03D14FF400424263CDE7CB
:108BA0001A6B02F44032B2F5403FC7D11C4AF5E7D8
:108BB0001A6B02F44022B2F5802F01D18463C2E720
:108BC0001A6B02F44022B2F5002F03D14FF4004299
:108BD0008263B8E71A6B02F44022B2F5402FB2D19B
:108BE0000F4AF5E71A6B02F44012B2F5801F01D16B
:108BF000C463ADE71A6B02F44012B2F5001F03D153
:108C00004FF40042C263A3E71A6B02F44012B2F5BC
:108C1000401F9DD1024AF5E70010024000093D00C7
:108C200000127A003C1801081A6B02F44002B2F5F7
:108C3000800F01D1046490E71A6B02F44002B2F590
:108C4000000F03D14FF40043036486E71B6B03F46A
:108C50004003B3F5400F80D1004BF5E700127A00D6
:108C60002DE9F041046DD0F80880236823F001035A
:108C700094B0236086794779206820F00100206055
:108C80006068330320F4405003F4005303436360EF
:108C9000236807F00105310223F4B05317F00207EF
:108CA00001F480614FEA850223F00C0318BF42F003
:108CB00008020B431A432260A36823F44073A360A5
:108CC0006846FFF769FE224B9C4231D10C9A23681B
:108CD0001B0448BF5200B2FBF8F308FB1322B2EBAF
:108CE000580F226828BF0133100406D5C3F342028F
:108CF00023F00F031B041B0C13439BB2A381636877
:108D00002D04F10745EA07454BBF1D43AB436560A2
:108D10006360A36832074CBF43F0080323F00803E5
:108D2000A360236843F00103236014B0BDE8F08121
:108D3000084B9C4201D10D9AC9E7074B9C4201D1D7
:108D40000E9AC4E7054B9C420CBF0F9A109ABEE7DF
:108D5000003801400044004000480040004C004002
:108D600081607DE741717BE70A4B0C2202FB0030FA
:108D7000F03070B40E4607C8074C04F5AA7585E8B4
:108D8000070003EB8603B4F85811D3F8C83170BC60
:108D9000184700BF3C1801088418002010B504686B
:108DA0000A4B02721CB91C680160214441601968B9
:108DB0004468091B002906DB1AB11A6803681344CA
:108DC0004360012010BD0020FCE700BFC409002063
:108DD0004000F8B5C5B23B48006849F6FF748669A3
:108DE00036040BD5013CA71CF9D1374B4FF0FF32AD
:108DF000C3F86021FDF70EFD0020F8BD446824F0A3
:108E00007F7424F4593424F47F7424F003042C4335
:108E100044F0807444F4903444602B4C4FF420466A
:108E2000C4F860618669B60707D4D4F86061771E1C
:108E3000C4F86071002EF5D1DCE7816249F6FF715C
:108E40008669370605D4C4F8601101398E1CF7D144
:108E5000D0E7416821F07F7121F4593121F47F710D
:108E600021F00301294341EA024141F000714160D0
:108E70001A449A420DD14FF42043C4F860310022C5
:108E800081698D0616D4013B591C4FF00102F7D1C0
:108E900009E049F6FF718569AF0707D401398E1CD7
:108EA000F9D14FF0FF33C4F86031A3E713F8011B89
:108EB0008162DEE70AB1C4F860312023C36101207A
:108EC0009BE700BF840D00208418002000232DE9BB
:108ED000F74306460D461F4615F80380B8F1000F0C
:108EE00000D01FB1384603B0BDE8F0835C1CB8F178
:108EF000FF0F15F8049029D19C1C2A5DB9F1030FCE
:108F00003AD8DFE809F0020B131B1C1D2B44DB7859
:108F100003EB0223A6F834312346DDE71C1D2B4466
:108F2000DB7803EB0223A6F83631F5E71C1D2B4452
:108F3000DB7803EB0223A6F83831EDE71C1D2B4448
:108F4000DB7803EB0223A6F83C31E5E7B8F1040F28
:108F500012D89C1C2919424601A803F097FB96F8E9
:108F60005C0101AB42464946FFF732FF002844440A
:108F700008BF6FF01307CFE76FF00307CCE707B523
:108F800052BAADF8042001AB0222FFF721FF0028FE
:108F90000CBF6FF01300002003B05DF804FB08B5B0
:108FA00006220B46B021FFF713FF00280CBF6FF01D
:108FB0001300002008BD07B58DF807200DF1070349
:108FC0000122FFF705FF03B05DF804FB0246802194
:108FD0003C20F0E710B50446A1F15000C0B2FFF705
:108FE000F5FF04EB4400400004EB440400F00E00E5
:108FF000FFF7ECFFE0081030BDE81040E6E70A4656
:1090000001466820D7E708B5012232210C20FFF77E
:10901000D2FF4FF47A70FFF7F3F9012231210C20CF
:10902000FFF7C9FF0120FFF7EBF9012008BD08B5E4
:10903000FFF7C1FF00280CBF6FF01300002008BD30
:1090400038B504460D4601F07F0290F860018A2190
:10905000FFF7EDFF84F8605138BDF8B53E4D400094
:10906000C6B2286849F6FF7487693F040CD5013CF5
:10907000A71CF9D1394B4FF0FF32C3F86021FDF73F
:10908000C9FB00210846F8BD446824F07F7424F42D
:10909000593424F47F7424F00304344344F49034AA
:1090A00044602E4C4FF42047C4F860718769BF07B5
:1090B00008D4D4F8607107F1FF3CC4F860C1002FF8
:1090C000F4D1DCE7816249F6FF7187697F0605D438
:1090D000C4F8601101398F1CF7D1D0E7416821F045
:1090E0007F7121F4593121F47F7121F00301314363
:1090F00041EA024141F0007141F410514160013BED
:109100000021914228680DD14FF42043C4F860310A
:1091100000228569AE0618D4013B5D1C4FF00102A8
:10912000F7D109E049F6FF7687697F0707D4013E4A
:10913000B71CF9D14FF0FF33C4F860319FE7406AA4
:1091400003F8010F0131C9B2DBE70AB1C4F860319D
:109150002023C36196E700BF840D002084180020FF
:1091600008B513460A4601466820FFF776FF003827
:1091700018BF012008BD13B5002304468DF8003048
:1091800001226B4610210C20FFF767FFD0B19DF83C
:109190000030DB0716D56B46072211210C20FFF7A4
:1091A0005CFF78B1BDF800302380BDF802306380E9
:1091B000BDF80430A380012231210C2002B0BDE8AB
:1091C0001040F8E6002002B010BD2DE9F04F85B048
:1091D000DFF8BCB00E9D109F0195064689461046EB
:1091E0001C464FF000084FF0010A0F9B984523D111
:1091F0003D6096F85C012146FFF7D1FE0546002848
:1092000042D102AB062296F85C01B021FFF725FFA0
:10921000002804F1FF3208BF6FF0130502AB0534DC
:1092200013F8011B12F8010F88420DD1A242F7D1A9
:10923000284605B0BDE8F08F01AA2946FDF7C8FA17
:10924000019A531C03D13D606FF03105F0E702F144
:10925000B40189090BEB8101D1F8D411003918BF91
:1092600001214945EFD14FEAD20C2F2A02F0070520
:109270009FBF14F80C100AFA05F5294304F80C10E6
:10928000551C08F10108B0E76FF01305D0E700BFE7
:109290003C18010813B5144601AB0422FFF7DDFEAC
:1092A000019B00281BBA0CBF6FF013000020236045
:1092B00002B010BD13B5144601AB0222FFF7CDFE7C
:1092C000BDF8043000285BBA0CBF6FF0130000201B
:1092D000238002B010BDF7B590F8DA30013B022BC5
:1092E00004462AD890F85C01154F0DF106020E21B4
:1092F000FFF7E0FFBDF8065007EA4545B8B994F816
:109300005C010DF106020C21FFF7D4FFB5F57F0FCC
:10931000BDF8066004D807EA4646B6F57F0F0CD9BB
:1093200058B90849204603B0BDE8F040CEE5B5F590
:109330007F0F02D86FF01300EFE703B0F0BD00BF5E
:109340000000FE1F74000020F7B514461F460122DE
:109350000DF1070305460E46FFF77FFE18B96FF0C3
:10936000130003B0F0BD9DF8073004EA03023A434E
:1093700031462846FFF71FFE0028F0D00020F0E716
:1093800008B513460122FFF768FE00280CBF6FF0F6
:109390001300002008BD13B500230C4690F85C01B3
:1093A0008DF807300DF107020121FFF7E9FF78B9C9
:1093B0009DF80730C3F300122270C3F3C002A270FD
:1093C000C3F380026270C3F38012DB09E270237181
:1093D00002B010BD37B5044644F6206594F8DA3083
:1093E00094F85C01042B0DF1070211D11321FFF752
:1093F000C7FF9DF8073013F0180F03F0070203D0E2
:109400006FF0050003B030BD68B16FF01300F9E7ED
:109410001421FFF7B5FF0028F7D19DF80730DB07CF
:1094200003D50020EEE7042AFBD0013D03D00A203B
:10943000FEF7E6FFD2E76FF00600E3E7F7B5064672
:10944000002290F85C018321FFF7F1FD0546E0B9A9
:1094500044F6206796F85C010DF107028321FFF7BF
:109460008FFF9DF8073004462BB970B90135BD4216
:10947000F0D16FF0060496F85C0101228321FFF71A
:10948000D6FD204340B203B0F0BD6FF01304F2E705
:1094900013B50129144614BF5021702190F85C01C6
:1094A0000DF10702FFF76CFF30B99DF8073001336B
:1094B0005B00237002B010BD6FF01300FAE7F0B547
:1094C00085B000240229074615468DF80240ADF804
:1094D000064024D10DF103022146FFF7D9FFD8B988
:1094E00097F85C010DF102024621FFF749FF4C4B52
:1094F0009DF803409DF802205C4304F5FA744FF494
:109500007A73B4FBF3F402FB044404F5FA74B4FB7D
:10951000F3F42C6005B0F0BD6FF01300E7E703290A
:109520002FD121460DF10302FFF7B2FF01460028BB
:1095300072D10DF103023846FFF7AAFFF0B997F890
:109540005C010DF106025121FFF7B4FEBDF80630B3
:109550009DF80640324A1B0A9C409DF803300134B6
:109560005343A4B24FF47A7203F5FA73B3FBF2F3E8
:109570005C4304F5FA74B4FBF2F4CAE76FF013002D
:10958000E4E702A9FFF707FF9DF80B30002B3DD061
:109590000DF1030221463846FFF77AFFC0BB97F86A
:1095A0005C010DF106025121FFF784FEBDF8063083
:1095B0009DF806401B0A9C400134A4B240BB0DF14B
:1095C000030201213846FFF763FF08BB01AA97F8A1
:1095D0005C017121FFF76EFEBDF804209DF8043098
:1095E000120A934001339BB20D499DF803201B1BC7
:1095F0004A439BB24FF47A7102F5FA72B2FBF1F270
:10960000534303F5FA73B3FBF1F482E71C46D6E744
:1096100000236FF01300E7E76FF0130079E700BF56
:10962000002F3A002DE9F047037C86B00B7004460A
:109630000D4690F85C0103AAF8210026FFF73AFED8
:1096400028B16FF01306304606B0BDE8F08794F8F5
:109650005C0104AA0421FFF71DFE0028F1D1BDF82A
:109660000C201AB1049BB3FBF2F3AB60AB68A361AF
:1096700000232B7394F85C0104AA2021FFF71AFE43
:109680000028DED1BDF810304BBB226A2A6194F865
:109690005C01237704AA2821FFF70CFE0028D0D113
:1096A000BDF81030C3F30B0213F4006F18BFA2F51E
:1096B0008052FA2312FB03F36B6104F1270805F1D2
:1096C00017074FF0000A05F124091FFA8AF3013B3E
:1096D000042B09D8DFE803F00C1C1E202000DB005F
:1096E0002B6123620123D2E7636B49F82A3023E020
:1096F00094F85C0104AA4421FFF7DCFD0028A0D106
:10970000BDF8102053029AB1AB62A363012311E0AC
:10971000E36BEAE7236CE8E794F85C0104AA6421B0
:10972000FFF7C8FD00288CD1BDF810305B02DCE7E4
:10973000A26BAA6284F829300AF1010A18F8013FE5
:1097400007F8013FBAF1060FBFD194F85C0104AAF3
:109750000121FFF715FE00287FF473AF9DF810304C
:1097600084F83031DB0985F83C3084F84C304FF414
:10977000FA63CDE9023040F636336B6004A9204627
:109780008DF811608DF81260FFF705FE064600287F
:109790007FF457AF9DF811709DF812809DF81090DE
:1097A00047EA080359EA03031AD002AA0221204615
:1097B000FFF785FE00287FF444AFB9F1000F05D014
:1097C000029B03F24E226B6813446B60B8F1000FEA
:1097D0001DD0029B03F2B2226B6803EB42036B6065
:1097E0009DF81330DBB99DF814306BB101AA042148
:1097F0002046FFF764FE019B03F226226B681344A8
:109800006B6000287FF41DAF6B6863611BE7002F5E
:10981000E6D0029B03F525726B681344DFE703AAC9
:1098200003212046FFF74BFE039B03F525726B686F
:1098300013446B600028D6D003E702297FB50446A5
:1098400015462DD10DF105020021FFF721FE18B1BB
:109850006FF0130004B070BD9DF80530554A94F8C0
:109860005C014FF47A71534303F5FA734FF4FA62D3
:10987000B3FBF2F2B3FBF1F301FB0522B2FBF3F20F
:1098800093B2B3F5807F9ABF02F1FF32D2B2FF22CA
:109890004621A4F8D82004B0BDE87040FFF7C7BB4C
:1098A000032935D10DF105020021FFF7F1FD414BF0
:1098B0009DF805204FF47A715A4302F5FA724FF47D
:1098C000FA63B2FBF3F3B2FBF1F201FB0533B3FB36
:1098D000F2F39AB242B1531E0022FF2B02F10101B2
:1098E00013D803EB02239AB2ADF80620A4F8D820CF
:1098F0000028ADD194F85C015121FFF740FB00280E
:10990000A6D1C4F8E4500020A4E75B080A46E4E7C7
:1099100002A9FFF740FD9DF80B60C6B10DF10502ED
:1099200000212046FFF7B4FD002891D194F85C0196
:109930000DF106025121FFF7BDFC002888D1BDF8CA
:1099400006309DF806601B0A9E400136B6B20DF146
:10995000050201212046FFF79BFD00287FF478AF28
:10996000144A9DF805304FF47A71534303F5FA73A6
:109970004FF4FA62B3FBF2F2B3FBF1F301FB052201
:10998000B2FBF3F2921907D0013AFF2A00F101036A
:109990000DD802EB002292B294F85C017121FFF71E
:1099A000EEFA00287FF454AFC4F8DC50ABE752085D
:1099B0001846EAE7002F3A002DE9FF474FF4FA6214
:1099C0000023CDE9003244F61F62914206460F465D
:1099D00005D86FF00305284604B0BDE8F08702A95A
:1099E0008DF809308DF80A30FFF7D5FC054610B127
:1099F0006FF01305EFE79DF809809DF80A909DF838
:109A000008A049EA08035AEA0303A7F636341BD034
:109A100001AA02213046FFF752FD0028E8D1BAF131
:109A2000000F05D0019B03F24E239C42D1D9E41ACA
:109A3000B9F1000F25D0019B03F2B223B4EB430F21
:109A40004FEA4302C5D9A41A9DF80B3063B16A46A8
:109A500003213046FFF733FD009B03F525739C423D
:109A6000B7D90028C4D1E41A9DF80C30002BB2D02D
:109A7000A4F2262204213046FFF7DFFE7761054677
:109A8000A9E7B8F1000FDFD0019B03F525739C42D5
:109A90009FD9E41AD8E773B50646002501220B21A9
:109AA00096F85C01FFF7C3FA002204460B2196F8F2
:109AB0005C01FFF7BCFA0DF107020443132196F88D
:109AC0005C01FFF75DFC9DF8073064B2044301358B
:109AD0005B0760B2EDB207D0032D0AD00028DDD0BD
:109AE0006FF0130002B070BD032D08BF6FF00B00C4
:109AF000F8E76FF00B00F5E72DE9F04F9BB090F819
:109B000030310E910546002490F85C010593C02287
:109B100001212746FFF78BFA002840F03D83012200
:109B2000802195F85C012C74FFF781FA0122FF2156
:109B300095F85C01FFF77BFA2246214695F85C0117
:109B4000FFF775FA95F83A2195F85C019121FFF736
:109B50006EFA0122214695F85C01FFF768FA224669
:109B6000FF2195F85C01FFF762FA2246802195F803
:109B70005C01FFF75CFA214695F85C010122FFF7D2
:109B800056FA0146002840F0078301238DF84C3037
:109B9000064644F620689DF84C30DB0706F10106C6
:109BA0000BD5002940F0F582464508D095F85C01B8
:109BB00013AAFFF7E5FB0146EDE7464505D16FF037
:109BC000060630461BB0BDE8F08F002940F0E48265
:109BD0002846FFF7FFFB06460028F2D1032385F84D
:109BE000323195F85C0110AB0C221421FFF735FAE5
:109BF000002800F0D182BDF8423003935BBABDF873
:109C00004660ADF832309BB2BDF84A800293B5F899
:109C1000523195F8312176BA98FA98F8B6B2B3F580
:109C20007A7F1FFA88F84FEA46260DD008FB03F327
:109C30004FF47A7103F5FA73B3FBF1F3297F00292E
:109C400040F09B801FFA83F8002A00F0A1804FEAC1
:109C50008813DBB206934FEA98089DF84020BDF8C0
:109C60004830C2F3C302002101925BBAADF84C1038
:109C70009BB201995B024FF2A102CA40079395F88B
:109C80002830049302F001020D92002B00F0C681EF
:109C90002C7F002C00F088802A6A029B5A43803275
:109CA000140A06EB122295F8E0104FF47A7A0AFBB8
:109CB00002F9082909F500490CBF4FF0020B4FF0DB
:109CC000030B5FEA194073D1384BC5F840319A460F
:109CD0006B6B84B2002B00F0A48153452CBF4FF076
:109CE000000B4FF0010B95F82A90B9F1000F00F02E
:109CF000AC8195F85C01D5F83CA00122FF21FFF76B
:109D000096F9002800F08F816FF01300BDF84C2009
:109D10005202C5F84821BAF1000F00F09481524573
:109D200094BF00220122002840F0128295F82B10E7
:109D3000002900F08E81039B002B00F0888102989F
:109D40003302B3FBF0F3286C83422CBF00230123C2
:109D50000D98002840F0018201980138092800F28E
:109D6000EC81DFE810F0780178017801EA01EA017E
:109D7000FC01EA01FE01FC01FE010298298C41432D
:109D8000B6EB212F4FEA212005D152B948F6E02841
:109D90000023069361E79BB27343311AB3FBF1F3DF
:109DA00050E742F2B82852E732467CE7AE878F028E
:109DB000DFF8D4C3D5F8DC3008930CFB01F101F5D2
:109DC000FA730A93D5F8E430099395F8E8300999C5
:109DD0000CFB03F303F5FA734FF4FA6CB3FBFCFED0
:109DE0000AFB01EE0A99B1FBFCFC0899B3FBFAF3FC
:109DF0000AFB01CCBEFBF3F30A99B1FBFAF1BCFB01
:109E0000F1FC63440BFB03F340F27761DB0203F5E3
:109E1000FA73B3FBFAF34B4303F5FA73B3FBFAF1AE
:109E200002F180030A931A0A079B0F914A4302F139
:109E3000800C0AFB03F2CD4B1A40B2FBF0F2CC4887
:109E40004FEA1C2C824228BF0246BCF1010F4FF49E
:109E5000167038BF4FF0010C00FB02F30C2000FB22
:109E60000CF00B93FCF73BFAC04B0AFB04F4B4F57F
:109E7000481F09EA030928BF4FF4481409F5FA7985
:109E8000A9EB4404BB4BB9FBFAF9B4FBFAF4240286
:109E9000B4FBF9F42402C4F5803441F25C2203FBE4
:109EA00008F3B3FBF2F35C4304F50044640C04F5DF
:109EB000004464434FF44873A40B5C430B9B04F5CC
:109EC000004403F50049240C64434FEA19494FEA62
:109ED000400B09FB0940FCF702FA03046422323309
:109EE00041F2883AB3FBF2F340F6B532B3FBFBF331
:109EF00002FB03AAA04B0F990F919A459CBF42F217
:109F00001073BAFBF3FADDE90832134403F5FA7370
:109F10004FF47A7B4FF4FA62B3FBFBF0B3FBF2F23F
:109F200002F5C812B2FBF0F088BF4FF4704AFCF79C
:109F3000D6F9000200F5FA70B0FBFBF040430AFBD3
:109F40000A00FCF7CCF98D4B0F990BFB00FA9A45F0
:109F5000B5F854B128BF9A46D5F85831C5F840A194
:109F600003FB0BF380331B0A03FB0BFB002E53D0C8
:109F7000834B0A9A03EA822303EB5603B3FBF6F3FF
:109F800003EB43035B4303F500431B0C062009F17D
:109F90000309B9FBF0F9C9EBC909B9F5803F37BF2F
:109FA0000B9A784A0332B2FBF0F23FBFC2EBC20217
:109FB00002F50042120C524304EB510414440BF11D
:109FC0002000B4FBF1F4A403FE227F348009B4FB2B
:109FD000F2F45C4304F5FA744FF47A73B4FBF3F4CF
:109FE000FCF77DF9240104F5FA74B4F57A7F814613
:109FF00023BF4FF4FA604FF47A73B4FBF0F0002003
:10A0000022BF5844B4FBF3F4B0FBF4F0FCF767F95B
:10A01000484528BF48465BE63346B7E7DDF810B051
:10A0200061E69B465FE613AA95F85C01B621FFF74F
:10A0300041F9024600287FF467AE95F85C01FF21E4
:10A04000FEF7F5FF62E652466DE64A466EE6039B72
:10A0500079E60B467CE60527049895F829C0002888
:10A0600008BF4BF0010B019885F82EB004281ABFE9
:10A07000BCFA8CF040090120B9F1000F08BF42F092
:10A080000102002908BF43F0010385F82F0085F87D
:10A09000302085F8313005F1500CBCE80F000DF18F
:10A0A0004C0EAEE80F009CE8070000238EE8070086
:10A0B0001493079B1793BDF83230ADF86030069BC0
:10A0C00016968DF863308DF8647013AEADF8564077
:10A0D000ADF854800FCE05F150040FC49EE8070080
:10A0E0008CE807002846FFF7D6FC064600287FF4D8
:10A0F00068AD95F85C010122FF21FEF798FF00286A
:10A100004AD10E9A95F85C01B621FFF7D3F80028E2
:10A1100042D195F85C013246FF21FEF788FF002806
:10A120003AD1059A95F85C010121FEF780FF0646B9
:10A1300090BB059B85F8303143E5012A11D0019889
:10A14000042810D07BB9BBF1000F1FD10F465A462F
:10A15000394600273B463C467EE7FF277CE704273D
:10A160007AE7032778E7022776E700BF0000FFFFC2
:10A17000666666009A9906000F279F24AE878F02B5
:10A180000000FCFF0000F0FF002F3A005F461A4677
:10A1900062E746453FF413AD6FF0130611E510B5C5
:10A1A00041F001020446002190F85C01FEF73FFFF8
:10A1B00078B92046FFF70EF968B92046FFF76BFC27
:10A1C00048B90246014694F85C01BDE81040FEF72C
:10A1D0002EBF6FF0130010BD2DE9F3474FF0000ABA
:10A1E0000546884690F85C019DF828708DF807A018
:10A1F000FF21164601229946FEF719FF52460446F2
:10A20000514695F85C01FEF712FF52460443FF21C8
:10A2100095F85C01FEF70BFF64B2044364B2B9F138
:10A22000000F07D095F85C014246CB21FFF7A8F854
:10A23000044364B247B195F85C010DF10702EE21C9
:10A24000FFF79EF8044364B295F85C010122FF21F8
:10A25000FEF7EDFE01220443002195F85C01FEF7B4
:10A26000E6FE64B20443002295F85C01FF21FEF78C
:10A27000DEFE64B29DF80730204323F0100340B2A5
:10A28000337002B0BDE8F0872DE9FF471546012283
:10A2900090F830710446884690F85C014FF0000A4F
:10A2A00011461E468DF80FA0FEF7C1FE8146B0BBD9
:10A2B00040212046FFF773FF60BB012E34D1009090
:10A2C00033460DF10F0241462046FFF785FF40BBA4
:10A2D00094F85C0102220121FEF7A9FE804658BBDA
:10A2E00001462046FFF75BFF08BB012E22D1034643
:10A2F00000962A460DF10F012046FFF76DFF80B949
:10A3000094F85C013A460121FEF791FE48B984F8C1
:10A31000307101E088F8009004B0BDE8F08788F85B
:10A3200000A06FF01300F7E788F80000D0E785F889
:10A330000080F1E72870E3E700232B70F1E72DE9B7
:10A34000F04F002391B0CDE90712B0F83C61C0F89E
:10A350002431A0F8283101220446FF2190F85C0145
:10A360008DF82D30CDE90C338DF82C30FEF75FFEE3
:10A37000024628B16FF01305284611B0BDE8F08FF2
:10A3800094F85C014F21FEF752FE0028F2D12C22F6
:10A3900094F85C014E21FEF74AFE02460028E9D1FE
:10A3A00094F85C01FF21FEF742FE0028E2D1B422BE
:10A3B00094F85C01B621FEF73AFE02460028D9D196
:10A3C00094F85C018021FEF732FE03460028D1D1CB
:10A3D0000BAA0DF12D012046FFF756FF0546002878
:10A3E000CAD104F59573059304F5927703230DF113
:10A3F0003408CDE900030146CDF808803B4604F55A
:10A4000095722046FEF7E1FE05460028B4D10DF115
:10A410002E012046DDF83490FFF76EFB054600283C
:10A42000AAD1BDF82E20B24253D96149C4F8240103
:10A43000A4F8280109F1B402920901EB8202D2F8D2
:10A44000D42112B9B9F12B0F40D94FF0030ACDE94D
:10A45000009A059ACDF808803B4601212046FEF778
:10A46000B4FE002840F0A1800DF12E012046DDF859
:10A470003490FFF741FB002840F09780BDF82E2074
:10A48000B24200F289804FF0010B964240F2878081
:10A49000921B82EAE273A3EBE27306930323049315
:10A4A00004F592735FFA8BF80993099B93E8030014
:10A4B0000CAA0E90ADF83C1005984946FCF788F9B7
:10A4C0000C9B5A1C08D16FF031006EE009F10109B4
:10A4D000B0E74FF0000BD8E7354903F1B402920919
:10A4E00001EB8202D2F8D421003A18BF01225A456A
:10A4F0003AD1049A2F2B02F1010A4FEAD30C03F050
:10A500000701E0D80120884017F80C10014307F834
:10A510000C10394694F85C0103F10109FEF73FFD88
:10A52000002840D10DF12E012046FFF7E5FA002862
:10A530003BD1BDF82E00811B0029B8BF4942B04273
:10A5400026D9069B8B4211D20EAE314694F85C019F
:10A55000FEF725FD034696E80300C4F82401A4F89D
:10A560002811002B7FF406AFDDF810A0079BC3F87D
:10A5700000A0089B83F80080012384F81531079B15
:10A580001B6884F81331089B1B7884F81431F3E6B8
:10A59000CDF810A0069188E74FF00108E6E74FF0EC
:10A5A0000008C246E2E76FF013000546E4E600BF8C
:10A5B0003C1801082DE9F04F804B002504469DB062
:10A5C0002A46C0F86031061D88212920FEF72FFD9C
:10A5D0004FF47A73A4F856314FF4C873A4F8583185
:10A5E000774BC4F85C31774B84F8F4506562C4F85B
:10A5F000D8300CA930468DF830508DF83150FFF727
:10A6000011F8054690B9ADF830000DF1300CBCE8FA
:10A610000F0004F114070FC7BCE80F000FC7BCE818
:10A620000F000FC79CE80F0087E80F00664BC4F8C7
:10A6300038314FF4FA730127A4F83C314FF420630A
:10A64000A4F840313A46802194F8600184F85471AE
:10A65000FEF7EDFC3A468046FF2194F86001FEF7D4
:10A66000E6FC002248EA0008114694F86001FEF773
:10A67000DEFC45EA08056DB20DF1280805434246A7
:10A68000912194F86001FEF77BFE6DB29DF82830B1
:10A6900084F83E3105433A46002194F86001FEF704
:10A6A000C6FC6DB205430022FF2194F86001FEF75D
:10A6B000BEFC6DB20543002294F860018021FEF7D4
:10A6C000B6FC6DB205436DB24FF0000904F12C0ADF
:10A6D000002D46D11FFA89F3013B042B04D8DFE893
:10A6E00003F0435054586000012384F82C300AF8DA
:10A6F000097009F10109B9F1060FE9D18DBB94F890
:10A700006001E5850223FE226021FEF71DFE40BBAD
:10A7100094F8600184F830501023EF226021FEF796
:10A7200013FEF0B94FF49013A36394F82D3084F81E
:10A730003150CBBB4FF480454FF40C13C4E90F5399
:10A740000023FF2594F86001636484F834512A469D
:10A750000121FEF76CFC4FF0010B84F836B1824604
:10A76000A0B36FF0130955E1E26B94F86001C2F3F6
:10A770004F224421FEF703FC0028B8D06FF01305E8
:10A78000B7E7012384F82E30B1E7012384F82F3096
:10A79000ADE70023FE2294F860016021FEF7D4FDAE
:10A7A000EAE70023EF22F6E794F860012022442133
:10A7B000FEF7E5FB0028BDD0D3E700BF29019001DB
:10A7C000856B0100A4700900640084039C4F84F829
:10A7D000190187F86401014640220CA805F03CFDF0
:10A7E00094F8F490ADF81EA0B9F1070F8DF81BA0F6
:10A7F0008DF81CA0CDF820A000F0FA805A468021E8
:10A8000094F86001FEF713FC294605905A4694F827
:10A810006001FEF70CFC059B03435BB252465146B8
:10A8200094F860010593FEF702FC059B03435BB2BD
:10A830002946062294F860010593FEF7F8FB059B74
:10A8400003435BB20DF11D02832194F8600105936F
:10A85000FEF796FD059B9DF81D2003435BB242F079
:10A860000402832194F860010593FEF7E0FB059B49
:10A8700003435BB22946072294F860010593FEF773
:10A88000D6FB059B5A4643EA0005812194F86001F6
:10A89000FEF7CDFB6DB205430A20FDF7B1FD94F83C
:10A8A00060015A468021FEF7C2FB6DB2054319F0E4
:10A8B00001036DB2059340F0B1806B22942194F8AE
:10A8C0006001FEF7B4FB82463046FEF7B7FD09AAE9
:10A8D0004AEA000A902194F86001FEF7DBFC45EAA1
:10A8E0000A05099B6DB224229421054394F8600166
:10A8F000C3F3062AC3F3C03BFEF799FB6DB20543D1
:10A900003046FEF79BFD6DB2054309AA902194F8ED
:10A910006001FEF7BFFC099A6DB212BA942105439B
:10A920000A9294F860012522FEF781FB6DB205437F
:10A930003046FEF783FD6DB2054309AA902194F8D5
:10A940006001FEF7A7FC099A6DB2110E0543120CC7
:10A950006DB28DF82C108DF82D200022812194F8F5
:10A960006001FEF764FB06220543FF2194F86001B5
:10A97000FEF75DFB6DB205430DF11D02832194F8D6
:10A980006001FEF7FDFC9DF81D206DB2054302F04D
:10A99000FB02832194F86001FEF749FB6DB2054389
:10A9A0000122FF2194F86001FEF741FB6DB20543DF
:10A9B0000122002194F86001FEF739FB6DB20543D6
:10A9C0000022FF2194F86001FEF731FB6DB20543D0
:10A9D000002294F860018021FEF729FB6DB2054347
:10A9E0006DB22DB9059BDBB149F0010984F8F490F3
:10A9F00094F81851012D05D894F817A11CD1BAF17B
:10AA0000200F1FD907AA08A93046FFF798FC8146F6
:10AA1000002857D00A4B83F8649195E1D3469CE710
:10AA20000A98B8F8043084F817A184F818B1C4F86B
:10AA30002E01A4F83231D7E7BAF10C0FE1E700BFDD
:10AA400084180020012294F86001FF21FEF7EFFA3C
:10AA50000246C8B994F860014F21FEF7E8FA98B9A8
:10AA60002C2294F860014E21FEF7E1FA024658B913
:10AA700094F86001FF21FEF7DAFA28B994F8600132
:10AA8000B422B621FEF7D3FA0023C4F82831A4F883
:10AA90002C31002D40F03C812B460093CDE901A8DC
:10AAA00004F5947304F5977229463046FEF78DFB42
:10AAB00081460028AED1012384F8193184F817A10A
:10AAC00084F8185194F85431002B40F02381D4F8C5
:10AAD00050113046FEF7FAF9814600289AD1024615
:10AAE0000A2194F86001FEF7A2FA034600287FF4D9
:10AAF00038AE94F86001EF228421FEF725FC00288F
:10AB00007FF42FAE84F8DE003046FEF7C4FF8146A6
:10AB100000287FF47FAF0122FF2194F86001FEF747
:10AB200086FA0DF11E020546842194F86001FEF7B5
:10AB3000C1FB4A460543FF2194F86001FEF777FA0E
:10AB40006DB205436DB2002D7FF40BAEBDF81E3023
:10AB50001B01C4F8D8300CA93046FEF763FD00286D
:10AB60007FF4FFAD94F860010DF11B020921FEF79F
:10AB700007FC00287FF4F5AD9DF81B300CAD03F009
:10AB8000010384F835318DF81B300FCD04F1140C1E
:10AB9000ACE80F000FCDACE80F000FCDACE80F0014
:10ABA00095E80F008CE80F000DF11B0294F860018E
:10ABB0000121FEF7E5FB00287FF4D3AD9DF81B30A3
:10ABC0008DF8280084F8343194F860014246012160
:10ABD000FEF7D6FB00287FF4C4AD9DF82850E806A8
:10ABE00010D505F0EF0594F860012A460121FEF723
:10ABF0001EFA00287FF4B5ADA16984F834513046BF
:10AC0000FEF7DAFE002394F860018DF82830424602
:10AC10000121FEF7B5FB00287FF4A3AD9DF8285075
:10AC2000690710D505F0FB0594F860012A4601215B
:10AC3000FEF7FDF900287FF494ADA16984F8345142
:10AC40003046FEF7B9FE032584F8365109AA0021E3
:10AC50003046FEF71DFC00287FF483AD9DF82430BC
:10AC600084F8EC3009AA01213046FEF711FC0028D7
:10AC70007FF477AD9DF8243084F8E43042462946CD
:10AC80003046FEF71CFC00287FF46BAD0A9BC4F82D
:10AC9000E830424604213046FEF711FC00287FF4DC
:10ACA00060AD0A9BC4F8E03008AA09A93046FFF756
:10ACB00046FB87F86401002846D101230DF11D02EF
:10ACC0000DF11E013046FFF7DFFA87F86401002816
:10ACD0003AD1E26B94F860010125257584F82C5077
:10ACE000C2F34F224421FEF74AF9A8B1EC2387F8BA
:10ACF000643129E0013303F1B402920901EB8202CD
:10AD0000D2F8D421002A7FF4C8AE2C2BF2D1C4E6AD
:10AD10007C49F0E77C49DCE694F8600184F82D502A
:10AD20000C224421FEF72BF90028DFD14FF47013D9
:10AD300041F69912C4E90E3244F620613046FEF71E
:10AD40003BFE87F8640110B11DB0BDE8F08F5022C2
:10AD5000572194F86001FEF76AF994F8600108221F
:10AD60005621FEF764F90028C0D10AAA0321304613
:10AD7000FEF7A5FB18B1122384F8EC30B6E70CAA55
:10AD800002213046FEF79BFB0028F4D194F86001C5
:10AD900008225021FEF74BF90028ECD10A9A032132
:10ADA0003046FEF74AFD0028E5D10C9A02213046D4
:10ADB000FEF743FD122384F8EC30002896D1A169F8
:10ADC000DFF848813046FEF7F7FD70B9012194F8AD
:10ADD000600194F834510222FEF729F90146002857
:10ADE00084D13046FFF7DBF910B188F86401ABE796
:10ADF00094F860012A460121FEF719F981460028DE
:10AE00007FF474AF4822114684F8345188F8640105
:10AE100094F86001FEF70BF90822472194F86001CD
:10AE2000FEF705F903220546322194F86001FEF78A
:10AE3000FEF807220543302194F86001FEF7F7F889
:10AE40006DB205430122FF2194F86001FEF7EFF88F
:10AE50006DB205432022302194F86001FEF7E7F837
:10AE60006DB205434A4694F86001FF21FEF7DFF812
:10AE70006DB205436DB225B16FF0130588F86451CA
:10AE800062E70CAA04213046FEF719FB18B10E2325
:10AE900084F8E430F0E794F8600106227021FEF7B0
:10AEA000C6F80028F3D10C9A04213046FEF7C5FC01
:10AEB0000E2384F8E4300028DED1A1693046FEF785
:10AEC0007BFD05460028D9D194F8600194F83471CF
:10AED00002220121FEF7ABF80028CDD129463046E9
:10AEE000FFF75DF905460028C8D194F860013A469D
:10AEF0000121FEF79CF805460028BDD184F8347185
:10AF0000BCE700BF3C1801082A020020841800207A
:10AF1000012803D0022813D008B37047174A19B983
:10AF20004FF4804393617047012903D14FF480436C
:10AF300013857047938A9BB283F480439382704752
:10AF40000E4A11B94FF40053ECE7012902D14FF436
:10AF50000053EDE7938A9BB283F40053EEE7074A70
:10AF600011B94FF40043DDE7012902D14FF400434A
:10AF7000DEE7938A9BB283F40043DFE700080048D2
:10AF8000134B4FF480521A85124A40F2E93311896B
:10AF900089070BD510730F4A40F2E9331189C907AD
:10AFA00014D4013B9BB2002BF8D103E0013B9BB2D0
:10AFB000002BECD1084AB2F8663101339BB2A2F8FB
:10AFC0006631034B4FF480529A617047137BF8E768
:10AFD00000040048003800408418002007B50146EE
:10AFE00001AB02224020FEF738F830B1BDF8040072
:10AFF00040BA80B203B05DF804FB4FF6FF70F9E78A
:10B0000001F00703C90800EB810010B5016A9B003D
:10B010000F249C4021EA04010162016A9A400A431C
:10B02000026210BD0D4B0E484FF400525A605A6C2C
:10B030004FF6FE710A405A64D0F89C2113680B4009
:10B040001360D0E963239A4203D000F5B470FBF794
:10B050001DBA012380F8AC31704700BF00000240E8
:10B06000841800200148FBF796BA00BFEC190020B5
:10B070000148FBF790BA00BF401A0020184AB2EB13
:10B08000902F4FEA902323D3083A93420FD8493A9E
:10B0900093421FD0013293421ED0B3F5801F4FF070
:10B0A000FF3018BF002080F0FE00C0B27047A3F54B
:10B0B00080134B3B072B0BD8DFE803F0100A040A80
:10B0C0000A060A08042070470520704706207047CA
:10B0D000FE20704702207047032070470020704711
:10B0E000520010002DE9F84F234D244FDFF89480D3
:10B0F00000242E78E0B2864211D8214B1B685B03F6
:10B100000BD500241D4DDFF88080224650274FF0DC
:10B110002809A246E3B29E420CD8BDE8F88F57F842
:10B1200020302BB10B2803D8DB6838F81010984773
:10B130000134DEE72B6859689142AB4612D00846CD
:10B14000FFF79CFFEFF3128387F312884A6A09FB2B
:10B150000080013242624A6942F001024A61DBB278
:10B1600083F31188DBF800301B680435C3F800A0B6
:10B1700001340A46CEE700BF480E00204C0E0020E6
:10B18000640C0020180C002010120020224B10B577
:10B19000224C5343224AB2FBF3F203880139013AAD
:10B1A000A04289B292B29BB206D123F070039BB247
:10B1B00023F440739BB214E01A4CA042F5D0B0F1D6
:10B1C000804FF2D0A4F59834A042EED004F580640C
:10B1D000A042EAD0144CA04203D004F58064A042FF
:10B1E000E6D103800D4BC162984202850FD003F572
:10B1F000006398420BD003F54063984207D003F5F3
:10B200008063984203D003F58063984201D1002304
:10B2100003860123436110BD40420F00002C014012
:10B2200000A24A04003401400010004001490248D5
:10B23000FBF7E9B910120020002C0140FFF7F6BF20
:10B2400002494FF08040FBF7DEB900BF3812002002
:10B2500001490248FBF7D7B9601200200004004002
:10B2600001490248FBF7CFB98812002000080040CE
:10B2700001490248FBF7C7B9B01200200034014071
:10B28000FFF7F6BF01490248FBF7BDB9D81200200D
:10B290000040014001490248FBF7B5B90013002006
:10B2A0000048014070B50F4E0F4C4FF47A73B0FB5D
:10B2B000F3F596F810322BB9636903209847012300
:10B2C00086F81032E369094A09492846984740B18F
:10B2D000084B1A68084B03201A606369BDE8704088
:10B2E000184770BD841800202C1100202C0B002062
:10B2F000240B0020C4090020401000202DE9F0415B
:10B300000022012603250B6806FA02FE3EEA03032B
:10B3100031D10C795700631E05FA07FC012B6FEA47
:10B320000C0C17D8836803EA0C0383604B79D0F8C0
:10B330000880BB4043EA0803836083889BB223EA0A
:10B340000E0383808B79B0F804E0934043EA0E0348
:10B350009BB28380036803EA0C0303600368BC406C
:10B360001C430460C46805FA07F324EA0304CB799C
:10B37000BB402343C3600132102AC4D1BDE8F08131
:10B3800073B50C4600250126228806FA05F31A42F9
:10B3900018D00093A37803F003028DF80420E2781C
:10B3A000022A02D0032A18BF01228DF8052069461F
:10B3B000C3F30112C3F381038DF806208DF8073023
:10B3C000FFF79CFF0135102DDED102B070BD73B5C3
:10B3D000124C134B0C2202FB0040F0300E4607C803
:10B3E00003F5AA7585E80700344402228DF807208A
:10B3F000B3F85821ADF804200A4994F8E4218DF8F7
:10B400000620D3F85C014A6902434A61D3F854012B
:10B4100001A9FFF7B5FF02B070BD00BF3C180108DD
:10B42000841800200010024013B50E4C94F811321D
:10B43000B3B90D4B1B689BB11A681AB10B49486927
:10B4400002434A619A889868ADF8042001A94FF434
:10B450000072ADF80620FFF793FF012384F8113244
:10B4600002B010BD841800200C1100200010024012
:10B4700008B5FFF7D9FF024B4FF480521A8008BD80
:10B480002600002010B5164CFFF7CEFFA368202140
:10B490007F2098471420FCF7B3FFA3681F210120E9
:10B4A00098470A20FCF7ACFF0021A368084698479C
:10B4B0000A20FCF7A5FFA3683521142098470A202D
:10B4C000FCF79EFFA3680021102098470A20FCF794
:10B4D00097FFA3680021BDE810401120184700BF66
:10B4E000001100202DE9F74F824D04689A4695F827
:10B4F0001232074690465A1C85F8122220460A4608
:10B5000005F5057941464FEA031B09EB0319FFF7DF
:10B510003DFE3B89ADF80430786840F2022301A972
:10B52000ADF80630FFF72CFFBE7A082E00F0A2809F
:10B5300022D8002E41D0042E74D03B7B1BB1636C0B
:10B5400043F40043636423889BB243F00103082E55
:10B55000238000F0CA8000F2B480002E00F0B98091
:10B56000042E00F0BD805D444846A5F81C82C5F855
:10B57000184203B0BDE8F08F0C2EDED1236A5E487E
:10B5800023F480532362226A6168E369844223F4CE
:10B59000E64343F4E04342F4405203D000F5006038
:10B5A000844201D141F480416160E361C4F840A06C
:10B5B0002262E36943F4006378E0236A4E4823F093
:10B5C00001032362236A6168A26922F4803222F0B7
:10B5D0007302844242F070021BD000F50060844286
:10B5E00017D000F54060844213D000F5806084429B
:10B5F0000FD000F5806084420BD043F003036160FC
:10B60000A261C4F834A02362A36943F00803A361D4
:10B6100093E723F00C0321F4407143F0030341F45A
:10B620008071ECE7236A344823F010032362236A15
:10B630006168A26922F0807222F4E642844242F4F8
:10B64000E0420ED000F5006084420AD043F030039F
:10B650006160A261C4F838A02362A36943F4006367
:10B66000D5E723F0C00321F4406143F0300341F4F7
:10B670008061EDE7236A204923F480732362206A06
:10B680006268E3698C4223F0730343F070030FD0C8
:10B6900001F500618C420BD040F440706260E361C0
:10B6A000C4F83CA02062E36943F00803E36144E787
:10B6B00020F4406022F4405240F4407042F4805242
:10B6C000ECE70C2E7FF44FAF05EB0B0304F14002C7
:10B6D00003E005EB0B0304F13402C3F8142242E744
:10B6E00005EB0B0304F13802F7E705EB0B0304F15C
:10B6F0003C02F2E784180020002C0140154A002388
:10B70000136053609360144A136053609360134A4C
:10B71000136053609360124A136053609360114B3F
:10B7200093ED000AB4EE400AF1EE10FA0AD693ED5A
:10B73000021AB4EE411AF1EE10FA03D6D3ED010A63
:10B74000FBF74ABA9FED081AF0EE410AB0EE410A43
:10B75000F6E700BFE8160020001700200C170020B5
:10B76000F41600201C1700200000000010B5304C1B
:10B77000D4ED013A94ED046A94ED003A94ED037A25
:10B7800094ED024AD4ED056A63EE867AF6EE005A2D
:10B79000E3EE077A8AB02146B0EE635AE4EE267AE9
:10B7A00007A8F0EE444A67EEA57AF0EE435AA6EEFB
:10B7B000675AE6EEE74AA3EEE76AE7EE675AE4EE79
:10B7C000676AA3EE677A66EE647ACDED066AE5EE07
:10B7D000267A66EEE56A8DED047AE4EE876A27EE56
:10B7E000457ACDED075AA5EE867A8DED085ACDED56
:10B7F000094A8DED056ACDED017ACDED026A8DED38
:10B80000037AFBF717F818B90AB0BDE8104075E7DE
:10B8100004F10C0104A8FBF70DF80028F4D004F1A2
:10B82000180101A8FBF706F80028EDD00AB010BDFA
:10B830004400002000210120FCF768BF0EB42DE970
:10B84000F04386B00DAC5A4B54F8045BCDE901349B
:10B8500000264FF00A092B782BB3252B05D0013594
:10B86000019A511C019113704AE06B78302B08BF8C
:10B87000AB78A3F1300219BF02354FF00008033551
:10B880004FF00108092A4FF0000721D96C2B2BD16A
:10B8900015F8013B0121642B69D033D8252BDFD06B
:10B8A00024D8002BD7D1019B002230461A7006B055
:10B8B000BDE8F04303B07047A3F14102052AE5D883
:10B8C000A3F137020A2A0FD115F8013B09FB07271C
:10B8D000A3F13002D1B20929F6D9A3F16102052AF8
:10B8E000EAD8A3F15702EDE70021D4E7582B4BD05B
:10B8F000632BB0D1019B14F8042B1A70591C0191D1
:10B900000136A8E7A3F16E02D0B20A28A3D80A2A0A
:10B91000A1D801A050F822F0A7B9000857B8000834
:10B9200057B8000857B8000857B800089FB9000872
:10B9300057B8000845B9000857B8000857B80008BC
:10B9400089B9000854F8040B03AB59B100220A214D
:10B95000FAF7BEFB03AB4246394601A8FAF712FFDD
:10B96000064478E70A460A21FAF7B2FBF2E754F8F0
:10B97000040B0028BFBF2D238DF80C3040420DF181
:10B980000D03A8BF03ABE1E7583B5A425A4154F8B4
:10B99000040B03AB09B11021DAE71021E4E754F8F6
:10B9A000043B0022D8E754F8043B1E6053E700BF75
:10B9B000800A002010B5FAF775FC4FF430240128F6
:10B9C00006D10CB9052010BDFAF76CFC013CF6E776
:10B9D000002C08BF0520F6E7F8B522220021124806
:10B9E000124D04F039FC124B0022194605240120A7
:10B9F0001646013215F9017B83F89871042A83F801
:10BA00009C4183F89D0183F89F6183F89E4103F177
:10BA10000803EED10223A1F8A231522381F8963116
:10BA2000A1F89A01F8BD00BFFE05002038180108F2
:10BA3000680400200B4B0C4A1A600C4B196000F193
:10BA4000500302781AB98178C278914208D3043041
:10BA50009842F6D10023064A83F001031370704721
:10BA60000123F8E718100020380500201C100020E2
:10BA70003E00002070B5224C25686B6823F07F7370
:10BA800023F4593323F47F7323F0030343EA004381
:10BA900002461C48184368600023206849F6FF7579
:10BAA0008669760717D5406AC8540133D8B28242F6
:10BAB000F3D1154920684FF42042C1F860210024D9
:10BAC0008569AE0614D4013A551C4FF00104F7D134
:10BAD000C1F8602107E0013DAE1CE1D10A4B4FF0F7
:10BAE000FF32C3F86021FAF795FE0023184670BDB7
:10BAF0000CB1C1F860212022DBB2C261F6E700BFC1
:10BB0000840D0020C624000284180020F0B5544E95
:10BB1000377885B00D461446002F67D1514B1B680E
:10BB2000C01A514B1B68984261D301A90920FFF745
:10BB3000A1FF00285BD0002D56D0002C54D0BDF8BA
:10BB40000430DFED4A6ADFED4A7A4A4ADFED4A5AAD
:10BB50009FED4A6A9FED4A4ADFED4A4A9DF8077019
:10BB60009DF808009DF80A105BBA9BB207EE103AE8
:10BB7000B8EE477A444BE7EE267ADFED446AC2ED31
:10BB8000007ADFED437A93ED035A37EE677AD3ED0F
:10BB9000007A67EE277A67EE877AE7EEA56AD3ED3B
:10BBA000017A67EE277A67EE877A67EEA57AE5EE87
:10BBB000067A93ED026A9FED375A27EE066A26EE63
:10BBC000077A9FED356AA7EE256A66EE845AE6EE9F
:10BBD000245AE7EE855AF5EE405AF1EE10FA09D1F3
:10BBE00000232B601368236001233370012738463C
:10BBF00005B0F0BD27EE867A66EEA73A27EE047A06
:10BC000026EE866AA3EEA47A030243EA07430B43B7
:10BC1000A6EE057A9FED216A87EE255A9FED207AE0
:10BC2000DFED205A27EE677A76EEE77AA6EE867A7F
:10BC300076EE856AA5EE657AC7EE275A07EE903A4A
:10BC400036EE656AF8EEE77A26EE266A77EE857AB2
:10BC500086EE277A77EE257AC5ED007AC2E700BF37
:10BC600058110020541100205011002000002F3BDB
:10BC7000000034C24C110020000080330000004559
:10BC80000050C3C600B808C71C1100200000604A5D
:10BC90000000004700606A470000384B00C82F478B
:10BCA00000409C4700B80847254A38B5034610684D
:10BCB00049F6FF72846925040BD5013A941CF9D129
:10BCC000204B4FF0FF32C3F86021FAF7A3FD0020AC
:10BCD00038BD44681C4D1D4A2C40224342604268D6
:10BCE0002A4042EA034242F0007242F0C602426039
:10BCF00049F6FF728469A50703D4013A941CF9D16F
:10BD0000DEE7013B11F8012B826213F0FF03EFD154
:10BD10000C494FF42042C1F860218469A50607D47C
:10BD2000013A541C4FF00103F7D1C1F86021CCE770
:10BD30000BB1C1F860212023C3610120C8E700BF17
:10BD4000840D002084180020009800FCC62001010A
:10BD5000022813B518D003281AD0E8B1072246F6F6
:10BD600025030F4C5BBA01A902202260ADF8043014
:10BD7000FFF79AFF0B4B206800221A700A4B1A68D3
:10BD80000A4B1A6002B010BD182247F2DF03E8E741
:10BD9000622247F66603E4E7032246F29C03E0E7EB
:10BDA0005011002058110020C40900205411002017
:10BDB0002DE9F74340F203234FF6FF71CDE900135D
:10BDC0004FF000080446464694F82C505FFA88F776
:10BDD000BD426CD82269130F844BD96A14BF21F479
:10BDE000785121F4F871D962D96A0A43DA62D4E948
:10BDF0000202596902430A4360685A61FAF748FC33
:10BE0000026823686169012E94BF4FF0000C4FF067
:10BE1000010C6FF30E1242EACC1242F4145242F0BB
:10BE2000200203F14007026046608760C16002683B
:10BE3000B3F1A04F42F0010202606D4802D06D4A9A
:10BE4000934248D16C498A68024042F468328A6061
:10BE5000D9686A4A0A4042F40052DA601A6B013E1D
:10BE600022F00F0216431E63002001213827072607
:10BE70004FF01F0CC2B295422FD89A6842F00102CF
:10BE80009A601A68D207FCD5DA6822F00202DA60FA
:10BE9000DA6842F00202DA60DA6842F00102DA603F
:10BEA0009A6842F004029A6003B0BDE8F083A36987
:10BEB000DB5D6BB1E36933F817300093236A6946A1
:10BEC00053F82700FFF71AFA626A731CD655DEB2E0
:10BED00008F1010878E74A49B5E7A269125C4AB35C
:10BEE000A26A0429125C27D801EB410ED3F83080F6
:10BEF0004FEA4E0E0CFA0EF928EA090802FA0EFE75
:10BF00004EEA080EC3F830E0092A58D90A3AD3F8A5
:10BF100018E0D3F818E002EB420206FA02F22EEA29
:10BF2000020EC3F818E0D3F818E042EA0E029A6154
:10BF30000131C9B201309DE7092914D8A1F1050EDC
:10BF40000EEB4E0ED3F834804FEA4E0E4FF01F0921
:10BF500009FA0EF928EA090802FA0EFE4EEA080E5E
:10BF6000C3F834E0D0E70E2914D8A1F10A0E0EEB85
:10BF70004E0ED3F838804FEA4E0E4FF01F0909FAE3
:10BF80000EF928EA090802FA0EFE4EEA080EC3F876
:10BF900038E0B9E7A1F10F0E0EEB4E0ED3F83C805E
:10BFA0004FEA4E0E4FF01F0909FA0EF928EA090868
:10BFB00002FA0EFE4EEA080EC3F83CE0A4E7013A8E
:10BFC000D3F814E0D3F814E002EB420207FA02F8C7
:10BFD0002EEA080EC3F814E0D3F814E0033206FA90
:10BFE00002F242EA0E025A61A2E700BF00100240CC
:10BFF000E010FCFF000100500003005007C0FFFDEF
:10C00000000700500B4B0C49DB68DB43C3F30223F2
:10C010000122C3F1040310B502FA03F30C181B014B
:10C02000DBB284F80033430900F01F00824041F87E
:10C03000232010BD00ED00E000E100E02DE9F34118
:10C040001D468F4B9DF8207098428846164640F05A
:10C05000B9808C4C8C4BC4F8683104F53573C4F846
:10C060007C3104F57573C4F880314FF48073C4E9F2
:10C070005D33864BC4F89C31A3F54843203BC4F89C
:10C08000B4310433C4F8B03103F55743D833C4F89E
:10C0900070219A69C4F8B80142F480429A615A69E1
:10C0A00042F001025A6140F20233ADF8043000233D
:10C0B0009F428DF806300CBF01230223012D8DF81D
:10C0C00007300FD04FF090404FF400730093436A55
:10C0D00023F0F0034362436A43F07003436269460E
:10C0E000FFF70CF94FF090404FF480630093436AE0
:10C0F000674C23F470634362436A43F4E063436232
:10C100006946FFF7FBF80E20FFF77CFF2520FFF7BD
:10C1100079FF012384F8443000232046C4E9073323
:10C12000C4E90933C4F82C806571A660A771FCF7D7
:10C1300097FD206B002800F09380E76CE16866694A
:10C14000FAF7A6FA0368226D6FF30E1343F48553D2
:10C1500089B2036041608760C660036843F00103F1
:10C160000360936843F04003936043689BB2236489
:10C17000012D1ED0606B00287AD0A56C2169FAF7DA
:10C1800087FA03686FF30E1343F4845343F01003EC
:10C19000036089B2002341608560C360026842F099
:10C1A00002020260226D43604360936843F08003A3
:10C1B0009360226D136843F001031360204602B0C0
:10C1C000BDE8F081334B984258D12E4C2E4BC4F829
:10C1D000BC314FF48073C4E97233C4F8C42104F253
:10C1E000D4432D4AC4F8D03104F2D453C4F8D43126
:10C1F000D369C4F80C0243F40033D36140F2023334
:10C20000ADF8043000239F428DF806300CBF0123A7
:10C210000223012D8DF807300ED04FF090400423FB
:10C220000093036A23F470630362036A43F4E063D8
:10C2300003626946FFF762F84FF0904008230093CD
:10C24000036A164C23F470430362036A43F4E04329
:10C2500003626946FFF752F82620FFF7D3FE58E73E
:10C26000236D20221A621A6842F020021A607FE7CA
:10C27000226D136843F0800313609AE700249DE762
:10C280000038014084180020241A010844000240AC
:10C29000EC1900200044004000100240401A002029
:10C2A0002DE9F341DFF864C09DF824700E46114675
:10C2B0001A469DF8203004464FF00C08002008FB79
:10C2C00000FE0EEB0C051CF90EE0A64504D0013073
:10C2D0000428F4D1002005E028890028FAD124B1EF
:10C2E000012C0CD002B0BDE8F08106480097FFF7A2
:10C2F000A5FE0028F6D004712E816860F2E702489E
:10C300000097F4E70038014000440040D00D0020C1
:10C3100007B51B4B1B4A1A601B4B93F83E3123B3E6
:10C32000012B09D119490320087019490720087009
:10C3300018490B700C231370174B184A1A604020D1
:10C34000FCF7CAF970B10123002290F900004021E6
:10C35000CDE90032124A4FF4E133FFF7A1FF003874
:10C3600018BF012003B05DF804FB084902200870E3
:10C3700007490320087007490B700723DBE700BF5C
:10C380003C150020C00D0020680400203A15002054
:10C39000401500208418002038000020BD610008EE
:10C3A000E982000870B5154DAB894FF47A73E2B19C
:10C3B00069B111F8016B2C89A4070AD52E732C8959
:10C3C000E40713D45C1EA4B243B12346F7E7FF266B
:10C3D000F1E75C1EA4B20BB12346ECE7084AB2F8C1
:10C3E000663101339BB2A2F8663170BD2C7BE4B29A
:10C3F00008B100F8014B013AD9E700BF003800400E
:10C400008418002073B50C4C207880B10B4D0523A7
:10C410004FF48056ADF8003001A82E8502226946FF
:10C42000FFF7C0FFAE619DF8050000F0010020702D
:10C4300080F0010002B070BD460E002000040048EC
:10C4400070B5054D2E680446FFF7DCFF18B92B6860
:10C450009B1BA342F8D970BDC40900202DE9F04F01
:10C46000464BDFF82C911C7899F800309C4289B03B
:10C4700015D0434A434FDFF81CB104EB0201CDE96C
:10C48000041296BF1C1BC4F180040023CDE90643AF
:10C490001C443CB9394A002389F80030137009B0B4
:10C4A000BDE8F08F3B683A8854FA83F1B1F5807F9C
:10C4B000DBF80C10DEB28CBFC6F5807626468B42C8
:10C4C00052BAE7D202211B0C06208DF80C108DF811
:10C4D0000D30ADF80E20FFF7B3FF0620FEF750FD3C
:10C4E000294B01221A70294B4FF480521A8503A957
:10C4F00004220020FFF756FF069D6DB3B542DDF81C
:10C5000010802BD22A4641460020FFF74BFF721BBA
:10C510000023454404950693079DA5B1AA42DDF882
:10C52000148020D805AB0DF11C0A41460020CDE94E
:10C530000023FFF737FF009A019B08EB0201AA1ABC
:10C540001960CAF80020114B4FF480529A613B6881
:10C550003344A41B3B609CE73246DDE7324604AB24
:10C560000DF1180AE1E741462A460020FFF71AFFBD
:10C5700008EB0501002305910793E4E7000E002076
:10C58000ED170020040E0020460E00200004004895
:10C59000010E002028000020F7B503238DF8043099
:10C5A000030C40BAADF8060006200D4614468DF87F
:10C5B0000530FFF745FF90B10A4E04224FF4805733
:10C5C0000DEB020100203785FFF7ECFE224600212B
:10C5D0002846FFF7E7FEB761204603B0F0BD0446EA
:10C5E000FAE700BF00040048024640213C20FCF767
:10C5F000E2BC10B5B020FCF7E9FC4020FCF7E6FCFB
:10C600000020FCF7E3FC1020FCF7E0FC4FF4006492
:10C61000013C0020A4B2FFF7E7FF002CF8D110BDC9
:10C62000F8B50C4F461E16F8013F03B9F8BD03EBF1
:10C630008303A3F1A1043C440025013514F8010F44
:10C64000EDB2FFF7D1FF052DF7D10020FFF7CCFFAA
:10C65000E9E700BF401A0108054A138823EA0000F1
:10C660008342108002D00120FBF76EBF704700BFED
:10C67000600C0020044A138818438342108002D0C3
:10C680000120FBF761BF7047600C0020844641EA3F
:10C69000000313F003036DD1403A41D351F8043B3A
:10C6A00040F8043B51F8043B40F8043B51F8043B8C
:10C6B00040F8043B51F8043B40F8043B51F8043B7C
:10C6C00040F8043B51F8043B40F8043B51F8043B6C
:10C6D00040F8043B51F8043B40F8043B51F8043B5C
:10C6E00040F8043B51F8043B40F8043B51F8043B4C
:10C6F00040F8043B51F8043B40F8043B51F8043B3C
:10C7000040F8043B51F8043B40F8043B51F8043B2B
:10C7100040F8043B51F8043B40F8043B403ABDD29A
:10C72000303211D351F8043B40F8043B51F8043B3C
:10C7300040F8043B51F8043B40F8043B51F8043BFB
:10C7400040F8043B103AEDD20C3205D351F8043BCB
:10C7500040F8043B043AF9D2043208D0D2071CBF97
:10C7600011F8013B00F8013B01D30B8803806046C0
:10C77000704700BF082A13D38B078DD010F0030336
:10C780008AD0C3F10403D21ADB071CBF11F8013BA6
:10C7900000F8013B80D331F8023B20F8023B7BE7F5
:10C7A000043AD9D3013A11F8013B00F8013BF9D220
:10C7B0000B7803704B7843708B78837060467047BA
:10C7C00030B490F800F020F007016FF0000C10F08A
:10C7D000070491F820F040F048804FF000046FF01B
:10C7E0000700D1E9002391F840F000F1080082FA37
:10C7F0004CF2A4FA8CF283FA4CF3A2FA8CF34BBB02
:10C80000D1E9022382FA4CF200F10800A4FA8CF27A
:10C8100083FA4CF3A2FA8CF3E3B9D1E9042382FA48
:10C820004CF200F10800A4FA8CF283FA4CF3A2FA5D
:10C830008CF37BB9D1E9062301F1200182FA4CF295
:10C8400000F10800A4FA8CF283FA4CF3A2FA8CF3FC
:10C85000002BC6D0002A04BF04301A4612BAB2FA1E
:10C8600082F200EBD20030BC7047D1E9002304F023
:10C870000305C4F100004FEAC50514F0040F91F858
:10C8800040F00CFA05F562EA05021CBF63EA0503F5
:10C8900062464FF00004AAE753B94AB9002908BF1D
:10C8A00000281CBF4FF0FF314FF0FF3000F0E2B81E
:10C8B000ADF1080C6DE904CE03F096FDDDF804E05F
:10C8C000DDE9022304B0704700F1340191E838003B
:10C8D0009C46A6464CF8045D90E8FF0FE54600BD77
:10C8E00090EC210B704700BF80EC210B704700BF1C
:10C8F00090EC200B704700BF80EC200B704700BF0E
:10C90000D0EC200B704700BFC0EC200B704700BF7D
:10C91000F0EC0201F0EC0211F0EC0221F0EC02313B
:10C92000F0EC0241F0EC0251F0EC0261F0EC02712B
:10C93000F0EC0281F0EC0291F0EC02A1F0EC02B11B
:10C94000F0EC02C1F0EC02D1F0EC02E1F0EC02F10B
:10C95000704700BFE0EC0201E0EC0211E0EC0221C4
:10C96000E0EC0231E0EC0241E0EC0251E0EC02616B
:10C97000E0EC0271E0EC0281E0EC0291E0EC02A15B
:10C98000E0EC02B1E0EC02C1E0EC02D1E0EC02E14B
:10C99000E0EC02F1704700BFB0FC0181B0FC0191F6
:10C9A000B0FC01A1B0FC01B1704700BFA0FC018147
:10C9B000A0FC0191A0FC01A1A0FC01B1704700BF47
:10C9C000EC4600B52DE900502DE9FF1F4FF00003A4
:10C9D0002DE90C0001A903F0E1FFDDF840E012B001
:10C9E000704700BFEC4600B52DE900502DE9FF1F50
:10C9F0004FF000032DE90C0001A904F00DF8DDF85B
:10CA000040E012B0704700BFEC4600B52DE9005081
:10CA10002DE9FF1F4FF000032DE90C0001A904F0E0
:10CA20001DF8DDF840E012B0704700BFEC4600B5DD
:10CA30002DE900502DE9FF1F4FF000032DE90C00F8
:10CA400001AB03F0E1FFDDF840E012B0704700BF3A
:10CA5000EC4600B52DE900502DE9FF1F4FF0000313
:10CA60002DE90C0001AA04F055F8DDF840E012B001
:10CA7000704700BF704700BF2DE9F04F2DED108BC0
:10CA80008BB0F7F7EBFE3A4D3A4C94F80236002B98
:10CA90003FD0D4F85C3555F8302CC4F804369B1AD6
:10CAA000B3F5FA6F5CD200210220FCF793FA324B07
:10CAB000324A334904F5C360FEF7C0FE04F5C36093
:10CAC000FFF7AEFD02210846FCF784FA2D48FFF778
:10CAD000A7FD04210020FCF77DFA2B4B2B4A2C49A3
:10CAE00004F5C360FEF7AAFE04F5C360FFF798FDE6
:10CAF00006210220FCF76EFA264A274904F5C36096
:10CB0000FEF79CFE04F5C360FFF78AFD012384F85D
:10CB10000C3694F8FE35D4F800684BB155F82C3C2F
:10CB2000F31A002BA2BF002384F8FE3584F8FF35EA
:10CB3000D4F8FC2742F20103134008BF05F8283C53
:10CB4000100768D5D4F8E8361B7A062B63D8DFE8DF
:10CB500013F025002500A1015D029702C702C7025C
:10CB600094F80C36002BD4D0FFF743FD0023CEE71A
:10CB700060150020680400204F1E01085C1E01089B
:10CB8000641E01086E1E0108801E0108871E010830
:10CB90008D1E01082D1E01089C1E010815F8273C5A
:10CBA000CBB3002305F8273C55F8243C15F826CCD8
:10CBB00093F800E015F8208C0221681810F81F3C4B
:10CBC00043FA0CF303F00F0373450FD20B2B0DD870
:10CBD00010F81F7C481C284405EB830310F81F0C39
:10CBE00007EA080700EB072043F80C0C0231102974
:10CBF000E3D10123012105F8281C9F49C3F3400319
:10CC000081F83C3083F0010384F8FE3506F5C33328
:10CC1000A03345F82C3C530419D594F8C439002BA3
:10CC200000F06782012105F8281C84F8FE1592495E
:10CC3000002384F8C43981F83C3006F5F42303F569
:10CC4000907345F82C3C94F8FE3584F86135D7078D
:10CC500017D595F8C01095F8C1308B420DD001233F
:10CC600084F8FF35844B85F8C110002083F83D001F
:10CC700006F5C333A03345F82C3C94F8FF3584F80F
:10CC80006135900409D57D4A002332F8021B002942
:10CC900041F0838601330C2BF7D1F3F7F9FA15F83D
:10CCA000288CB8F1000F05D1D4F8C03AF31A002B44
:10CCB000C0F22282F6F708FB012385F8DA3095F8F6
:10CCC000DB305BB1D4F82439590707D5D4F82C36BA
:10CCD0001A0700F125820820FFF7BEFCFBF73EFA99
:10CCE000A389C4F800082BB1D5F80021821A002AC4
:10CCF000FFF6CAAE0344C5F800316148D4F8B03A33
:10CD0000D4F8E0769847002879D05D4994F8A82CAB
:10CD10000846FBF7A3FDB4F85485B8F1000F59D0CD
:10CD2000D4F81C37574E1B78DFF854B1DFED568A24
:10CD300008EE103A06F13C0A06F144090022B8F563
:10CD40007A7F02BF0023C9F800303361BBF90000CD
:10CD5000D9F8003007EE900A0344306949F8043BE3
:10CD6000411C0129F8EEE77A316140F0D482C6ED2A
:10CD7000017AB0EE687AB8F1010F2BF8022B2AF88D
:10CD8000022BC6ED007A86ED027A40F0E582012999
:10CD9000C6BF07EE900A96ED037A9FED3B0A029319
:10CDA000C4BFF8EEE77A87EE270A01F0CFFE029BB8
:10CDB000002218EE101A002900F0C682F8EEC87A98
:10CDC000F4EEC07AF1EE10FA40F1BE824FF47A73BD
:10CDD000A4F85435B4F84C39B5F840219B1AA4F89E
:10CDE0004C39B5F84221B4F84E399B1AA4F84E39A3
:10CDF000B5F84421B4F850399B1AA4F85039FBF720
:10CE0000ADF9D5F854319FED217ADFED21AAC5F8AF
:10CE10005401C31A07EE903AF8EE677AC7EE878A94
:10CE2000F4EEEA8AF1EE10FA40F3C0820023C5F86E
:10CE30005831FBF793F9D4F8483DC4F80008C31AF9
:10CE4000A5F8343294F8EC35C4F8480D13F0040317
:10CE500001F0B983D4F8F435002B01F0A580013B33
:10CE6000062B01F2A180DFE813F08908260A710A77
:10CE7000E60A020B210B890B00000020221600207D
:10CE8000B40D002064160020000000000024744946
:10CE9000CDCC4C3E95F82430002B3FF4BCAE95F839
:10CEA0002700002385F8243095F8263000F007018C
:10CEB00043EA012395F82810C4F8F83C01F03F0339
:10CEC0005B0143EAD003C4F8FC3C95F829309B0091
:10CED00043EA911395F82A1001F0010043EA8023F8
:10CEE00095F82B00C4F8003D00F00F03DB0143EA86
:10CEF000510395F82C10C4F8043D01F07F031B0189
:10CF000043EA1013C4F8083D95F82D3095F82E002B
:10CF10005B0043EAD11300F0030143EA412395F893
:10CF20002F10C4F80C3D01F01F039B0143EA90034E
:10CF3000C4F8103D95F8303095F83200DB0043EA34
:10CF40005113C4F8143D95F8313000F0070143EA5D
:10CF5000012395F83310C4F8183D01F03F035B013D
:10CF600043EAD003C4F81C3D95F834309B0043EAF3
:10CF7000911395F8351001F0010043EA802395F8EC
:10CF80003600C4F8203D00F00F03DB0143EA5103F3
:10CF900095F83710C4F8243D01F07F031B0143EAE4
:10CFA0001013C4F8283D95F8383095F839005B0027
:10CFB00043EAD11300F0030143EA412395F83A1004
:10CFC000C4F82C3D01F01F039B0143EA9003C4F811
:10CFD000303D95F83B30DB0043EA511395F83C10A7
:10CFE000C4F8343D11F0010F40F214730CBFAD20B2
:10CFF000184611F0020F08BFAD230907C4F8380D19
:10D00000C4F83C3D7FF5F5AD0323F3E595F83E10FC
:10D0100000293FF400AE95F83F00B5F840700021BC
:10D0200085F83E1005EB400191F845C091F8461097
:10D0300041EA0C218F427FF4EEAD95F843100129AF
:10D040000CD081297FF4E7AD102802D9102085F893
:10D050003F00CB49002701F1260E0AE00B46F3E71B
:10D0600091F8018091F802C04CEA082C2EF802CB0E
:10D0700001375FFA87FC604501F10201F0D8B9E59C
:10D0800095F88830002B3FF4C6AD002385F8883032
:10D0900095F88930A82B7FF4BEAD95F89C30002B15
:10D0A0007FF4B9ADB7499FEDB86ADFEDB86A01F119
:10D0B000170791F803C0087900EB0C2007EE900ADF
:10D0C000B8EEE77A0133C7EE067A082B01F10201C8
:10D0D00077EEE67AFCEEE77AE7EC017AE9D188E5CB
:10D0E00094F8403D002B3FF496AD002384F8403D7A
:10D0F0007FE505F8283CA6E5D5F8DC707B1C012F00
:10D10000C5F8DC3000F0F180022F00F0F780EFB1BD
:10D11000D5F8DC30042BC4BF0023C5F8DC30DDE5D6
:10D12000B4F8F86716F008067FF4D8AD0820FFF7CA
:10D13000A1FAD4F89835C4F8943540F2DC53A4F839
:10D140008C35C4F8D46BC4F89C65C7E5D4F8243991
:10D150001B07DDD5D5F8E030F31A002BD8DB07EE3E
:10D16000906A9FED8B7AD4F8B03C8A48C5F8E460A9
:10D17000F8EE677A77EE877AFCEEE77AC5ED387AD3
:10D180009847844994F8AA2C0846FBF767FB94F863
:10D190000B395E071ED5D5F8E020C5F8E8207E4A99
:10D1A00085F8EC7017609780B4F95229A5F8EE2045
:10D1B000A5F8F420B4F95429A5F8F020A5F8F62034
:10D1C00023F00403B4F95629A5F8F220A5F8F820B5
:10D1D00084F80B39D5F8E820DAB1D5F8E0309B1A9D
:10D1E0006E4A93424FF0000344D86D4A694E901D39
:10D1F00036F9021B32F9027BB94230F9027BB8BF23
:10D2000022F8021C0133B942C8BF20F8021C032BCC
:10D21000EED194F8F13C002B3FF47AAFB4F85439D6
:10D22000B4F80421B4F852199B1AB4F80A2112FB7D
:10D2300003F210B2B4F80631B4F85629D21AB4F891
:10D240000C3113FB02F3B4F80221891AB4F8082157
:10D2500012FB01F21BB20A2112B293FBF1F392FB13
:10D26000F1F2A4F85639A4F8522990FBF1F2A4F88F
:10D2700054294DE74A484B4FC5F8E83000F1060CF9
:10D2800000F10C0630F902EB3CF9022B0EEB020127
:10D2900001EBD171A2EB0E020133491002EB8202C5
:10D2A000032B27F8021F26F8022BEBD1B5F9FA1051
:10D2B000B5F9FC20B5F9FE008B1803440A26734328
:10D2C00000EB400001EB410102EB420293FBF1F164
:10D2D00093FBF2F2A4F8081193FBF0F3A4F80A21EF
:10D2E000A4F80C31F5F7E6FF93E7D4F82439580792
:10D2F0007FF50EAF3046FDF7D5FF09E7F2F7ACFF3B
:10D3000030B93046F6F7A9FF012384F8B436FFE6BA
:10D3100084F8B486FCE696ED007A06EE901A37EEB5
:10D32000C76AF8EEE65AC6EE256A76EE876A96ED8B
:10D33000027AC6ED016A77EEE67AA6EE277AF0EE7B
:10D34000667A86ED037A16E503F5FA734FF47A7080
:10D3500093FBF0F32AF8023C134B1436B3427FF4EC
:10D36000EEACB8F1010F05D14046FBF7C7F86423D6
:10D37000C4F8583508F1FF38A4F854852AE500BFF1
:10D38000A2150020E9150020CDCCCC400080BB4385
:10D39000003EC647BA0D00206A0500207FC3C901C0
:10D3A0004E16002068050020A0160020D4F824396D
:10D3B00013F0020300F0DA85D4F88C3C504898470B
:10D3C000002800F0DB804E4994F8A92C0846FBF7B2
:10D3D00045FAB4F85265002E3ED0D4F854174948A7
:10D3E000A1F1020CA0F1080E01F104090022B6F52A
:10D3F000C87F08BF02600368BEF900802EF8022BC8
:10D40000434440F8043B2CF8022FE145EFD1012EB4
:10D410001FD1D5F864314FF4C870C83393FBF0F3D3
:10D420000B80D5F86831C83393FBF0F34B80D5F807
:10D430006C31C83393FBF0F33348C08C1B1A8B80DC
:10D44000A7F85C20A7F85E20F5F734FF6423C4F842
:10D450005835013EA4F85265D4F8FC37590779D500
:10D46000B4F8AA8BD4F85467B8F1320F50D133888E
:10D47000A5F870317388A5F87231B388A5F87431B6
:10D48000B7F85C30A5F87631B7F85E30A5F878319A
:10D490001E4AB01EA2F1200C06F104090021B8F1C9
:10D4A000320F08BF11601368BCF900E02CF8021BB2
:10D4B000734442F8043B20F8021F8145EFD1B8F1D4
:10D4C000010F17D10C2084F8AC1B84F8A78BFBF755
:10D4D00015F8B5F870313380B5F872317380B5F84E
:10D4E0007431B380B5F87631A7F85C30B5F878318F
:10D4F000A7F85E3008F1FF33A4F8AA3B0BE000BFA9
:10D50000BC160020C416002000000020DC160020FD
:10D51000B8F1000FBCD194F8A83BDBB13221D5F8AB
:10D520007C3193FBF1F33380D5F8803193FBF1F339
:10D530007380D5F8843193FBF1F3F449C98C002250
:10D540005B1AB380A7F85C20A7F85E2084F8A82BAC
:10D55000F5F7B0FED4F85427B5F85C3111885B1AA2
:10D56000A5F85C315188B5F85E3192885B1AA5F850
:10D570005E31B5F860319B1AA5F86031B4F94E39C7
:10D580009FEDE36AD5ED627AE04E9FEDE2BA96ED4B
:10D59000162AD6ED134A96ED193A96ED11AA96ED94
:10D5A000140AD6ED182AD6ED171A96ED124A9FEDF9
:10D5B000DACA07EE103AB4F9503905EE903AB4F9E8
:10D5C0004C3906EE903AF8EEE66AB8EEC77AE6EE27
:10D5D000867AD5ED636AC5ED657AE7EE066AF8EE00
:10D5E000E55A95ED647AC5ED666AA5EE867A95ED05
:10D5F000686A85ED677A77EE867A95ED6B6AD6ED87
:10D60000155A77EE867A95ED696A76EE866A95ED1B
:10D610006C6A76EE866A95ED6A6A37EE067A95ED63
:10D620006D6A66EEA86A37EE067A67EEA87A27EE8C
:10D63000287A64EEE63A22EE665A23EE666AE7EE50
:10D64000043AA7EE255AA7EE226A6AEE479A60EEE0
:10D65000470A25EEE71A21EEC77AE7EEA49AE7EE2D
:10D66000820AA7EE837A24EE678AA6EE801A62EE1B
:10D67000E77AA6EE8A8AE6EEA17A72EE016A73EE86
:10D680008A3A34EE294A74EE884A35EE005A75EE2D
:10D69000A05A32EE877A73EE277AC6ED166A76EED6
:10D6A000216AC6ED113A86ED124AC6ED134A86ED9F
:10D6B000145AC6ED155AC6ED176A86ED187AC6EDEE
:10D6C000197AFEF753F8D5F8E420D5F8B831DFED34
:10D6D000939A9FED93AA9A4240F0C7829FED917A68
:10D6E000D5ED6B7A67EE877AC5ED6B7AD5ED6C7AFE
:10D6F00067EE877AC5ED6C7AD5ED6D7A67EE877A3D
:10D70000C5ED6D7AB5F95C3196ED15EAD6ED12EA04
:10D71000D6ED14FAD6ED18DA96ED11FA96ED17DA81
:10D72000D6ED16AA96ED137A96ED199AD5ED565ABE
:10D730008DED057A5B4207EE903AB5F95E315B42BA
:10D7400008EE103AB5F960315B42F8EEE76AB8EEE0
:10D75000C88A07EE903AB8EEE76A68EE0E7A6EEE87
:10D7600088CAE6EEAF7A28EE2D8AEFEE26CAA6EE3C
:10D770008D8AE6EE2A7AE7EE06CAA6EE098A9FEDC2
:10D780006A6AC5ED757A67EE867AC5ED74CA27EECA
:10D79000A75A6CEE86CAB0EE450AACEEAC0A85ED2F
:10D7A000768A28EE068AB4EE6A7A78EEA55AF1EE09
:10D7B00010FAA8EE080A6CBF01270027C5ED565ADB
:10D7C000CDED045ACDED037A8DED025A01F0BEF98C
:10D7D000CCEE80BA9DED025AABEEAB5AB0EE450AE4
:10D7E000A8EE080A01F0B2F9DDED037AC7EE80CAAF
:10D7F0002CEEAC0AABEEAB0AA8EE080A01F0A6F9D3
:10D80000C8EE007AF0EE6B4AE7EEA94AB0EE6C5A29
:10D8100097EEE95A2EEE248A69EEEC7A6AEEA4AA13
:10D820006FEEA4CA9DED057A95ED660AEBEEA97A36
:10D83000EFEE05CAAEEE858AE7EE05AAEDEE27CA41
:10D84000ADEEA78AE9EE27AA20EE000AD5ED657AAB
:10D85000C5ED7CCAA7EEA70AD5ED677A85ED7D8A6E
:10D86000A7EEA70AC5ED7EAACDED07CA8DED088A01
:10D87000CDED09AA01F06AF996ED1B5ADDED045AC7
:10D88000B4EECB5AF1EE10FAB4EECA0A44BF9FEDE3
:10D89000215A86ED1BBAF1EE10FA00F10883DFED94
:10D8A000237AB4EEE70AF1EE10FA00F30383C0EE38
:10D8B0000A7A6CEEA77AB4EECA0A27EE856AF1EE10
:10D8C00010FA85ED686A00F1F882DFED187AB4EE9F
:10D8D000E70AF1EE10FA00F3F382C0EE0A7A68EE7E
:10D8E000277AB4EECA0A27EE857AF1EE10FA85EDB2
:10D8F000697A00F1E882DFED0D7AB4EEE70AF1EE25
:10D9000010FA00F3E382C0EE0A7A19E0000000206A
:10D91000487D8B3ACDCC4C3DC2B8B23E00000000F1
:10D92000F3665F3FEC51783F0000803958A00B410F
:10D93000728A0E3C4C3D0F440000E144DB0F49402D
:10D94000D4F82C36DB076AEEA77A67EE857AC5ED48
:10D950006A7A0DD4B2EE005A26EE056A27EE057AF1
:10D9600067EE857A85ED686A85ED697AC5ED6A7A34
:10D97000B4EECC0AF1EE10FA1FD55FED137A95EDF7
:10D98000777A95ED7F6A6CEEA7CA28EE278AA5EE16
:10D99000AC7A6AEEA7AA85ED777AD5ED797A95ED1E
:10D9A000787AE5EEAA7AA5EE887A75EE865A85ED44
:10D9B000787AC5ED797AC5ED7F5AD5ED7F7AB1EEEB
:10D9C000047AF4EEC77AF1EE10FA4FDB95ED807A27
:10D9D00095ED776A67EE877AB1EE677AB4EEC76A3B
:10D9E000F1EE10FA00F17582F4EEC67AF1EE10FA5B
:10D9F00054BFF0EE465AF0EE675A95ED786AB4EEF1
:10DA0000C67AF1EE10FA00F36782F4EEC67AF1EE10
:10DA100010FA48BFB0EE676A95ED795AB4EEC57A50
:10DA2000F1EE10FA08DCF4EEC57AF1EE10FA54BF0C
:10DA3000B0EE457AB0EE677AD5ED627AC5ED779AA9
:10DA400077EEA57AC5ED789AC5ED627AD5ED637A61
:10DA5000C5ED799A77EE867AC5ED7F9AC5ED637A42
:10DA6000D5ED647A77EE877AC5ED647AB4EE6EFA16
:10DA7000F1EE10FAF4EE4EFA68BF47F00107F1EE4E
:10DA800010FAB4EE6DDA68BF47F00107F1EE10FA54
:10DA9000C5ED569A07D6B4EE499AF1EE10FA02D6C1
:10DAA000002F00F01C82FDF729FEB36C96ED170ADB
:10DAB000C5F80832F36C96ED11BA96ED14AAD6EDBE
:10DAC00018AA96ED19CAC5F80C32B4EE400A736D67
:10DAD000C5F81432F1EE10FAB36D85ED81BA85ED1B
:10DAE00084AAC5F8183285ED870AC5ED88AA85EDA8
:10DAF00089CA80F11282F7EE007AB4EEE70AF1EEFD
:10DB000010FA80F20D82FFEE007AB4EEE70AF1EE31
:10DB100010FA40F2088200F0BBFFB1EE408AF0EE4E
:10DB20004C0AB0EE6A0A85ED708A00F0DDFFF0EE77
:10DB30004B0AF0EE40AA85ED6F0AB0EE4A0A00F0FB
:10DB4000D3FF1FED84BA85ED710AB0EE40AA2AEE2C
:10DB50008B0A01F09DF828EE0B0A07B2A4F83C7678
:10DB600001F096F85FED8C7AA4F85A792AEE67AA4C
:10DB70005FED8E7A8AEE270A0FFA80F8A4F83E86C7
:10DB8000A4F85C89F2EE047A30EE290A80EE270AC6
:10DB900001F07EF803B2002B02DA00F5B47003B294
:10DBA000A4F84236D4F87837B6F826C0E14E93F898
:10DBB0000090DFF8B4E3002206F1CC001146B7EE86
:10DBC000007A36F9023BB9F1000F18D007EE909AAF
:10DBD000F8EEE77AC7EE276A07EE903AF8EEE77AB2
:10DBE00037EE666A67EEA67AD0ED006AE6EE867AD0
:10DBF000C0ED007AFDEEE77A17EE903A1BB20131E4
:10DC0000C9B203292EF8023B00F1040003FB03F321
:10DC100093FBFCF31A44D4D1DFEDC77A68EEA78AF0
:10DC20006423FCEEE87A534317EE900A93FBFCF36F
:10DC3000C4F8B036F8F77EFE88EAE870B4F9F22C42
:10DC400094F80B39A0EBE87080B2904280F26E81BC
:10DC5000002FB8BF7F42BFB2BA4240F3678143F0A2
:10DC6000080384F80B39FFF7E4B8D31A0CEE903AA6
:10DC7000B4F954399FEDB17AD6ED170AD6ED197A79
:10DC8000D6ED186AC5F8B82108EE103AB4F956393D
:10DC90000DEE903AB4F95239F8EE6CCA0EEE103A25
:10DCA00095F8EC306CEE87CAB8EEC88AF8EEEDDA7B
:10DCB000B8EECEEA83BB26EEED0AB7EE007AA8EE08
:10DCC000270A6DEEA77AA0EEE07AE8EE267AB1EEAA
:10DCD000400A60EEE70AE7EE0E0A00F005FF9FED4E
:10DCE000981AB4EEC10AF1EE10FA08D49FED951A15
:10DCF000B4EEC10AF1EE10FAD8BFB0EE401AD5ED7D
:10DD0000700A95ED6F0AF8F767FF0123C5ED6B9A6E
:10DD1000C5ED6C9A85F8EC3096ED12DAD6ED117AF5
:10DD200028EE0DDAA7EE8EDAD6ED137AA7EEADDA8D
:10DD3000D6ED157A85ED72DA28EE278AD6ED147ABB
:10DD4000A7EE8E8AD6ED167AA7EEAD8A28EE08EAFF
:10DD500085ED738AB0EE4E0AADEE0D0A00F0F6FEC8
:10DD6000CDEE00DAB0EE4E0AADEEAD0A00F0EEFEFA
:10DD70009FED757AF0EEED7AF4EE477AF1EE10FA57
:10DD800000F38C80C8EE007AF0EEE76AF4EE476AA2
:10DD9000F1EE10FA00F38280DDEEA97AB0EE67DAD8
:10DDA00095ED660AD5ED657AD6ED19DA20EE000A12
:10DDB0006DEE2DDAA7EEA70AD5ED677AA7EEA70AD2
:10DDC00000F0C4FE96ED1A7AB4EECB7AF1EE10FABA
:10DDD000B4EECA0A44BF9FED5D7A86ED1ABAF1EE41
:10DDE00010FAB0EE40EA5CD4DFED597AB4EEE70AFF
:10DDF000F1EE10FA58DCC0EE0A7A6DEEA77A95EDD6
:10DE0000750A27EE878A20EE000AD5ED747AA7EE10
:10DE1000A70A00F09BFEF1EE007AB4EEE70AF1EEFD
:10DE200010FA9ABFF1EE027A37EEC00A9FED490A66
:10DE3000D4F82C3698BF20EE2A0ADA0768EE007A6A
:10DE400058BFB2EE007AC5ED6D7A5CBF67EE877A97
:10DE5000C5ED6D7AF0EE007AF4EEE7CAF1EE10FA55
:10DE60000ED5B4EECCEAF1EE10FA09D5DFED3A7A30
:10DE70006DEEA7DAD5ED797AECEEAD7AC5ED797A6B
:10DE800095ED7A7AB5F8EC31F0EECD7A77EE877AC7
:10DE90000133C5ED7A7AA5F8EC3133E49FED2FDA42
:10DEA0007EE7F7EE007AA8E7F2EE047AA5E7F7EE50
:10DEB000007AFEE4F2EE047AFBE4F7EE007A0EE577
:10DEC000F2EE047A0BE5F7EE007A39E5F2EE047A29
:10DED00036E5F0EE475A90E5B0EE476A9CE5F7EE7E
:10DEE000007AB4EEE7DAF1EE10FA07D5FFEE007A29
:10DEF000B4EEE7DAF1EE10FA3FF7D7ADFDF736FCF6
:10DF0000D6ED177AB2EE047AF0EEE77AF4EEC77A3D
:10DF1000F1EE10FA7FF7C9ADC5E59FED100AFCE5FB
:10DF20009FED0F0AF9E59FED0F0AF6E523F00803D0
:10DF300097E600BFBC16002000247449BD37863523
:10DF40009A9949C09A994940FFFF7F7FCDCC4C3DBB
:10DF500058A00B41CDCCCC3D0AD7233C000000009B
:10DF6000DB0FC93FDB0FC9BFAE0D0020A5F85C3148
:10DF7000A5F85E31A5F86031FEF75BBFD5F8382211
:10DF8000D4F85C35D4F82C669B1A40F6980293427C
:10DF900040F2528146F0080600230120C4F82C66A6
:10DFA000C4F8F435FEF766FBD4F8E09699F85630DD
:10DFB000002B40F01283F3F705FB94F84331002B5C
:10DFC00052D0B5F83432C748B4F8F46C00EE103AC9
:10DFD0000121B8EE400AF8F761FEBCEEC00A95F8E0
:10DFE000DA2010EE103A9BB2B6FBF3F0411CB5F903
:10DFF000543209B2002A00F00B83BB4EDFF80883CD
:10E0000006F1080C002738F902EBBCF90090B6F9CC
:10E0100000202CF802EBAEEB090901375A43042F1C
:10E0200092FBF1F24A4426F8022BECD1002385F84A
:10E03000DA3003B2002B40F3EE82AC4FDFF8C8C2F7
:10E04000A5F85432A7F1080E002037F9026B3EF90B
:10E05000022B013013FB02F2042892FBF1F2A6EB33
:10E0600002022CF8022BF0D1F2F782FBD4F824291B
:10E070000123160785F8DB304FD5B4F96C3540F233
:10E08000DC518B42CCBFA3F2DC53CB1AB3F5967FA5
:10E0900080F2CE82B4F8F83703F04403002B00F08E
:10E0A000C78295F8663273B1B4F95039032B40F347
:10E0B000B6829B10452B30DC002385F86632B4F81D
:10E0C0004236A4F8A636B4F8A616B4F842365B1A5F
:10E0D00099B21BB213F1B30F02DA01F5B4710BB2AE
:10E0E000B32BC4BFA3F5B4731BB213F11E0FC0F260
:10E0F0009C821E2BA8BF1E23D4F8E016497A11FB80
:10E1000003F31BB2B3F5C87F7949A8BF4FF4C873B6
:10E110008B42B8BF0B46A4F8A83512F0140F13D0E9
:10E12000B4F8F83703F4027373B194F80B39D806D6
:10E1300040F18682B4F8A63594F99421B4F99C157F
:10E1400001FB0233A4F8A635DFF8C08198F83E3011
:10E1500043B1B4F84631B4F96E259A42DCBF0023CE
:10E16000A4F8A835D4F8E07697F81C6166B3B4F843
:10E17000F837990728D09FED5F0A80EE000A00F07B
:10E180005BFC5D4BD3ED007A20EE270A00F080FDAA
:10E1900007EE906AB0F5617FA8BF4FF46170F8EEAA
:10E1A000E75A07EE900AB8EEE70ADFED547A80EE00
:10E1B000270AF2F755F925EE800A00F069FDB4F858
:10E1C000AA351844A4F8AA054D4B0093D8F87060FE
:10E1D000B4F8FA20D4F8CC1607F15C033846B047FF
:10E1E00094F8E039D4F860C70293032B16D9BCF831
:10E1F0000210B1F5FA7F11D2B4F9A825B5F96C0275
:10E20000002AB8BF524292B24B429B1A834203DCAF
:10E210008B188342A8BF0346A5F86C32394AB4F97B
:10E22000AA85B5F96A92B5F968A2B5F96CE2A2F6C9
:10E230003C031E46002032E20120FEF71BFAD4F810
:10E24000CC7644F64B33BB80D4F8403C86F00806CD
:10E25000632BC4F82C6604DC4FF4FA63A4F86E3523
:10E26000A2E60120FEF7F8F995F83C226E2362B988
:10E270007B714FF47A73A4F86A350223C4F8F4353D
:10E28000D4F85C35C5F840328EE6012A06D17B71A0
:10E290004FF4FA63A4F86A350523EFE7032A3B71CC
:10E2A00004D14FF47A73A4F86835E6E74FF4FA63C3
:10E2B000A4F86835F0E7D4F82C36012083F0080381
:10E2C000C4F82C36FEF7C8F995F83C324FF47A7250
:10E2D000F3B9B4F93E36A4F86A25B3F5E17F1BDD46
:10E2E0000323CBE7B0170020B6170020BE1700208D
:10E2F00070FEFFFF00000000E80B0020EFB6B04406
:10E300009E050020541400200C0A0020000000206C
:10E31000032BA4F8682513D00223C4F8F435D4F8ED
:10E320005C35D5F840229B1AB3F5FA6FFFF43CAE8A
:10E330000023C4F8F435C5F84032F2F7E7F933E6C4
:10E34000B4F93C26B2F5E17FE6DD97E795F83C327B
:10E3500093B9B4F93E36B3F5E17F51DDD4F82C36EC
:10E36000012083F00803C4F82C36FEF775F940F25B
:10E370007E43A4F86A35D2E7032B7FF415AEB4F9D7
:10E380003C36B3F5E17F19DDD4F82C36012083F05B
:10E390000803C4F82C36FEF75FF94FF48363A4F842
:10E3A0006835D4F85C35D5F840229B1AB3F5FA6F7E
:10E3B000FFF4FAAD0023C4F8F43563E79BB2B3F57C
:10E3C000E17F3FF6F1ADB4F83E36FA339BB2B3F5D8
:10E3D000FA7F3FF6E9ADD4F82C36012043F008036C
:10E3E000C4F82C36FEF746F94FF48363A4F8683579
:10E3F000D4F85C35C5F840320423C4F8F435D3E5CD
:10E400009BB2B3F5E17F3FF6CFADB4F83C36FA33BB
:10E410009BB2B3F5FA7F3FF6C7ADD4F82C36012096
:10E4200043F00803C4F82C36FEF724F940F2014308
:10E43000A4F86A35DCE7D4F82C36012043F0080351
:10E44000C4F82C36FEF716F94FF4FA63A4F86E35CB
:10E45000D4F8CC3644F64B329A80D5F84022D4F822
:10E460005C359B1A40F2DC529342A3D8C4E70120EA
:10E47000FEF7F2F895F83C32012B0AD14FF4FA631B
:10E48000A4F86A35B4F93E3613F5E17F07DA0623BE
:10E49000F4E640F2B772022BA4F8682503D00523F6
:10E4A000C4F8F4357DE7B4F93C36EDE795F83C0265
:10E4B000012811D1B4F93E3613F5E17F42DAD4F8E0
:10E4C0002C3683F00803C4F82C36FEF7C5F840F26A
:10E4D0003A73A4F86A3564E702287FF465ADB4F9AD
:10E4E0003C3613F5E17F0BDAD4F82C36012083F0AB
:10E4F0000803C4F82C36FEF7AFF840F2B7734EE7C6
:10E5000003F5E1739BB2B3F5C87F3FF64DADB4F8A8
:10E510003E36FA339BB2B3F5FA7F3FF645ADD4F8F9
:10E520002C36012043F00803C4F82C36FEF7A2F87D
:10E5300040F23A73A4F86835D4F85C35C5F8403237
:10E5400007235AE703F5E1739BB2B3F5C87F3FF6A3
:10E550002BADB4F83C36FA339BB2B3F5FA7F3FF6F5
:10E5600023ADD4F82C3643F00803C4F82C36FEF75C
:10E5700081F840F2B773A4F86A35DDE7D4F82C3699
:10E58000012043F00803C4F82C36FEF773F895F821
:10E590003C32012B1CBF4FF4AF63A4F868354FF435
:10E5A000FA63A4F86E35D4F8CC3644F64B329A8030
:10E5B000D5F84022D4F85C359B1A40F2DC529342E5
:10E5C0003FF6F8AEBCE7C4F8F435C5F84032D4F8ED
:10E5D000CC3644F64B329A80E6E4DFF80083BB4F3A
:10E5E0000026B8F9003099F8561000EE103A384677
:10E5F000B8EEC00AF8F752FBBDEEC00A013610EEC5
:10E60000103A032E28F8023B07F10407E9D1D2E4BF
:10E61000013B1BB20EE50023A5F8543224E5002B84
:10E62000B8BF03339B105B4244E56FF01D0363E505
:10E63000012385F86632B4F84236A4F8A6366CE5B4
:10E64000F1F778FF80E507EE908AB8EEE77A07EEFB
:10E65000909A52ED026A9CF90110F8EEE77A49426D
:10E6600067EEA67A52ED046AE7EE267A0EFB01F118
:10E67000013007EE10AA52ED036AB8EEC77AE7EE52
:10E68000267A07EE101A52ED016AB8EEC77AE7EE65
:10E69000267AFDEEE77A17EE901A26F8021B029909
:10E6A000884202F11002CED394F8EC25520740F1D3
:10E6B000E18094F827270492B4F9B0271846012185
:10E6C000029E8E4273D8D4F85C17D4F8FCA7488811
:10E6D000B4F96E658242C4BF121A1FFA82FB0AF4B3
:10E6E00080520592D4F85807D4F864270392D8BF13
:10E6F0004FF0000B4FF00009029A4A455ED8744E65
:10E7000096F85C3C0BB1FCF7EDFC94F8EC355F0738
:10E710002FD5B4F8F837D8072BD5B4F93C36002BF1
:10E72000B8BF5B429BB2B3F52F7F1AD8B4F93E361F
:10E73000002BB8BF5B429BB2B3F52F7F11D8B4F961
:10E740004639002BB8BF5B429BB242F6E06293426F
:10E7500007D8B4F94839002BB8BF5B429BB293424B
:10E7600007D9D6F8F43523B90220F1F75DFDF1F7AA
:10E77000CDFF96F8ED75022F00F0B280032F00F068
:10E78000F880012F7EF480A9DFF8488198F81030D6
:10E79000002B3EF479A996F8EC4514F0040475D0EA
:10E7A0004C4A002386F8ED351374FEF76DB930F945
:10E7B000026FB242B8BF3246013181E71A88059F25
:10E7C000A2EB0B0212B21A8077B3039F9CF8008071
:10E7D000B7F80EE0B8F1000F08D1B0F80680AEEB44
:10E7E0000807B74202DAF044B04517DC76450EDD83
:10E7F000B0F802E0964504DCB1F802E09645A8BF07
:10E800009646A3F800E009F10109023374E7B1F874
:10E8100004E09645F5DCB0F800E0EFE77645CCBFC4
:10E82000428802881A80EEE7049FB1F8028047B15F
:10E83000B1F804E09645E4DC4245A8BF424696465E
:10E84000DFE7B1F800E0964503DC4245A8BF424649
:10E850009646039AA3F800E0128A9642D3DA1AF099
:10E86000100F01D08A88DDE79CF80020002ACAD169
:10E870000A88D7E7184BA3F2162203F1100153F8C8
:10E88000040B42F8040B8B42F9D138E7D6F82C364A
:10E89000D9077EF5F9A8F1F719FFF1F725FFF2F78F
:10E8A0000FFA96F8F035C5E99C44C5E99F44002B62
:10E8B0007EF4EAA8B8F81230D6F8982586F8F075F4
:10E8C0001344C6F89435FEF7DFB800BFA417002044
:10E8D00068040020000000202E0E0020B40D00204F
:10E8E000354F3B7C002B3EF4CFA8012386F8EF3553
:10E8F0007B7C43B1D6F85C3503F5EA433033C5F889
:10E90000883200237B74D4F85C25D5F88832D21A7B
:10E91000002A09DBF1F7FAFE00233B7484F8EF3597
:10E9200001237B74FEF7B0B8B5F96021002AB8BFA7
:10E93000524292B242F234118A4206D900243C7407
:10E94000F1F7E4FE86F8EF45EAE7D4F85C25D21A41
:10E95000002AD4F85C25CCBFD31A9B1A46F6605225
:10E9600093423EF791A8D6F8403C0733FEF68CA8B8
:10E97000E4E7D6F8F435002B7FF412AFB6F8F827A9
:10E9800052077FF50DAF85F83C320123C6F8F43508
:10E99000D6F85C35C5F8383202E7012384F8FF3534
:10E9A000054B002283F83D2006F5C333A03345F81C
:10E9B0002C3CFEF772B900BF00000020014B024A58
:10E9C0001A607047601700205B821839114812499D
:10E9D000026800608A4218D0002103E00F4B5B58A8
:10E9E000435004310E480F4B42189A42F6D30E4A58
:10E9F00002E0002342F8043B0C4B9A42F9D3F5F7AE
:10EA0000E8FBFEF739F87047FEE70948D0F800D078
:10EA100040680047FC9F0020EFBEADDEB425010832
:10EA200000000020680400206804002098200020D6
:10EA300000D8FF1FFEE7000008B52DED028BB0EEF9
:10EA4000408A00F03FFAB4EE488AF1EE10FAF0EE98
:10EA5000408A0AD6B0EE480A00F0D2F8F7EE007A03
:10EA6000B4EEE70AF1EE10FA04DCB0EE680ABDEC91
:10EA7000028B08BD01F0EAFBBDEC028B03462122AC
:10EA80001A600248BDE8084000F0FCB82C200108DC
:10EA900008B52DED028BB0EE408A00F037FBB4EEE6
:10EAA000488AF1EE10FAF0EE408A0AD6B0EE480A33
:10EAB00000F0A6F8F7EE007AB4EEE70AF1EE10FAED
:10EAC00004DCB0EE680ABDEC028B08BD01F0BEFBB1
:10EAD000BDEC028B034621221A600248BDE80840C3
:10EAE00000F0D0B82C20010800F00ABC08B52DEDCC
:10EAF000028BB0EE408A00F0A9FCB4EE488AF1EE39
:10EB000010FA0FD6B5EEC08AF1EE10FA0ADCB5EEB7
:10EB1000408AF1EE10FA08D101F098FB22239FED14
:10EB2000090A0360BDEC028B08BD01F08FFBBDEC50
:10EB3000028B034621221A600348BDE8084000F01A
:10EB4000A1B800BF000080FF2C20010808B52DED02
:10EB5000028BB0EE408A00F0E7F8B4EE488AF1EE9E
:10EB600010FA06D6DFED098AB4EEE88AF1EE10FA63
:10EB700002D4BDEC028B08BD01F068FB88EEA80A48
:10EB8000BDEC028B2123036008BD00BF0000000024
:10EB900010EE103A184923F000428A421AD9B2F115
:10EBA000FF4F02D330EE400A704700B583B068468D
:10EBB00000F046FD00F0030001289DED000ADDEDA8
:10EBC000010A10D0022809D090B900F0B1F803B0C2
:10EBD0005DF804FBDFED090A00F0AAB800F0A8F820
:10EBE000B1EE400AF3E700F025F9B1EE400AEEE796
:10EBF000012000F01FF9EAE7D80F493F00000000AC
:10EC000010EE103A23F0004300EE103A704700BFB8
:10EC100010EE103A194923F000428A421BD9B2F192
:10EC2000FF4F02D330EE400A704700B583B068460C
:10EC300000F006FD00F0030001289DED000ADDED67
:10EC4000010A13D002280BD098B9012000F0F2F885
:10EC500003B05DF804FBDFED0A0A002000F0EAB81B
:10EC6000012000F0E7F8B1EE400AF1E700F060F8AB
:10EC7000EEE700F05DF8B1EE400AE9E7D80F493F52
:10EC8000000000009FED010A704700BF0000C07F38
:10EC900010B485B08DED010A019BC3F3C752A2F1F8
:10ECA0007F011E2931DC16294FEAD37425DC1D4B68
:10ECB000DDED017A03EB840393ED007A77EE277A9A
:10ECC000CDED037ADDED037A77EEC77A17EE903A51
:10ECD00033F000400DD0C3F3C7507F381FD4C3F3C7
:10ECE000160343F40003C0F1170023FA00F004B147
:10ECF000404205B05DF8044B7047C3F3160343F47C
:10ED00000003963A03FA02F0F1E7DDED017AFDEE39
:10ED1000E77A17EE900A05B05DF8044B70470020C3
:10ED2000E5E700BF30200108B1EEC00A704700BF20
:10ED300010EE103A23F00043B3F1485F2CD2FDEE01
:10ED4000C07A17EE903A002B60D060EE007A9FED0B
:10ED5000317A9FED315ADFED315A9FED316ADFEDA7
:10ED6000316AA7EE875A9FED307AE7EE855AA7EE13
:10ED7000A56AA7EE867AE7EE876A67EEA66A60EE76
:10ED8000C00AB6EE007AE7EEA60AB7EE000AD7EEA2
:10ED9000870A30EE600A704760EE007A9FED1D7AB8
:10EDA0009FED1D5ADFED1D5A9FED1D6ADFED1D6AB7
:10EDB0001E4AA7EE875A93429FED1B7AE5EE275A2B
:10EDC000A5EEA76AA6EE277AE7EE276A66EEA76A9F
:10EDD000D5D9174A934214D803F17F4307EE103A6E
:10EDE000B7EE006A36EE476A60EEC00AF6EE005AE9
:10EDF00097EEA57AE7EEA60A37EE607A36EE470A76
:10EE00007047B6EE076AB5EE027AEDE7B7EE000A94
:10EE1000704700BF4ED747ADF6740F317CF293B404
:10EE2000010DD037ABAA2A3D610BB6BA9999993E2C
:10EE30000000483F10EE103A23F00043B3F1485F62
:10EE400004D2FDEEC07A17EE903A5BB360EE007A22
:10EE50009FED157ADFED155A9FED156ADFED156A06
:10EE6000E7EE875A9FED147AA5EEA76A20EE275A9F
:10EE7000E6EE276AA6EEA77A30B9DFED106AE7EE74
:10EE8000876AA6EE850A704727EE457AF6EE006A95
:10EE9000A0EEA67ADFED0A6AD7EE270AE5EE260A8B
:10EEA00030EE600A704700BFD3C92E2F342FD7B27F
:10EEB0001BEF3836010D50B98988083CABAA2ABE31
:10EEC000ABAA2A3E08B510EE102A22F00043B3F197
:10EED0007E5F2DED028B12D00AD8B3F17C5F16D283
:10EEE000B3F10C5F67D8BDEC028B9FED770A08BDCC
:10EEF00070EE407A87EEA70ABDEC028B08BD002AAF
:10EF000040F3DD80BDEC028B9FED700A08BD002A46
:10EF1000C0F28E80F7EE008A38EEC00AF6EE007A74
:10EF200020EE278AB0EE480AFFF7FEFEDFED687A92
:10EF30009FED687ADFED686ADFED685A9FED686AD9
:10EF4000A8EE277ADFED677AE7EE086AE8EE067A40
:10EF5000E6EE885A9FED646A9FED647ADFED646A9D
:10EF6000A5EE886AA7EE887ADFED627AE6EE087A87
:10EF700010EE103AE7EE086A6FF30B03B0EE677A13
:10EF800007EE903AF0EE485AE7EEE75AE6EE888A46
:10EF900030EE276A27EE087AC5EE866A87EE286A81
:10EFA000BDEC028BB0EE667AA0EE067A37EE870AE9
:10EFB00030EE000A08BD20EE007ADFED457A9FEDC5
:10EFC000456ADFED456A9FED465ADFED445AA7EEEC
:10EFD000276ABDEC028BE6EE076ADFED427A9FED11
:10EFE000436AE7EE057AE6EE875AA7EE876A9FED59
:10EFF0003E5ADFED3F7ADFED3F6AA5EE875AE6EE37
:10F00000077AE5EE076AF7EE005AE7EE875A26EE32
:10F01000877A9FED396ADFED397AC7EE256AB0EE5F
:10F02000467AA0EE667A30EE470A37EEC00A08BD8F
:10F03000B7EE007A30EE070AF6EE007A60EE277A35
:10F04000DFED236A9FED236ADFED234ADFED245ACB
:10F050009FED225A9FED278AA7EEA66ADFED216A6F
:10F06000E6EE274AE7EEA56ADFED205A9FED1E6A1D
:10F07000A4EEA75AE6EEA75ADFED1D6AA5EE276AB1
:10F08000E5EEA76AA6EE278AA6EEA77A28EE278ADB
:10F09000F0EE478AB0EE670AFFF746FE88EE286A70
:10F0A0009FED177ADFED177AA0EE067AF0EE006A90
:10F0B00037EE007AE7EE667AB0EE670A1CE7BDEC41
:10F0C000028B9FED110A08BDDB0FC93F0000000055
:10F0D00008EF1138047F4F3A461124BDA80A4E3E6E
:10F0E0002EC69D3D613330BF90B0A6BE2D57014066
:10F0F00039D119C0ABAA2A3E6821A233DA0FC93F21
:10F100006821A2B3DA0F4940DB0F494038B510EE51
:10F11000105A25F00044B4F17E5F2DED048BF0EE23
:10F12000407A7FD077D8B4F17C5F0ED2B4F1485FDB
:10F1300080F090809FED627A30EE077AF7EE006AF9
:10F14000B4EEE67AF1EE10FA62DCB0EE670AFFF791
:10F1500057FDF7EE007A37EEC08AB6EE007A28EE59
:10F16000078ADFED586A9FED587A9FED586A9FED48
:10F17000585ADFED585ADFED588AE8EE076A9FEDDE
:10F18000577AA8EE067AA6EE885A9FED556ADFED0B
:10F19000556AA7EE086AE5EE085A9FED537AA6EE87
:10F1A000087AE5EE886AE7EE087AE6EE888AB0EE3D
:10F1B000480AB0EE679AFFF7B7FD4C4B68EE888AB5
:10F1C0009C4288EE896A38D810EE103A6FF30B0330
:10F1D00006EE903AA6EEE68A70EE267A9FED447A25
:10F1E000C8EE274AF0EE005AA4EEE57ADFED417A48
:10F1F00030EE000AB0EE675A90EE067AA6EEE55AB7
:10F2000037EE457A37EEC70A002D01DCB1EE400A31
:10F21000BDEC048B38BDBDEC048B70EE407A87EEFC
:10F22000A70A38BDBDEC048B9FED310A9FED327A01
:10F2300027EE800AA7EE870A38BDA0EE060A9FEDEA
:10F240002F7ADFED2D7AF0EE006AA0EE267A37EE07
:10F25000C70AD9E720EE007ADFED1B6A9FED196A35
:10F26000DFED1B5A9FED195ADFED1A4AA7EE266A09
:10F27000BDEC048BE6EE075ADFED186A9FED186AC5
:10F28000E7EE056AE5EE874AA6EE876A9FED155A16
:10F29000DFED155ADFED106AA4EE875AE6EE075A45
:10F2A000E5EE076AB7EE006AA5EE876A26EE877A72
:10F2B000C7EE066AE0EE267AB0EE670A38BD00BFF8
:10F2C000CAF24971047F4F3A08EF11382EC69D3DAE
:10F2D000461124BDA80A4E3EABAA2A3E613330BF78
:10F2E0002D57014090B0A6BE39D119C09999793FE8
:10F2F0002EBD3BB3DB0F493FDB0FC93F2EBD3B3378
:10F3000010B582B0CDED010A019B23F00042B2F1AD
:10F31000FF4FF0EE407A30D810EE100A20F0004196
:10F32000B1F1FF4F29D8B3F17E5F3ED09C1704F0B6
:10F33000020444EAD07431B37AB3B2F1FF4F3FD044
:10F34000B1F1FF4F29D0891AB1F1F45F4FEAE152D0
:10F3500033DA002B41DA3C323FDA9FED330A012CDD
:10F360004DD0022C42D064B19FED307ADFED307A7F
:10F3700030EE070A30EE670A03E09DED017A37EEC2
:10F38000270A02B010BD022C0CD09FED2A7A032C64
:10F3900008BFB0EE470A02B010BD00280ADB9FED9F
:10F3A000260AEEE79FED220AEBE702B0BDE8104027
:10F3B00000F07CBA9FED210AE3E79FED1F0ACEE73C
:10F3C000B1F1FF4F04F1FF3420D0022C26D81C4BA2
:10F3D00003EB840393ED000AD3E79DED017A87EEFA
:10F3E000870AFFF70DFC00F061FAB8E79FED0F7A8E
:10F3F000DFED0F7A30EE070A37EEC00AC1E710EEF4
:10F40000103A03F1004300EE103ABAE7022C08D894
:10F410000C4B03EB840393ED000AB2E79FED020A65
:10F42000AFE79FED090AACE7000000002EBDBB333B
:10F43000DB0F4940DB0F49C0DB0FC93FDB0FC9BF02
:10F440003820010844200108DB0F493F10EE102A44
:10F4500032F000432FD0002A134633DBB2F1FF4FC6
:10F4600040DAB2F5000F34DB4FF0000C6448C3F310
:10F470001601084400F4000282F07E520A43DB15B4
:10F4800000EE102A7F3B5F4A634401F10F0CF7EE58
:10F49000007A0CEA020230EE670A03EBD05322BB7B
:10F4A000B5EE400AF1EE10FA62D1002B40F09080E8
:10F4B0009FED550A70479FED557ADFED537A87EE41
:10F4C000270A704770EE407A9FED4F7A87EE870AE1
:10F4D0007047DFED4F7A60EE277A6FF0180C17EE69
:10F4E000903AC3E730EE000A7047F0EE007A70EE13
:10F4F000277A07EE103A80EE274A4648C1F55712A0
:10F50000084402F522720243002A9FED433ADFEDE0
:10F51000434ADFED435ADFED433A9FED435ADFEDB7
:10F52000437ADFED436A24EE046AF8EEC72A26EE3A
:10F53000067AE7EE034AA7EE235AE4EE875AE5EE91
:10F54000076AE5EE877A67EE867AE6EE877A2ADD45
:10F55000B6EE007A20EE077A27EE007A77EE877A09
:10F5600067EE847A3BBB37EE677A30EE470A704726
:10F570009FED307AF6EE007AE0EE477A20EE007AE0
:10F5800027EE277A002BF0D007EE903A9FED2A6AFB
:10F59000DFED2A6AF8EEE77AA7EEC67A37EE400A80
:10F5A00097EEA60A704770EE677A67EE847AE3B941
:10F5B00030EE670A70479FED206ADFED206AE2EEC9
:10F5C000867A37EE677A37EE400A92EEA60A7047DF
:10F5D00007EE903A9FED180A9FED187AF8EEE77A59
:10F5E00027EE800AA7EE870A7047DFED136A9FEDCA
:10F5F000137AE2EEE67A37EEC00A92EE870A704797
:10F6000020FB4A00F0FF7F0000000000000000CC5B
:10F610000000004C305CCFFF9788173E25333A3E00
:10F620002549923E4FD01C3E298E633EABAA2A3F0D
:10F63000CDCCCC3EABAAAA3ED1F717378071313F73
:10F6400070B510EE103A8B4A23F00044944286B015
:10F65000054671D9884A94421E4624D823F00042B8
:10F66000002BDFED867A864922F00F02B0EE407A59
:10F6700040F3E6808A4270EE677A09BF9FED817A97
:10F68000DFED816ADFED816A77EEC77A37EEE67AE1
:10F6900077EEC77A80ED007A77EEE67AC0ED017AF0
:10F6A000012006B070BD7A4A944253D9B4F1FF4F9D
:10F6B00049D2E215863AA4EBC25307EE903ABDEE6A
:10F6C000E77ADFED746AB8EEC77A77EEC77A8DED28
:10F6D000037A67EEA67ABDEEE77AB8EEC77A77EEE0
:10F6E000C77A8DED047A67EEA67AF5EE407AF1EEF0
:10F6F00010FACDED057A40F08E80B5EE407AF1EE4D
:10F7000010FA40F08A80012363490191022100919F
:10F7100003A8294600F00AFA002EC2DA95ED007A15
:10F72000D5ED017AB1EE477AF1EE677A85ED007A90
:10F73000C5ED017A4042B4E7002285ED000A42603F
:10F74000002006B070BD70EE407AC0ED017AC0EDC9
:10F75000007AF5E7FFF754FA9FED507A9FED476A7C
:10F76000F6EE007AE0EE077A9FED477AFDEEE77A53
:10F77000F8EEE76A17EE900AA6EEC60A1F2866EEB4
:10F78000877AB1EE666A30EE677A1EDC444A411E23
:10F7900026F0004352F8212023F0FF03934214D0B7
:10F7A00085ED007A30EE470A002E30EE670A85EDCF
:10F7B000010ABFF676AFB1EE477AB1EE400A85EDA9
:10F7C000007A85ED010A40426BE717EE103AC3F369
:10F7D000C753C3EBD453082B4FEAE452E0DD9FED4F
:10F7E000297A9FED2A5AF0EE405AE6EE075A70EE5B
:10F7F000657AE6EE077AD6EE857A35EEE77A17EE89
:10F80000103AC3F3C753D21A192A08DCB0EE650ABE
:10F8100085ED007AC6E7032376E7022374E79FEDC0
:10F82000217A9FED215AB0EE650AA6EE070A75EE21
:10F83000C07AE6EE077AD6EE857A30EE677AAFE7E1
:10F840008A4270EE277A09BF9FED0E7ADFED0E6ACD
:10F85000DFED0E6A77EE877A37EEA67A77EEC77A13
:10F8600080ED007A77EEA67AC0ED017A4FF0FF3096
:10F8700017E700BFD80F493FE3CB1640800FC93FC1
:10F88000D00FC93F004435374344353708A3852E90
:10F89000800F494300008043D020010884F9223FB3
:10F8A0005020010800A3852E32318D2438B510EE8A
:10F8B000105A25F00044B4F1A14FF0EE407A07D37E
:10F8C000B4F1FF4F55D8002D77DD9FED4E0A38BDBE
:10F8D0004D4B9C425CD8B4F1445F4DD34FF0FF33A5
:10F8E00027EEA76A9FED495A9FED497ADFED495A05
:10F8F000DFED494A66EE066A5A1CA6EE857AE6EE08
:10F90000A54A9FED465ADFED465AA7EE265AE4EE89
:10F91000A65A9FED447ADFED444AA5EE267AE5EE3D
:10F92000A64A9FED425ADFED425AA7EE265A9FEDB6
:10F93000417AA4EEA67AE5EE265A27EE267AA5EEBF
:10F94000867A27EE877A3BD03B493C4A01EB83011C
:10F95000D1ED006A37EE667A02EB8303D3ED006ADD
:10F9600037EE677A002D36EEC70AB0DAB1EE400AFC
:10F9700038BD30EE000A38BD9FED317A30EE077A9F
:10F98000F7EE006AB4EEE67AF1EE10FAA6DD38BDC5
:10F99000FFF736F92B4B9C4215D8A3F5D0039C42B8
:10F9A00026D8F0EE007ABFEE007AA0EE277A002388
:10F9B00030EE270AC7EE007A92E79FED230A38BDA2
:10F9C00037EEC70A38BD214B9C420BD8F7EE087AB8
:10F9D000B7EE007AA0EE277A022330EE670AC0EE77
:10F9E000077A7DE7BFEE007AC7EE007A032377E758
:10F9F000F7EE007A30EE677A30EE270A0123C7EE81
:10FA0000007A6DE7DB0FC93FFFFFDF3ED769853C1A
:10FA100059DA4B3D21A215BD6BF16EBD356B883DAA
:10FA200095879DBD6E2EBA3D388EE3BD2549123EA9
:10FA3000ABAAAA3ECDCC4CBEE8230108F8230108AE
:10FA4000CAF24971FFFF973FDB0FC9BFFFFF1B40A1
:10FA500010EE103A33F000411A4625D0B1F1FF4FB5
:10FA60001FD213F0FF4F20D1DFED297A294A60EE33
:10FA7000277A904217EE903A31DB4CF2503CC3F3B8
:10FA8000C75160451A46A1F1190114DD002BDFEDC5
:10FA9000227A9FED210AB8BFDFED207A27EE800A97
:10FAA000704730EE000A704770474CF2503C60459A
:10FAB0004FEAD151EADC0144FE29E7DC002915DCDC
:10FAC00011F1160F19DB193122F0FF4242EAC1523F
:10FAD00007EE902A9FED120A27EE800A7047DFEDAD
:10FAE000117A07EE103A27EE270A704722F0FF42FC
:10FAF00042EAC15300EE103A7047002BDFED097A5D
:10FB00009FED080AB8BFDFED087A27EE800A70473C
:10FB10000000004CB03CFFFFCAF24971CAF249F143
:10FB2000000000336042A20D6042A28D2DE9F04F2B
:10FB30002DED048BDBB01C46944603930A46BA4B6A
:10FB400068991CF1040F53F82170824604F1FF39C3
:10FB5000C0F25682BCF1030348BF0CF10403DB1072
:10FB6000029301334FEAC30EACEB0E030593029BE5
:10FB700017EB0900A3EB090316D401309FEDAB7A14
:10FB8000699C18441EA9002BA4BF54F8235007EE0B
:10FB9000905A03F10103ACBFF8EEE77AF0EE477A32
:10FBA0008342E1EC017AEED1002FC0F2E2820399A8
:10FBB0001EA800EB81004FEA81087E18002346ADA5
:10FBC0004C460AEB8101B9F1000F80F2C880013484
:10FBD000B44245F8043B00F10400F4D10DF1280BC8
:10FBE0000BEB8703CDE9062E043B9FED929ADFEDE8
:10FBF000908A059804930AEB080446AE0BEB87083D
:10FC00000097CDF820C00DEB8703002F93ED460A37
:10FC10004FEA870515DD73195A4660EE097AB0EE92
:10FC2000407AFDEEE77A73ED016AF8EEE77AB342C7
:10FC3000A7EEE87A37EEA60ABDEEC77AA2EC017A03
:10FC4000EBD10190FFF704FFF4EE007AB0EE408AAA
:10FC500020EE270A00F0B0FAF2EE007AA0EE678AF2
:10FC600001980028FDEEC89AF8EEE97A38EE678A26
:10FC700040F38280791EC0F108035BF821E04EFA60
:10FC800003FC0CFA03F3AEEB030EC0F1070219EE0E
:10FC9000903A4EFA02F26344002A09EE903A4BF889
:10FCA00021E000F3AF80B5EE408AF1EE10FA74D196
:10FCB000009B9F420ADD5D44002355F8041D454525
:10FCC00043EA0103F9D1002B40F00281009B013B84
:10FCD0005BF823207B1C9C46002A40F0F780049AA6
:10FCE000012152F8045D0131002DFAD03944029D02
:10FCF000039A05EB030E0EF1804E699D0EF1FF3E57
:10FD00003A4405EB8E0E1EAD06EB830705EB82052C
:10FD1000DEED017AF8EEE77AB9F1000F0EF1040E8C
:10FD2000E5EC017ADFED417A09DB2A465346F3EC34
:10FD3000016A32ED017AA342E6EE877AF7D10CF13F
:10FD4000010C8C45E7EC017AE2DD0F465BE70134FC
:10FD5000B442E5EC017A00F104003FF43FAFDFED7F
:10FD6000337A83465346F3EC016A3BED017A8B42CA
:10FD7000E6EE877AF7D1EAE700F09180F6EE007AB6
:10FD8000B4EEE78AF1EE10FA80F22981B5EE408AEE
:10FD9000F1EE10FA4FF000028AD09246DDE9062E0D
:10FDA000DDF820C00197AEEB0C00B0EE480A009FD2
:10FDB0000092FFF74DFEDFED1E6AB4EEE60AF1EEAB
:10FDC00010FADDE90023F0EE407AC0F29C819FED4D
:10FDD000197A059920EE077A0831BDEEC77A0591A8
:10FDE000B8EEC77A5C1CE7EE667ABDEEC77AFDEE28
:10FDF000E77A17EE901A4BF8231017EE103A4BF8EB
:10FE000024307EE00133002F09EE903A40F39D81CB
:10FE100059464FF0000E51F8043B002B39D0C3F582
:10FE2000807341F8043C0CE0342401080000000019
:10FE3000000080430000803B0B68C3F1FF0341F8E2
:10FE4000043B0EF1010E7745F6DC01239E460028A7
:10FE50000BDD012800F0BB80022806D1791E5BF87B
:10FE6000213003F03F0C4BF821C0022A7FF41BAF76
:10FE7000B7EE000A734630EE488A002B3FF413AF0A
:10FE800009920190FFF7E4FD0198099A38EE408A43
:10FE900009E70EF1010E7745BDDC9E46D7E77B1ED4
:10FEA0005BF82320D211002A7FF7FDAE19EE903ABD
:10FEB000002F03F1010309EE903AA9DC022A7FF436
:10FEC000F2AEF7EE007A37EEC88AECE619460EE796
:10FED0003B469246DDE905125C1EA1F108005BF885
:10FEE0002410009F059061B903F18043013B0BEBA7
:10FEF0008303014653F8040D013C08390028F9D06A
:10FF0000059105980092B7EE000AFFF7A1FD002CBD
:10FF1000009AB0EE407AC0F22281601C46AD5FEDDF
:10FF20003B6A81000BEB800305EB800073ED017AE7
:10FF3000F8EEE77A5B4567EE877A27EE267A60ED82
:10FF4000017AF3D10DF1C8080E1F2E44C646A4460F
:10FF50000025002F7DDBDFF85C92DFED957A3046DF
:10FF6000002307E0F9EC016AB0EC017A9F42E6EE6B
:10FF7000877A03DBAB4203F10103F3DD0CF1FF3CB5
:10FF8000BCF1FF3FEEEC017A05F10105A6F1040694
:10FF9000E1D1689B022B6ADC002B36DC0ED1DFED51
:10FFA000847A414431ED017A414577EE877AF9D17F
:10FFB0005346002B40F0C680C2ED007A19EE903A0D
:10FFC00003F007005BB0BDEC048BBDE8F08F791E39
:10FFD0005BF8213003F07F0C4BF821C045E719EEA8
:10FFE000903A002F03F1010309EE903AC8BF0222B4
:10FFF0003FF70EAFF7EE007A37EEC88A022252E6DC
:020000040801F1
:1000000000234FF0080E0293AEE5DDED327A9FED4E
:10001000687A414471ED016A414537EE267AF9D19B
:100020005346002B40F0848077EEC77A82ED007A49
:1000300064B133A90123B1EC017A01339C4277EE1C
:10004000877AF8DA53460BB1F1EE677AC2ED017A9E
:10005000B4E70CF1FF3C0023BCF1FF3F4EF8043B3A
:1000600005F10105A6F104067FF473AF91E7689BE3
:10007000032BA3D1002C00F08C8008EB840595EDB8
:10008000007AA0002B46294671ED017AF0EE476A0E
:1000900037EE277A414577EEC77A81ED007A77EE21
:1000A000A67AC1ED017AEFD1012C72D095ED007ADC
:1000B00008F1040173ED017AF0EE476A37EE277A12
:1000C000994277EEC77A83ED007A77EEA67AC3ED90
:1000D000017AEFD1031DDFED367A434408F10808B9
:1000E00033ED017A984577EE877AF9D15346DDED05
:1000F000326A9DED337A73B9C2ED006A82ED017AFE
:10010000C2ED027A5AE7FDEEC07A1C4617EE901A4D
:100110004BF82310F5E6F1EE666AB1EE477AF1EEA0
:10012000677AC2ED006A82ED017AC2ED027A45E794
:10013000F1EE476A77EEC77AC2ED006A002C7FF4D1
:1001400078AF81E7F1EE677A36E7012815D002280B
:100150007FF4B4AE0EF03F034BF82130AEE6689B5F
:10016000022B12DC002B17DC7FF428AFDFED107AB6
:100170001EE7039B4FEA830830E50EF07F03022A57
:100180004BF821307FF48FAD9BE6689B032B7FF407
:1001900015AFDFED077AA9E75346DDED327A1BB1E3
:1001A0004FF0004313604FE7002313604EE700BF9A
:1001B000000000000824010810EE102AC2F3C75303
:1001C0007F3B162B22F000411BDC002B10461EDB70
:1001D0001A4919410A4223D0DFED197A70EE277AC5
:1001E000F5EEC07AF1EE10FA1ADD002A04DA4FF4C7
:1001F000000242FA03F3184420EA010300EE103A29
:100200007047B1F1FF4F0BD330EE000A7047DFEDBE
:100210000C7A70EE277AF5EEC07AF1EE10FA00DC77
:100220007047002A02DB9FED070A704711B99FED66
:10023000060A7047BFEE000AF2E700BFFFFF7F002B
:10024000CAF249710000000000000080014B1868EC
:10025000704700BF20030020830730B546D08418C4
:10026000844604E003F8011B9D0704D09C46A44586
:100270006346F7D130BD013A0244A2EB0C02032AD7
:1002800029D9CCB204EB04240F2A04EB04442FD95F
:10029000A2F1100C2CF00F0C03F11005AC44C3E9D3
:1002A0000044C3E9024410336345F8D112F00C0F47
:1002B00002F00F0E18D02EF0030C9C44AEF1040592
:1002C0001A4642F8044B6245FBD125F0030404337F
:1002D0000EF003022344002ACCD0C9B21A4403F81A
:1002E000011B9342FBD130BD7246F4E70346C6E7DB
:1002F0009646E0E711F0FF01034600F0030239D013
:100300008ABB026810B501EB012E0EEB0E4E8EEA91
:100310000204A2F1013323EA0203A4F1013222EA2A
:100320000402134313F0803F0FD150F8044F84EAC6
:100330000E0CA4F10133ACF1013223EA040322EAEA
:100340000C02134313F0803FEFD0037823B936E05B
:1003500010F8013F002B32D09942F9D110BD8A42EA
:1003600028D09A0729D01A7818460133002AF6D1E6
:1003700010467047CAB90268A2F1013323EA0203AA
:1003800013F0803F08D150F8042FA2F1013323EA83
:10039000020313F0803FF6D003785BB110F8013F01
:1003A000002BFBD17047990705D0184613F8012B95
:1003B000002AF8D170471846DDE71846A1E718462D
:1003C00010BD00BF024B58221A604FF0FF3070473B
:1003D00094200020024B58221A604FF0FF307047E3
:1003E00094200020FEE700BF2DE9F047089D0F464E
:1003F00004468C46002B48D18A42164661D9B2FA8F
:1004000082F34BB1C3F1200201FA03FC20FA02F29D
:100410009E4042EA0C0C9C404FEA164EB7B2BCFB21
:10042000FEF1220C0EFB11CC42EA0C4201FB07F05C
:10043000904209D9B21801F1FF3C80F0EE80904261
:1004400040F2EB8002393244121AA4B2B2FBFEF041
:100450000EFB102244EA024400FB07F7A74209D929
:10046000341900F1FF3280F0DA80A74240F2D780E1
:100470003444023840EA0140E41B00211DB1DC4055
:100480000023C5E90043BDE8F0878B4206D90DB1D2
:10049000C5E9000100210846BDE8F087B3FA83F101
:1004A000002948D1BB4202D3824200F20781841A5C
:1004B00067EB030201209446002DE4D0C5E9004C0F
:1004C000E1E7002A00F09280B2FA82F3002B40F0BC
:1004D000A8808A1A4FEA164E1FFA86FC0121200CCA
:1004E000B2FBFEF70EFB172240EA02420CFB07F0BC
:1004F000904207D9B21807F1FF3802D2904200F2B9
:10050000E2804746121AA4B2B2FBFEF00EFB1022A4
:1005100044EA02440CFB00FCA44507D9341900F15D
:10052000FF3202D2A44500F2CB801046A4EB0C04AB
:1005300040EA0740A2E7C1F120068B4022FA06FC00
:100540004CEA030C07FA01F420FA06F3F7404FEAED
:100550001C49234300FA01F81FFA8CFEB7FBF9F09F
:100560001C0C09FB107744EA074400FB0EF7A74276
:1005700002FA01F20AD91CEB040400F1FF3A80F000
:100580009B80A74240F2988002386444E41B9FB2EB
:10059000B4FBF9F309FB134447EA044403FB0EFEE2
:1005A000A64509D91CEB040403F1FF3780F08280D3
:1005B000A6457FD9023B644443EA0040A4EB0E0405
:1005C000A0FB02E7BC427346B94663D360D05DB17D
:1005D000B8EB030264EB090404FA06F622FA01F30D
:1005E0001E43CC40C5E9006400214CE7620848087E
:1005F00042EAC1710B0C43EA00438AB242EA034269
:10060000B3FBF6F1E407B4463746B6461F23B0FB0A
:10061000F6F0D21B41EA004161E7614614E710465B
:1006200028E7C3F1200120FA01F29E4027FA01F1E8
:100630009F403A434FEA164E1FFA86FCB1FBFEF785
:100640000EFB1710110C41EA004107FB0CF888451E
:1006500004FA03F43AD9711807F1FF3001D2884542
:100660001FD8A1EB0801B1FBFEF808FB0CF70EFB4D
:10067000181192B242EA0142BA422FD2B21808F1DE
:10068000FF31C6D2BA42C4D2A8F102013244C0E757
:10069000F0459CD2BEEB020367EB0C070138B9466C
:1006A00095E7A6EB08084144B81EB1FBFEF808FB2D
:1006B0000CF7DCE73B467FE7504667E70846FBE67A
:1006C0003444023832E7023F32441BE7A1EB080111
:1006D0003846B1FBFEF808FB0CF7C8E7414698E73F
:1006E00003685A004CBF43F0004323F00043184412
:1006F000704700BF2DE9F04759B301F1FF380546B7
:10070000164647464FF0000A0AEB070101EBD1718C
:10071000491005EBC1094846FFF7E2FF88454FEA5B
:10072000C104034610D004F10800B342284407D89E
:10073000FFF7D6FF0138B04208D201F1010AE3E722
:100740008A4506D04F1EDFE7B042F9D84846BDE8DB
:10075000F0874FF000094846BDE8F087012806D031
:10076000022802D028B9044870470448704704485A
:1007700070470020704700BF4D0E01085D0E010854
:10078000550E010830B5224B83B004468D1E43B38D
:1007900001A92846AFF30080F0B101992A46FFF77E
:1007A000A9FF0146C0B1FFF79BFF4B68A064012B76
:1007B0002BD0002B01F1040025DBFFF791FF002374
:1007C00023650368E064002B12DBFFF789FF034613
:1007D0000020236103B030BD00230920236103B052
:1007E00030BD0C4B0C49C91AC91018460191D5E708
:1007F000C3F30360FFF7B2FF031E0CBF0920002004
:10080000236103B030BD0123DAE700230520E0E7D0
:100810000000000070240108B02501080368DA0711
:1008200010B5044606D49B0700F1500009D5FCF72B
:100830005FF82368590709D51A070ED5DB0613D5CB
:1008400010BDFCF74DF823685907F5D404F1D80022
:10085000FCF756F823681A07F0D404F5AC70FCF7DF
:1008600057F82368DB06EBD404F5EC70BDE81040C4
:10087000FCF792B80346006800B11844704700BF07
:10088000704700BF70B504460E46316C2046FFF736
:1008900079FF054688B9326C626123693246214688
:1008A000012098470828F0D0072806D12846316C47
:1008B000FFF7E6FF301DFCF707F800F0E5FD00BF8D
:1008C0002DE9F04F0D1DD0F80C90D0F818A0074678
:1008D00014460FCDADF5777D0DF10C0CACE80F0093
:1008E0000FCDACE80F000FCDACE80F0095E80F007E
:1008F00002AE4FF0000E8CE80F000DF5F878C6F848
:1009000000E021E0336C7B614FF4F47231464046E5
:10091000FBF7BCFE3B694246394658469847D8F833
:100920003830B3642146CDE9006A05463B460120D4
:100930003A46C847044618BB4FF4F4724146304665
:10094000FBF7A4FE082D19D1316C3846FFF71AFFCA
:10095000093405465FFA84FB0028D3D0B36BB36437
:100960003A46CDE9006A3B464BF010010120C847EA
:1009700030B928460DF5777DBDE8F08F072D05D0FD
:10098000092528460DF5777DBDE8F08F2046316CAE
:10099000FFF776FF03A8FBF797FF00BFF0B5CB6B1F
:1009A000FBB001F1040C0B640F460546BCE80F00D8
:1009B00001AC0FC4BCE80F000FC4BCE80F000FC4AB
:1009C0009CE80F004FF0FF3E84E80F006E46CDF824
:1009D00000E006E02B69324629469847082804467D
:1009E00008D1316C2846FFF7CDFE0028F2D009204F
:1009F0007BB0F0BD3046FFF711FF062CF7D139462A
:100A00002846FFF73FFF00BFC160D96B82611964C0
:100A100000221946FFF754BF70B5C66843690B64DE
:100A2000AEB903690A4604460D46014602209847BE
:100A3000072805D008280FD129462046FFF722FFB6
:100A40003046296CFFF71CFF281DFBF73DFF0122F4
:100A5000FFF736FF00F018FD00F016FDC26808B57C
:100A600032B1CA6B0A64BDE808400022FFF728BF14
:100A7000FFF794FF092008BD052915D8DFE801F02C
:100A80000A031403030501207047009A436C1360A6
:100A90000020704743B90F2A06D800EB82020020DD
:100AA0005368009A136070470220704700B585B004
:100AB0000A46002303A900911946FFF7DDFF0398BA
:100AC00005B05DF804FB00BF052915D8DFE801F08B
:100AD0000A031403030501207047009B1B6843644D
:100AE0000020704743B90F2A06D8009B00EB820212
:100AF0001B685360002070470220704710B584B017
:100B0000002303AC039200940A461946FFF7DCFF6A
:100B100004B010BD2DE9F041D36BADF5107D02F1AD
:100B2000040C136407460E46BCE80F000DF15C0E82
:100B3000AEE80F00BCE80F00AEE80F00BCE80F0005
:100B4000AEE80F009CE80F0016AC4FF0FF388EE8BF
:100B50000F006D46C4F8008010E0FFF7CFFF31466C
:100B60002046B847034622460820294683B92B6908
:100B70009847052880460DD0092809D0216C2846C1
:100B8000FFF700FE03460C212A462046002BE4D046
:100B90004FF009082046FFF741FE40460DF5107D55
:100BA000BDE8F0812DE9F04F1646CA6C89B00D46BC
:100BB00052F8041B069200F0030CE3B10C0C8DF804
:100BC0001D400904E4B2059102EB840202218DF874
:100BD0001C10296DBCF1020F08BFAA6B11F00108AF
:100BE0000FD005A9304600F0CFFA002839D10820EF
:100BF00009B0BDE8F08F090205918DF81D30032181
:100C0000E5E71768002FECD000F008010191E346FA
:100C1000CDF808809A46BAF1020F26D0178854887A
:100C200002F10409AA6C24F001030F21304603EB02
:100C30000208FFF73BFF804515D827F0010202EBC1
:100C40000803834294BF00230123640004F00204DC
:100C500007F001072743012F0BD0022F50D0002FA0
:100C600045D00920C4E70023EFE7546802F10809E2
:100C7000D8E7BBF1000F73D1CBB1D9F80430D9F864
:100C80000020991C4FEAD272EBD005F158040133D1
:100C9000049400F0CC8009F10400FFF7EBFD04ABF5
:100CA00001462846AFF30080002840F0978009F104
:100CB00008021768002FAED105A93046DDF808807C
:100CC00000F062FA0028CCD1B8F1000F8FD00F21CC
:100CD0003046FFF7EBFE0E2102463046FFF70EFFCF
:100CE000594A0F213046FFF709FF072080E7BBF183
:100CF000000F02D0002B40F0878009F10402D8E7F2
:100D0000D9F8004024F00048BBF1000F0FD12BB1FF
:100D1000019B002B3CD0B8F1000F39D0002C01DA38
:100D200009F1040908F1010209EB8202C1E70D2172
:100D30003046FFF7BBFE2F6A8742EFD1AB6A994579
:100D4000ECD100240423C5E90B434B44C5F82880AB
:100D50006B63D9F80030A34270DB01230293E1E713
:100D60000D213046FFF7A2FE2C6A84429FD1AB6A68
:100D700099459CD14846FFF7B3FC0F210246304607
:100D8000FFF7BCFE2A4600213046FFF7B7FEACE76E
:100D900005F15803CDF80CB009F10407B34600245F
:100DA0001E460BE038460496FFF764FD002201461C
:100DB00004AB2846AFF300800437F8B9444504F18A
:100DC0000104EFD10D215846FFF770FE049BC5F8D2
:100DD00028900246C5E90823062009E704460D21AC
:100DE0003046FFF763FE049E2862022C04BFEE62C9
:100DF00005F12C06C5E909690620F9E65E46D9F831
:100E00000040DDF80CB089E74846FFF769FC09F1BE
:100E100004030446AB632846AFF3008000283FF488
:100E200020AF22460F213046FFF768FE5DE73046CF
:100E30000D21FFF73BFE26462862DBE708F10102A1
:100E400009EB820097E700BF000000000023FFF7D6
:100E5000A9BE00BF0123FFF7A5BE00BF0223FFF715
:100E6000A1BE00BF2DE9F0410646C4B014460529D5
:100E700008D8DFE801F016300773980B3A19102AEA
:100E800040F2B780022044B0BDE8F081836B002CB3
:100E9000F8D153F8042B42648363002044B0BDE8CA
:100EA000F081002BEED1856B1FFA84FC012006F146
:100EB000040E00FA03F111EA0C0F2A4604D052F88E
:100EC000041B4EF8231015460133102BF1D1A0045A
:100ED000E3D4B563E1E7012B4FEA1447A4B2CDD0C8
:100EE000052BCFD107EB0408B8F1200FCAD80F2F7C
:100EF00040F2BD80002CD0D002685107A04600F11E
:100F00001B81019302AC2046FBF7FEFCD6F838C0EB
:100F1000019B102F4FF0FF3239464FF0020E38BFC1
:100F2000102118FB0E2E04EBC10184397246604675
:100F300050F8045B41F8045F013A551CF8D10CF1FC
:100F4000040C012B0CEB8E0200F0D5800F2FB26346
:100F500040F2FA802046FBF7D3FC9EE7032B91D1A9
:100F6000A7B207EB1443102B4FEA14448AD8036846
:100F7000190700F1A38022AD2846FBF7EBFC7A00AD
:100F8000B06B05EBC404531E42B1011B625844F818
:100F9000042B013B5A1CF9D100EBC700B063284673
:100FA000FBF7B6FC79E7002B7FF46CAF102C3FF613
:100FB00069AF0368D80679D422AD2846FBF7F6FC62
:100FC000B76B294600234FF0010C0CFA03F22242C2
:100FD000384603F1010303D050F8042B0A6007469A
:100FE000042B01F10401F0D1B7632846FBF7D4FCD0
:100FF00053E7102F3FF446AF0268D10708D53046BB
:1010000022F0030240F8502B0193FBF76DFC019B8B
:10101000019322AD2846FBF767FCD6F838C0002CB8
:101020006BD0019B4FF0000802214FF0FF3214FB00
:10103000012E05EBC70104397246604650F8044B97
:1010400041F8044F013A541CF8D10CF1040C0CEB9C
:101050008E0CB8F1000F39D1012B4ED00F2FC6F8EE
:1010600038C03FF61AAF2846FBF742FC15E7026886
:10107000B8F1100F02F001012AD851B1304622F028
:10108000010242F0020240F8502B0193FBF734FCBE
:10109000019B019322AD2846FBF72EFC019B002CFF
:1010A000E1D0D6F838C04FF00008BDE723F01003B8
:1010B000336006F5EC70FBF779FC7DE723F008035D
:1010C000036000F5AC70FBF745FC54E702AC20E789
:1010D000D1B9550726D422AD28460193FBF70CFC65
:1010E00002A8FBF711FCA8F11008D6F838C0019B44
:1010F000C7F1100498E7944622AD0CF10403B363E2
:101100002846FBF7EDFBC8E622F0010242F002029E
:1011100040F8502B0193FBF7EFFB3268019B12F074
:10112000040FD8D0304622F0040240F8D82B0193A7
:10113000FBF7EAFB019BCEE722F0040240F8D82B34
:101140000193FBF7E1FBDDE622A8FBF7D1FB01E70A
:10115000027A03467AB9427AA2B14168013A10B4E0
:101160004272086803220C1D1A7202025C60000EB3
:1011700010BC1A6070470068013A1A7202021A60C5
:10118000000E7047B02070472DE9F043064685B049
:101190000D4600272846FFF7DBFFB028044600F085
:1011A000218103065ED500F0F003A02B1DD033D8BB
:1011B000802B00F08780902B2AD100F00D030D2B9F
:1011C00026D00DF10808002300F00F021946CDF8D3
:1011D00000803046FFF750FC0023CDF800800D2240
:1011E00019463046FFF770FCD4E7C34303F007030A
:1011F0004FF47F621A41010702F47F6201D542F485
:101200008042002319463046FFF72CFE0028C1D04B
:10121000092005B0BDE8F083B02B68D0C02B3FD1CA
:10122000C62800F0CC80C72800F0DF8000F0F8036B
:10123000C02B00F0EC80C82800F0F780C928E7D167
:101240002846FFF785FF020300F00F0002F470222A
:1012500001300243012105233046FFF703FE002839
:1012600098D0D5E78300DBB203F104080DF108093B
:1012700000231946CDF800900D223046FFF7FCFB05
:10128000029ACDF8009060064CBFA2EB08024244DF
:101290000023029219460D223046FFF715FC79E72C
:1012A00000F0F803D02BB3D100F007020132052380
:1012B00042F4002201213046FFF7D4FD00283FF41C
:1012C00069AFA5E72846FFF743FF24022043B0F5A6
:1012D000004F9DD004010023A2B219463046FFF70B
:1012E000C1FD002894D1C4F3C030074352E7A0F1F8
:1012F000B103042B00F2B580DFE803F05729160C88
:10130000030003AA0023009219460D223046FFF77E
:10131000B3FB3FE700231A4605213046FFF7A2FD45
:1013200000283FF437AF73E72846FFF711FF0203A9
:1013300000F00F00013002F470220123024319462D
:101340003046FFF78FFD00283FF424AF60E700230D
:101350000DF108090D221946CDF800903046FFF72F
:101360008BFB2846FFF7F4FE0206029C4FF00208B2
:101370000CD500F07F0000FA08F0044428460294DF
:10138000FFF7E6FE030608F10708F2D400FA08F0BA
:1013900004F50174204400230290CDF800900D2242
:1013A00019463046FFF790FBF4E62846FFF7D0FEDB
:1013B000431EDBB20E2B02467FF623AF28E72846FA
:1013C000FFF7C6FE020300F00F00013002F47022A6
:1013D0000323024319463046FFF744FD00283FF43B
:1013E000D9AE15E76FB3002013E72846FFF7B0FE2C
:1013F000431EDBB20E2B02463FF60AAF0023042148
:101400003046FFF72FFD00283FF4C4AE00E700F0A0
:101410000F020132032342F4202219463046FFF71F
:1014200021FD00283FF4B6AEF2E62846FFF790FE15
:1014300000F0F00200F00F031032013343EA0232F1
:1014400008E702AC3B46394600940E223046FFF7CF
:1014500013FB0F2200943B4639463046FFF734FB1E
:10146000C1E700F0FC03B42B3FF4D2AE00F007025A
:101470000132012342F4002219463046FFF7F2FC04
:1014800000283FF487AEC3E608B5062000F004F854
:101490000120FEF7A7FF00BF38B5144B1F281D68B9
:1014A0001ED8D5F83821044662B152F820304BB12D
:1014B000012B05D0591C0FD0002142F8201098476D
:1014C000002038BD284600F029F82246014628466B
:1014D000BDE8384000F00CB816232B60012038BD61
:1014E00016232B604FF0FF3038BD00BF20030020D3
:1014F00070B50C46084D03460026204611461C4692
:101500002E60FEF767FF431C00D070BD2B68002BD8
:10151000FBD0236070BD00BF94200020FEF752BFB7
:101520004145525431323334353637386162636461
:101530006566676800524F4C4C3B50495443483BEA
:101540005941573B414C543B506F733B506F735262
:101550003B4E6176523B4C4556454C3B4D41473BDB
:1015600056454C3B0000000000000000A71E01088B
:101570000000000001000000AC1E01080100000096
:1015800002000000B31E010802000000030000007A
:10159000BC1E01080300000004000000C21E010878
:1015A0000500000005000000C71E0108060000003D
:1015B00006000000D11E010807000000070000001F
:1015C000DA1E01080800000008000000E31E010800
:1015D0000900000009000000EC1E01080A000000DC
:1015E0000A000000F61E01080B0000000B000000BE
:1015F000001F01080C0000000C0000000A1F010879
:101600000D0000000D000000121F01080E00000078
:101610000E0000001A1F01080F0000000F0000005C
:10162000221F010810000000100000002B1F0108FD
:101630001100000011000000321F0108120000001C
:10164000120000003C1F01081300000013000000FE
:10165000441F010814000000140000004F1F01087F
:101660001500000015000000561F010816000000BC
:10167000160000005D1F01081700000017000000A1
:10168000651F010818000000180000006D1F010808
:101690001900000019000000751F01081A00000061
:1016A0001A0000007F1F01081B0000001B00000043
:1016B00000000000FF000000010001020001030023
:1016C00001040001050001060001070001080001F6
:1016D0000900010A00010B00010C01030D00010EBD
:1016E00000010F00011000011100011200011300A0
:1016F00001140001000800480040010200080048F1
:10170000002001020008004800800102000000489B
:101710001000010200000048200001020000004803
:1017200040000102C59500669C000000000000001A
:1017300080250000004B00000096000000E1000042
:1017400000C201000084030090D0030000000040AC
:10175000000400480004081C01020A0100000040C7
:101760000004004800080C1C01020B0100000040AE
:10177000000000480200041C0102010100000040BA
:10178000000000480100001C01020001002C014083
:10179000000000480001001B000A08061C18010890
:1017A0000818010806180108041801080000803F05
:1017B000000080BF0000803F000080BF0000803F2D
:1017C000000080BF000080BF0000803F0000803F1D
:1017D0000000803F0000803F0000803F0000803F0D
:1017E0000000803F000080BF000080BF0004004870
:1017F00000000048000000480004004800040048C1
:1018000000040048FFFFFFFF00030103020303037E
:1018100004010503060307030804FFFF0003010397
:101820000203030304020503060307030804090374
:10183000FFFF000000A24A040001000001000000B8
:10184000471D0108891F010802010000341D01081D
:10185000991F010803020000311D0108A91F01089A
:10186000040300002C1D0108B11F0108050400003D
:10187000271D0108B41F0108060500001E1D0108F0
:10188000BB1F0108070600001B1D0108CA1F010835
:1018900008070000181D0108D71F010809080000EB
:1018A000B8190020000000000A090000151D0108F9
:1018B000DF1F01080C0A0000101D0108E61F0108C7
:1018C0000D0B00000B1D0108F61F01080E0C000097
:1018D000FC1C01080B2001080F0D0000B8190020A6
:1018E000000000000B0E0000F81C01081620010883
:1018F000100F0000F31C0108242001080000000064
:1019000001020304010203040607080901000200A2
:101910000400060008000A000C001000200040002F
:1019200080000001000000000000000000000048EE
:101930000001000000000200000400480400000054
:101940000000040000040048400000000000040003
:10195000000400488000000000000400000400486B
:101960000080000000000400000400480040000067
:1019700000000400000400480020000000000400F3
:1019800000040048001000000000040000000048AF
:1019900010000000000002000000004800200000CD
:1019A00000000200000000480040000000000200AB
:1019B000000400481000000000000400000400487B
:1019C000200000000000040000000048200000008B
:1019D00000000200000400480800000000000400AD
:1019E00000000048008000000000020000000048E5
:1019F0000800000000000200000000480400000091
:101A000000000200D1620008CD620008D562000823
:101A10000A000000050000000000000005000000B2
:101A20000004080161650008C1640008F56400084D
:101A300031650008618D00081B650008658D000890
:101A4000000000000000004F000000070007001425
:101A50007F147F14242A7F2A1223130864623649D4
:101A60005522500005030000001C224100004122C5
:101A70001C0014083E081408083E080800503000F6
:101A80000008080808080060600000201008040230
:101A90003E5149453E00427F400042615149462146
:101AA00041454B311814127F1027454545393C4AB2
:101AB0004949300171090503364949493606494902
:101AC000291E003636000000563600000814224158
:101AD00000141414141400412214080201510906C0
:101AE000324979413E7E1111117E7F494949363E86
:101AF000414141227F4141221C7F494949417F099F
:101B00000909013E4149497A7F0808087F00417F61
:101B100041002040413F017F081422417F40404066
:101B2000407F020C027F7F0408107F3E4141413E0E
:101B30007F090909063E4151215E7F091929464660
:101B40004949493101017F01013F4040403F1F2089
:101B500040201F3F4038403F63140814630708705B
:101B600008076151494543007F41410002040810C4
:101B7000200041417F0004020102044040404040F7
:101B8000010204000020545454787F4844443838FB
:101B900044444420384444487F3854545418087E00
:101BA000090102064949493F7F0804047800447D41
:101BB00040002040443D007F1028440000417F4009
:101BC000007C0418047C7C080404783844444438BD
:101BD0007C14141408081414187C7C0804040848A5
:101BE00054545420043F4440203C4040207C1C205E
:101BF00040201C3C4030403C44281028440C5050AD
:101C0000503C4464544C44000836410000007F00BE
:101C100000004136080002010204023E55554122EF
:101C2000000000000000007900001824742E2448F1
:101C30007E4942405D2222225D15167C1615000069
:101C40007700000A555555280001000100000A0DD3
:101C50000A0408142A1422040404041C00080808B6
:101C6000000101010101000205020044445F4444F7
:101C700000000402017E2020103E060F7F007F003E
:101C8000181800000040502000000A0D0A0022141D
:101C90002A14081708342A7D1708046A5930484561
:101CA000402042004200427E420042007E7E0042CE
:101CB000007E7E7E42007E7E7E7E007E7E7E7E7EFA
:101CC0005A0000005A5A4040405A7A6060607A7A5E
:101CD0007070707A7A7878787A7A7C7C7C7A7A7E7E
:101CE0007E7E7A000000000000000001020304066E
:101CF00007080900F50A05FF00640AFF040504054A
:101D000008050F05080504050405FF140F2305FF4A
:101D100005050505FF0A0AFF1932FF3202FF050516
:101D20000F0505050F1EFF1E050505FF0F050F0515
:101D3000FF3232FF0A0A0A0A0A28280A280A282833
:101D40000A0A0A0A0A46FF140A140A140AFF44453A
:101D500056207C00202020207C00525820207C002F
:101D60007C2041524D007C20202020002041434314
:101D70002043414C2000204D41472043414C20004E
:101D8000204C4F57204241542000205258204C4FA5
:101D900053532000202043524153482020004E4FEF
:101DA0005420524541445900202052454144592075
:101DB0002000494E20464C4947485400202020200E
:101DC0002020202020007C2025642E256400253042
:101DD000326C75203A002530326C750050203A2064
:101DE00025642020200052203A2025642020200055
:101DF00059203A2025642020200070203A202564B4
:101E00002020200054203A20256420202000414535
:101E1000545231323334004D414749532056320039
:101E20005052494D555320583220763100323032CD
:101E3000352D31302D31330031303A30323A3439AA
:101E400000302E302E30000C01020005040300503B
:101E500052494D55535F58325F7631004D414749E5
:101E600053563200257320666F7220257300427925
:101E70002044524F4E41204156494154494F4E0053
:101E8000302E32342E3000322E322E300046573A69
:101E90002573207C204150493A2573004275696CB6
:101EA00064203A2025730041524D3B00414E474C7F
:101EB000453B00484F52495A4F4E3B004241524F1A
:101EC0003B004D41473B0048454144465245453B58
:101ED000004845414441444A3B0043414D5354412D
:101EE000423B0043414D545249473B004750532029
:101EF000484F4D453B0047505320484F4C443B0012
:101F000050415353544852553B0042454550455269
:101F10003B004C45444D41583B004C45444C4F57C9
:101F20003B004C4C49474854533B0043414C4942C9
:101F30003B00474F5645524E4F523B004F534420B3
:101F400053573B0054454C454D455452593B00476F
:101F500054554E453B00534F4E41523B0053455262
:101F6000564F313B00534552564F323B005345527A
:101F7000564F333B00424C41434B424F583B004687
:101F800041494C534146453B004759524F5F4341FD
:101F90004C494252415445440052585F4C4F5354AF
:101FA0005F4C414E44494E470052585F4C4F53548A
:101FB0000044495341524D494E470041524D494E0C
:101FC000475F4750535F464958004241545F435270
:101FD00049545F4C4F57004241545F4C4F57005299
:101FE000585F534554004143435F43414C4942527B
:101FF0004154494F4E004143435F43414C49425293
:102000004154494F4E5F4641494C00524541445965
:102010005F424545500044495341524D5F5245503F
:102020004541540041524D4544000000000000006D
:102030000000004B000000CB00000080DB0F494097
:10204000DB0F49C0DB0F49BFE4CB1640E4CB16C021
:10205000000FC93F000F494000CB9640000FC94018
:102060000053FB4000CB164100ED2F41000F4941CA
:102070000031624100537B41003A8A4100CB9641D6
:10208000005CA34100EDAF41007EBC41000FC9419F
:1020900000A0D5410031E24100C2EE410053FB41B6
:1020A00000F20342003A0A420083104200CB16427B
:1020B00000141D42005C234200A5294200ED2F427E
:1020C00000363642007E3C4200C74242000F494281
:1020D000A2000000F9000000830000006E00000074
:1020E0004E00000044000000150000002900000020
:1020F000FC0000002700000057000000D100000095
:10210000F500000034000000DD000000C000000009
:10211000DB00000062000000950000009900000054
:102120003C0000004300000090000000410000005F
:10213000FE0000005100000063000000AB00000042
:10214000DE000000BB000000C500000061000000D0
:10215000B7000000240000006E0000003A000000FC
:10216000420000004D000000D2000000E00000002E
:1021700006000000490000002E000000EA000000F8
:1021800009000000D1000000920000001C000000C7
:10219000FE0000001D000000EB0000001C0000001D
:1021A000B100000029000000A70000003E00000070
:1021B000E80000008200000035000000F50000008B
:1021C0002E000000BB00000044000000840000005E
:1021D000E90000009C0000007000000026000000E4
:1021E000B40000005F0000007E000000410000001D
:1021F0003900000091000000D60000003900000006
:10220000830000005300000039000000F4000000CB
:102210009C000000840000005F0000008B000000B4
:10222000BD000000F9000000280000003B00000095
:102230001F000000F800000097000000FF000000F1
:10224000DE00000005000000980000000F00000004
:10225000EF0000002F000000110000008B000000C4
:102260005A0000000A0000006D0000001F0000007E
:102270006D000000360000007E000000CF0000006E
:1022800027000000CB00000009000000B70000009C
:102290004F000000460000003F0000006600000004
:1022A0009E0000005F000000EA0000002D0000001A
:1022B0007500000027000000BA000000C700000001
:1022C000EB000000E5000000F10000007B000000D2
:1022D0003D0000000700000039000000F70000008A
:1022E0008A0000005200000092000000EA00000096
:1022F0006B000000FB0000005F000000B100000068
:102300001F0000008D0000005D00000008000000BC
:1023100056000000030000003000000046000000EE
:10232000FC0000007B0000006B000000AB00000020
:10233000F0000000CF000000BC0000002000000002
:102340009A000000F4000000360000001D000000AC
:10235000A9000000E30000009100000061000000FF
:102360005E000000E60000001B0000000800000006
:102370006500000099000000850000005F0000007B
:1023800014000000A00000006800000040000000F1
:102390008D000000FF000000D80000008000000059
:1023A0004D00000073000000270000003100000015
:1023B00006000000060000001500000056000000A6
:1023C000CA00000073000000A8000000C90000005F
:1023D00060000000E20000007B000000C000000080
:1023E0008C0000006B0000006937AC31682122339B
:1023F000B40F14336821A2333863ED3EDA0F493F3E
:102400005E987B3FDA0FC93F0000C93F0000F039FA
:102410000000DA370000A2330000842E0000502BA9
:102420000000C2270000D0220000C41F0000C61B0D
:10243000000044170400000007000000090000002D
:10244000C9280181B0B0AF8100000000C93001810E
:10245000B0B0AF8000000000C90A0181B0B0AF8702
:102460000000000008B10181B0B00084000000004D
:1024700050DDFE7F010000004CF1FE7FC4FFFF7FB6
:10248000340EFF7F01000000400EFF7FB0AF0A80D6
:10249000AC1DFF7F01000000C423FF7FB0FFFF7F62
:1024A000303CFF7F010000005C3EFF7FB0A902804E
:1024B000BC3EFF7F010000004E41FF7FB0B0AC800A
:1024C000C442FF7F010000002062FF7FB0B0A880FF
:1024D0003C62FF7FA908B1807062FF7FB0B0A88026
:1024E0008C62FF7F01000000FC8BFF7FAF08B18092
:1024F0009C8CFF7F01000000AC8DFF7FB0B0AA80F4
:10250000CE8EFF7F010000007C8FFF7FB0B0A880DF
:10251000D48FFF7F0100000060A5FF7F3CFFFF7F9D
:102520009CC4FF7F010000005CE2FF7FB0A9028035
:10253000ECE2FF7FB0B0A8803CE3FF7F0100000029
:1025400044E3FF7FB0B0AA8078E3FF7FAF76B2802C
:102550004CE4FF7FAB3F3A80B0E4FF7F0100000016
:10256000B8E4FF7FB0B0AA80F4E4FF7FF8FEFF7FFD
:1025700008E5FF7F010000009CE5FF7FAC0FB28003
:1025800024E6FF7FB0AF0880C4E8FF7F01000000B1
:10259000D4E8FF7FAC3F0380B8EBFF7F0100000071
:1025A000E8EBFF7FB0AD0480E0EEFF7F01000000AC
:0425B000BDE9000879
:1025B400F40100006400000001010100000000407B
:1025C4000201780014050000A086010001005300F8
:1025D4000100FFFF010000010000000000010000F5
:1025E4000000000000000000416100080101010139
:1025F400FFFF01000000803F000000000000000019
:10260400000000000000803F000000000000000007
:10261400000000000000803FCDCC4C3ECDCC4C3EB1
:102624002D70000801FF0001800101FF010100007D
:1026340001FF01014F0201FF0E01000301018401AA
:10264400020A0103030104080105C8010603010786
:102654008D0108080109C6010A01010B02010C00E1
:10266400010DD5010E18010F120110010111820193
:1026740012000113D50114180115130116030117D3
:102684008601180A011909011A08011BC2011C0359
:10269400011D8F011E0A011F0601200101210201F3
:1026A40022000123D5012418012522012601012736
:1026B400820128000129D5012A18012B0B012C289D
:1026C400012D78012E28012F9101300001310B01D9
:1026D400320001330B0134000135A101360001370A
:1026E400A0013800013904013A28013B30013C0CB7
:1026F400013D04013E0F013F7901402801411E01C3
:10270400422F01438701440001450B014600014764
:102714000B0148000149A7014A00014BA6014C00E6
:10272400014D04014E01014F00015000015180018F
:10273400520901530801540101550001560F015774
:1027440079015809015905015A00015B60015C05D2
:10275400015DD1015E0C015F3C0160000161D001AB
:10276400620B01630301642801651001662A016795
:102774003901680B016902016A28016B10016C2A96
:10278400016D61016E0C016F0001700F017179011F
:10279400720001730B01740001750B01760001775F
:1027A400A10178000179A0017A00017B0401FF04F2
:1027B40001791D017B2701960E0197FE0198030103
:1027C40099EF019A02019B4401730701700101FF13
:1027D4000101000101FF0000000001FF01010000F0
:1027E40001FF000109000110000111000124010191
:1027F40025FF01750001FF01014E2C014800013045
:102804002001FF00013009015400013104013203A9
:1028140001408301462501600001270001500601A3
:1028240051000152960156080157300161000162BE
:10283400000164000165000166A001FF010122326C
:102844000147140149FF014A0001FF00017A0A010E
:102854007B0001782101FF0101233401420001447E
:10286400FF014526014605014040010E0601201ADC
:1028740001434001FF0001340301354401FF01011C
:102884003104014B09014C05014D0401FF000144D1
:102894000001452001470801482801670001700430
:1028A4000171010172FE01760001770001FF01014F
:1028B4000D0101FF000180010101F801FF01018EFA
:1028C4000101000101FF0001800000000000000080
:1028D4002803002000000000000000005C1F00200E
:1028E400C41F00202C200020000000000000000075
:1028F40000000000000000000000000000000000D4
:1029040000000000000000000000000000000000C3
:1029140000000000000000000000000000000000B3
:1029240000000000000000000000000000000000A3
:102934000000000000000000000000000000000093
:102944000000000000000000000000000000000083
:102954000000000000000000000000000000000073
:102964000000000000000000000000000000000063
:1029740001000000000000000E33CDAB34126DE600
:10298400ECDE05000B000000000000000000000069
:102994000000000000000000000000000000000033
:1029A4000000000000000000000000000000000023
:1029B4000000000000000000000000000000000013
:1029C4000000000000000000000000000000000003
:1029D40000000000000000000000000000000000F3
:1029E40000000000000000000000000000000000E3
:1029F40000000000000000000000000000000000D3
:102A040000000000000000000000000000000000C2
:082A14000000000000000000BA
:0400000508000000EF
:00000001FF
