:020000040800F2
:1000000000A000209DE9000805EA000805EA0008B4
:1000100005EA000805EA000805EA000800000000FB
:1000200000000000000000000000000005EA0008D9
:1000300005EA00080000000005EA00085D810008EC
:1000400005EA000805EA000805EA000805EA0008D4
:1000500005EA000805EA000805EA000805EA0008C4
:1000600005EA00085781000805EA000805EA0008CB
:1000700005EA000805EA0008DDAF000805EA000807
:1000800005EA000805EA000805EA000805EA000894
:1000900005EA000805EA000805EA000805EA000884
:1000A0003DB20008F5B100084DB20008E5B1000806
:1000B000F9B1000809B2000819B2000805EA000801
:1000C00005EA000805EA000805EA000805EA000854
:1000D00005EA00081DB0000829B0000805EA00087C
:1000E0005181000805EA000805EA000805EA000851
:1000F00039B2000805EA000829B2000805EA00083C
:1001000000000000000000000000000005EA0008F8
:1001100005EA000805EA000805EA000805EA000803
:1001200005EA000805EA000805EA000805EA0008F3
:1001300005EA000805EA00080000000000000000D1
:1001400005EA000805EA000805EA000800000000CA
:10015000000000000000000000000000000000009F
:10016000000000000000000005EA000805EA0008A1
:1001700005EA000800000000000000000000000088
:080180000000000005EA000880
:1001C00010B50F4B1A786A2A17D15A88B2F5AA6F60
:1001D00013D11A79BE2A10D193F84E25EF2A0CD1EB
:1001E000084C002213F8011BA342104682EA0102C8
:1001F000F8D1431A5842584110BD0020FCE700BF17
:1002000000F0030850F50308024A93680343936023
:10021000704700BF60040020024A936823EA00038D
:100220009360704760040020044A0123B2F850151F
:1002300083400B43A2F85035704700BF6004002094
:10024000044A01238340B2F8500520EA0300A2F8D3
:10025000500570476004002010B50C4CB4F85205EE
:10026000B4F85435184380B260B9FFF7E9FFB4F829
:10027000500510F0010004D1D4F85805003818BF1B
:10028000012010BD0020FFF7CFFFF0E76004002041
:10029000704B71481A68596870B5D0F85C45A21A5D
:1002A0008A4215DB1A7A9AB190F86025B0F8506549
:1002B0000132D2B280F86025002101252E4208D1FA
:1002C00001316D000929ADB2F8D15A6822441A6093
:1002D00070BD89B20139072905D8DFE801F01BACF0
:1002E00090819D452E7064225A605D7A5B4A4FF47E
:1002F00080404FF4005190612DB111854FF40041C1
:100300001185002204E091614FF4004191610122C6
:100310005A72DAE75D7A64225A604FF480404F4A9D
:100320004FF4004125B1108591614FF40051E7E78A
:10033000906191614FF40051E8E790F861154748EA
:1003400021B364225A604FF4804282614FF400521C
:1003500082614FF400420285B7E74FF48042018585
:1003600002854FF40052F6E790F861153B4869B1F9
:1003700064225A60828A92B282F4005282824FF4DE
:10038000804282614FF4004282619EE702F00302E4
:100390007821022A59604FF40041DED0032A0AD0A6
:1003A000012A01854FF4804201D0826100E002857C
:1003B0004FF40052E8E781614FF48042F5E790F88E
:1003C0006125002A81D064225A60244A4FF480417A
:1003D00011854FF4004191614FF40051916174E730
:1003E0001E4964225A604FF480428A614FF40042F1
:1003F0008A618A8A92B282F400528A8265E7642214
:100400005A60164A4FF4804191614FF40041916166
:100410004FF40051118558E7104964225A604FF497
:1004200000528A618A8A92B282F480428A824FF4B0
:1004300000428A6149E7642112F0010F5960074ABE
:100440004FF480414FF4004001D11085C3E7906123
:10045000DDE700BF00000020600400200008004825
:10046000FDEEC07A17EE903A2033402B43D8DFEDF3
:10047000237A9FED237AB4EEE70AF1EE10FA28DC36
:10048000DFED207A9FED1E7AB4EEE70AF1EE10FA66
:1004900022D4DFED1D7AB4EEE70AF1EE10FA1EDD8C
:1004A00030EE670A37EEC00A60EE007ADFED176AB9
:1004B0009FED177AA7EEA67ADFED166AE7EE876A58
:1004C0009FED157AA7EEA67A20EE276AA6EE070A18
:1004D000704730EE470ACEE730EE070AD4E79FEDCB
:1004E0000F7AB4EEC70AF1EE10FA44BF30EE270AD5
:1004F00037EE400AD8E79FED0A0A7047DB0F494004
:10050000DB0FC940DB0F49C0DB0FC93F9A7C2E3699
:10051000FAAF4FB93587083CA4AA2ABEDB0FC9BF82
:100520000000000003685A1C026019707047002325
:100530001B68FFDE30B5484BD3F86425B3F96E1560
:100540009578D278B3F98C05002A41D00A1A82EA4C
:10055000E274A4EBE274AC4223DD012012F5997F32
:1005600083F88E051ADD062092FBF0F2502AA8BF10
:100570005022B3F89005024412B2A3F8AA25A3F8BA
:10058000902593F8B025002A61D040F2DC529142C8
:100590005DDC4FF47A72A3F8AA2530BD6FF031020A
:1005A000E7E793F88E2532B1D3F89825C3F8942560
:1005B000002283F88E25D3F89C25D3F8A04510445B
:1005C00022889042D8DB62888242A8BF0246D3E7E5
:1005D00040F2DC529142214C23DDA1F2DC529542E3
:1005E00028DAA1F2DC52002ABCBF6FF4BB628A1881
:1005F0009210782AA8BF7822C3F8AC250122A272F3
:1006000083F88E25D3F89C25D3F8A0451044228882
:10061000904203DB62888242A8BF0246A3F8AA2563
:10062000AFE7521A954205DAB1F5896FD9DC6FF060
:100630006302E1E70022A27293F88E45C3F8AC256D
:10064000002CDFD0D3F89845C3F89445D8E70022B2
:1006500083F8B025A1E700BF60040020000000205F
:10066000134BD3ED037A134BF5EE407AF1EE10FA0B
:100670004FF0000203F1040103F1080003D11A60F6
:100680000A6002607047F0EE086A86EEA77A80ED95
:10069000007A27EEA77A67EE877A86EE876AF7EE0A
:1006A000006A86EEA77A81ED006A83ED007A7047D2
:1006B00000000020140A0020034BB3F8C0351D2BA6
:1006C00001D80420B0E5704760040020054B0022EB
:1006D000C3F8C425C3F8C82503F2CC5300221A601E
:1006E0005A60704760040020074B0022C3F8D425ED
:1006F000C3F8D825C3F8DC2503F5BC6300221A60D3
:100700005A609A60704700BF6004002010B5164C14
:1007100094F8EC355A0706D523F00503042084F835
:10072000EC3507F0F3FE94F8ED25104B0AB10022EA
:100730001A7401225A74782200215A82042040F24D
:1007400014529A8284F8EE1584F8EF1584F8F015A7
:10075000C4F8F415FFF774FD0520FFF771FD84F868
:10076000F81584F8B01510BD6004002000000020CA
:10077000224B93F8EC2512F0010F02F0040103D193
:10078000D3F8FC05012833DC93F8000680B393F816
:10079000010668BB39B11A4A1346516843F8081B71
:1007A000D2681A607047D3F81416480124D4910710
:1007B0001FD442F0040283F8EC2593F8EE2522B909
:1007C000012283F8EE25D3F85C250E4AB3F81816FB
:1007D000D182D3F85C25D3F85C1593F88E214FF4C1
:1007E0007A7012FB00120520C3F81C2607F08EBE9B
:1007F00011B9012007F0B0BE704700BF60040020AF
:10080000640A00200000002070B5104CD4F8205677
:10081000284607F0E7FE287A04F2246400226FF0ED
:100820001806192112FB0263434303F6C413534312
:100830000132072A93FBF1F324F8023BF2D1284658
:100840000349BDE8704007F0E9BE00BF6004002026
:10085000300500202DE9F047C14C94F83236B4F849
:10086000342604EB4303B3F968359342C0F259814F
:10087000B4F83626934200F3548194F838560DB9F3
:1008800094F8395694F83C3684F83A5684F83B5636
:10089000002B00F00D81D4F84076D4F84436FB1AD2
:1008A000C72B40F2058194F84886B8F1000F40F05C
:1008B000F5804146404608F07BFBAA4BAA48002D34
:1008C00008BF18460BF094FED4F84C6694F838969E
:1008D000022E40F07C81B4F85035DA0740F12381D4
:1008E000A24BC4F85036D4F85086B8F1000F06D0A9
:1008F0000620002108F05CFB40460BF079FE002149
:1009000010200136C4F84C6608F052FBB4F8C0352C
:1009100097480A21B3FBF1F201FB12339BB29549D0
:100920000AF068FF92480BF063FE0721002008F0F0
:100930003FFBB9F1000F40F0538194F839268E48FF
:10094000884B002A08BF18460BF052FED4F81466F4
:10095000D4F85C3594F8682616F0010600F0428160
:10096000002A40F04481C4F86C26B4F85025D20522
:1009700004D5012284F86826C4F870360721084699
:10098000D4F86C364FF47A724FF03C0AB3FBF2F8AD
:1009900008F00EFBB8FBFAF9784975484A460AF0A8
:1009A00029FF73480BF024FE07210C2008F000FB00
:1009B00073496F480AFB19820AF01CFF6C480BF060
:1009C00017FE1020072108F0F3FA6E486E4B002E38
:1009D00008BF18460BF00CFE002D5FD1022101204C
:1009E00008F0E6FA0A266949B4F97626604892FBCF
:1009F000F6F20AF0FFFE5E480BF0FAFD032101203B
:100A000008F0D6FA6249B4F97426594892FBF6F216
:100A10000AF0F0FE56480BF0EBFD0421012008F02F
:100A2000C7FAB4F918265B4951480AF0E3FE50486A
:100A30000BF0DEFD02210B2008F0BAFAB4F96A25AA
:100A400055494B480AF0D6FE49480BF0D1FD032129
:100A50000B2008F0ADFAB4F968254D4944480AF076
:100A6000C9FE43480BF0C4FD04210B2008F0A0FA96
:100A7000B4F96C2547493E480AF0BCFE3C480BF0EF
:100A8000B7FD05210B2008F093FAB4F96E25434910
:100A900037480AF0AFFE36480BF0AAFD94F87A36D4
:100AA000AB4201D00BF08DFD84F87A56C4F8447641
:100AB000002D00F0588107F059FBD4F87C36C31A9A
:100AC000002BC0F2DA80364DAB690344C4F87C36A3
:100AD0002B7F9BB1334B00264FF400522E729A614C
:100AE0004FF400429A6101214FF480429A61084616
:100AF0000AF0FCF901232E7784F880360BF05EFAB9
:100B000050287AD90BF05AFAB0F5487F75D20021F7
:100B100002200AF0EBF9012100200AF0E7F9002198
:100B20009EE00025AEE6980701D51F4BD9E6D90611
:100B300001D41A0701D51D4BD3E6980605D4B9F1A7
:100B4000000F04D194F839260AB9194BC9E65907A0
:100B500001D5184BC5E65A0630D5174BC1E600BF84
:100B6000600400206C1D0108661D0108841D010839
:100B7000B40A0020DE1D0108721D0108E61D0108EF
:100B8000EE1D0108781D01087E1D0108F41D0108F5
:100B9000FE1D0108081E0108121E01081C1E010886
:100BA00000000020000800488E1D0108981D010863
:100BB000A21D0108AC1D0108B61D0108180601D5CB
:100BC000794B8EE6D9057FF58EAE784B89E6052EFA
:100BD00001BF774BC4F85036C4F84C86464682E6CF
:100BE0007448B1E6002A3FF4C9AE84F86866D4F8C8
:100BF00070269B1AC4F86C36C0E60BF0DFF9B0F52E
:100C0000487F17D80BF0DAF9B0F5FA6F19D80BF066
:100C1000D5F940F67463984225D90BF0CFF941F22B
:100C2000931398421FD8012102200AF05FF9002196
:100C3000084672E70BF0C2F9B0F5FA6FE2D2012173
:100C400066E70BF0BBF940F673639842DFD80121E9
:100C500002200AF04BF9002108460AF047F9012169
:100C600001200AF043F9012102200AF03FF9BDE812
:100C7000F047012100200AF039B94F4A0023A2F1C0
:100C8000DD01D01D157815B3032B06D050F8235085
:100C900021F8135001330132F4E7D4F89436A4F864
:100CA0006E3594F8983613B10023A4F89A36434E63
:100CB0000023012516F8012B002A50D0DBB2013B9E
:100CC000042B08D8DFE803F0111B2937410001335A
:100CD000042BE0D1E5E701200BF0B4FC002384F8FD
:100CE0009D3684F89C560123E4E701200BF09CFC20
:100CF000002384F89C3684F89D560223DAE704200A
:100D00000BF0A0FC40200BF08FFC012384F89E36F2
:100D1000002384F89F360323CCE740200BF092FC9D
:100D200004200BF081FC012384F89F36002384F813
:100D30009E360423BEE708200BF084FC002384F8D1
:100D4000A13684F8A0560523B4E708200BF06CFC0C
:100D5000002384F8A15684F8A036BDE8F08701335B
:100D6000062BA7D1F9E794F88036002BF5D00121A6
:100D70002846C4F8885684F88156C4F88C5684F8FE
:100D80008256C4F8905684F88356C4F8945684F872
:100D9000845684F898560AF0A9F8094B84F88056CE
:100DA00001221A721A77D8E7C01D0108CA1D01086E
:100DB000D41D0108721D0108E10A0020FC0A002070
:100DC000000000202DE9F84F4FF4AA622DED028BB0
:100DD0000021C8489FEDC88A0FF026FAC54A02F5DF
:100DE000E4730021C2F8A43602F22A566A230324CF
:100DF0004FF4006015461370547182F8A816C2F8BB
:100E00002066FFF701FA8020FFF7FEF90220FFF7C6
:100E1000FBF94FF40060FFF7F7F94FF48070FFF72C
:100E2000F3F9C823A5F8FA30B44BDFF83CC3DFF878
:100E30003CE385F832414FF48037C5E93B73B04B52
:100E4000C5F8F4304FF47A73A5F8343142F2201328
:100E5000C5E94AC34FF0A063C5F8C431A94B85F872
:100E600028154FF07E58C5E951E340F64303A5F835
:100E70004C312A46A5F8E41085F8E610C5F8FC10B8
:100E8000A5F80011C5F8E81085F8F810C5F810812C
:100E9000C5F81481C5F8188185ED478A85ED488A23
:100EA00085ED498AA5F83011A5F8B81185ED6F8A4E
:100EB00085ED708AA5F83E112B462C460329CCBF40
:100EC0000122002201F1010183F84E2114BF1E22EC
:100ED0000522122983F84F2103F10203EED18A4B38
:100EE000C4F84031834B00224FF47A704FF4FA611A
:100EF0000132042AA3F87201A3F8741103F1040368
:100F0000F6D1824A824B8349C4E96323824BC4F8F9
:100F1000D030A3F1FA73643BC4F8D43003F56023F6
:100F200003F5CB73C4F8D8307C4B00274FF0010990
:100F3000C4E9371384F8827184F894910AF028FD8B
:100F400040F6AC53A381764BC4F8C83103F1034398
:100F5000A3F51D23A3F29D73C4F8CC317148724BE5
:100F6000724AC4F8F821C4E97403714BC4F8D8314B
:100F70002D2384F8DD3141F61E63A4F8DE316D4B7C
:100F8000C4F8E031C4F8FC2145F205336A4AA4F8FC
:100F9000E431C4F8142264234B2284F8E63184F847
:100FA000182240F201534FF4FA72A4F8E831A4F881
:100FB0001A22624BC4F8043240F2DC52C4F8083200
:100FC000A4F834255E4BC4F8F43144F25A125D4B58
:100FD000A4F82A254FF07F513222A773C4F81032AB
:100FE000C4F81C72C4F82C25A4F8307584F8327546
:100FF000C4F8EC11C4F8F011C4F8008284ED838ABF
:10100000A4F82272C4F82C3242F62803A4F8303235
:10101000152384F834324C4BC4F82472C4F83832A7
:101020004A4F4B4B84F84492DFF83891C4F83C3275
:1010300040F60822474BA4F82822C4F84032BA46AA
:1010400009F1080BB84617F8011B002943D14FF4EA
:101050002053A4F8DE324FF44873A4F8E2323E4B3A
:10106000C4F88431C823A4F88A3184F8DD1284F8E6
:10107000E01284F8E41284F888110C23013B05F196
:10108000100585ED008AF9D134494FF49072881823
:101090000BF0E4FA31494FF4907201F510700BF047
:1010A000DDFAD4F82A35C4F836352D4A7368536012
:1010B000B368D4F82A159360C4F84215536101232C
:1010C00084F8403371681161022384F86034BDEC08
:1010D000028BBDE8F88F23480FF0F4F80028B1D058
:1010E00058453FBFA0EB09000019A8EB0A0880F89B
:1010F0003681A7E760040020000000002A005802A3
:10110000FA0020006C077503001E0001000105961F
:101110000101C800B40532004C04D007504632002B
:10112000012828962828783C0A0A4600CDCCCC3ED7
:101130000002210A1E321E00000040408FC2F53C12
:10114000000020400000A0409A99193F261E010887
:10115000F6287C3F1F856B3F0AC81405280600202F
:1011600096090020F0140108190A0A2ADC054C042B
:101170002DE9F843FFF724F810B9032007F057F9D9
:10118000C14C07F01BFB4FF4AA62C04920460BF08C
:1011900065FA94F82865022E88BF00264FF49075F2
:1011A00006FB05F504EB050288BF84F8286592F874
:1011B0002032022B84BF002382F820320C2284F8D4
:1011C000A83605F5E47702FB034303F22A5308200F
:1011D0002744C4F82036C4F8A476FFF71DF84FF46E
:1011E0000050FFF719F80120FFF716F84FF4804080
:1011F000FFF712F8FFF708F84FF4907303FB06436C
:10120000002283F8452241F20302A3F84622A04AB5
:10121000C3F8482202F18052A2F57E42C3F84C2264
:101220009C4A4FF4866CC3E994C2202283F858226A
:10123000052384F8323640F2AA53A4F8343640F23B
:101240000E63A4F83636944B01225A77A36846F20F
:1012500009021A4203D14FF40050FEF7D5FFA368EC
:10126000D80703D54FF40050FEF7D6FFA368590402
:1012700009D50820FEF7D0FF4FF40050FEF7CCFF51
:101280000120FEF7C9FFA3681A0706D54FF40050E6
:10129000FEF7C2FF0120FEF7BFFFA3689B0402D543
:1012A0004020FEF7B9FF012384F8B93194F88C315E
:1012B0002BB194F8903113B1002384F89031DFF80A
:1012C000F081C4F8AC86002002464FF0FF0E04EB1C
:1012D000C003B3F89A114B0803F077334FEA910932
:1012E00009F03339CB1AA3EB09034FEAD10909F00E
:1012F0001139A3EB090303EB231303F00F33B3FB03
:10130000FEF9C9EB092901F0010CA3EB09036244C2
:10131000012BD2B207DD022B0BD1BCF1000F08D09C
:1013200011F0BC0F05D001300428D0D1013A012AB8
:1013300001D90AF02DFBFFF767FA30220021574848
:10134000DFF870910EF070FF05F245203946204419
:101350000AF04CFB4FF4907303FB0646C4F8E0968A
:1013600096F8C80105F0CAFA09F18E03C4F8E4360C
:1013700094F88431DFED4A6AC4F828876421C822D2
:1013800013FB0123B4F8F210C4F8EC360023C4F8C0
:10139000F036C4F8F436C4F8F836C4F8FC36C4F8AD
:1013A0000037C4F80437A4F80837C4F80C37C4F879
:1013B000103707EE901A09F10603C4F81837A9F19F
:1013C0001E03B4F8F410C4F81C37F8EE677A09F17C
:1013D0009A03C4F8243709F23663C3ED017A07EEA5
:1013E000901AB6F82812A4F82C1796F8441284F82C
:1013F0002E1794F88F1184F83817B6F8E212C4F853
:101400003C3707EE101AF8EE677AB8EEC77AC3EDEC
:10141000027AC6EE877A05F50C732344C4F8403788
:1014200005F2DD2509F24E63A9F126022544C4F830
:101430002027C4F848774FF07E519FED1A7A67EE67
:10144000877AC3ED007A09F25663C4F86455C4F88C
:10145000A025154A1A604FF07C5209F26A695A6059
:1014600000229A60D9601A61104BC9F80030C9F89F
:101470000410C9F80820C9F80C10C9F81020BDE8FC
:10148000F84307F0B3B900BF6004002000F0030880
:10149000300103001005001000000020100B002098
:1014A000000061444C3D0F440AD7233CCDCCCC3DD9
:1014B00096050020560500202DE9F74F07F07EF92C
:1014C000434B6A221A704FF4AA625A80BE221A71E4
:1014D000EF22A3F84E2540F251510022184601395F
:1014E00055D13C4B80F84F251A69120604D53A4A6B
:1014F0005A6002F188325A60364C384E03254FF05C
:101500003409C4F80C900AF031FA0428DFF8C080DE
:1015100038D1236943F002032361314B63612369AE
:1015200043F0400323610AF021FA2369042823F0E1
:101530000203236126D14FF0000BDA4658F8047BF2
:10154000CDF804A00AF012FA04281BD1236943F055
:10155000010323610BF1006303F57C33BAB21A80F7
:101560000AF004FA042816D10BEB06030193019B41
:101570003F0C1F800AF0FAF92369042823F00103C5
:1015800023610DD0013D15F0FF05BAD10DE013F830
:10159000014B6240A3E7236923F001032361F1E7D4
:1015A0000BF1040BBBF5AA6FC8D10A4A13690428D2
:1015B00043F08003136102D1FEF702FE10B904204C
:1015C00006F035FF03B0BDE8F04F07F00FB900BFDC
:1015D00060040020002002402301674502F0030858
:1015E00000F003082DE9F04FD54ED6F82086B6F965
:1015F0006EE5B8F80A202DED048B9645A9B0C0F22F
:10160000B581BEF5FA6F98F80740BDBFAEEB020397
:1016100013FB04F3C2F5FA62C4F16403BCBF93FB8D
:10162000F2F3C3F164030193B6F844310393C54B5D
:10163000D6F8A4B6069303F5097203F13C070592A8
:10164000A3F5AD6503F2272208F10403DA460492FC
:10165000002064210793069B33F9022B0292069324
:101660001346039A9B1A03F2F31240F2E634A242A5
:1016700000F27E81002BB8BF5B42022800F07B8124
:101680009BF815211AB19A42B4BF9B1A0023B3FBF1
:10169000F1FC05EB4C024FF69C74B2F99297B2F94B
:1016A00094271CFB043CA2EB09020CFB02F292FB08
:1016B000F1F24A443A80079A125C12FB03F3A24A01
:1016C00093FBF2F3019A64339BB2534393FBF1F320
:1016D0001AF8012F059C5A4392FBF1F204F8012BF2
:1016E0009AF8162005945A43049B92FBF1F203F8F2
:1016F000012B022804931EBF944B019AC254DDE9CA
:10170000023208BF85F8A2179342B8BF3B8800F1A8
:101710000100BCBF5B423B80032807F102079AD15E
:10172000DFF83492D5F81486B9F91E30581C0DD064
:1017300018F0080F0AD0D5F89825323B934205DC03
:1017400040F2DC539E45C8BFA5F86E3595F8EF35DD
:101750001BB1B9F81430A5F86E35B5F96E35B5F88A
:1017600046219342C0F23281B3F5FA6FA8BF4FF41D
:10177000FA639B1A4FF47A714B43C2F5FA62642400
:10178000B3FBF2F393FBF4F105EB41026FF0630757
:10179000B2F9A407B2F9A62707FB0133121A534383
:1017A00093FBF4F30344A5F8AA35B5F8BC37590602
:1017B00039D5B5F81836B9F81620DFED657A9FED02
:1017C000650A9B1A1BB205EE903AF8EEE55A65EEF3
:1017D000A75A35EE800AFEF743FEB0EE405AB0EE4F
:1017E000650AFEF73DFEB5F9A63506EE903AB5F965
:1017F000A43507EE103AF8EEE66AB8EEC77A67EE5F
:10180000007A20EE660AE6EE857AA7EE050AFDEE7E
:10181000E77ABDEEC00A10EE103AA5F8A43517EE2F
:10182000903AA5F8A635D5F8C0A71AF0020F00F037
:10183000E280D5F8C427D5F8C83745F20721D31A76
:101840008B4240F3D8800220C5F8C82709F0B4FBCA
:10185000C2075EBFC0F3CF041923B4FBF3F495F8BD
:10186000CC37D5F8D02705EB430148BF4FF6FF74BE
:10187000B1F8D407A1F8D447121A144401336422F2
:10188000B3FBF2F102FB113385F8CC3795F89C38A5
:10189000C5F8D047632B9EBF0133DBB285F89C3877
:1018A000B4FBF3F495F89D38A7B2032BA5F8C075E7
:1018B00040F08E800A2F40F29E8099F8201001EBB4
:1018C000810101EB810100234FEAC11B01EB0111F2
:1018D0004FF416721FFA8BFBC90085F89D3828203B
:1018E00041F26803A5F89E28A5F8A038A5F8A41829
:1018F000A5F8A2B806F08CFD2A21B7FBF1F107EBA1
:101900008707013107EB870789B2BF000829BFB2FB
:1019100028BF0821A7EB0B074FF4167241F26803AA
:101920007A43A3EB0B0389F8201092FBF3F3A5F89D
:10193000A638034AB2F8A438A4B2633BA3420DE030
:1019400060040020C80900200CFEFFFF000C0020EE
:1019500035FA8E3CDB0FC93F000000204BDD012330
:10196000082082F89D3806F0D1FD44E064235AE651
:101970004FF4FA7381E69BF816211AB19A42B4BF6C
:101980009B1A0023B3FBF1FC05EB4C024FF69C7451
:10199000B2F92496B2F926261CFB043CA2EB0902FC
:1019A0000CFB02F295F9EEC092FBF1F2CCF1000CC7
:1019B0004A4412FB0CF2A5F8A82598F8062012FB61
:1019C00003F3B54A93FBF2F3643381E61346D0E6A2
:1019D0000A2F00F2A980032385F89D38002389F897
:1019E0002030A5F8A438A5F8A238A5F8A038A5F8A5
:1019F0009E38A5F8A6381AF4006FA84C55D0D4F834
:101A0000C427D4F8A83845F20721D31A8B424CDDFD
:101A1000D4F85C35C4F8A828D4F8AC28C4F8AC389D
:101A20000120A3EB020B09F0C7FA00B2632840F3D0
:101A3000AC80642390FBF3F007EE900AF8EEE77AAF
:101A4000B2EE047AC7EE876A9FED957AC6EE877A82
:101A5000FCEEE77A17EE903AB3F5803FAABF00227A
:101A60001A461346C4F8B0289BB2DFF8409259E9F1
:101A70000272E3FB0B72924600238A4A38465146B3
:101A80000AF00AFFC317B0F5803F73F100032ABFC5
:101A9000002303461846C4F8C038B4F8A63849E90C
:101AA000027A1B1A9BB2C4F8C43818F4805F02D0C3
:101AB0000A2006F02BFDD4F8C898B9F1000F22D007
:101AC000D4F85C35D4F8CC289A421CD894F8D23893
:101AD000B4F8D078002B5AD1D9F80430012284F818
:101AE000D228DB5D3BB137B999F80030053B934212
:101AF00001D806F03BFBD9F80430DB5DFE2B4AD160
:101B00000023A4F8D03894F8EC154B074FF00800E8
:101B100051D5FEF789FB0720FEF792FB0620FEF762
:101B20008FFB614F0023C4E0012B05D0022B1FD097
:101B3000002B3FF4FEAE5EE795F8EC3523F0020390
:101B400085F8EC35B5F8A238A4B2633BA34204DDB6
:101B5000022385F89D38072014E0B5F8A4386433D3
:101B60009C420EDD002385F89D38FEF7A5FD42E777
:101B7000B5F8A238A4B264339C42ECDD012385F8A9
:101B80009D38082006F0C2FCEFE700236DE7002334
:101B900084F8D238AFE7FF2B02D106F0A5FCB2E7FC
:101BA000D4F85C250A2113FB01230137C4F8CC3893
:101BB000A4F8D078A7E7FEF743FB18F0010F10D187
:101BC00094F8D3381F0702D594F80036CBBB072012
:101BD00021F0010184F8EC15FEF732FB0620FEF738
:101BE00023FBB4F8502594F8D438500734D5EBB91A
:101BF00084F81437D4F80C374BB94FF49673C4F803
:101C00000C37D4F85C3503F59673C4F81037D4F864
:101C10005C35D4F810279B1A002B1FDB012384F8B6
:101C2000D4380023C4F80C37C4F8103794F8D338EC
:101C30001B0713D50220FEF703FB002384F8D438DA
:101C40000CE041F00101072084F8EC15FEF7ECFAF6
:101C50000620FEF7F5FAC4E7002BE7D1B4F8C0354B
:101C6000222B11D90023032084F80136FEF7E8FA6D
:101C7000FEF7F2FA00283FF454AF94F8EC3523F065
:101C8000010384F8EC354CE70123032084F8013686
:101C9000FEF7CAFAECE700BF0CFEFFFF600400206D
:101CA0006F12033B80EE36003C0E0020200D00201A
:101CB000132397F84A800193B8F1010F40F0BE81D9
:101CC0003B68C4F8D878C4F8DC384FF005094FF009
:101CD000000BD4F8DC0803685B689847002800F024
:101CE0006D81D4F8DC080368DB689847D4F8D8A87D
:101CF0009AF84830052B12D8DFE803F0030A9FA4B6
:101D0000B3BD242840F0CD8001238AF8483006E096
:101D1000A0F14D014842484140008AF848009AF835
:101D20004830062BD5D19AF849307C2B00F2CC8074
:101D3000002B00F016875A1E7B2A00F20D87DFE881
:101D400012F0160123018F019A01AF010B070B0757
:101D50000B070B070B070B070B070B070B070B07F3
:101D60000B070B070B070B070B070B070B070B07E3
:101D70000B070B070B070B070B070B070B070B07D3
:101D80000B070B0755040B0799050B079E050B075F
:101D9000BF050B07D1050B07D7050B070B070B0773
:101DA0000B070B0726060B077C040B076D060B07BA
:101DB000AC050B071F034E040B0750030B070B0763
:101DC0002D060B073F060B070B07DB069206B20634
:101DD0000B075A030B07F5050B0703060B070B0749
:101DE0000B070B070B070B070B070B070B070B0763
:101DF0000B070B070B070B070B070B070B070B0753
:101E00000B070B070B070B070B07F301A7020B07C9
:101E1000DD02F0020B070B070703150324035F0322
:101E2000A1030B0716055B05A50441040B07ED0490
:101E30000B070B070B07F90600073C2814BF00230C
:101E4000032362E7402802D98AF848B067E78AF896
:101E500005008AF804B08AF807B08AF8060004235F
:101E600053E79AF806308AF8490043408AF806306A
:101E70008AF8489053E79AF804309AF805109AF8CF
:101E80000620994208D942408AF806205A1C534439
:101E90008AF80420187242E790420CBF0623002300
:101EA00033E794F8EC355A073FF539AFD4F8E0380A
:101EB0001B7883427FF433AF8F4B904AC3F8FC2FDB
:101EC0008F4B904ADA602AE7F02B00F0B2843CD8BE
:101ED000DD2B00F02586DE2B00F02686A02B00F0FF
:101EE000B684C72B40F23D86C83B2A2B00F23986C8
:101EF000DFE813F0B506370603073706DD07880865
:101F000092081B08800837069C06AC06B006370608
:101F10006008370637066E087B083706370637062F
:101F200037063706370637063706370637063706C9
:101F300037063706370637063706370637063706B9
:101F40003706E20637063706B006FE2B00F064843B
:101F5000FF2B00F06981F22BC3D9FA2B40F00186E8
:101F600094F8EC355B0740F16C8600F0FABD032075
:101F700006F021FC002006F0BFFB002006F0BCFBB1
:101F8000182006F0B9FB0FE0082006F014FCDFF87B
:101F900084914FF0000819F8010B08F1010806F0D0
:101FA000ABFBB8F1080FF6D1D4F8D838987906F021
:101FB000A3FBD4F8D838002283F8482094F8A73936
:101FC000002B3BD0D7F80080D8F8003040465B6942
:101FD0009847002801F05681D4F8C0374A49D80400
:101FE0004CBFD4F81C37D4F8203794F8A8099B8844
:101FF00000221BB25FFA82FC8445C1F0488109F0DF
:102000004DF8322006F004FA002394F8A8193F4A4C
:102010009C46D8B28842C1F03F81322006F0F8F9E0
:10202000D4F8C037590306D5A3685A0303D440F245
:10203000DC5006F0EDF9324B324ADA60019B132B8B
:1020400007F14C077FF434AED4F87C3A002B01F052
:1020500044812F4829B0BDEC048BBDE8F04F1847F0
:10206000032006F0A8FB022006F046FB022006F043
:1020700043FB002085E70D2006F09DFB092006F0BC
:102080006BFBDFF894904FF0000819F8010B08F192
:10209000010806F031FBB8F1090FF6D10020D5E0B8
:1020A0001A2006F088FBDFF874904FF0000819F84A
:1020B000010B08F1010806F01FFBB8F10B0FF6D178
:1020C000DFF85C904FF0000819F8010B08F10108E7
:1020D00006F012FBB8F1080FF6D1DFF848904FF088
:1020E000000819F8010B08F1010806F005FBB8F12A
:1020F000070FF6D158E700BF00900020EFBEADDE1D
:1021000000ED00E00400FA05D40B00200C0E0020C6
:10211000E40E00202F1E0108381E0108421E01088F
:102120004D1E0108561E01080B2006F044FBB4F8B2
:10213000500506F011FBD4F8E428CB4B9A420CBFB3
:10214000B4F8E808B4F8EA0880B206F005FBD6F85F
:10215000EC38C3F3C000C3F38002800040EA4200C1
:10216000C3F340021043C3F3401240EAC200C3F37A
:10217000001340EA031000F01F0006F0EDFAB6F875
:10218000BC2796F8EC35D6F8141696F8F088DFF8E8
:10219000E0C2500000F00200C3F380030343C2F327
:1021A000400043EA800302F008000343C2F38000CA
:1021B00043EA0013C2F3801043EA401301F4E070D5
:1021C0001843C2F3001340EA4320C2F3401340EA2D
:1021D0008320C2F3002340EAC32001F47F2303439A
:1021E00001F480100343C2F3402043EA405301F05E
:1021F0000071C2F380220B43002043EA82634FF058
:10220000010E0246424504D306F0AFFA94F82805C1
:10221000B7E61CF8011B0EFA01F119421CBF0EFAB9
:1022200002F108430132EDE70023B4F85015A4F899
:102230000C3901220A420CD101335200092B92B20F
:10224000F8D1022006F0B7FAB4F80C0906F084FAC7
:10225000AAE69BB2013B072B05D8DFE803F0080A8A
:102260000C0F111315170123A4F80C39E9E7022309
:10227000FAE74023F8E74FF48073F5E78023F3E7AC
:102280002023F1E71023EFE70823EDE70423EBE732
:10229000122006F090FA754BB5F90E095B8CB3F578
:1022A000806F88BF4FF0080890FBF8F080B206F00E
:1022B00053FAB5F9100990FBF8F080B206F04CFA29
:1022C000B5F9120990FBF8F080B206F045FAB5F8BE
:1022D000140906F041FAB5F8160906F03DFAB5F80A
:1022E000180906F039FAB5F81A0906F035FAB5F802
:1022F0001C0906F031FAB5F81E09A7E7102006F010
:102300005AFADFF870914FF00F0808F1FF3819F80A
:10231000010B5FFA88F806F0EFF9B8F1FF0FF4D17E
:1023200042E694F82009DFF85091400000F0FE00EA
:1023300006F041FA4FF0000894F820399845BFF4B0
:1023400033AE39F8020B06F007FA08F10108F3E79B
:10235000062006F030FAB4F8220906F0FDF9B4F8C8
:10236000240906F0F9F9B4F818066FE7062006F01C
:1023700022FAD4F8980506F0F8F9B4F8280965E7C8
:10238000042006F018FA002070E2072006F013FA85
:10239000B4F8C005FF28A8BFFF20C0B206F0ACF912
:1023A000D4F8C4384FF6FF784345A8BF434623EA24
:1023B000E37080B206F0D0F9B4F82C0906F0CCF93D
:1023C00094F83331D4F8B00843B10A235843404558
:1023D000A8BF404620EAE07080B237E700F30F0064
:1023E000FAE7022006F0E7F994F88E0106F084F986
:1023F00094F88D01C5E5022006F0DDF9A08925E7F6
:102400000B2006F0D8F9D5F82036187806F074F9C4
:10241000D5F82036587806F06FF9D5F820361879B7
:1024200006F06AF9D5F82036587906F065F9D5F83E
:102430002036987906F060F9D5F82036D87906F07C
:102440005BF9D5F82036987806F056F9D5F820369D
:10245000D87806F051F9D5F82036588906F07CF97D
:10246000D5F82036187A8CE5005400400000002092
:10247000510D0020D40B0020C80900200000C842E4
:1024800000007A44212006F096F9D4F8A4361B788F
:10249000022B4FF000087DD11FED089A5FED088AEE
:1024A000B2EE048AD6F8A43603EB880393ED090A4A
:1024B00020EE080A0CF0D4FB80F30800C0B206F04E
:1024C0001BF9D6F8A43603EB880393ED0C0A20EE33
:1024D000090A0CF0C5FB80F30800C0B206F00CF945
:1024E000D6F8A43603EB880393ED0F0A20EE280AF2
:1024F0000CF0B6FB80F30800C0B208F1010806F04A
:10250000FBF8B8F1030FCDD1B8F1070FD4F8A4361A
:102510002AD193ED120A20EE080A0CF0A1FB80F3F9
:102520000800C0B206F0E8F8D4F8A43693ED130A18
:1025300020EE080A0CF094FB80F30800C0B206F00D
:10254000DBF8D4F8A43693F8503000EE103AB8EE29
:10255000400A0CF085FBFF28A8BFFF20C0B206F0A0
:10256000CBF84FF00808CFE74344587806F0C4F89A
:10257000D4F8A4364344187B06F0BEF8D4F8A43649
:10258000434408F10108D87D06F0B6F8B8F10B0F06
:10259000BAD109E5D4F8A4364344587806F0ACF82B
:1025A000D4F8A4364344187B06F0A6F8D4F8A43631
:1025B000434408F10108D87D06F09EF8B8F10B0FEE
:1025C000E8D1F1E42F2006F0F6F8DFF83C8418F8A3
:1025D000010B00283FF4E8AC06F08EF8F7E7012085
:1025E00006F0E9F8D4F8A4361878CAE4502006F0CA
:1025F000E2F8DFF818A44FF000094FF00C0BD4F804
:10260000A43603EB890809F1010998F87D300BFB2A
:1026100003A393F8500006F06FF898F87E0006F0D8
:102620006BF898F87F0006F067F898F8800006F0DD
:1026300063F8B9F1140FE2D1B6E4482006F0BBF814
:102640004FF000094FF0060AD5F8A4360AFB093806
:1026500009F1010998F8D20006F04EF898F8CD007B
:1026600006F04AF898F8CE0006F046F898F8CF0041
:1026700006F042F898F8D00006F03EF898F8D1003D
:1026800006F03AF8B9F10C0FDED18DE40223029383
:102690004FF0000A4FF0010BD949D94B94F8F008DC
:1026A000CB1A83420CDB029B012B3FF47DAC5FFA1B
:1026B0008AF006F080F8012302934FF0000BEBE75D
:1026C00011F8010B00230C2202FB03F8CD4A18F885
:1026D00002C0844503D001331C2BF4D1DDE7C94B84
:1026E00003919844D8F804000AF06AF80399034665
:1026F000BBF1000F10D08244CFE7D8F8040010F8E7
:102700000900CDE9031305F0F7FFDDE9031309F133
:1027100001094B45F1DCC0E7D946FAE7DFF8ECA246
:1027200094F8F008DFF8D89206F045F84FF000086A
:102730004FF00C0B0AF1480294F8F0389845BFF4BA
:1027400033AC19F8010B00210BFB01F313F802C0A5
:10275000844505D001311C29F6D108F10108EBE7C9
:10276000534493F8500005F0C7FFA64AF5E716203A
:1027700006F021F8B6F8440105F0EEFFB6F8D000F7
:1027800005F0EAFFB6F8D20005F0E6FFB6F8D4008F
:1027900005F0E2FFB6F8860105F0DEFF002005F047
:1027A000ABFF002005F0A8FF002005F0A5FF96F87C
:1027B000330105F0A1FF96F8400105F09DFF0020D0
:1027C00005F09AFFD6F8A436B3F95A000A2390FB15
:1027D000F3F080B205F0C0FF96F8280105F08CFFF9
:1027E00096F82C0105F088FF96F82B0105F084FF80
:1027F00096F82D01FFF7C5BB082005F0DCFF4FF070
:1028000001085FFA88F008F1010805F075FFB8F1DA
:10281000090FF6D1FFF7C8BB082005F0CCFF002058
:1028200005F09AFF002005F097FF002005F094FFC7
:1028300034E4042005F0BFFFD4F8A436B3F85E00FA
:1028400005F08AFFD4F8A436B3F85C00FEE4DFF8A4
:10285000C0810C2005F0AFFFD8F8AC0705F085FF6C
:10286000D8F8B00705F081FFD8F8B40705F07DFF70
:10287000FFF79ABB042005F09EFFA068F6E706204C
:1028800005F099FFB4F8E80005F066FFB4F8EA0037
:1028900005F062FFB4F8EC00D8E4042005F08BFFEB
:1028A00094F8280105F028FF94F82C0105F024FF86
:1028B00094F82B0105F020FF94F82D01FFF761BB80
:1028C000072005F078FFB4F82E0105F045FFB4F8B5
:1028D000300105F041FF94F8320105F00DFFB4F826
:1028E0003401B3E4012005F066FF6079FFF749BBCE
:1028F0000C2005F060FF94F83E0105F0FDFEB4F8F1
:10290000480105F029FFB4F8440105F025FFB4F8AB
:10291000460105F021FF94F83F0105F0EDFEB4F803
:102920004A0105F019FFB4F84C018FE4042005F0CA
:1029300042FF94F8840105F0DFFE94F8850105F06C
:10294000DBFEB4F8860181E494F82009DFF8C48046
:1029500000EB4000C0B205F02EFF4FF0000994F8E4
:102960002039994508F10208BFF41EAB98F84C01D4
:1029700005F0C2FE98F84D0100EB800000EB8000EE
:1029800000F2EE2005F0E8FE09F10109E7E7012079
:1029900005F011FF94F84001FFF7F3BA082005F0A5
:1029A0000AFFDFF874904FF0000819F8010F08F1E2
:1029B000010805F0A1FEB8F1080FF6D1FFF7F4BA4F
:1029C000102005F0F8FE607905F096FEA06805F08D
:1029D000CCFE94F83E0105F08FFEB4F8E80005F057
:1029E000BBFEB4F8EA0005F0B7FEB4F8EC0005F061
:1029F000B3FEB4F82E0105F0AFFEB4F8300125E4C3
:102A0000510D00203815010805150108F0140108C2
:102A100000F0FF1F600400209505002094F82E09A7
:102A2000DFF80084C0EBC000C0B205F0C4FE4FF078
:102A3000000908F5136A4FF00C0B98F99801002370
:102A40000BFB03F212F90A20824200F02D840133BD
:102A5000042BF5D109F10109B9F1040F08F10808B7
:102A6000EBD1FFF7A1BADFF8A8830D2005F0A3FE94
:102A700009F0B0FC05F040FEB8F8240005F075FE42
:102A8000D8F8300005F071FE94F8613994F86009C7
:102A9000984296BF181AC0F1800000231844D4F859
:102AA00064391844E2E605F07DFE8046842005F096
:102AB00082FE404605F059FED54B1A6B08F18003A3
:102AC00093428CBFA2EB08094FF0800909F0AEFCDD
:102AD0004A46404608A909F047FD0DF12008814605
:102AE0004FF0000ACA45BFF65FAA18F8010B05F0BF
:102AF00003FE0AF1010AF5E7132005F05CFEDFF89A
:102B000028934FF0000819F8010B08F1010805F0AF
:102B1000F3FDB8F10B0FF6D1002005F026FE32E4EC
:102B200005F036FEFFF740BA05F03CFE05F03AFE30
:102B3000FFF73ABA022005F03EFEB54BD88BFFF7FF
:102B400085BB032005F037FE94F8ED0505F004FE83
:102B5000AF4B187CFFF715BA4E2B3FF6C2A9222BBC
:102B600003D808F043FEFFF71FBA233B4FF00008DD
:102B70002B2BF6D801A252F823F000BFE52D000858
:102B8000632B00085B300008632B000869300008E5
:102B9000632B0008A5300008632B0008632B000896
:102BA000632B0008C7300008632B0008632B000864
:102BB000632B0008632B0008632B00087B3100089F
:102BC000632B0008652E0008632B0008F73100080E
:102BD000632B000883300008632B0008632B000878
:102BE000E92C0008632B0008CF2C0008632B000899
:102BF000632B000885310008632B0008B5310008FD
:102C000075320008632B0008632B0008632B000853
:102C100031300008632B0008E12C0008632B00080A
:102C20000B310008632B00082531000894F8EC35BF
:102C30005B070FD405F0A2FD032828BF002084F80D
:102C40002805FEF739FCFEF793FA03E005F0A0FD36
:102C5000A4F89A06002005F0AEFDFFF7A5B99AF892
:102C60000580B8F1250F00F2D0800DF120094FEA60
:102C70005808CB464FF0000AC2450CD3654943467D
:102C80000022084690450DDC0022122B10D10123B2
:102C900084F88C39DEE705F07BFD0AF1010A2BF898
:102CA000020BE9E739F802CB21F802CB0132E9E760
:102CB00020F813200133E8E705F06AFDD4F8A48674
:102CC000A8F85E0005F064FDA8F85C00C2E705F016
:102CD00055FD84F88E0105F051FD84F88D01B9E7AA
:102CE00005F056FDA081B5E7D4F8A48605F046FDB1
:102CF00088F8000003F002FEACE7D4F8A48698F848
:102D00000030022B5DD19FED449ADFED448A08F13B
:102D1000240908F1300AB2EE048A05F02FFD07EE0F
:102D2000900AF8EE677A87EE887AA9EC017A05F0C6
:102D300025FD07EE900AF8EE677A87EE897A89ED2D
:102D4000027A05F01BFD07EE900AF8EE677ACA4595
:102D500087EEA87A89ED057ADFD108F104094FF0F2
:102D6000030ABAF1070F1FD105F008FD07EE900A1C
:102D7000F8EE677A87EE887A88ED127A05F0FEFC25
:102D800007EE900AF8EE677A87EE887A88ED137A74
:102D900005F0F4FC88F850000AF1010ABAF10B0FB3
:102DA00009F10109DDD155E705F0E8FC89F80000DB
:102DB00005F0E4FC89F80B0005F0E0FC89F816004A
:102DC000EAE708F10B0905F0D9FC08F8010F05F056
:102DD000D5FC88F80B0005F0D1FCC14588F8160039
:102DE000F1D137E705F0CAFC132880460DD8D4F896
:102DF000A49605F0C3FC0A4A0023117A814215D03B
:102E000001331C2B02F10C02F7D108F0EFFC21E793
:102E100000000020C80D00200000C84200007A44D5
:102E20003815010860040020421E0108DC4A0C210C
:102E300001FB032309EB880893F8483088F87D30BC
:102E400005F09CFC88F87E0005F098FC88F87F006F
:102E500005F094FC494688F8800009F17D0008F0EF
:102E6000C5FDF7E605F08AFC0B288146CDD8D4F8DD
:102E7000A48605F083FC0328C7D8062303FB098832
:102E800088F8D20005F07AFC88F8CD0005F076FCD1
:102E900088F8CE0005F072FC88F8CF0005F06EFCD3
:102EA00088F8D00005F06AFC88F8D100D2E69AF8DC
:102EB0000530092BA9D9D5F8208605F05FFC88F8E4
:102EC000000005F05BFC88F8010005F057FC642861
:102ED000A8BF642088F8040005F050FC6428A8BF4F
:102EE000642088F8050005F049FC88F8060005F024
:102EF00045FC642828BF642088F8070005F03EFCE4
:102F000088F8020005F03AFC88F8030005F040FC60
:102F1000D5F8D838A8F80A005B790A2B7FF69AAE64
:102F200005F02CFC88F8080094E605F031FC6FF4FD
:102F3000AF6C00EB0C039BB2C62B98BFA4F8440106
:102F400005F026FCA5F8D00005F022FCA5F8D2007B
:102F500005F01EFCA5F8D40005F01AFCA5F88601C2
:102F600005F00CFC05F00AFC05F008FC05F006FC79
:102F700085F8330105F002FC85F8400105F0FEFB01
:102F800005F006FCD5F8A43600EB80004000A3F85D
:102F90005A0005F0F3FB85F8280105F0EFFB85F8F2
:102FA0002C0105F0EBFB85F82B0105F0E7FB85F81C
:102FB0002D014FE6DFF8F0914FF0000805F0E8FB37
:102FC00008F10108B8F1080F29F8020BF6D141E623
:102FD00094F8EF35002B7FF43DAE05F0D9FB714B33
:102FE00084F8ED0501221A7434E605F0D1FB6D4B2F
:102FF000D8832FE694F8EC3558073FF52BAEFDF754
:10300000E1FE1EE694F8EC3559073FF523AE4FF488
:10301000C873A4F852351DE694F8EC355A073FF50D
:1030200019AE94F8D33843F0040384F8D33811E68A
:1030300045F2082009F0ECF9062007F08FFF012384
:10304000C72084F8A63907F089FF002384F8613986
:1030500084F86039C4F86439FCE5C4F8088005F0E8
:10306000A1FBFDF7D1F8F5E505F092FBA4F8E80027
:1030700005F08EFBA4F8EA0005F08AFBA4F8EC004A
:10308000E8E505F07BFB84F8280105F077FB84F880
:103090002C0105F073FB84F82B0105F06FFB84F81D
:1030A0002D01D7E505F074FBA4F82E0105F070FBA7
:1030B000A4F8300105F062FB84F8320105F068FBEA
:1030C000A4F83401C6E505F059FB84F83E0105F08B
:1030D0005FFBA4F8480105F05BFBA4F8440105F090
:1030E00057FBA4F8460105F049FB84F83F019AF824
:1030F0000530082B7FF6AEAD05F04AFBA4F84A0177
:1031000005F046FBA4F84C01A4E505F037FB84F874
:10311000840105F033FB84F8850105F039FBA4F840
:10312000860197E59AF80580B8F1380F3FF66DAE45
:10313000DFF878904FF0000A40F6CA0B0323B8FB83
:10314000F3F8C24509F10209BFF484AD05F016FB9E
:1031500089F84C0105F01CFB5845A8BF584640F2C1
:10316000EE239842B8BF18461922B0FBF2F01E3881
:1031700089F84D010AF1010AE3E705F0FFFA84F846
:10318000400167E5DFF828904FF0000805F0F6FAF7
:1031900008F10108B8F1080F09F8010FF6D159E557
:1031A000F014010800000020EE0D00206004002053
:1031B0009505002005F0E2FAC4F8088005F0F2FA5F
:1031C000FDF722F805F0DAFA84F83E0105F0E0FA9E
:1031D000A4F8E80005F0DCFAA4F8EA0005F0D8FA53
:1031E000A4F8EC0005F0D4FAA4F82E0105F0D0FA0A
:1031F000A4F830012EE59AF805304FF00708B3FB2C
:10320000F8F8C8EBC8029B1ADBB2002B7FF4FDADC7
:103210005FFA88F808F1FF385FFA88F8B8F1FF0F15
:103220003FF418AD05F0AAFAD4F8E02840B2002324
:10323000911C11F933C0844503D00133042BF8D11C
:10324000E3E502EBC30989F8020005F0A1FAA9F849
:10325000040005F093FA89F8060005F08FFA89F862
:10326000070005F08BFA89F8090005F087FA89F85C
:103270000800CFE71B4B4FF480421A85012384F8E6
:10328000A739E7E40A2005F0C3F8FEF79DBE21F850
:10329000023B0132FEF7AEBE52F8040B0068013368
:1032A000C0F800C0FEF7B5BEC0B205F025FAB8F808
:1032B0009A0105F051FA98F89C0105F01DFA98F86A
:1032C0009D0105F019FA98F89F0105F015FA98F894
:1032D0009E0105F011FAFFF7BDBB29B0BDEC048BD0
:1032E000BDE8F08F0008004808B5FEF7E5F8FDF7E7
:1032F0003FFFBDE80840012005F02EB92DE9F04F51
:10330000B44DD5F8C42795F88C6A02F59C43203358
:103310008BB0C5F8883A002E00F0DF80D5F8903ADF
:103320009A4202D9013E85F88C6AAA4CD4F8C0872B
:1033300018F48053019305D0D4F81436D80701D47B
:10334000FDF7E4F9D4F8AC26937A23B304EB4303F6
:10335000127BB3F966351AB1C3F53B6308331BB270
:10336000A3F57A73B3F57A7FA8BF4FF47A7323EA93
:10337000E37307EE903ADFED986AF8EEE77A87EEAE
:10338000A67ADFED967A67EE277AFCEEE77A17EEFB
:10339000903AA5F82C3918F4807F00F03081D4F8E9
:1033A000C4178F4A94F8EA36914240F2258113B946
:1033B000012384F8EA3694F8096794F8EC25D4F8E8
:1033C00014A6012E02F0040B14BF032700274FF0B0
:1033D0000009A2E1072C98BF195D82487B6B88BF6A
:1033E00021469847032C19D8C0B1D5F8AC3603EB69
:1033F00084039A8FDB8F801A9B1A08FB00F090FBE6
:10340000F3F040F2EE2300F57A709842B8BF184608
:1034100040F6CA039842A8BF184680B205EB4404A0
:103420000136A4F8940A95F820B9D5F8AC36F4B270
:10343000A345CFD8D5F8C027D5F85C05019042F256
:1034400001010A40039208D095F8392685F83826FC
:10345000654A92F8391082F8381095F83886B8F134
:10346000000F04D0604A92F8388088F0010895F87F
:10347000B97A01995D4C0F2285F8B82A0322B7FB6F
:10348000F2F202EB420201F51671BA1AD2B20591BC
:10349000A4F5AD61049204F2525904F29C5A2246FA
:1034A000002602915E451CDB4A4E96F8B83A0F2B77
:1034B0006DD1D6F814365B0169D4D6F85C35D6F8F0
:1034C000F426C6F8F0369B1AC82B02D9012386F8D9
:1034D0000937013786F8B97A27E7434F4FF47A78EE
:1034E000A1E7B8F1000F33D0414931F91600998AAC
:1034F00080B281422ED8D98A81422BD30599CAF84D
:103500000010039900B2D9B1049929F81100029969
:1035100091F84C1B29B9022F12D90298012180F889
:103520004C1BB9F80010B9F802000844B9F80410AF
:103530000844304900B221F81600032190FBF1F055
:1035400022F8020B013609F106090AF1040AA9E77B
:103550004046CCE7DAF800100198814201D9108882
:10356000CFE7F0B2CDE9063205F058F9032EDDE9D8
:103570000632C6DCDFF85CE04FF0010C9EF8B81AAA
:103580000CFA06FC21EA0C018EF8B81AB9E7164BC2
:10359000012283F8392083F83820D6F85C35D6F834
:1035A000F026C6F8F4369B1AD6F8EC26934202D9D8
:1035B000002386F809374FF0000807E05FFA88F02B
:1035C00005F02CF924F8020B08F10108C345F5DCDD
:1035D0007FE700BF6004002000007A4400C07F4401
:1035E000404B4C00800D002000000020C809002046
:1035F000F40E0020AE0F0020002B7FF4DCAE019B08
:10360000B4F96E95002B00F0E580B4F84431B4F8BD
:10361000DE20991A494580F2E08013444B4540F37F
:10362000DC80FDF753F8FDF75FF84FF0000AAC4B74
:1036300093F83AB094F8EC35590740F1D58018F07A
:10364000100F00F0D18094F8D338DA0600F1CC8066
:10365000BBF1000F00F01D8194F88E31BAF1000F1C
:1036600040F006813BB1D4F85C15D4F81C365B1AE7
:10367000002BC0F2B580102004F048FF012384F82D
:103680006C3BB1E0BBF1000F0DD0012E05D0052041
:10369000FCF7CAFD022384F8ED35002FAFD0384681
:1036A00004F034FFABE71AF0806F4FF4806005D070
:1036B00008F0C8FF0023C4F8F836EEE708F0B4FFBE
:1036C000F8E7012E29D1052125E0012E04BF0521AF
:1036D00084F80817BBF1000F0FD0D5F8681BB1F9BB
:1036E0000E10A5F86A15A5F86C15A5F86815D5F89B
:1036F000E4164988A5F86E156746D4F85C05D4F839
:10370000FC16814202D3BBF1000F60D142F210716E
:10371000C4F80417032184F8081794F808C794F82C
:10372000EC05BCF1050FB8D801A151F82CF000BF91
:1037300085360008C3360008CB3600084937000834
:1037400079370008B137000840F0020085F8EC0531
:10375000FCF7DCFFD5F85C05D5F804170144C5F883
:103760000017042185F808174FF4806008F05CFF0B
:103770000520FCF765FDD0E7012E11D1D4F85C35AA
:10378000D4F80017994288D2554991F83A1011B9E6
:103790001AF0010F81D120F0020084F8EC0592E7C5
:1037A000D4F85C25D4F804371344C4F8003774E720
:1037B000D5F8E406D5F85C15C08885F8EB96642347
:1037C00003FB0011C5F8F81685F80897CCE7012E21
:1037D000A3D062E7B4F8463120E74FF0010A26E7AC
:1037E000FCF794FF84F86CAB94F88C31019394F857
:1037F0008D01B4F846C1B4F848E13A4900231E46A9
:1038000031F9027BB6086745C4BF66F07F06F6B2A1
:1038100001337745B8BF46F04006042BF0D194F849
:103820006D3BB34239D194F86E7BF92F03D8013741
:10383000FFB284F86E7B84F86D6B08F00408BBF16E
:10384000000F40F0CC84D4F81436DB0738D5BAF139
:10385000000F24D194F8EC35D80706D5590702D4C7
:10386000012384F8B035FCF783FF142F53D140E0D7
:103870003BB1D4F85C154FF47A7013FB0013C4F815
:103880001C3694F86C3B002BAED004F02DFE0023C8
:10389000F5E6BAF1000FF4D1EDE60027C9E7D4F858
:1038A000FC350A2BE1DCB4F850355A07DDD494F826
:1038B000EF35002BD9D1FCF709FFFCF715FFD2E754
:1038C00094F8EC355B07D0D594F83836002BCCD083
:1038D00010B1FCF71BFFC8E7BAF1000FC5D1F8E73C
:1038E00000000020C8090020019B13B17D2E00F0CC
:1038F000808494F8EC355F070DD4572E40F0CD80CE
:10390000D4F8EC384FF47A7213F00803A4F8542575
:1039100001D1A4F81836B8F1000F40F0E480D4F8D3
:10392000A4660023C4F8143606F17F0706F1CF0819
:103930004FF0010917F8010C394604F02DFE40B193
:1039400017F8023CD4F8142609FA03F31343C4F819
:10395000143604374745EDD1B24F06F1CE0B4FF088
:103960000C0806F58B764FF000094FF0010A1BF8A2
:10397000010C594604F010FEE8B19BF804109BF8C6
:10398000023008FB0140013BD0F8B42603EB4303AF
:103990003B4493420FD09BF80320C0F8B43694F810
:1039A000753B80F8B0260AFA01F123EA0103C0F85A
:1039B000B89684F8753B0BF1060B5E45D7D1D4F869
:1039C0005C35019394F838360293019BD4F820B605
:1039D000954F03F5FA73002603937968002900F0E8
:1039E000388191F800A0BAF1000F00F03281BA6876
:1039F000019B9A1A002A0ADB039B94F8752BBB6083
:103A0000012303FA06F022EA000284F8752B029BD8
:103A1000002B00F01E813A78487894F8758B0432B8
:103A2000D2B2002840F0888304EB4202B2F9680564
:103A3000B4F8442102F1C80C604540F3F98091F8D4
:103A4000029048FA06F1CA0700F10381B9F1000FAC
:103A5000CCBF0220012004F07FFD0AF1FF311329C1
:103A600000F28081DFE811F0710185019001A00171
:103A7000B801C0011E027902E0020E033A037E0182
:103A8000A001AD01C0011E027902E40141029E02C3
:103A90000B2004F03BFD84F86E7BB8F1000F01D0E1
:103AA0005A2E17D0A6F15603082B57D8DFE803F09B
:103AB000545656565652560550000123DEB2013B6D
:103AC00084F82835FDF7F8FCFDF752FB304604F08A
:103AD00043FD20E794F86F3B4BB1002384F86F3B24
:103AE000012384F8703B94F8713B53B91FE094F8BC
:103AF000713B83F0010384F8713BABB10C2004F0FF
:103B000005FD94F8EC35580711D5B4F846314B450E
:103B10000DDAD4F8143613F0010302BF3222A4F8F0
:103B2000722B84F8713B02E00D2004F0EFFCD4F816
:103B30001436D90366D594F8743B2BB994F86F3BCF
:103B400013B93223A4F8723B012384F8743BE6E6F0
:103B50000323B3E70223B1E7FFF7C6FB334B93F828
:103B60003A3043B16F2E02D1FCF702FED3E6019B3F
:103B70000BB17E2EF8D0972E04D14FF4C873A4F861
:103B80005235C8E6A72E06D194F8D33843F0040383
:103B900084F8D338BFE60023B73E0993072E3FF6DB
:103BA000BAAE01A353F826F0FF3B0008173900080E
:103BB0001739000817390008C93B000817390008F1
:103BC000F73B0008CF3B00080223002201E000235E
:103BD0000222D5F8A416B1F85C000244A1F85C20DA
:103BE000B1F85E201344A1F85E30FFF77DFB00239F
:103BF00085F86E3B8FE600236FF00102E9E76FF076
:103C00000103E2E794F86F3B002B3FF488AE94F891
:103C1000EC3513F0040302BF84F86F3B012384F8F2
:103C2000703B7CE688160108100B00200000002085
:103C3000C83A904203DA8A78C2F1000901E7012309
:103C4000B34028EA030384F8753B019B03F5FA733C
:103C5000BB600136042E07F10C077FF4BEAED4F82A
:103C60001456AB0706D4D4F8C037DF0507D594F84F
:103C7000EB3623B1D4F8EC389E0700F19682012090
:103C800008F0D2FC0123690740F19A82002B00F072
:103C90009782012008F0C8FCB4F8BC379A0704D416
:103CA0000220FCF713FD08F0CDFC94F8EC355B071F
:103CB00008D4B4F8BC3703F044031BB1B4F8183689
:103CC000A4F89A36D4F8EC3813F00A0F2AD0EF068D
:103CD00040F17A82B4F8BC375E0706D4042008F0BD
:103CE000B1FCB4F81836A4F89A36A80640F17082F0
:103CF000B4F8BC37590602D4402008F0A3FC6A0689
:103D000042BFC54AB4F81836D38215F0080307D06D
:103D100094F8F83533B9C04AB4F81836D382012381
:103D200084F8F8352B054FF4807040F1558208F087
:103D300089FC6379082B02D00E2B40F06182402071
:103D40000BB0BDE8F04F08F06FBC9BF800304B445F
:103D5000FA2BA8BFFA2323EAE3738BF80030584606
:103D600004F040FC0123B34048EA030884F8758B53
:103D70006FE79BF801304B44642BA8BF642323EA10
:103D8000E3738BF80130EAE79BF803304B44642B74
:103D9000A8BF642323EAE3738BF80330D4F8781BBD
:103DA000584604F03BFCDDE79BF8051049446429C4
:103DB000A8BF642121EAE171BAF10D0F8BF805105B
:103DC000D0D09BF804304B44642BA8BF642323EA73
:103DD000E3738BF80430C5E79BF806304B4483F35C
:103DE00008038BF80630BDE7D4F87C0B0178022974
:103DF00043D107EE909AF8EEE76AF2EE047A86EE87
:103E0000A77AD0ED0A7A37EE277AB5EEC07AF1EECE
:103E100010FA2FD4DFED827AB4EEE77AF1EE10FAE1
:103E2000D8BFF0EE477AC0ED0A7ABAF10F0F99D0F9
:103E3000D4F87C1B0B78022B2BD107EE909AF8EE6E
:103E4000E76AF2EE047A86EEA77AD1ED097A37EEC8
:103E5000277AB5EEC07AF1EE10FA17D4DFED707A5A
:103E6000B4EEE77AF1EE10FAD8BFF0EE477AC1ED82
:103E7000097A77E7DFED6B7AD5E781784944C8297D
:103E8000A8BFC82121EAE1718170CEE7DFED657A34
:103E9000EDE74B784B44C82BA8BFC82323EAE37354
:103EA0004B705FE7D4F87C0B0178022940D107EE14
:103EB000909AF8EEE76ADFED5A7A86EEA77AD0EDAF
:103EC0000D6A37EE267AB5EEC07AF1EE10FA2CD4F0
:103ED000B4EEE77AF1EE10FAD8BFF0EE477AC0ED13
:103EE0000D7ABAF1100F3FF43DAFD4F87C1B0B787C
:103EF000022B29D107EE909AF8EEE76ADFED487AB7
:103F000086EEA77AD1ED0C6A37EE267AB5EEC07A46
:103F1000F1EE10FA15D4B4EEE77AF1EE10FAD8BF4C
:103F2000F0EE477AC1ED0C7A1CE7DFED3E7AD6E77A
:103F3000417B4944C829A8BFC82121EAE1714173E6
:103F4000CFE7DFED387AEDE70B7B4B44C82BA8BFFA
:103F5000C82323EAE3730B7304E7D4F87C0B0178DE
:103F6000022944D107EE909AF8EEE76ADFED2B7A4A
:103F700086EEA77AD0ED107A37EE277AB5EEC07AC2
:103F8000F1EE10FA30D4DFED267AB4EEE77AF1EEF6
:103F900010FAD8BFF0EE477AC0ED107ABAF1110FDF
:103FA0003FF4E0AED4F87C1B0B78022B2BD107EE4C
:103FB000909AF8EEE76ADFED197A86EEA77AD1EDEE
:103FC0000F7A37EE277AB5EEC07AF1EE10FA17D4F1
:103FD000DFED137AB4EEE77AF1EE10FAD8BFF0EE27
:103FE000477AC1ED0F7ABDE6DFED0E7AD4E7017EA8
:103FF0004944C829A8BFC82121EAE1710176CDE76B
:10400000DFED087AEDE7CB7D4B44C82BA8BFC82372
:1040100023EAE373CB75A5E60000002000007A4494
:104020000000C84200000000D4F87C1B0B78022B73
:104030001FD107EE909AF8EEE76AF2EE047A86EE68
:10404000A77AD1ED0B7A37EE277AB5EEC07AF1EE8A
:1040500010FA0BD45FED0E7AB4EEE77AF1EE10FAB7
:10406000D8BFF0EE477AC1ED0B7A7BE65FED137AAD
:10407000F9E7CB784B44C82BA8BFC82323EAE373E6
:10408000CB706FE6D4F87C1B0B78022B1DD107EEAA
:10409000909AF8EEE76A5FED1E7A86EEA77AD1ED88
:1040A0000E6A37EE267AB5EEC07AF1EE10FA09D430
:1040B000B4EEE77AF1EE10FAD8BFF0EE477AC1ED30
:1040C0000E7A4FE65FED297AF9E78B7B4B44C82BDC
:1040D000A8BFC82323EAE3738B7343E6D4F87C1BA1
:1040E0000B78022B1FD107EE909AF8EEE76A5FED8E
:1040F000357A86EEA77AD1ED117A37EE277AB5EECA
:10410000C07AF1EE10FA0BD45FED3B7AB4EEE77AA9
:10411000F1EE10FAD8BFF0EE477AC1ED117A21E640
:104120005FED407AF9E74B7E4B44C82BA8BFC8230C
:1041300023EAE3734B7615E601287FF413AEBAF158
:104140000C0F7FF40FAE04EB42028978B2F96805D8
:1041500040F633029042A8BF1046B0F5617FB8BF69
:104160004FF46170A0F561704FF49662B2FBF1F20A
:10417000B0FBF2F094F8A826C0B282423FF4F2AD50
:10418000032894BF0246022285F8A8260AFB0252A1
:1041900002F22A520490C5F82026FCF735FB049859
:1041A0000130C0B204F0D8F9DCE5B4F8BC37D80768
:1041B00004D40120FCF78AFA08F044FA002362E5EF
:1041C000022008F031FA70E5042008F02DFA8CE5A1
:1041D000402008F029FA92E508F026FAA9E5142F04
:1041E0007FF499AB94F8EC755F2E07F004077FF429
:1041F0007BAB002F3FF44CACFCF788FAFFF779BBA0
:104200000BB0BDE8F08F1649D1F8883043F4700345
:10421000C1F88830134B1A6842F001021A605868DE
:10422000114A02405A601A6822F0847222F48032E5
:104230001A601A6822F480221A605A6822F4FE0278
:104240005A60DA6A22F00F02DA62186B074A0240FB
:104250001A6300229A604FF000638B60704700BFC2
:1042600000ED00E0001002400CC07FF8CCFC00FF25
:1042700080EAE073A3EBE0738B4206DB002801DDEC
:10428000401A704702D008447047002070472DE95B
:10429000F041824CD4F8803BA0EB030842F20F734C
:1042A00098452DED048B40F2EB8044F62063984551
:1042B0007B4DC4F8800B81BF0023C4F88C3BC4F84D
:1042C000903BC4F8943B95F83B3043B394F8EC250D
:1042D00012F0040223D1734BC4F88C2B0021196017
:1042E00040F2DC50C4F8902BC4F8942B85F83B20A6
:1042F000C4F89C2BC4F89C25A3F24C42A3F5876319
:10430000694EA4F88C054FF07E50106056609160A5
:10431000D060116118605E609960D8601961D4F84E
:10432000A06BD4F8A43BB3426ED0F31A08EE903AD7
:10433000DFED5E7A5E4BF8EE688A68EEA78AD3ED11
:10434000007AF5EEC07AF1EE10FA40F29D8013ED9E
:10435000017AB5EEC07AF1EE10FA40F2958087EE60
:10436000270AB5EEC00AF1EE10FA40F28D80DFEDBB
:10437000517A93ED018A38EE278A0AF09FFBDFED30
:104380004E7A28EE000A20EE270ADFED4C7A20EE66
:10439000270AF6EE007AF4EEE78AF1EE10FA31DC45
:1043A000B4F9A83B0F2B72D1B4F9AA3B444A02EBF3
:1043B000830201331BB20F2B08BF0023A4F8AA3BD2
:1043C000D2ED007A0E23A4F8A83B3E4B93ED017A80
:1043D00077EE877A30EE670A83ED000AB4F9223966
:1043E000002BB8BF5B429BB21E2B07D8B4F924390F
:1043F000002BB8BF5B429BB21E2B4CD9324BEB60FB
:10440000FCF72EF9C4F8A46BD4F8903B002BC9BF7D
:10441000D4F88C2B9FED2D9A07EE902AB8EEE77A10
:10442000C4BF07EE903AF8EEE77A294BC8BF87EE93
:10443000279A9FED287AA3EC019AD3ED007A69EED2
:10444000277AF4EEC77AF1EE10FA08D49FED227ABB
:10445000F4EEC77AF1EE10FAD8BFB0EE677AB4F98D
:10446000003C1E4E0027052B86ED007AC4F88C7B9D
:10447000C4F8907BC4F8947B36DC0133A4F8003C8C
:10448000BDEC048BBDE8F0819FED100A81E7144B71
:10449000D3ED007A99E74FF08043B0E76004002045
:1044A00000000020F80F0020CDCCCC3D6F12833AE5
:1044B000680A0020339388438E2BEA410000C842EB
:1044C0000C1000204C1000200000A0400000000054
:1044D00054100020000048C4000048445C10002034
:1044E000481000200024744907EE908A1FED036AEB
:1044F00016ED190A56ED039A56ED058AF8EE677A1D
:10450000A6F5C963C7EE866AA6F5C86216ED046A09
:10451000D3ED005AD6ED027A66EE255AA6F2446330
:10452000E5EEA67AD3ED005AC6ED027A66EE255A7C
:1045300077EE877AA5EEA60AD2ED005A26EE256A16
:1045400067EEA67AE6EE269AB0EE407AB6EE006AFC
:10455000A7EE867A30EE270AE7EE268A06ED190ADC
:1045600046ED039A46ED058A0AF07AFB39EEA80A71
:1045700008EE100A0AF074FBB4F9A81BAA8F0E29E2
:1045800002F1010207EE900A12B2A6F1500300F305
:10459000F1800E2ACCBF3A46174603EB8203013165
:1045A000AF87C3ED008AA4F8A81B824F97ED036A7A
:1045B00097ED007AD7ED016A97ED020A57ED045A9C
:1045C00036EE076AB8EEC88A76EE266A38EE408A7A
:1045D00086EE267AF7EE006AA7EE080A87ED047ADF
:1045E00036EEC77A17ED038A87ED020A27EE067AC0
:1045F00017ED056A87ED037A17ED027A37EE067A32
:10460000F8EEE77A77EE255A77EEC87A87EE256AD4
:10461000A6EE278A76EEC66A07ED016A66EE876A1D
:1046200007ED038A47ED026A0AF01AFBB0EE480A6A
:104630000646C4F8080C0AF013FBB4F97436C4F843
:104640009805002BB8BF5B429BB2B3F5487F07F2D9
:10465000AC4780F0AC80B4F97636002BB8BF5B4233
:104660009BB2B3F5487F80F0A28094F8EC25AB7A3A
:1046700097ED007AD4F8488712F0040208BFC4F816
:104680009405002B40F08C80D4F89435181AB0F5BE
:10469000FA7F494BA8BF4FF4FA709842B8BF18464A
:1046A0000521FFF7E5FD98F80430444943438B4268
:1046B00079DB002BB8BF7F33DB11B3F5967FA8BF42
:1046C0004FF49673991B98F80A303D484B43834248
:1046D0006BDB002BB8BF1F335B11B3F5967FA8BF10
:1046E0004FF496732AB198F81500D4F89C2B01FB6F
:1046F0000022B2F5161F3349A8BF4FF416128A42A2
:10470000B8BF0A46C4F89C2B002ABCBF02F5FF5272
:104710001F3203EB623398F8202007EE902A37EE21
:10472000097AF8EEE77A6FF0950167EE877A9FEDE8
:10473000267A67EE877AFDEEE77A17EE902A962AB8
:10474000A8BF96228A42ACBF9B1A5B1A304605214D
:10475000C4F89C3587ED009AFFF78AFD002EB8BF9C
:104760007642C82EC8BF0123C4F82809C8BF85F8FF
:104770003B3085E6B4F8AA1BAA8701310F2A09B29B
:1047800005D1AF87C3ED008AA4F8AA1B0DE703EBA0
:1047900082030F29C3ED008AF6D1A4F8AA7B04E7AF
:1047A000D4F8AC358EE7094B8CE7084B9AE7002329
:1047B000CCE700BFC00B00200CFEFFFF8169FFFFAC
:1047C00061DAFFFF0080DAFF0000003BD4FEFFFF4C
:1047D000D0ED005A9FED2B4A08B535EE840AFBF761
:1047E0003FFEF0EE403AB0EE650AFBF739FE90ED81
:1047F000015AF0EE404A35EE040AFBF731FEF0EEC6
:10480000405AB0EE450AFBF72BFE90ED023AB0EEAF
:10481000405A33EE040AFBF723FEB0EE404AB0EEF6
:10482000430AFBF71DFE65EEC07A20EE236A24EEF4
:10483000847AC1ED017AF0EE467AE5EE077A24EE4D
:10484000233A64EE806AC1ED037AF0EE437AE5EE36
:10485000667AA5EE067AE5EE436A24EE254A64EE12
:10486000E54A65EEA35A81ED004A81ED025AC1ED99
:10487000047AC1ED054AC1ED066A81ED077AC1ED02
:10488000085A08BDDB0FC93F2DE9F04F2DED028B13
:10489000B1B04FF00009FBF793FC18B9FCF792FA9E
:1048A000FCF70AFEBA4DBB4CFCF762FC95F8108C85
:1048B00048F0010385F8103CB74B4FF47002C3F881
:1048C00088200023049305930693236843F48033E0
:1048D0002360236803F400330593049B013304939E
:1048E000059B1BB9049BB3F5A04FF2D1236813F4C9
:1048F000003318BF01230593059B012B40F0018372
:1049000002230693A54B12221A60636863606368F2
:104910006360636843F480636360636823F47C13BB
:104920006360636843F4E8136360236843F0807353
:10493000236023689F01FCD5636823F00303636051
:10494000636843F002036360636803F00C03082BA1
:10495000FAD1069B904EC5F8143C914BF360636A04
:10496000636A43F080736362636943F4FC031CAFC2
:10497000636103238DF87230394641F6FF734FF0BF
:104980009040ADF8703006F0D7FC4FF6FF738548C5
:10499000ADF87030394606F0CFFC8348394606F052
:1049A000CBFC8248394606F0C7FC8148394606F000
:1049B000C3FC39467F4806F0BFFC384603F0F4FFDD
:1049C0001C9B7D4AB3FBF2F3C5F8183C7B4B7C4A39
:1049D000DFF8FCC14FF0000EC5F81CECC3F804E092
:1049E0004FF0E0230DF1740A5A61F02286F823207B
:1049F0000722C3F818E01A61BCE80F003E460FC654
:104A0000BCE80F000FC69CE80F00D5F808B0C5F849
:104A1000C0B786E80F00636943F4002363616369EC
:104A200043F400236361636943F4002363616369B2
:104A300043F4003363614FF0904310221A85202223
:104A40001A8540221A85584A4FF4804393614FF4E7
:104A5000005393614FF40043936176465AF8040C77
:104A60005146013606F068FC062E0AF1080AF5D117
:104A7000544B1C936369DFF85CA14A4843F48023DC
:104A80006361394606F058FC9AF81D200823002A75
:104A900040F03A82434A93614B48C5F8E00804234A
:104AA0003022002100F29A7085F82E3901260BF091
:104AB000BBFB1422002117A885F83C6948F00508C3
:104AC0000BF0B2FB1BF4802F08BF85F8246C85F82F
:104AD000108CE369334E43F48043E361236943F46C
:104AE00080432361636943F480236361736A23F421
:104AF00070037362736A43F4A0037362736A23F0F2
:104B000070637362736A43F0A0637362736A23F025
:104B100070437362736A43F0A0437362336A23F491
:104B200070033362336A43F4A0033362736A23F47D
:104B300070237362736A43F4A023736240F2023BF2
:104B40004FF4604339463046CDE91C3B06F0B2FBDA
:104B500020220123394630464FF480581C928DF8AC
:104B6000743006F0A7FB39463046CDF8708006F069
:104B7000A1FB236943F480432361236923F4804329
:104B80002361124B998821F480510904090C23E018
:104B9000600400200010024000ED00E00020024010
:104BA0000005FA050004004800080048000C004811
:104BB000001000480014004840420F007C10002004
:104BC0003F19010008000102F605002000380040EE
:104BD000C4160108000000209980998889B241EA32
:104BE00008019980198801F4415141F4437141F061
:104BF00003011980998821F470610904090C41F4BA
:104C0000E0619980998B21F400610904090C998372
:104C100007211982198889B2202241F040011980A8
:104C2000B261C6F818806369DFF8B883C5F8E48814
:104C300043F480236361E36943F40013E361236B6E
:104C400023F010032363236B43F010032363736A81
:104C500023F00F037362736A43F004037362736A91
:104C600023F0F0037362736A43F0400373623946C2
:104C70004FF480733046CDE91C3B06F01BFB4FF42C
:104C80000073394630461C9306F014FBD8F8003008
:104C9000B5F9E81023F00103C8F80030D8F8002077
:104CA000C24B1340C8F80030C14BC8F81030D8F8D8
:104CB0000030B5F9EA20002043F00103C8F80030C5
:104CC000C8F80800C8F80C00C8F80800D8F8083080
:104CD00043F40043C8F80830D8F80030C8F8003072
:104CE000D8F8043023F0784323F40043C8F80430A4
:104CF000D8F8003043F00103C8F80030B5F9EC30C3
:104D000041EA02041C431FD007EE901A9FEDA97AD6
:104D10008AF83E00F8EEE77AA74967EE877A3846C8
:104D2000CDED1C7A07EE902AF8EEE77A67EE877AE7
:104D3000CDED1D7A07EE903AF8EEE77A67EE877AC6
:104D4000CDED1E7AFFF744FD9C4EB5F8F03003938D
:104D50004FF0000B10225946A6F5EE70C5F850BC76
:104D600095F8EF4095F8F78085F84CBCC6E901BB93
:104D70000BF05AFA2320C5F860BCA5F85CBCC6E964
:104D800005BBC5F86CBC03F043FB0BAA01217520E1
:104D900004F0D4F9002840D0894AC5F8642C894A27
:104DA000C5F8682C43F64332A5F8602C01210FAA00
:104DB000584604F0C3F99DF83C20002800F0A78075
:104DC000EA2A40F0A48042F63352594606267F2054
:104DD000A5F8602C85F85C6C04F0FFF80A2003F05D
:104DE00017FB7821032004F0F8F80A2003F010FBE9
:104DF0000121304604F0F1F80A2003F009FB3F21BD
:104E0000072004F0EAF8142003F002FB59460720BB
:104E100004F0E3F80A2003F0FBFA95F85C3C00226A
:104E2000062B85F8702C40F0DF80674BC5F8743A8C
:104E3000664BC5F8783A664B6649D960D5F8EC38C8
:104E40000A2C43F00101C5F8EC1828BF144640F2C3
:104E5000FD2121FA04F212F0010240F05681012CEA
:104E600040F051819E0785F8712C00F15B81D5F8E7
:104E7000743A03989847002385F8723CB8F1000F04
:104E800040F054814FF00008002422467F21682022
:104E90008DF8704004F07DF832220F21682004F074
:104EA00078F822460321682004F073F801223B467B
:104EB00011460C2004F0BFF89DF87030092B40F02B
:104EC0003E81454BC5F8743C444BC5F8783C0723FC
:104ED00085F8723CD5F8EC3843F00803C5F8EC3897
:104EE00095F8E4300BB185F8703C95F8E5300BB1DE
:104EF00085F8713C95F8E630002B78D085F8723C47
:104F000075E00123069324E5354A1385C4E502F0D4
:104F10007E028DF83C2040B1682A06D1012385F835
:104F20005C3C1D2385F8603C77E79DF82C3003F04E
:104F30007E03682B8DF82C3032D1062102233A46AD
:104F4000084685F85C3C04F0F9F89DF875309DF84A
:104F500073209B00520002F0020203F0040313438B
:104F60009DF8712002F0010213430CD0012B03D1F4
:104F7000002385F85D3C50E7022B01D10123F8E7BF
:104F8000022003F054FA13AA01210C2004F0D6F8F1
:104F90009DF84C3013F00F03F2D0042BEED1E7E76D
:104FA000702B04BF042385F85C3C36E7FFE0CF009C
:104FB0007A25E00035FA8E3C88100020B0100020E1
:104FC0003D910008DB8F00083DB4000849630008EC
:104FD000D40E00202D23FA3BE38F000853910008E4
:104FE0000004004800540040022385F84C3C95F82A
:104FF000F830052B7DD8012404FA03F313F0160FC3
:1050000040F0A58013F0290F73D00A2003F000FAB6
:105010004CF6EF030FA90220ADF83C3006F020FE5D
:10502000002800F09480204603F0F2F913A9022032
:105030008DF84C908DF84D9006F0F8FC002800F0AB
:105040008680BDF84C305BBA03F03F03082B7ED15D
:10505000424B9DF84C90D3F8040293F808321C9010
:1050600039463B7105209DF84DB006F0F9FD00284A
:105070006DD03B4C4FF2C77804F110060FA9022007
:10508000ADF83C8006F0ECFD002860D0012003F074
:10509000BFF913A902208DF84C908DF84DB006F0A1
:1050A000C5FCBDF84C309DF84C909DF84DB05BBAF6
:1050B0009BB200284BD007EE903AF8EEE77AE4EC8A
:1050C000017AA642DAD1274BC5F8A03C264BC5F899
:1050D000A83C264B00221A606223C5F8B03CD5F8E4
:1050E0005C35C5F8B43C0320002385F8B83C06F0D5
:1050F0000BFED5F8EC3843F00403C5F8EC381C4C33
:1051000049F6117647E01446A3E6002285F8712C93
:10511000184AC5F8502C43F00303174AC5F8542C1D
:10512000C5F8EC38D5F8503C9847A0E6A8F1020342
:10513000032B7FF6A9AEB8F1010F04D1D0E6B8F188
:10514000000F3FF4CDAE002385F8723C9AE695F847
:105150004C3C43F0200385F84C3CD0E7F0140108A8
:10516000DC10002009BD0008C5BA00080C110020A1
:105170000008004829B4000815630008A38A9BB200
:1051800083F40053A382A38A9BB283F48043A38257
:10519000642003F03DF93B46022200214020ADF897
:1051A000706003F003FE0028E8D0D5F8143C012B12
:1051B00002BF95F84C3C43F0400385F84C3C95F811
:1051C0004C0C00287FF4DDAE95F8103CC24C43F047
:1051D000020385F8103C4FF4005323854FF48043BD
:1051E000A3610F26A38A9BB283F40053A382A38AF0
:1051F0009BB283F48043A382A38A9BB283F40043CF
:10520000A382192003F004F9013E192003F000F9EC
:1052100016F0FF06E6D14FF48043A3614FF400532C
:10522000A3614FF40043A361D5F8EC381C0705D502
:10523000D5F8743C9847012385F8B93CD5F83C373C
:10524000DFEDA66A1B7BA5F8BA3CBAF82230A44869
:1052500007EE103AB8EEC77A1A22C6EE877AFF2117
:105260009FEDA07A67EE877AC0ED007AA0F2063053
:105270000AF0DAFFD5F8EC1801230022880785F838
:10528000F03885F8F12807D585F8F238032385F83A
:10529000F038022385F8F3384A0708D595F8F03836
:1052A0005A1C2B4485F8F028032283F8F12895F83E
:1052B000F03811F00A0F03F10102D2B210D0E91850
:1052C0002A44042081F8F108052182F8F118DA1C3B
:1052D000023355FA83F385F8F028062283F8F12883
:1052E000D5F8C077BB0608D595F8F0385A1C2B4482
:1052F00085F8F028072283F8F1286B79082B01D074
:105300000E2B08D195F8F0385A1C2B4485F8F0285C
:105310000B2283F8F12895F8F028A918531C0C20CB
:105320007C07DBB281F8F10805D52B44023210214D
:1053300083F8F118D3B2E91812205A1CD2B281F8BE
:10534000F108780585F8F02809D595F8B81131B13C
:1053500002332A4485F8F038132382F8F138B9056E
:1053600008D595F8F0385A1C2B4485F8F0281522FA
:1053700083F8F128FA0508D595F8F0385A1C2B4423
:1053800085F8F0281A2283F8F1289822002156483F
:10539000564C0AF049FF012003F0A6F94FF04C0BE0
:1053A00000286AD1D5F8DC39B5F944C1C5F8DC3834
:1053B0004F4BC5F8683B0022A5F8E82685F8EA2699
:1053C000C5F80C27C5F81027C5F8AC3685F8B92AFA
:1053D000D5F8A416B5F8440103F23246624603F646
:1053E000CE13F82526F8022B0135D4F85C25EDB252
:1053F00002F516720A2D43F8042B65D1FB0454BF45
:10540000B4F84A310346A4F86E3501F1500591F81D
:105410007D30ABB991F87F2091F880309A420FD25D
:10542000002A6BD0013A02EB820202EB820202F503
:10543000617293B291F87E2004EB4202A2F87035BB
:1054400004318D42E3D13E076DD594F83E21062A02
:1054500063D8DFE812F05B003F0442046B048C0465
:10546000A604A6040BFB06FA04EB0A0999F8268A9F
:10547000B8F1000F04D00136F6B2022EF2D191E756
:1054800002791C4B90F90000CDF8048003EB8203F5
:1054900003220092D3F80C324246012106F0E8FEC6
:1054A000039068B114484822414650440AF0BCFEBB
:1054B000039BC9F8DC3901231E4489F8263AF6B269
:1054C000012003F0EBF86BE7022D9DBFB4F84621F5
:1054D000643212B2624685E7000800480AE81C41BF
:1054E000581000200000C8423C0E0020600400203C
:1054F00096050020F0140108400E0020013303EB54
:10550000830303EB830303F5617393E745F2F053E1
:10551000A4F8BC3C06F0E4FE28B90820FAF77CFEAB
:10552000C24BC34A5A6317F4804F18BF1223BF4DB2
:105530001EBF84F82039BF4B6B6342F201031F4248
:1055400011D044F62063A4F8BC3CBB0441BF08233F
:1055500084F82039B84B6B63FE0741BF0C2384F8F5
:105560002039B64B6B6394F82039B54F043B84F86F
:10557000213932209F234FF480580DF14C091CAE85
:10558000139302F045FF0023A7F828800422494620
:1055900030468DF8713006F0EDFE9DF87130C7F899
:1055A00018809DF872201B0443EA02239DF87320A3
:1055B0001343A44A934200F0358400F32C84A2F5EF
:1055C0001A42033A934200F0348402F51A4202323E
:1055D000934200F05A840023C5E90B336B6202F05A
:1055E000C5FD6379C4F8100D052B04BF4FF4C873D3
:1055F000A4F85235FBF734F84FF47A73DFF8708271
:10560000A4F854350320D4F8A03C9847DFED8E7AF7
:1056100047460837C8ED007A4FF0650AB0EE677A62
:10562000B0EE678AB5EE407AF1EE10FAC7ED007A77
:1056300040F05284BAF1010A40F0398494F8D3382A
:1056400043F0080384F8D33894F8EC3523F00203D0
:1056500084F8EC35D4F8C03740F602021A4222D062
:105660000027032384F89D3839460123774885F8BD
:105670002030C822A4F8A078A4F8A478A4F8A278CE
:10568000A4F8A6780AF0D0FDD4F85C35C4F8AC389C
:105690006F4BC4F8D0770020002143E9020184F861
:1056A000CC7784F89C7894F8103C6A4FD4F8088042
:1056B000C4F8C08763F07F0384F8103C3B464FF08A
:1056C000804143F8041B64491960644BBB604FF48C
:1056D0009663A4F87235624BAB61624D012284F887
:1056E000242C84F8202D95E80F000DF11C0A8AE87F
:1056F0000F0005F110030FCB0DF12C0E8EE80F00FB
:1057000005F120030FCB0DF13C0C8CE80F0005F1E7
:1057100030030FCB89E80F0005F140030FCB86E87B
:105720000F009AE80F0007F1180585E80F009EE8C2
:105730000F0007F1280A8AE80F009CE80F0007F124
:10574000380E8EE80F0099E80F0007F1480C8CE83E
:105750000F0096E80F0007F1580C8CE80F004FF48B
:10576000967002F055FE4FF48C7207F1680000212C
:105770000AF05AFD3C4BDA6942F00702DA619A6995
:1057800042F4A5229A615A6942F4C0225A6100206B
:105790000F27AA7B696895F80FC002F00703D208AB
:1057A00001EB82029B00116A0CFA03FC07FA03F377
:1057B00021EA03031362136A04304CEA030314283A
:1057C000136205F11005E4D16279D4F8E018182AC3
:1057D0009DBF264BD34003F0010300238DF86630B4
:1057E0000022881C10F93250022D00F0A7830132EC
:1057F000042AF7D100228DF86120C8F340028DF809
:105800006220C8F380128DF86420C8F340328DF80E
:105810005C20C8F3C0328DF85F2018F4006229D0F4
:1058200094F83221D51E6A426A4123E0000000202C
:10583000516100086D610008556100086161000850
:105840000004004818BA200000000000340C0020BA
:10585000200D002074110020ABAAAA3F26B4973E69
:10586000A08601001C170108001002400041000141
:10587000640A00208DF86020C8F300428DF865208E
:1058800008F001028DF85D20C8F3C0028DF85E209B
:10589000C8F3804218F4805FB4F8D4108DF8632008
:1058A000B4F8E020ADF86A101CBFB4F8DC10ADF815
:1058B0006A10B2F5FA7FADF8682094BFBDF86A208F
:1058C0000022ADF86A2094F8822184F8942E0022F8
:1058D0005B0018F0090FA4F8952ECF4A18BF0133CA
:1058E00002EB83034FF6FF79D3F87C32A3F1020871
:1058F0000833039338F8020F484500F0C880030AC4
:10590000022B00F0C080C54AC0B2012B4FEA001B39
:1059100002EB001040F0A3839DF85D30002B00F0F7
:10592000B28004EB0B07002384F8983EC4F89C3E39
:10593000C4F8A03EC4F8A43EC4F8D83E84F8E03EC3
:1059400097F8393DB7F8342DC4F8EC0E31468DF890
:105950007230D7F8300DADF870200223C4F8DC9E09
:105960008DF8733005F0E8FC94F8942ED7F82C5D90
:1059700097F836AD012A18BF00212A6A08BF032113
:10598000BAF1000F40F0E18222F001022A62AA6916
:10599000286A22F0F30242EA011220F00A0042F0E3
:1059A000010240F00100AA612862AA6922F00C02FB
:1059B000AA61AA69AA6101220021284605F0C2FB5A
:1059C0002A88974F92B242F00102BB442A809BF88A
:1059D00037BD584606F0FEFABBF11B0F02D1192065
:1059E00006F0F8FA8F4AC7F8F02E4FF0000B8E4AF7
:1059F000C7F8F42E2846C7F8F8BE05F01BFB0628AA
:105A000041D80A214143894A01EB9A0107EB810CF5
:105A1000131DCCF87C2DCCF88C3D4FEA9A0C022358
:105A2000E96803FA0CF39BB20B43EB602823434372
:105A3000A2F5BA7203F120011144EFF3128C4FF07A
:105A4000500E8EF312880C33134453F8042F0AB10E
:105A50000A60111D0BF1010BBBF1040FF5D10023FE
:105A60000B605FFA8CFC8CF31188282303FB007712
:105A7000D7F89C3D002B40F0EE82EB6823F0010349
:105A80001B041B0CEB60039B43457FF433AF684E54
:105A9000684D042384F8A8390FCE0FC50FCE0FC56B
:105AA0000FCE0FC596E80F0085E80F00D4F8C03779
:105AB000D4F82067D4F81C0703F48052A5F262657D
:105AC0000023002A00F0FE82818825F8021B0133A2
:105AD0000C2BF6D194F8273D8DF81C3094F8283D16
:105AE0008DF81D30544B0F934FF09043CDE9133395
:105AF0004FF44173ADF82C30504B514E21964FF07E
:105B0000A041CDE91C1301204FF0805313AD0BAF22
:105B100006F10D094FF0020B0DF11C080DF13C0AC6
:105B2000CDE91E0303F558531CA82093CDF894909B
:105B3000CDF89CB0CDF88880CDF88CA02495269720
:105B400006F012F994F8202D8DF81C2094F8252DDC
:105B50008DF81D2094F8262D8DF81E2039493A4ADB
:105B60000F922022ADF8402007C985E80700374A88
:105B7000DFF8ECC011889278ADF82C10BA70344A76
:105B8000CDF878B04FF08053CDE91CC21F930DF1D2
:105B9000700C03F5585303202093279006F10E0351
:105BA00060462193CDE9228ACDF8949024952697DA
:105BB00006F0DAF894F8233D8DF81C304FF40053CA
:105BC000ADF83C30234B13930523DFF898E08DF8B4
:105BD0002C30214BCDF878B0CDE91CE31F4BCDF82C
:105BE00094904FF00052CDE91F2306F11402219248
:105BF000012227921CAA1046CDE9228A24952697D5
:105C000006F0B2F894F8212D8DF81C2094F8222D7E
:105C10008DF81D2028E000BFF01401088C11002031
:105C200060040020BD630008AD630008501300202D
:105C30007C1701082014002008000400080002401E
:105C4000E0140020BC170108040010005C1E0108CD
:105C500008040240000400485804024000360010C6
:105C6000000100500004005094F8242D8DF81E20EF
:105C7000C449C54A0F924FF48052ADF8402001F15B
:105C80000C0207CA85E80700C04AC14B1188927808
:105C9000ADF82C104FF00050CDE91F03BD49BA708C
:105CA0000320BD4A279016361CA8CDE91C12CDE969
:105CB000228ACDF878B02196CDF894902495269735
:105CC00006F052F81E2031B0BDEC028BBDE8F04F5B
:105CD00002F09EBB42F6F8231AE442F6F823AF4ADC
:105CE000A4F8BC3C00010A23B0FBF3F00023A0F5AC
:105CF000B0600133122B42F8040BFAD1A84AA9492B
:105D00005163402084F8203902F0EEFC00283FF473
:105D100004AC0123072590F90000A34ACDE9003522
:105D20004021A24B06F0A4FAFFF7F6BB42F6F82397
:105D3000A4F8BC3C9A4B9E4A5A634020102384F836
:105D4000203902F0D1FC00283FF4E7AB0123002109
:105D5000984A90F90000CDE900314FF4E133402139
:105D600006F086FA003818BF0120FFF7D5BB42F6CF
:105D7000F823A4F8BC3C8A4B8F4A5A63402008237E
:105D800084F8203902F0B0FC00283FF4C6AB0123B0
:105D9000002290F90000CDE90032884A4FF4E13347
:105DA000DDE742F6F823062AA4F8BC3C4FF00C03CA
:105DB00018BF052284F8203984F80C3D784B84F80C
:105DC0000D2D4FF000050CBF21211B217C4A08BF7F
:105DD0007C4E84F8085D4FF0400018BF4FF4E13668
:105DE00084F8095D84F80A5D84F80B1D5A6302F09B
:105DF0007BFC00283FF491AB012390F90000724A2C
:105E0000009301953346402106F032FA401B18BF3B
:105E10000120FFF781BB6D4A934236D00132934295
:105E20007FF4D9AB4FF001236B624FF40052684B03
:105E300004E0684B6B62664B4FF400421A852B8D71
:105E4000AF8C1B025F43EB6201232F6384F8A639FA
:105E5000002F3FF4C4ABFF0A4FF0000ABA450DDA39
:105E60000AEB070808EBD8784FEA68081022314699
:105E70004FEAC82006F078FB0F280CDCFF0206F082
:105E8000D5FAC4F86479FFF7AABB534B6B624FF4A1
:105E900080424F4BD2E73246002352F8041B0131B7
:105EA00040F012810133042BF7D14746D6E74FF07B
:105EB000230B02F05BF905F0D1F90A2002F0A8FAF1
:105EC000BBF1010B454BF4D193ED007AD3ED027A8F
:105ED00088ED007AFFF7A6BB88ED008A87ED008A7F
:105EE0004FF00F0B4FF00A0A02F040F905F0B6F937
:105EF0000A2002F08DFABAF1010A384BF4D1D8ED3C
:105F0000007A93ED007AD7ED006A37EE277AD3ED69
:105F1000027A88ED007A77EEA67ABBF1010BC7ED25
:105F2000007ADFD1F2EE0E6A87EE266A87EEA67A55
:105F300088ED006A87ED007AFFF780BB01EBC201B4
:105F40008A88003A18BF012255E4BAF1040F47D1FC
:105F500022F010021204120C2A62AA69286A20F0A8
:105F6000A00022F47342000442EA0132000C42F421
:105F7000807240F01000AA612862AA6922F440628F
:105F800016E500BFBC17010800800040601E010834
:105F900000360010000500501C04024020110020B3
:105FA0000000002079610008A1810008A08601009E
:105FB000A9610008F5810008B9610008AD820008F8
:105FC0009D62000890D00300458300081740EF0051
:105FD000000800482000000180000001680A00203D
:105FE000BAF1080F1DD122F480721204120C2A6239
:105FF000EA69286A92B222F0F30242EA01124FF2F1
:10600000FF51014042F0010241F48071EA612962CE
:10601000EA6922F00C021204120CEA61EA69EA61F0
:10602000C9E422F480521204120C2A62EA69286A36
:1060300022F440721205120D42EA013245F6FF7158
:10604000014042F4807241F48051EA612962EA69B8
:1060500022F44062DFE7EB6843F0010312E5032B13
:106060007FF411AD94F8963E9DF863209D0052B1E7
:1060700000234FF6FF72082105F010FA6319C3F8E8
:10608000AC09134B11E0BDF86810BDF86A30B1F5EA
:10609000FA7F11D90F4AB2FBF1F2122192B205F048
:1060A000FDF96319C3F8AC090B4BC36094F8963E35
:1060B000013384F8963EE6E4084AB2FBF1F201218E
:1060C00092B2D9E7B18800E508F1010AB846ECE6DA
:1060D0009D63000880A812017D63000840420F0004
:1060E000F0B50124B0FBF4F58D4203D200261CB9B3
:1060F0001C70F0BD4C43F5E7B0FBF4F5B4FBF1F7D1
:1061000004FB15002EB9002D03DC8C420CD33C4659
:10611000EDE7092D08DD002A0CBF572437242C4455
:1061200003F8014B0136F2E73024F8E738B5074DA4
:10613000044600236A6895F9001003B138BD002AAF
:10614000FCD0A142FAD190470123F3E77C10002054
:1061500000207047014B33F811007047EE15002006
:10616000014B33F811007047EE150020014B33F856
:1061700011007047C80D0020094BDFED0A7A03EBD0
:10618000810393ED007AB8EE477AF6EE046AE7EE03
:10619000267AFCEEE77A17EE903A98B2704700BF85
:1061A0002011002000005C44024B33F81100C008AD
:1061B000704700BF9415002007299ABF024B33F89F
:1061C00021000020704700BFCC15002003788B42CF
:1061D0000AD9064B53F82100054B1B7803B1400840
:1061E00000F5777080B270470020704720150020BE
:1061F000501800200022254970B5134641F22106AF
:1062000084180C44647883EA042308241DB2002D0A
:10621000B4BF86EA45055B0004F1FF34B4BFABB2FE
:106220009BB214F0FF04F1D10132192AE8D100F138
:1062300019020A44547800F11A020A44527802EB17
:10624000042292B29A420CD1114B124C1A7800EBF4
:106250004202D2B24FF4AF65904203D10E4B0122FD
:106260001A7070BD461CF3B2013351FA86F60B4426
:1062700076785B7803EB06239BB26B431B1303F525
:106280004873023024F8023BC0B2E5E75018002002
:106290006C110020721800206811002003788B42D6
:1062A00083BF034B03EB4103588C0020704700BFB2
:1062B00050180020084BDA68D10709D4DA68D206F2
:1062C00008D4DB6813F0040F0CBF042003207047D0
:1062D0000120704702207047002002408161704712
:1062E00001857047838A9BB24B4083827047024688
:1062F0004FF08043934202D8002013B970479B08A7
:10630000F8E7C11891424FEA50009CBFC018521ADA
:106310009B08F2E737B50B4B04465D6858786A4630
:106320000621A84758B1BDF800305BBA2380BDF8FC
:1063300002305BBA6380BDF804305BBAA38003B05F
:1063400030BD00BFC010002037B50B4B04465D6860
:1063500018786A460621A84758B1BDF800305BBAE4
:106360002380BDF802305BBA6380BDF804305BBAAD
:10637000A38003B030BD00BFC0100020064B53F80F
:1063800020301A681B89A1F57A7159434FF47A734A
:1063900091FBF3F1116070470C0E0020024B53F893
:1063A00020301B68196070470C0E0020024A136CE5
:1063B00001330B4413647047F8120020324B186C01
:1063C0009A680144F0B48A1A9960596040F68C21A9
:1063D0008A42DA603CD9197893F9452093F9004054
:1063E000914229D10A1F082A26D893F84620182A54
:1063F00003D8013283F8462001E083F8444093F942
:10640000442091420FD193F8471061B11F48204DAD
:10641000002106468A4211DC00210C2A14D11D49B4
:106420000A7801320A70012283F84720002283F89B
:1064300045401A70F0BC70470022DBE755F8047F36
:1064400020F8027B0131E5E726F812100132E4E77B
:1064500093F847100029EDD0A2F2EF2040F2DA5174
:10646000884208D819780B2905D8081D013143F84E
:1064700020201970DEE70021F0BC074883F84710A0
:10648000302209F0D1BE00BFF8120020EE15002026
:1064900004130020EC15002008130020836A816992
:1064A000426B1944D160416A8B422BBF0169CB1A00
:1064B000C91A536028BF51604FF0000380F8443080
:1064C000136828BF002143F0010381621360704705
:1064D000036B10B502464BB1046C59680B1B8C4220
:1064E000D8B202D9D3681844C0B210BDD0E9074071
:1064F0008442C1B238BFD068E3B236BFC018581A60
:10650000401AF1E7D0E909120369914238BFC9186E
:106510008A1A416B581E19B14B681A44904202D92D
:10652000801AC0B2704700207047436B13B190F8D7
:1065300044007047D0E909031B1A5842584170477C
:10654000034610B51C6B4069D96844B11A6C8C1AAB
:10655000013A005D18BF1146C0B2196410BD1A6A35
:10656000805C01328A4238BF1446C0B21C62F5E733
:1065700010B4426A8469A154426A016901328A42B4
:1065800028BF00224262426B2AB11368DB0707D49E
:106590005DF8044B82E7026D136843F080031360DB
:1065A0005DF8044B7047026D036B70B5D569044606
:1065B00033B9A90604D5C36ADBB1908C80B2984781
:1065C000616B81B92A060ED5A26A606A236D824288
:1065D0001CD0501CA669A062B25CD2B21A85236995
:1065E000984200D3A1622B0742BF236D08221A6292
:1065F00070BDE169928C40694E1CD2B2E661425492
:10660000E169E268914228BFE361D9E71A6822F0A4
:1066100080021A60E7E72DE9F0410669C3681E4071
:10662000F70704460D4621D4B0072ED4710707D5CD
:106630006FF0040323616868A16B036889B298470F
:10664000320707D56FF008032361A868E16B036880
:1066500089B29847F30621D56FF010032361E868EB
:10666000216C0368BDE8F04189B218476FF001035F
:106670000361C16A2F6A1FFA81F8002FD4D03B68EA
:106680003846414698477F68F7E76FF00203236179
:106690002868616B036889B29847C7E7BDE8F08155
:1066A000036823F001031B041B0C03600023036039
:1066B00043608360C360294B984204D1284A5368E1
:1066C00043F00F0326E0274B984204D1244A536835
:1066D00043F0F0031EE0244B984204D1204A536853
:1066E00043F4706316E0214B984204D11C4A53686E
:1066F00043F470430EE01E4B984204D1184A53688D
:1067000043F4702306E01B4B984205D1144A5368AA
:1067100043F4700353607047174B984204D1104AFA
:10672000536843F07063F5E7144B984201D1144A63
:10673000C5E7144B984201D1114AC8E7124B984261
:1067400001D10F4ACBE7114B984201D10C4ACEE759
:106750000F4B9842DFD10A4AD1E700BF0800024040
:10676000000002401C000240300002404400024091
:10677000580002406C0002408000024008040240C1
:10678000000402401C040240300402404404024061
:1067900058040240002A70B50CBF202530251C4645
:1067A00014F8016B0A4601390EB1002AF8DC1146D3
:1067B00004E00468661C0660013925700029F8DCD5
:1067C00022EAE27219460C4614F8015B15B9D31A95
:1067D000C81870BD01684E1C06600D702146F2E7B6
:1067E000F0B54FF0FF33CF08136001F007013D46CD
:1067F0000026052D00D806B1F0BD435DAF4203BFB2
:106800000B41DBB20C46344613F0010604D004EB16
:10681000C50414600135ECE70134082C4FEA53033A
:10682000F2D1F7E7044B98420CBF044A044A13889C
:1068300001339BB21380704700540040480D002084
:106840004A0D002038B590ED010AD0ED027A2DED09
:10685000028B20EE000A90ED008AA8EE080A04469A
:106860000D46A7EEA70A08F059F9B7EE007AC7EE71
:10687000007A1F4BB3F840200132A3F8402093ED7B
:106880000F7A37EE277A83ED0F7AB0EE007AF4EEC6
:10689000C77AF1EE10FA21D5B6EE007AF4EEC77A97
:1068A000F1EE10FA06DC9FED137AF4EEC77AF1EE02
:1068B00010FA1ADD28EE278A012085ED008A94ED72
:1068C000017A27EE277A85ED017A94ED027A67EE58
:1068D000277AC5ED027ABDEC028B38BD9FED067AB2
:1068E000F4EEC77AF1EE10FAE4D40020F3E700BF2B
:1068F00050180020BD37863500247449013804281B
:1069000010D8DFE800F00307090B0D00064B074A1B
:1069100013607047064BFAE7064BF8E7064BF6E7BD
:10692000064BF4E7064BF2E7A97E00086C00002056
:10693000056D00080D730008F1750008297900083D
:106940003D7000082DE9F043964E974BD6ED007A46
:10695000964AB3F90030B2F900209FED957A954D33
:106960002DED088BF1EE677A8DB0CDED007AD6ED86
:10697000017A9B1AF1EE677ACDED017A07EE903A33
:106980008D4BB3F90020F8EEE77A09EE902AB3F9BF
:106990000220B3F9043067EE877A08EE102A044625
:1069A00003A96846B8EEC88A09EE103ACDED027A1E
:1069B000FDF70EFF9DED060ADDED037A9DED07AABA
:1069C0007E4B9DED057A1B68F8EEE99A28EE000AE9
:1069D000B8EEC99AA9EEA70A9B78DDED097A28EEF0
:1069E0000AAAA9EE270A012BDDED047AA9EEA7AACF
:1069F000DDED0A7AA9EE27AADDED087A68EE277A9E
:106A0000E9EE877A9DED0B7AE9EE077A40F0C780D0
:106A10006B4B1B785B0715D46A490A6892B16B6CA3
:106A2000002B1846B8BFD81DA3EBE00307EE103AC1
:106A3000B8EEC77A013A37EE277A0A60BDEEC77A18
:106A400085ED117A6B6C002BB8BF0733DB1007EEB6
:106A5000103AB8EEC77A5C4F77EEC78A08F000F9B3
:106A60005A4BD3F8009099F800804146FDF700FC9E
:106A70003B68B0EE4A0A03443B6008F0F1F8414637
:106A8000FDF7F6FB7B68B0EE680A03447B6008F014
:106A9000E7F899F801904946FDF7EAFB96ED01AA5F
:106AA000BB68D6ED008A0344B0EE4A0ABB6008F02A
:106AB00057F8F0EE40AAB0EE4A0A08F091F8B0EEAE
:106AC00040BAB0EE680A08F08BF8B0EE40AAB0EE1B
:106AD000680A08F045F86BEE0A5ADFED3D6AF0EE01
:106AE000657AE0EE667A41462BEE006AF0EE408A67
:106AF000E5EEA68AF0EE464AEAEE264A68EE277AE6
:106B0000F0EE4A5A2AEE8AAA2AEEA65AE9EEAA7AA4
:106B100068EE288A28EE0A8AD6EE265AE9EE858A99
:106B2000ABEE698AE9EE247A2AEE807AE9EE258ACC
:106B3000A9EE078AC5ED127AFDEEE77AC5ED138A54
:106B400085ED148A17EE900A224DFDF791FBFDEEBC
:106B5000E87A2B684146034417EE900A2B60FDF754
:106B600087FB6B68FDEEC87A0344494617EE900A2E
:106B70006B60FDF77DFBAB68174A0344AB6013689D
:106B800023441360154A136801331360144A1368D1
:106B9000013313600DB0BDEC088BBDE8F083114BE1
:106BA0001B8854E7E8160020780A00201600002011
:106BB00035FA8E3C501800206E0D00209C0B0020F2
:106BC0004C0A0020B8090020E40F0020A00B002090
:106BD000000000003C180020F40F0020F00F0020FF
:106BE000481800202200002008B52DED068BF0EE9D
:106BF000409AB0EE600AF0EE41AAF0EE608A07F02B
:106C0000AFFFB0EE408AB0EE680A07F0E9FFB0EEE1
:106C1000409AB0EE690A07F0E3FFF0EE408AB0EE6A
:106C2000690A07F09DFFB0EE40AAB0EE6A0A07F0CD
:106C3000D7FFF0EE409AB0EE6A0A07F091FF1A4BC8
:106C400028EE007A29EE286A83ED007A29EECA7AC6
:106C500069EE0A6AA6EE007A60EE687A83ED017A40
:106C600028EEA97A68EE288AA6EE807AB1EE499AD3
:106C700083ED027A28EE297A28EE0A8A83ED037AD8
:106C80002AEE007AE6EEA97AA6EE297A83ED069A34
:106C9000C3ED078A83ED088ABDEC068B83ED047A89
:106CA000C3ED057A08BD00BF4000002006EE901A33
:106CB0009FED116A114B9FED127A1B88F8EEE66A80
:106CC000F7EE005A66EE866A07EE903A85EEA66AFF
:106CD000F8EE677A67EE877A90ED007A76EE276AAB
:106CE00087EEA66A70EE477AA6EE277AB0EE470ADC
:106CF00080ED007A704700BFDB0FC94060170020AD
:106D0000BD3786352DE9F04F2DED048B87B0DFEDD3
:106D1000B47A0593B34B03921B8808EE103AB24B3A
:106D20001B880093B8EE488A13F0020328EE278AE6
:106D300005460493F7EE009A00F01381149BDA895C
:106D4000AA4BB3F90000801A00F2F31740F2E634C0
:106D5000A74200F203810028B8BF4042B3F90230D5
:106D60009A1A02F2F31440F2E6339C429CBF82EA84
:106D7000E273A3EBE27395F8502088BF4FF4FA73E7
:106D8000002A00F0F1808342B8BF0346C3F5FA73CE
:106D900007EE903ADFED966AF8EEE77A642387EE25
:106DA000A67AB3FBF2F307EE903A37EE697AF8EE83
:106DB000E77AF0EE698AE7EE278AF5EEC08AF1EE0F
:106DC00010FA00F1D180F4EEE98AF1EE10FAC8BFB2
:106DD000F0EE698ADFF858B2DFF85892DFF858A26F
:106DE0009FED849ACB1C0293834B019305F12406FB
:106DF0000BF10C080BF118070024029A022C12F870
:106E0000013F0292F2EE044A40F0B180BAF8041059
:106E1000DFED7A6A0A3311FB03F107EE901AB8EE40
:106E2000E77AC7EE267A764B95F8551033F9143089
:106E300007EE103A734BB8EEC77AD3ED036A019BA5
:106E4000E7EE667A13F8012B019303EE902AB0EE79
:106E5000675AF6EC017AF8EEE33A67EE857A67EE68
:106E6000A37A87EE894A41B1674800EB8400B0EE0F
:106E7000440AFFF71BFFB0EE404AD6ED027A28EE37
:106E8000057A27EE277AD9ED007AE7EE247ADFED4E
:106E90005F4AF4EEE47AF1EE10FA08D4DFED5C4AD2
:106EA000F4EEE47AF1EE10FAD8BFF0EE674A89EE1C
:106EB000887ADBED007AD8ED006AE9EC014A75EEDC
:106EC000677AABEC015A27EE277AD7ED007AA8EC67
:106ED000017AE7EC016A76EEA77A95F8541037EE5E
:106EE000870A21B14B4800EB8400FFF7DFFEB0EECC
:106EF000087AC0EE077A96ED057A67EE877A67EE34
:106F0000A37A87EE897ADFED447AB4EEE77AF1EE80
:106F100010FA08D4DFED417AB4EEE77AF1EE10FA18
:106F2000D8BFF0EE477A34EE240A30EE270A07F095
:106F300097FE3B4BB0F57A7FA8BF4FF47A7098422A
:106F4000B8BF1846374B23F814000134032C7FF4E4
:106F500054AF07B0BDEC048BBDE8F08F4FF4FA706E
:106F6000FCE6F0EE698A35E7DFED2F8A32E7039A17
:106F70003AF91400514288424FEA440C03DB824242
:106F80001146A8BF0146294A32F90CC0059AA1EB67
:106F90000C0132F914C0009A614407EE901AF8EE21
:106FA000E77AD207C7EEA46A04D5D5ED127A66EE69
:106FB000A77A38E7143313FB00F307EE903A9FEDFE
:106FC0000F6A049BB8EEE77AC7EE067A002B3FF40F
:106FD0002AAF95ED137A66EE876AE6EEA87A22E785
:106FE000BD378635601700201C0C0020C809002022
:106FF0000000FA430000C842000C00200000484294
:10700000740D0020D40E0020C818002000007AC3A0
:1070100000007A43D4180020000096C30000964375
:1070200018FCFFFF9417002000000000820D0020D4
:10703000A4180020400A0020040A00202DE9F04F87
:1070400089B0CDE90623A34ADFF8B492B2F9003043
:10705000B2F90210DFF8ACA2DFF8AC820192002B8B
:10706000B8BF5B420029B8BF49429BB289B28B428C
:1070700038BF0B46B3F5FA7F28BF4FF4FA7302937B
:1070800009F10803059309F114030493924B039348
:10709000002600F10C0307460093354634468F4B1B
:1070A0001B8803F0010003F0020C9B073FD0022C69
:1070B00036D0019B069AB3F900305242B2EB430F2F
:1070C0004FEA430103DC069A8A42A8BF0A46844B72
:1070D000BD7F33F91430D21A079B33F914301A44A8
:1070E0003B7A6421534393FBF1F3C5EB8571C5EB08
:1070F00081059D4203DC6D429D42A8BF1D46DAF822
:1071000000301A4442F210739A42A8BF1A46754BD7
:107110009A42B8BF1A46CAF80020FE7C564336137E
:1071200028B1BCF1000F02D1022C40F0CF80019BAE
:10713000B3F900E0009B0EEB8E0213F80B3C12013A
:1071400092FBF3F2039BB3F900B0BBF1000F5B4677
:10715000B8BF0BF10303A2EBA303D8F8002013443C
:10716000B3F57A5F604AA8BF4FF47A539342B8BF31
:107170001346BBF1000FB8BFCBF1000B1FFA8BFB1E
:10718000BBF5206F7146C8F800300AD8022C0BD12D
:10719000504AB2F90420002AB8BF524292B2642A7F
:1071A00002D90023C8F800307D2293FBF2F3009A45
:1071B00012785A4348BF3F329211BCF1000F7DD084
:1071C000022C11D0029B02990298C3F5FA7311FBAD
:1071D0000EF142434FF4FA7C05FB031106FB032238
:1071E00091FBFCF192FBFCF2039B404833F902BB9C
:1071F000005D0393BBF1000F5B46B8BF0BF10303C7
:107200009B1013FB00F36FF04F0093FBF0F30B4464
:1072100097F8551005EE103A41B13548B8EEC50A59
:1072200000EB8400FFF742FDBDEEC05A059B39F923
:10723000021B1868049B29F802BC1B68BBEB010108
:1072400048BF033103444FEAA10C03EBA1030499A7
:1072500041F8040B0491059941F804CB059197F886
:10726000541061B107EE903A2248B8EEE70A00EBFD
:107270008400FFF71BFDFDEEC07A17EE903A15EE85
:10728000100A104402461C48005D434348BF1F33A8
:107290006100A2EB6312194B5A52019B0233019316
:1072A000009B01340133032C0AF1040A08F104089D
:1072B00000937FF4F4AE09B0BDE8F08F002893D0BE
:1072C000022C1ABF3246294671468DE732462946BE
:1072D0008AE700BF040A0020740D00201C0C002067
:1072E000820D0020F0D8FFFF80C1FFFFEC0B0020D3
:1072F000C8180020D4180020EF0B0020941700209D
:10730000E0180020240A0020340A00202DE9F04F64
:107310008BB0CDE907210993A44B1B88049313F08C
:107320000203044614D0A24AB2F90030B2F9022096
:10733000002BB8BF5B42002AB8BF52429BB292B248
:10734000934238BF1346B3F5007F28BF4FF4007354
:107350000293984B984F0193984B0693DFF88482E1
:1073600004F10B0307F1040907F10C0B039300254B
:107370008F4B33F915C0924B33F91560002E304610
:10738000B8BFF01C83100593019B1A46043201928A
:1073900086EAE672A2EBE67292B2B2F5206F4FEA8D
:1073A0004C0100F2FC80059A1B688A1A1A44B2F557
:1073B0007A5F844BA8BF4FF47A529A42B8BF1A46FC
:1073C000019B039843F8042C10F8013F0390D2115D
:1073D0005A4310F80B3C4B43049989074FEAA21219
:1073E0004FEAA31346D007994942B1EB4C0F4FEA3D
:1073F0004C0E03DC07997145A8BF7146DFF8E8C160
:1074000009983CF915C0A1EB0C0130F915C08C446A
:10741000D8F8001042F2107E61447145A8BF714651
:10742000DFF8C8E17145B8BF7146C8F8001094F89C
:1074300008A00CFB0AFA94F81EC00CEB8C0CCCF1E3
:10744000000EBEEBEA1F4FEAEA1003DC6045A8BF5E
:107450006046864694F813C001FB0CFC0299A2EB2F
:107460002C324A43A3EB0E0352124B4302EB2C3255
:107470000EEB632354490598495D11FB00F1A3EB22
:10748000A11A94F8551061B107EE90AA4F48B8EED2
:10749000E70A00EB8500FFF709FCFDEEC07A17EE66
:1074A00090AA37F9020BDBF8001027F8026C301AAB
:1074B00048BF0330D9F800604BF8046B831049F8DB
:1074C000043B314401EBA00100EE101A94F8541073
:1074D00041B13F48B8EEC00A00EB8500FFF7E6FB7C
:1074E000BDEEC00A069911F8013B069110EE101A84
:1074F00059430AEB0203374AA3EB611322F8153014
:107500006B1C022B08F104084FF001057FF430AF2B
:10751000089B9A79264B9B880F3213FB02F3284A6B
:10752000B2F904201B11002AB8BF0332002BA3EBD1
:10753000A201B8BF5B42322B1E4A32DCA07B9368AB
:1075400001FB003324488342A8BF034623488342FB
:10755000B8BF03469360E2784A432149097803297A
:107560004FEAA2120AD9B4F85210B1F5FA7F05D247
:107570004842904217DC8A42A8BF0A465B13B3F523
:10758000807FA8BF4FF480736FF0FF018B42ACBFC8
:10759000D21852180F4B9A800BB0BDE8F08F002222
:1075A0000EE70023D6E70246E8E700BF1C0C0020E8
:1075B000040A0020340A002000190020EF0B0020EC
:1075C000740D002080C1FFFFEC0B0020C8180020C4
:1075D000D418002094170020FEFFFF0F020000F0D7
:1075E000080E0020240A0020820D0020F0D8FFFFA2
:1075F0002DE9F04F89B0CDE90521BA4A0793B2F9D8
:107600000030B2F90220DFF81083DFF810A3DFF8B2
:10761000F8920090002BB8BF5B42002AB8BF5242DC
:107620009BB292B2934238BF1346B3F5FA7F28BF9C
:107630004FF4FA73019308F10C0300270393AA4B4C
:107640000293054608F1040B3C463E46A74B1A88B8
:1076500002F001030493A34B02F00200920733F9F6
:10766000163038D0059A5242B2EB430F4FEA43042A
:1076700003DC059AA242A8BF22469D4C34F916703D
:10768000D71B079A32F9162017442A7A64247A43C2
:1076900092FBF4F2AC7FC4EB847CC4EB8C04944288
:1076A00003DC64429442A8BF1446DAF80020174471
:1076B00042F210729742A8BF17468E4A9742B8BF4F
:1076C0001746CAF80070EA7C5743049A3F1312B178
:1076D000002800F0FF80029AB2F9002082EAE27CE2
:1076E000ACEBE27C1FFA8CFCBCF5206F00F2E98069
:1076F000002A0099B8BF033203EB830E91F801C052
:107700004FEA0E1E9EFBFCFCACEBA20CD9F800204D
:107710006244B2F57A5FDFF808C2A8BF4FF47A522C
:107720006245B8BF6246C9F800204FF07D0C92FB5D
:10773000FCFC009A127B61464A4348BF3F329211DB
:10774000002800F0C0800198019910FB03F3C1F5F7
:10775000FA7104FB01334FF4FA7C93FBFCF0019BBC
:107760005A4307FB012292FBFCF20299DFF8B4C1F5
:1077700031F9023B1CF806C00291002B1946B8BF34
:10778000D91C891011FB0CF16FF04F0C91FBFCF12F
:10779000014405EE101A95F8551051B1564804935E
:1077A000B8EEC50A00EB8600FFF780FA049BBDEE39
:1077B000C05A38F9020B039928F8023C181A0968D4
:1077C000DBF8003048BF0330194401EBA00100EEA4
:1077D000101A03994FEAA00C41F8043B4BF804CB74
:1077E000039195F8541041B14448B8EEC00A00EB3B
:1077F0008600FFF75BFABDEEC00A15EE103A13449F
:107800003F4A10EE101A925D51430A4648BF1F329C
:10781000A3EB621370003B4A1352009A731C0132AF
:10782000022B0AF1040A09F1040900924FF0010643
:107830007FF40CAF069B9A792A4B9B880F3213FB7F
:1078400002F3294AB2F904201B11002AB8BF0332FF
:10785000002BA3EBA201B8BF5B42322B2A4A3CDCCF
:10786000A87B936801FB003328488342A8BF0346E6
:1078700027488342B8BF03469360EA784A432549C4
:10788000097803294FEAA2120AD9B5F85210B1F5C6
:10789000FA7F05D24842904221DC8A42A8BF0A46BC
:1078A0005B13B3F5807FA8BF4FF480736FF0FF01C7
:1078B0008B42ACBFD2185218124B9A8009B0BDE867
:1078C000F08F00222FE70499002916BF3A46184688
:1078D00020464AE73A46204647E70023CCE70246DF
:1078E000DEE700BF040A0020740D00201C0C0020FD
:1078F000820D0020F0D8FFFFC8180020D418002007
:10790000EF0B002094170020340A0020FEFFFF0F29
:10791000020000F0080E002014190020240A0020A4
:1079200080C1FFFFEC0B00202DE9F04F2DED088BFF
:1079300087B00446059390F8543004910292002BCE
:1079400000F01082322BA8BF322307EE903ADFED11
:10795000DA6AF8EEE77A86EEA77AD84B1B88012B15
:1079600038BF012307EE903A9FEDD5AAD54BF8EE2C
:10797000E78AB3F800A028EE8AAA1AF0020337EECD
:107980000A7A0393CAEE079A00F0EF81CE49B1F963
:107990000020B1F90210002AB8BF52420029B8BF36
:1079A000494292B289B28A4238BF0A46B2F5E17FB3
:1079B00028BF4FF4E17207EE902A9FEDC47AF8EEEB
:1079C000E77AC7EE87AAC24BDFF858930193DFF836
:1079D0005883C04BC04F009309F1080B04F10C060B
:1079E00000259FEDBEBAB0EE4B9ABD4BB64933F9B8
:1079F000150031F9153007EE900AB8EEE75AF5EEAA
:107A0000047A25EE275A00EE103ABDEEC55ADFED96
:107A1000B57AB8EEC55A1AF0030F25EE275AB8EE1C
:107A2000C00A6CD070EE007A029BFDEEE77A5942F4
:107A300017EE90CA8C4503DB63451946A8BF614623
:107A4000A94B9FEDAA6A33F915C0059BA1EB0C0168
:107A500033F915C0A37F06EE903A237AF8EE666AF2
:107A60006144B1EE047A07EE901A66EE876A07EE7B
:107A7000103AF8EEE77AB8EE477AB1EE669A27EE5A
:107A8000277ABDEEC99A27EE067A19EE103ABDEEB6
:107A9000C77A17EE101A994208DBFDEEE66A16EE79
:107AA000903A8B42A8BF0B4609EE103A98ED007A47
:107AB000AAEE277AFBEE0E7AB4EEE77AF1EE10FA30
:107AC000B8EEC99A08D4F3EE0E7AB4EEE77AF1EE86
:107AD00010FAD8BFF0EE477AC8ED007AE37C08EEE2
:107AE000103AB8EE488A1AF0010F28EE278ADFED27
:107AF000807A28EE278AB0EE48BA40F03C81002810
:107B0000B8BF404280B2B0F5206F00F2318116F864
:107B10000B3CDFED786A07EE103A60EE266AB8EEAD
:107B2000477AC6EE877A97ED007A77EEC57AAAEEA5
:107B3000277ADFED717AB4EEE77AF1EE10FA08D425
:107B4000DFED6E7AB4EEE77AF1EE10FAD8BFF0EE20
:107B5000477AC7ED007A337808EE103AB8EE488AD3
:107B6000039B28EE278ADFED667A28EE278A5BB131
:107B700070EE497AB0EE490AA7EEAA0A78EE4B7A7F
:107B8000B0EE4B8AA7EEAA8A009B94F8551013F822
:107B9000012B9FED5C7A009307EE902AF8EEE77ACE
:107BA00065EE677AA7EE870A21B1574800EB85009A
:107BB000FFF77CF899ED007AA9EC015A35EE475AA7
:107BC000DBED007A019B85EE0A7A13F8012B019315
:107BD00008F104080437013630EE080A37EE677AF8
:107BE000E7EE297A07EE102AB8EEC77AEBEC017AB5
:107BF00067EEC77A9FED457AA7EE870A07F030F85F
:107C0000691C434B022923F815004FF001057FF44E
:107C1000ECAEFDEEE88ADFED3F7A94F857703E4D0A
:107C200018EE903A23F0030308EE903A264BB3F98E
:107C30000480049B9E792A4BB3F90430F8EEE88A5D
:107C400000EE103A88EEA79ABAEECF0A002F00F0A5
:107C5000BC8088EAE879E778A9EBE87907F000F8D2
:107C60001FFA89F92D4BDFED2E6A06FB09F696FB0C
:107C7000F3F6643607EE100A7E43642396FBF3F3B3
:107C800007EE903AB8EEC77AF8EEE77A80EAE0734A
:107C900067EE877AA3EBE07387EEA67AB3F5207FD1
:107CA00007EE908AB8EEE70A30EE470A3EDCB9F1FB
:107CB000640F63D93AE000BF83F9223E60170020C9
:107CC000BD3786351C0C0020040A00200000E1436B
:107CD000EF0B0020EC0B0020400A00200000000009
:107CE000740D0020CDCC4C40820D00206F12033C5F
:107CF0000AD7A33D0000A043000040C3000040435A
:107D00000AD7233CA69B443BC8180020F7CC9238E6
:107D10009417002000803B45340A00200CFEFFFF32
:107D20000000A042281900202C0A00200023AB608C
:107D300094F8551011B15448FEF7B8FF30EE080A18
:107D4000BDEEC00A10EE103A1BB200EE103AB8EECB
:107D5000C00A06F085FF4D4B988007B0BDEC088B3C
:107D6000BDE8F08F9FED4A7AF7E5DFED4AAA2AE6F3
:107D7000DFED487AEDE6B0EE490A05E708EB880347
:107D80001B0193FBF7F31B1A07EE903AF8EEE77A24
:107D9000AA6867EE897AFDEEE77A17EE903A134407
:107DA000B3F57A5F3C4AA8BF4FF47A539342B8BF09
:107DB0001346AB607D2293FBF2F3A27B53439B11EE
:107DC00007EE903AB8EEE78AB2E7760006F048FF91
:107DD000283616FB08F67611301A002E07EE900AA8
:107DE000B8BF7642322EF8EEE77A16DCA37BAA689B
:107DF00007EE103AB8EE477A27EE277A27EE097A8F
:107E0000BDEEC77A17EE103A9F18244A9742A8BFD2
:107E10001746234A9742B8BF17467B13B3F5807FB6
:107E2000A8BF4FF480736FF0FF029342FDEEE77A34
:107E3000B8BF1346AF6007EE103AE27817EE903AFB
:107E400053439B1100EE103A164B1B78032BB8EEF0
:107E5000C78AB8EEC00A7FF66BAFB4F85220B2F50D
:107E6000FA7FBFF465AFFDEEC07A534217EE901A69
:107E7000994203DB91420B46A8BF134607EE903AA6
:107E8000B8EEE70A54E700BFD0180020941700208E
:107E9000AF4C593C0000000080C1FFFFFEFFFF0F08
:107EA000020000F0080E00202DE9F04F8BB00446D0
:107EB0000893984B06921B88029313F002030793D2
:107EC00000F0F180149BD889934BB3F90020121A6B
:107ED00002F2F31640F2E635AE4200F2DE80002AEE
:107EE000B8BF5242B3F902301B1A03F2F31540F245
:107EF000E630854200F2D480002BB8BF5B4293424B
:107F0000B8BF1346C3F5FA730522B3FBF2F3A27FA1
:107F1000643BD21053430A2293FBF2F3643323EA07
:107F2000E3735BB27D4D7E4803930268D5F8E83079
:107F3000DFED7C7AD31A05EE103AB8EE455A0368A5
:107F4000C5F8E83025EE275ACB1C774A0593774BC6
:107F5000049285ED3B5A05F1F00B05F1F80AA146B4
:107F600005F5827800220598022A10F801EF0590A5
:107F700040F09B806E4989880EF1140011FB00F1DE
:107F80004911C5F80C116B4958F8046B31F912709E
:107F9000002F3946B8BFF91CA6EBA106049911F8C9
:107FA000010B049119F8011F0190714341436420B2
:107FB00091FBF0F1C91100EE101A94F8551051B16F
:107FC0005D480993B8EEC00A00EB8200FEF76EFE32
:107FD000099BBDEEC00A594999F80BC00988186879
:107FE0007143C912019E0CFB01F171434FF0640C07
:107FF00091FBFCF10144B1F5001F5148A8BF4FF4BB
:1080000000118142B5EEC05AB8BF0146F1EE10FA38
:1080100043F8041B4FEA613116DDBBF90000DAEDCD
:10802000006A381A07EE900AF8EEE77AB1EE087A9D
:1080300077EEE67AB2EE046A67EE877A87EE867AA2
:1080400077EE267ACAED007A2BF8027B99F81600B3
:10805000BAEC017ADFED3B6A07EE900AF8EEE77AB8
:1080600067EE877A9DED017AB8EEC77A67EE877A78
:1080700087EEA67ABDEEC77A17EE100AA1EBA01123
:1080800010EE100A0144304820F812100132032A81
:108090007FF469AF0BB0BDE8F08F4FF4FA7221E7BF
:1080A0004FF4FA732BE764233CE7214830F9126060
:1080B00006984042B0EB460F4FEA42074FEA460CA3
:1080C00003DC06986045A8BF60462049CF5F089949
:1080D000C01B31F912700299C907384416D40EF149
:1080E000140111FB06F1079E0911C8F80010002EBB
:1080F0003FF449AFE67C7043039E7043642690FBD7
:10810000F6F001EB2011C8F800103CE7217A41435A
:108110000911F8E71C0C0020C809002050180020A5
:10812000BC0900206F12833A000C0020340A0020A2
:10813000040A0020740D0020C818002060170020D9
:108140000000E0FF0000C84294170020820D0020CC
:108150002820FDF7EBBF0920FDF7E8BF024A1368AE
:1081600001331360704700BFBC09002010B50A4BF3
:108170004FF0E0201968846900BF1A688A42F9D17B
:10818000064B19684FF47A7000FB01F31B1BB3FB1D
:10819000F1F300FB023010BDBC0900207810002074
:1081A00010B50446FFF7E2FF0F4AD2F8103140F64F
:1081B000AC51C31A8B42C4BF002382F8143192F829
:1081C00014310A49CC541BB90F2C0BD1C2F8100141
:1081D0000133DBB282F81431192B054B0CBF01229D
:1081E00000221A7010BD00BF501800205115002049
:1081F0005015002010B50446FFF7B8FF264AD2F804
:108200001831C2F81801C31AB3F57A6F84BF00237E
:1082100082F81C3192F81C3143B9A82C30D11F4987
:108220000B701F490B801F49CC5406E0022B02D172
:108230001D490C70F7E7242BF5D91B490978013348
:10824000DBB20231B3EB410F82F81C314FEA41003F
:1082500017DA1349088880EA042080B2082341F223
:10826000210402B2002AB4BF84EA4202400003F1B2
:10827000FF33B4BF90B280B213F0FF03F1D1088096
:1082800010BD411C8B42FBD1002382F81C31034BF3
:1082900001221A70F4E700BF501800206A15002070
:1082A0006C1500206E1500206B15002010B50446DB
:1082B000FFF75CFF0D4BD3F82021C3F82001821A91
:1082C00041F288318A4284BF002283F8242193F846
:1082D00024210749142A8C540BBF064B013201227A
:1082E00083F8242108BF1A7010BD00BF5018002069
:1082F000B5150020B415002010B50446FFF736FF71
:108300000D4BD3F82821C3F82801821A41F2883195
:108310008A4284BF002283F82C2193F82C2107493C
:108320000F2AE4B28C540BBF054B0132012283F8B3
:108330002C2108BF1A7010BD501800200D15002008
:1083400005150020F8B52D4C2D4E2E4F0546FFF794
:108350000DFFD4F83031C4F83001C31AB3F5FA5F19
:1083600082BF002333703B70337853B9A12D08D1FD
:1083700001223A70E2180133EDB2DBB2557033706E
:1083800002E03A78002AF5D11F4D2A789A4208D1A6
:108390001E4B1B78052B05D0062B06D000233B7007
:1083A0003370F8BD0020FDF725FFA3781E2BF5D113
:1083B00095F800C000250CF1FF3C2846654507DB19
:1083C000644463789842E9D10320FDF713FFE5E7A1
:1083D000631908225B78DBB280EA030141F30001F4
:1083E00021F07301013A81EA530312F0FF02DBB27C
:1083F0004FEA5000F0D101351846DFE75018002051
:108400006A110020691100206B1100206D110020FD
:1084100038B50446013C00D238BDFFF7A7FE05463B
:10842000FFF7A4FE431BB3F57A7FF9D3F2E72DE9FA
:108430008848064600F040082A4C4FF01E0B0525E0
:1084400002273FE0B8F1000F04D0A38A9BB283F467
:108450000053A382BAF1000F04D0A38A9BB283F425
:108460008043A382B9F1000F04D0A38A9BB283F4A6
:108470000043A3825846FFF7CBFFB8F1000F04D0AA
:10848000A38A9BB283F40053A382BAF1000F04D0F5
:10849000A38A9BB283F48043A382B9F1000F04D076
:1084A000A38A9BB283F40043A3825846FFF7B0FF30
:1084B00085B1013DC6D14FF4FA70FFF7A9FF4FF027
:1084C000960B002557EA050306D006F0200A06F0B1
:1084D0000209B7E7013FF4E74FF47A70FFF798FF1E
:1084E000AAE700BF00080048044A00231370044AAA
:1084F0001360044A1380044A13607047320D002051
:108500002C0D0020300D0020280D00200E4B30B522
:1085100000220C2404FB02F1CD5C854203D0013221
:10852000102AF7D130BD094A106820B15C18407894
:1085300064788442F6D20B441360054A002313800A
:10854000044A1360EEE700BF54180108280D00200C
:10855000300D00202C0D00204300142B0C4A30B4A9
:10856000A8BF14230021022514240231994215705A
:10857000547002F10202F8DB064A002808BF022309
:108580001344FF2283F8342130BC0F20BEE700BF24
:10859000841900205018002010B50A784B789A42B0
:1085A0001BD20F490430192431F9100040F6330171
:1085B0008842A8BF0846B0F5617F40F28331B8BF5A
:1085C0004FF4617012FB0412904206DD13FB04139A
:1085D0009842CCBF0020012010BD0020FCE700BF66
:1085E000C80900200C4970B500226FF0180640F64B
:1085F000C414437812FB02656B4303F6C413057879
:1086000053430132072A05FB03F393FBF4F321F8EC
:10861000023BEED170BD00BFF20B00202DE9F0410E
:108620001D4C00220A264FF47A758778A2EB070EBC
:108630000FFA8EFEBEF1000FBC462ADDC7F16407BB
:10864000FFB290F803800EFB0EF308FB03F3C8F1B2
:10865000640817FB07F70CEB8C0C93FBF7F3434410
:108660000EFB03F393FBF6F303EB4C031BB22380E7
:10867000B1F800C04F880A32A7EB0C0792B27B43D7
:10868000782A93FBF5F39C4424F802CBCDD1BDE8C6
:10869000F08108BF0127D4E7040C0020F0B5104B8F
:1086A000104C1B6894F84A1100251E1DCAB2032AFB
:1086B00004D90DB184F84A2100200EE036F831C00B
:1086C00010EA0C0F01F101074FF0010506D003EB92
:1086D000C1002A44023084F84A21F0BD3946E5E75A
:1086E000400D002050180020024B002283F84A2140
:1086F000D4E700BF50180020064B10B50446186898
:10870000036821461B689847034B1B689A795440BD
:108710009C7110BD3C0D0020380D002038B5054679
:1087200024200C46FFF7E8FF4D20FFF7E5FF002D62
:10873000084D0CBF3E202120FFF7DEFF2B680022F2
:1087400020469A71FFF7D8FF2B6893F84900BDE8DF
:108750003840D1E7380D002010B50446C0B2FFF70D
:10876000CBFF200ABDE81040C6E710B5044680B232
:10877000FFF7F2FF200CBDE81040EDE7034B1B684C
:10878000DA79511CD9711344187A7047380D0020DA
:1087900010B5FFF7F3FF0446FFF7F0FF04EB0020EE
:1087A00080B210BD10B5FFF7F3FF0446FFF7F0FFEE
:1087B00004EB004010BD01460020AFE708B5FFF70D
:1087C000D5FC074B00F5B71000F558701860054B45
:1087D00002221A70044A936803F2DC53936008BDC6
:1087E000F00E0020EC0E0020480B002008B5FFF72B
:1087F000BDFC064B1860064B02221A70054B1A6826
:10880000054B9A60012283F8212008BDF00E00205C
:10881000EC0E0020BC090020480B0020104B1B6808
:1088200003EB4002117E29B102290DD00D4B33F824
:1088300010007047022805D90328F7D10A4A1268A8
:10884000D20409D5D8897047507E00EB800000EB38
:10885000800000F2EE2070474FF49660704700BF32
:108860000C0B0020C8090020200C002038B52DED8D
:10887000048B4A4B0C460168C3F84C118188A3F85D
:108880005011023A062A05D8DFE802F05259606713
:1088900073798000B3F84C212280B3F84E216280B6
:1088A000B3F950313E4AA3801278002A3DD1B4F981
:1088B00000203C4D09EE102AB4F9022095ED030A80
:1088C000D5ED007A08EE902AF8EEE88AB8EEC99A5B
:1088D00028EE800AA7EE890A07EE903AB8EEE78AFA
:1088E000D5ED067AA7EE880A06F0BAF995ED040AE6
:1088F000D5ED017A208028EE800AA9EE270AD5ED71
:10890000077AA8EE270A06F0ABF9D5ED057A608064
:1089100028EEA70AD5ED027AA9EE270AD5ED087A46
:10892000A8EE270A06F09CF9A080BDEC048B38BDA8
:10893000B3F84E212280B3F84C215242AFE7B3F88E
:108940004C2152422280B3F84E21F6E7B3F84E2173
:1089500052422280B3F84C21A1E7B3F84C21524295
:108960002280B3F84E216280B3F850315B421BB2D3
:1089700098E7B3F84E212280B3F84C21F3E7B3F81F
:108980004C212280B3F84E215242ECE7B3F84E213D
:1089900052422280B3F84C21F6E700BF5018002065
:1089A0003E000020881000209F4B5A6802F00C0205
:1089B000082A2DE9F04140F0AB8059685A68D60387
:1089C00049BFDA6A994A9A4C02F00F02C1F3834117
:1089D00048BF013201F1020148BFB4FBF2F251433A
:1089E0000C4604605A68DFF84CE2C2F3031272448A
:1089F00092F8C0205FFA82FC24FA02F242605D68BD
:108A0000C5F30225754495F8C06022FA06F6866023
:108A10005D68C5F3C225754495F8C050EA40C26050
:108A2000D3F82C80EFB2C8F303150EEB450518F40C
:108A3000807FB5F8D050ADB26DD0002D6BD0B1FBBA
:108A4000F5F50561D3F82C80C8F343250EEB450EF0
:108A500018F4005FBEF8D050ADB25ED0002D5CD0EF
:108A6000B1FBF5F54561D3F830E0714D1EF0100F04
:108A70000CBFAE46A646C0F818E0D3F830E01EF0B2
:108A8000200F0CBFAE46A646C0F81CE0D3F830E07D
:108A90001EF0400F18BF254605621D6BED053ED543
:108AA000A1423CD1BC453AD14D0045621D6BED045D
:108AB00037D5A14235D1BC4533D14D0085621D6B00
:108AC000AD0530D5A1422ED1BC452CD14D00C5629B
:108AD0001D6B6D0529D5A14227D1BC4525D14D007F
:108AE00045641D6B2D0522D5A14220D1BC451ED168
:108AF0004D0085641D6BAD041BD5A14219D1BC4549
:108B000017D16100C164196B890714D1026318E0A1
:108B1000474C002165E7254693E72546A2E7154621
:108B2000C3E71546CAE71546D1E71546D8E7154607
:108B3000DFE78264E7E71A6B02F00302012A16D12D
:108B400004631A6B12F4403F20D146631A6B12F48F
:108B5000402F35D186631A6B12F4401F4AD1C66389
:108B60001A6B12F4400F67D10664BDE8F0811A6BEE
:108B700002F00302022A02D14FF40042C6E71A6B48
:108B800002F00302032ADCD1294ABFE71A6B02F480
:108B90004032B2F5803F01D14463D7E71A6B02F44B
:108BA0004032B2F5003F03D14FF400424263CDE7BB
:108BB0001A6B02F44032B2F5403FC7D11C4AF5E7C8
:108BC0001A6B02F44022B2F5802F01D18463C2E710
:108BD0001A6B02F44022B2F5002F03D14FF4004289
:108BE0008263B8E71A6B02F44022B2F5402FB2D18B
:108BF0000F4AF5E71A6B02F44012B2F5801F01D15B
:108C0000C463ADE71A6B02F44012B2F5001F03D142
:108C10004FF40042C263A3E71A6B02F44012B2F5AC
:108C2000401F9DD1024AF5E70010024000093D00B7
:108C300000127A00541801081A6B02F44002B2F5CF
:108C4000800F01D1046490E71A6B02F44002B2F580
:108C5000000F03D14FF40043036486E71B6B03F45A
:108C60004003B3F5400F80D1004BF5E700127A00C6
:108C70002DE9F041046DD0F80880236823F001034A
:108C800094B0236086794779206820F00100206045
:108C90006068330320F4405003F4005303436360DF
:108CA000236807F00105310223F4B05317F00207DF
:108CB00001F480614FEA850223F00C0318BF42F0F3
:108CC00008020B431A432260A36823F44073A36095
:108CD0006846FFF769FE224B9C4231D10C9A23680B
:108CE0001B0448BF5200B2FBF8F308FB1322B2EB9F
:108CF000580F226828BF0133100406D5C3F342027F
:108D000023F00F031B041B0C13439BB2A381636866
:108D10002D04F10745EA07454BBF1D43AB43656092
:108D20006360A36832074CBF43F0080323F00803D5
:108D3000A360236843F00103236014B0BDE8F08111
:108D4000084B9C4201D10D9AC9E7074B9C4201D1C7
:108D50000E9AC4E7054B9C420CBF0F9A109ABEE7CF
:108D6000003801400044004000480040004C0040F2
:108D700081607DE741717BE70A4B0C2202FB0030EA
:108D8000F03070B40E4607C8074C04F5AA7585E8A4
:108D9000070003EB8603B4F85811D3F8C83170BC50
:108DA000184700BF54180108501800204000F8B5BB
:108DB000C5B23B48006849F6FF74866936040BD596
:108DC000013CA71CF9D1374B4FF0FF32C3F86021AB
:108DD000FDF728FD0020F8BD446824F07F7424F4DA
:108DE000593424F47F7424F003042C4344F0807439
:108DF00044F4903444602B4C4FF42046C4F8606136
:108E00008669B60707D4D4F86061771EC4F860712C
:108E1000002EF5D1DCE7816249F6FF7186693706DD
:108E200005D4C4F8601101398E1CF7D1D0E7416830
:108E300021F07F7121F4593121F47F7121F0030178
:108E4000294341EA024141F0007141601A449A42CB
:108E50000DD14FF42043C4F86031002281698D06A2
:108E600016D4013B591C4FF00102F7D109E049F635
:108E7000FF718569AF0707D401398E1CF9D14FF016
:108E8000FF33C4F86031A3E713F8011B8162DEE70A
:108E90000AB1C4F860312023C36101209BE700BF01
:108EA000440D00205018002000232DE9F74306460A
:108EB0000D461F4615F80380B8F1000F00D01FB112
:108EC000384603B0BDE8F0835C1CB8F1FF0F15F81D
:108ED000049029D19C1C2A5DB9F1030F3AD8DFE830
:108EE00009F0020B131B1C1D2B44DB7803EB022340
:108EF000A6F834312346DDE71C1D2B44DB7803EB59
:108F00000223A6F83631F5E71C1D2B44DB7803EB72
:108F10000223A6F83831EDE71C1D2B44DB7803EB68
:108F20000223A6F83C31E5E7B8F1040F12D89C1CE7
:108F30002919424601A803F091FB96F85C0101ABA8
:108F400042464946FFF732FF0028444408BF6FF00D
:108F50001307CFE76FF00307CCE707B552BAADF8B8
:108F6000042001AB0222FFF721FF00280CBF6FF0A5
:108F70001300002003B05DF804FB08B506220B4681
:108F8000B021FFF713FF00280CBF6FF01300002083
:108F900008BD07B58DF807200DF107030122FFF783
:108FA00005FF03B05DF804FB024680213C20F0E79A
:108FB00010B50446A1F15000C0B2FFF7F5FF04EB75
:108FC0004400400004EB440400F00E00FFF7ECFF07
:108FD000E0081030BDE81040E6E70A460146682088
:108FE000D7E708B5012232210C20FFF7D2FF4FF45A
:108FF0007A70FFF70DFA012231210C20FFF7C9FF2B
:109000000120FFF705FA012008BD08B5FFF7C1FFF1
:1090100000280CBF6FF01300002008BD38B50446CF
:109020000D4601F07F0290F860018A21FFF7EDFF05
:1090300084F8605138BDF8B53E4D4000C6B228688E
:1090400049F6FF7487693F040CD5013CA71CF9D190
:10905000394B4FF0FF32C3F86021FDF7E3FB0021ED
:109060000846F8BD446824F07F7424F4593424F48D
:109070007F7424F00304344344F4903444602E4C51
:109080004FF42047C4F860718769BF0708D4D4F84B
:10909000607107F1FF3CC4F860C1002FF4D1DCE738
:1090A000816249F6FF7187697F0605D4C4F86011B3
:1090B00001398F1CF7D1D0E7416821F07F7121F48D
:1090C000593121F47F7121F00301314341EA02411A
:1090D00041F0007141F410514160013B0021914287
:1090E00028680DD14FF42043C4F86031002285690F
:1090F000AE0618D4013B5D1C4FF00102F7D109E028
:1091000049F6FF7687697F0707D4013EB71CF9D17E
:109110004FF0FF33C4F860319FE7406A03F8010F56
:109120000131C9B2DBE70AB1C4F860312023C36161
:1091300096E700BF440D00205018002008B51346E4
:109140000A4601466820FFF776FF003818BF012065
:1091500008BD13B5002304468DF8003001226B468C
:1091600010210C20FFF767FFD0B19DF80030DB071E
:1091700016D56B46072211210C20FFF75CFF78B152
:10918000BDF800302380BDF802306380BDF80430A4
:10919000A380012231210C2002B0BDE81040F8E686
:1091A000002002B010BD2DE9F04F85B0DFF8BCB053
:1091B0000E9D109F01950646894610461C464FF0AD
:1091C00000084FF0010A0F9B984523D13D6096F8A7
:1091D0005C012146FFF7D1FE0546002842D102ABD3
:1091E000062296F85C01B021FFF725FF002804F164
:1091F000FF3208BF6FF0130502AB053413F8011BF3
:1092000012F8010F88420DD1A242F7D1284605B0CD
:10921000BDE8F08F01AA2946FDF7E2FA019A531C36
:1092200003D13D606FF03105F0E702F1B401890927
:109230000BEB8101D1F8D411003918BF0121494548
:10924000EFD14FEAD20C2F2A02F007059FBF14F886
:109250000C100AFA05F5294304F80C10551C08F106
:109260000108B0E76FF01305D0E700BF54180108FC
:1092700013B5144601AB0422FFF7DDFE019B002865
:109280001BBA0CBF6FF013000020236002B010BDAA
:1092900013B5144601AB0222FFF7CDFEBDF8043032
:1092A00000285BBA0CBF6FF013000020238002B0CF
:1092B00010BDF7B590F8DA30013B022B04462AD8EE
:1092C00090F85C01154F0DF106020E21FFF7E0FF4B
:1092D000BDF8065007EA4545B8B994F85C010DF1B0
:1092E00006020C21FFF7D4FFB5F57F0FBDF806602D
:1092F00004D807EA4646B6F57F0F0CD958B9084995
:10930000204603B0BDE8F040CEE5B5F57F0F02D8AA
:109310006FF01300EFE703B0F0BD00BF0000FE1FC9
:1093200070000020F7B514461F4601220DF1070317
:1093300005460E46FFF77FFE18B96FF0130003B025
:10934000F0BD9DF8073004EA03023A43314628464F
:10935000FFF71FFE0028F0D00020F0E708B5134605
:109360000122FFF768FE00280CBF6FF013000020F9
:1093700008BD13B500230C4690F85C018DF807304A
:109380000DF107020121FFF7E9FF78B99DF80730D9
:10939000C3F300122270C3F3C002A270C3F38002B1
:1093A0006270C3F38012DB09E270237102B010BD5A
:1093B00037B5044644F6206594F8DA3094F85C0139
:1093C000042B0DF1070211D11321FFF7C7FF9DF800
:1093D000073013F0180F03F0070203D06FF00500F9
:1093E00003B030BD68B16FF01300F9E71421FFF747
:1093F000B5FF0028F7D19DF80730DB0703D5002023
:10940000EEE7042AFBD0013D03D00A20FFF700F865
:10941000D2E76FF00600E3E7F7B50646002290F8C2
:109420005C018321FFF7F1FD0546E0B944F62067B2
:1094300096F85C010DF107028321FFF78FFF9DF87D
:10944000073004462BB970B90135BD42F0D16FF039
:10945000060496F85C0101228321FFF7D6FD204324
:1094600040B203B0F0BD6FF01304F2E713B5012969
:10947000144614BF5021702190F85C010DF10702D1
:10948000FFF76CFF30B99DF8073001335B002370A4
:1094900002B010BD6FF01300FAE7F0B585B00024FC
:1094A0000229074615468DF80240ADF8064024D142
:1094B0000DF103022146FFF7D9FFD8B997F85C01F7
:1094C0000DF102024621FFF749FF4C4B9DF8034086
:1094D0009DF802205C4304F5FA744FF47A73B4FBF0
:1094E000F3F402FB044404F5FA74B4FBF3F42C60C7
:1094F00005B0F0BD6FF01300E7E703292FD1214637
:109500000DF10302FFF7B2FF0146002872D10DF101
:1095100003023846FFF7AAFFF0B997F85C010DF196
:1095200006025121FFF7B4FEBDF806309DF8064053
:10953000324A1B0A9C409DF8033001345343A4B2C5
:109540004FF47A7203F5FA73B3FBF2F35C4304F55C
:10955000FA74B4FBF2F4CAE76FF01300E4E702A96F
:10956000FFF707FF9DF80B30002B3DD00DF10302F4
:1095700021463846FFF77AFFC0BB97F85C010DF132
:1095800006025121FFF784FEBDF806309DF8064023
:109590001B0A9C400134A4B240BB0DF1030201211F
:1095A0003846FFF763FF08BB01AA97F85C017121F9
:1095B000FFF76EFEBDF804209DF80430120A9340B8
:1095C00001339BB20D499DF803201B1B4A439BB2FC
:1095D0004FF47A7102F5FA72B2FBF1F2534303F5DC
:1095E000FA73B3FBF1F482E71C46D6E700236FF071
:1095F0001300E7E76FF0130079E700BF002F3A0090
:109600002DE9F047037C86B00B7004460D4690F8B8
:109610005C0103AAF8210026FFF73AFE28B16FF09B
:109620001306304606B0BDE8F08794F85C0104AA42
:109630000421FFF71DFE0028F1D1BDF80C201AB15E
:10964000049BB3FBF2F3AB60AB68A36100232B7305
:1096500094F85C0104AA2021FFF71AFE0028DED14D
:10966000BDF810304BBB226A2A6194F85C01237765
:1096700004AA2821FFF70CFE0028D0D1BDF8103035
:10968000C3F30B0213F4006F18BFA2F58052FA2344
:1096900012FB03F36B6104F1270805F117074FF084
:1096A000000A05F124091FFA8AF3013B042B09D8AB
:1096B000DFE803F00C1C1E202000DB002B6123627E
:1096C0000123D2E7636B49F82A3023E094F85C0168
:1096D00004AA4421FFF7DCFD0028A0D1BDF810202A
:1096E00053029AB1AB62A363012311E0E36BEAE793
:1096F000236CE8E794F85C0104AA6421FFF7C8FD35
:1097000000288CD1BDF810305B02DCE7A26BAA62A6
:1097100084F829300AF1010A18F8013F07F8013FDF
:10972000BAF1060FBFD194F85C0104AA0121FFF73A
:1097300015FE00287FF473AF9DF8103084F83031A7
:10974000DB0985F83C3084F84C304FF4FA63CDE9FE
:10975000023040F636336B6004A920468DF8116064
:109760008DF81260FFF705FE064600287FF457AF1C
:109770009DF811709DF812809DF8109047EA08033B
:1097800059EA03031AD002AA02212046FFF785FEF8
:1097900000287FF444AFB9F1000F05D0029B03F21B
:1097A0004E226B6813446B60B8F1000F1DD0029B12
:1097B00003F2B2226B6803EB42036B609DF8133037
:1097C000DBB99DF814306BB101AA04212046FFF7E4
:1097D00064FE019B03F226226B6813446B60002831
:1097E0007FF41DAF6B6863611BE7002FE6D0029B1F
:1097F00003F525726B681344DFE703AA03212046B3
:10980000FFF74BFE039B03F525726B6813446B60F7
:109810000028D6D003E702297FB5044615462DD18E
:109820000DF105020021FFF721FE18B16FF01300C2
:1098300004B070BD9DF80530554A94F85C014FF4B2
:109840007A71534303F5FA734FF4FA62B3FBF2F201
:10985000B3FBF1F301FB0522B2FBF3F293B2B3F5D4
:10986000807F9ABF02F1FF32D2B2FF224621A4F8D4
:10987000D82004B0BDE87040FFF7C7BB032935D13D
:109880000DF105020021FFF7F1FD414B9DF8052088
:109890004FF47A715A4302F5FA724FF4FA63B2FB4D
:1098A000F3F3B2FBF1F201FB0533B3FBF2F39AB22F
:1098B00042B1531E0022FF2B02F1010113D803EB2A
:1098C00002239AB2ADF80620A4F8D8200028ADD122
:1098D00094F85C015121FFF740FB0028A6D1C4F8A1
:1098E000E4500020A4E75B080A46E4E702A9FFF77A
:1098F00040FD9DF80B60C6B10DF105020021204628
:10990000FFF7B4FD002891D194F85C010DF1060237
:109910005121FFF7BDFC002888D1BDF806309DF825
:1099200006601B0A9E400136B6B20DF10502012108
:109930002046FFF79BFD00287FF478AF144A9DF87E
:1099400005304FF47A71534303F5FA734FF4FA621A
:10995000B3FBF2F2B3FBF1F301FB0522B2FBF3F22E
:10996000921907D0013AFF2A00F101030DD802EB4A
:10997000002292B294F85C017121FFF7EEFA002800
:109980007FF454AFC4F8DC50ABE752081846EAE75E
:10999000002F3A002DE9FF474FF4FA620023CDE98A
:1099A000003244F61F62914206460F4605D86FF01A
:1099B0000305284604B0BDE8F08702A98DF80930F8
:1099C0008DF80A30FFF7D5FC054610B16FF013058E
:1099D000EFE79DF809809DF80A909DF808A049EAF4
:1099E00008035AEA0303A7F636341BD001AA022162
:1099F0003046FFF752FD0028E8D1BAF1000F05D03C
:109A0000019B03F24E239C42D1D9E41AB9F1000F15
:109A100025D0019B03F2B223B4EB430F4FEA43027C
:109A2000C5D9A41A9DF80B3063B16A4603213046AC
:109A3000FFF733FD009B03F525739C42B7D900283F
:109A4000C4D1E41A9DF80C30002BB2D0A4F2262227
:109A500004213046FFF7DFFE77610546A9E7B8F13C
:109A6000000FDFD0019B03F525739C429FD9E41AB8
:109A7000D8E773B50646002501220B2196F85C0154
:109A8000FFF7C3FA002204460B2196F85C01FFF7AA
:109A9000BCFA0DF107020443132196F85C01FFF7AD
:109AA0005DFC9DF8073064B2044301355B0760B28A
:109AB000EDB207D0032D0AD00028DDD06FF01300DF
:109AC00002B070BD032D08BF6FF00B00F8E76FF018
:109AD0000B00F5E72DE9F04F9BB090F830310E9177
:109AE0000546002490F85C010593C0220121274619
:109AF000FFF78BFA002840F03D830122802195F882
:109B00005C012C74FFF781FA0122FF2195F85C01BA
:109B1000FFF77BFA2246214695F85C01FFF775FABC
:109B200095F83A2195F85C019121FFF76EFA012230
:109B3000214695F85C01FFF768FA2246FF2195F867
:109B40005C01FFF762FA2246802195F85C01FFF77D
:109B50005CFA214695F85C010122FFF756FA0146AE
:109B6000002840F0078301238DF84C30064644F668
:109B700020689DF84C30DB0706F101060BD5002963
:109B800040F0F582464508D095F85C0113AAFFF72E
:109B9000E5FB0146EDE7464505D16FF00606304688
:109BA0001BB0BDE8F08F002940F0E4822846FFF7A3
:109BB000FFFB06460028F2D1032385F8323195F8E1
:109BC0005C0110AB0C221421FFF735FA002800F0DD
:109BD000D182BDF8423003935BBABDF84660ADF860
:109BE00032309BB2BDF84A800293B5F8523195F8F5
:109BF000312176BA98FA98F8B6B2B3F57A7F1FFA9F
:109C000088F84FEA46260DD008FB03F34FF47A712B
:109C100003F5FA73B3FBF1F3297F002940F09B8031
:109C20001FFA83F8002A00F0A1804FEA8813DBB204
:109C300006934FEA98089DF84020BDF84830C2F3DB
:109C4000C302002101925BBAADF84C109BB201999E
:109C50005B024FF2A102CA40079395F828300493A3
:109C600002F001020D92002B00F0C6812C7F002C27
:109C700000F088802A6A029B5A438032140A06EB5D
:109C8000122295F8E0104FF47A7A0AFB02F90829BB
:109C900009F500490CBF4FF0020B4FF0030B5FEAD0
:109CA000194073D1384BC5F840319A466B6B84B27A
:109CB000002B00F0A48153452CBF4FF0000B4FF058
:109CC000010B95F82A90B9F1000F00F0AC8195F8DE
:109CD0005C01D5F83CA00122FF21FFF796F900288E
:109CE00000F08F816FF01300BDF84C205202C5F8D0
:109CF0004821BAF1000F00F09481524594BF002230
:109D00000122002840F0128295F82B10002900F063
:109D10008E81039B002B00F0888102983302B3FBF5
:109D2000F0F3286C83422CBF002301230D980028F8
:109D300040F0018201980138092800F2EC81DFE847
:109D400010F0780178017801EA01EA01FC01EA01EA
:109D5000FE01FC01FE010298298C4143B6EB212F44
:109D60004FEA212005D152B948F6E0280023069396
:109D700061E79BB27343311AB3FBF1F350E742F250
:109D8000B82852E732467CE7AE878F02DFF8D4C3AB
:109D9000D5F8DC3008930CFB01F101F5FA730A9356
:109DA000D5F8E430099395F8E83009990CFB03F3F2
:109DB00003F5FA734FF4FA6CB3FBFCFE0AFB01EEF9
:109DC0000A99B1FBFCFC0899B3FBFAF30AFB01CC3E
:109DD000BEFBF3F30A99B1FBFAF1BCFBF1FC63445F
:109DE0000BFB03F340F27761DB0203F5FA73B3FB7D
:109DF000FAF34B4303F5FA73B3FBFAF102F1800374
:109E00000A931A0A079B0F914A4302F1800C0AFB3E
:109E100003F2CD4B1A40B2FBF0F2CC484FEA1C2CB7
:109E2000824228BF0246BCF1010F4FF4167038BFC2
:109E30004FF0010C00FB02F30C2000FB0CF00B9325
:109E4000FCF755FAC04B0AFB04F4B4F5481F09EAC5
:109E5000030928BF4FF4481409F5FA79A9EB440423
:109E6000BB4BB9FBFAF9B4FBFAF42402B4FBF9F4E6
:109E70002402C4F5803441F25C2203FB08F3B3FBF7
:109E8000F2F35C4304F50044640C04F500446443BD
:109E90004FF44873A40B5C430B9B04F5004403F59B
:109EA0000049240C64434FEA19494FEA400B09FB6F
:109EB0000940FCF71CFA03046422323341F2883A69
:109EC000B3FBF2F340F6B532B3FBFBF302FB03AA9C
:109ED000A04B0F990F919A459CBF42F21073BAFBA9
:109EE000F3FADDE90832134403F5FA734FF47A7B91
:109EF0004FF4FA62B3FBFBF0B3FBF2F202F5C812C7
:109F0000B2FBF0F088BF4FF4704AFCF7F0F90002A2
:109F100000F5FA70B0FBFBF040430AFB0A00FCF7C7
:109F2000E6F98D4B0F990BFB00FA9A45B5F854B141
:109F300028BF9A46D5F85831C5F840A103FB0BF36A
:109F400080331B0A03FB0BFB002E53D0834B0A9A72
:109F500003EA822303EB5603B3FBF6F303EB43035D
:109F60005B4303F500431B0C062009F10309B9FB11
:109F7000F0F9C9EBC909B9F5803F37BF0B9A784AA8
:109F80000332B2FBF0F23FBFC2EBC20202F5004265
:109F9000120C524304EB510414440BF12000B4FBA7
:109FA000F1F4A403FE227F348009B4FBF2F45C4395
:109FB00004F5FA744FF47A73B4FBF3F4FCF797F9F1
:109FC000240104F5FA74B4F57A7F814623BF4FF477
:109FD000FA604FF47A73B4FBF0F0002022BF5844CB
:109FE000B4FBF3F4B0FBF4F0FCF781F9484528BF6B
:109FF00048465BE63346B7E7DDF810B061E69B46BE
:10A000005FE613AA95F85C01B621FFF741F9024615
:10A0100000287FF467AE95F85C01FF21FEF7F5FF9D
:10A0200062E652466DE64A466EE6039B79E60B46CB
:10A030007CE60527049895F829C0002808BF4BF056
:10A04000010B019885F82EB004281ABFBCFA8CF0D9
:10A0500040090120B9F1000F08BF42F001020029B8
:10A0600008BF43F0010385F82F0085F8302085F8FC
:10A07000313005F1500CBCE80F000DF14C0EAEE88C
:10A080000F009CE8070000238EE807001493079B4D
:10A090001793BDF83230ADF86030069B16968DF8F8
:10A0A00063308DF8647013AEADF85640ADF854804F
:10A0B0000FCE05F150040FC49EE807008CE807009E
:10A0C0002846FFF7D6FC064600287FF468AD95F8D1
:10A0D0005C010122FF21FEF798FF00284AD10E9A69
:10A0E00095F85C01B621FFF7D3F8002842D195F826
:10A0F0005C013246FF21FEF788FF00283AD1059A1D
:10A1000095F85C010121FEF780FF064690BB059B98
:10A1100085F8303143E5012A11D00198042810D088
:10A120007BB9BBF1000F1FD10F465A4639460027B5
:10A130003B463C467EE7FF277CE704277AE7032778
:10A1400078E7022776E700BF0000FFFF666666003B
:10A150009A9906000F279F24AE878F020000FCFF0C
:10A160000000F0FF002F3A005F461A4662E74645BE
:10A170003FF413AD6FF0130611E510B541F0010285
:10A180000446002190F85C01FEF73FFF78B92046B5
:10A19000FFF70EF968B92046FFF76BFC48B9024695
:10A1A000014694F85C01BDE81040FEF72EBF6FF049
:10A1B000130010BD2DE9F3474FF0000A054688460D
:10A1C00090F85C019DF828708DF807A0FF211646D5
:10A1D00001229946FEF719FF52460446514695F86A
:10A1E0005C01FEF712FF52460443FF2195F85C0123
:10A1F000FEF70BFF64B2044364B2B9F1000F07D05D
:10A2000095F85C014246CB21FFF7A8F8044364B2FD
:10A2100047B195F85C010DF10702EE21FFF79EF8BA
:10A22000044364B295F85C010122FF21FEF7EDFEC4
:10A2300001220443002195F85C01FEF7E6FE64B2BA
:10A240000443002295F85C01FF21FEF7DEFE64B2B4
:10A250009DF80730204323F0100340B2337002B062
:10A26000BDE8F0872DE9FF471546012290F83071CF
:10A270000446884690F85C014FF0000A11461E46DD
:10A280008DF80FA0FEF7C1FE8146B0BB40212046ED
:10A29000FFF773FF60BB012E34D1009033460DF100
:10A2A0000F0241462046FFF785FF40BB94F85C0152
:10A2B00002220121FEF7A9FE804658BB0146204636
:10A2C000FFF75BFF08BB012E22D1034600962A460A
:10A2D0000DF10F012046FFF76DFF80B994F85C0186
:10A2E0003A460121FEF791FE48B984F8307101E049
:10A2F00088F8009004B0BDE8F08788F800A06FF0FF
:10A300001300F7E788F80000D0E785F80080F1E750
:10A310002870E3E700232B70F1E72DE9F04F0023CD
:10A3200091B0CDE90712B0F83C61C0F82431A0F833
:10A33000283101220446FF2190F85C018DF82D3070
:10A34000CDE90C338DF82C30FEF75FFE024628B1C4
:10A350006FF01305284611B0BDE8F08F94F85C014A
:10A360004F21FEF752FE0028F2D12C2294F85C0116
:10A370004E21FEF74AFE02460028E9D194F85C011E
:10A38000FF21FEF742FE0028E2D1B42294F85C01DE
:10A39000B621FEF73AFE02460028D9D194F85C01B6
:10A3A0008021FEF732FE03460028D1D10BAA0DF121
:10A3B0002D012046FFF756FF05460028CAD104F5B7
:10A3C0009573059304F5927703230DF13408CDE9D5
:10A3D00000030146CDF808803B4604F595722046FF
:10A3E000FEF7E1FE05460028B4D10DF12E0120460E
:10A3F000DDF83490FFF76EFB05460028AAD1BDF8C2
:10A400002E20B24253D96149C4F82401A4F828018E
:10A4100009F1B402920901EB8202D2F8D42112B9F7
:10A42000B9F12B0F40D94FF0030ACDE9009A059AF4
:10A43000CDF808803B4601212046FEF7B4FE0028F7
:10A4400040F0A1800DF12E012046DDF83490FFF799
:10A4500041FB002840F09780BDF82E20B24200F268
:10A4600089804FF0010B964240F28780921B82EA6E
:10A47000E273A3EBE27306930323049304F5927350
:10A480005FFA8BF80993099B93E803000CAA0E90DE
:10A49000ADF83C1005984946FCF7A2F90C9B5A1CF4
:10A4A00008D16FF031006EE009F10109B0E74FF01B
:10A4B000000BD8E7354903F1B402920901EB82029F
:10A4C000D2F8D421003A18BF01225A453AD1049A51
:10A4D0002F2B02F1010A4FEAD30C03F00701E0D859
:10A4E0000120884017F80C10014307F80C1039467A
:10A4F00094F85C0103F10109FEF73FFD002840D10B
:10A500000DF12E012046FFF7E5FA00283BD1BDF8FA
:10A510002E00811B0029B8BF4942B04226D9069BB4
:10A520008B4211D20EAE314694F85C01FEF725FD48
:10A53000034696E80300C4F82401A4F82811002B70
:10A540007FF406AFDDF810A0079BC3F800A0089BBE
:10A5500083F80080012384F81531079B1B6884F879
:10A560001331089B1B7884F81431F3E6CDF810A062
:10A57000069188E74FF00108E6E74FF00008C24671
:10A58000E2E76FF013000546E4E600BF5418010847
:10A590002DE9F04F804B002504469DB02A46C0F8B7
:10A5A0006031061D88212920FEF72FFD4FF47A73B4
:10A5B000A4F856314FF4C873A4F85831774BC4F857
:10A5C0005C31774B84F8F4506562C4F8D8300CA93C
:10A5D00030468DF830508DF83150FFF711F80546B0
:10A5E00090B9ADF830000DF1300CBCE80F0004F16B
:10A5F00014070FC7BCE80F000FC7BCE80F000FC758
:10A600009CE80F0087E80F00664BC4F838314FF420
:10A61000FA730127A4F83C314FF42063A4F84031C9
:10A620003A46802194F8600184F85471FEF7EDFCFD
:10A630003A468046FF2194F86001FEF7E6FC0022CE
:10A6400048EA0008114694F86001FEF7DEFC45EA8E
:10A6500008056DB20DF1280805434246912194F892
:10A660006001FEF77BFE6DB29DF8283084F83E3124
:10A6700005433A46002194F86001FEF7C6FC6DB22E
:10A6800005430022FF2194F86001FEF7BEFC6DB285
:10A690000543002294F860018021FEF7B6FC6DB2FC
:10A6A00005436DB24FF0000904F12C0A002D46D18C
:10A6B0001FFA89F3013B042B04D8DFE803F0435071
:10A6C00054586000012384F82C300AF8097009F10D
:10A6D0000109B9F1060FE9D18DBB94F86001E58558
:10A6E0000223FE226021FEF71DFE40BB94F86001AC
:10A6F00084F830501023EF226021FEF713FEF0B9EA
:10A700004FF49013A36394F82D3084F83150CBBBF1
:10A710004FF480454FF40C13C4E90F530023FF2579
:10A7200094F86001636484F834512A460121FEF7ED
:10A730006CFC4FF0010B84F836B18246A0B36FF089
:10A74000130955E1E26B94F86001C2F34F224421F2
:10A75000FEF703FC0028B8D06FF01305B7E701231C
:10A7600084F82E30B1E7012384F82F30ADE70023C1
:10A77000FE2294F860016021FEF7D4FDEAE7002391
:10A78000EF22F6E794F8600120224421FEF7E5FB72
:10A790000028BDD0D3E700BF29019001856B0100DF
:10A7A000A4700900640084039C4F84F8190187F8A1
:10A7B0006401014640220CA805F036FD94F8F4909F
:10A7C000ADF81EA0B9F1070F8DF81BA08DF81CA0E5
:10A7D000CDF820A000F0FA805A46802194F860015C
:10A7E000FEF713FC294605905A4694F86001FEF7DF
:10A7F0000CFC059B03435BB25246514694F8600142
:10A800000593FEF702FC059B03435BB22946062233
:10A8100094F860010593FEF7F8FB059B03435BB2D8
:10A820000DF11D02832194F860010593FEF796FD5A
:10A83000059B9DF81D2003435BB242F00402832177
:10A8400094F860010593FEF7E0FB059B03435BB2C0
:10A850002946072294F860010593FEF7D6FB059B75
:10A860005A4643EA0005812194F86001FEF7CDFBCA
:10A870006DB205430A20FDF7CBFD94F860015A46FE
:10A880008021FEF7C2FB6DB2054319F001036DB2E2
:10A89000059340F0B1806B22942194F86001FEF79B
:10A8A000B4FB82463046FEF7B7FD09AA4AEA000A21
:10A8B000902194F86001FEF7DBFC45EA0A05099B4C
:10A8C0006DB224229421054394F86001C3F3062A53
:10A8D000C3F3C03BFEF799FB6DB205433046FEF76C
:10A8E0009BFD6DB2054309AA902194F86001FEF723
:10A8F000BFFC099A6DB212BA942105430A9294F8EA
:10A9000060012522FEF781FB6DB205433046FEF75C
:10A9100083FD6DB2054309AA902194F86001FEF70A
:10A92000A7FC099A6DB2110E0543120C6DB28DF899
:10A930002C108DF82D200022812194F86001FEF763
:10A9400064FB06220543FF2194F86001FEF75DFBDE
:10A950006DB205430DF11D02832194F86001FEF7ED
:10A96000FDFC9DF81D206DB2054302F0FB02832122
:10A9700094F86001FEF749FB6DB205430122FF2107
:10A9800094F86001FEF741FB6DB2054301220021FE
:10A9900094F86001FEF739FB6DB205430022FF21F8
:10A9A00094F86001FEF731FB6DB20543002294F884
:10A9B00060018021FEF729FB6DB205436DB22DB910
:10A9C000059BDBB149F0010984F8F49094F8185123
:10A9D000012D05D894F817A11CD1BAF1200F1FD969
:10A9E00007AA08A93046FFF798FC8146002857D0EF
:10A9F0000A4B83F8649195E1D3469CE70A98B8F82E
:10AA0000043084F817A184F818B1C4F82E01A4F812
:10AA10003231D7E7BAF10C0FE1E700BF5018002040
:10AA2000012294F86001FF21FEF7EFFA0246C8B94F
:10AA300094F860014F21FEF7E8FA98B92C2294F8B7
:10AA400060014E21FEF7E1FA024658B994F8600120
:10AA5000FF21FEF7DAFA28B994F86001B422B62192
:10AA6000FEF7D3FA0023C4F82831A4F82C31002DC6
:10AA700040F03C812B460093CDE901A804F5947386
:10AA800004F5977229463046FEF78DFB8146002873
:10AA9000AED1012384F8193184F817A184F8185134
:10AAA00094F85431002B40F02381D4F850113046F3
:10AAB000FEF7FAF9814600289AD102460A2194F855
:10AAC0006001FEF7A2FA034600287FF438AE94F83E
:10AAD0006001EF228421FEF725FC00287FF42FAED1
:10AAE00084F8DE003046FEF7C4FF814600287FF47C
:10AAF0007FAF0122FF2194F86001FEF786FA0DF185
:10AB00001E020546842194F86001FEF7C1FB4A4607
:10AB10000543FF2194F86001FEF777FA6DB2054313
:10AB20006DB2002D7FF40BAEBDF81E301B01C4F8D2
:10AB3000D8300CA93046FEF763FD00287FF4FFAD46
:10AB400094F860010DF11B020921FEF707FC0028B3
:10AB50007FF4F5AD9DF81B300CAD03F0010384F8D4
:10AB600035318DF81B300FCD04F1140CACE80F001B
:10AB70000FCDACE80F000FCDACE80F0095E80F004B
:10AB80008CE80F000DF11B0294F860010121FEF723
:10AB9000E5FB00287FF4D3AD9DF81B308DF828002D
:10ABA00084F8343194F8600142460121FEF7D6FB67
:10ABB00000287FF4C4AD9DF82850E80610D505F0B4
:10ABC000EF0594F860012A460121FEF71EFA0028DD
:10ABD0007FF4B5ADA16984F834513046FEF7DAFE52
:10ABE000002394F860018DF8283042460121FEF7D9
:10ABF000B5FB00287FF4A3AD9DF82850690710D558
:10AC000005F0FB0594F860012A460121FEF7FDF9E5
:10AC100000287FF494ADA16984F834513046FEF7E2
:10AC2000B9FE032584F8365109AA00213046FEF703
:10AC30001DFC00287FF483AD9DF8243084F8EC30AF
:10AC400009AA01213046FEF711FC00287FF477ADF8
:10AC50009DF8243084F8E430424629463046FEF719
:10AC60001CFC00287FF46BAD0A9BC4F8E830424618
:10AC700004213046FEF711FC00287FF460AD0A9BEA
:10AC8000C4F8E03008AA09A93046FFF746FB87F868
:10AC90006401002846D101230DF11D020DF11E01B2
:10ACA0003046FFF7DFFA87F8640100283AD1E26BFB
:10ACB00094F860010125257584F82C50C2F34F22C9
:10ACC0004421FEF74AF9A8B1EC2387F8643129E062
:10ACD000013303F1B402920901EB8202D2F8D421CC
:10ACE000002A7FF4C8AE2C2BF2D1C4E67C49F0E7F1
:10ACF0007C49DCE694F8600184F82D500C22442154
:10AD0000FEF72BF90028DFD14FF4701341F69912AA
:10AD1000C4E90E3244F620613046FEF73BFE87F868
:10AD2000640110B11DB0BDE8F08F5022572194F896
:10AD30006001FEF76AF994F8600108225621FEF7D7
:10AD400064F90028C0D10AAA03213046FEF7A5FB0A
:10AD500018B1122384F8EC30B6E70CAA0221304671
:10AD6000FEF79BFB0028F4D194F8600108225021E3
:10AD7000FEF74BF90028ECD10A9A03213046FEF782
:10AD80004AFD0028E5D10C9A02213046FEF743FD2A
:10AD9000122384F8EC30002896D1A169DFF84881AD
:10ADA0003046FEF7F7FD70B9012194F8600194F880
:10ADB00034510222FEF729F90146002884D1304699
:10ADC000FFF7DBF910B188F86401ABE794F8600194
:10ADD0002A460121FEF719F9814600287FF474AF55
:10ADE0004822114684F8345188F8640194F86001CF
:10ADF000FEF70BF90822472194F86001FEF705F9E8
:10AE000003220546322194F86001FEF7FEF807227E
:10AE10000543302194F86001FEF7F7F86DB2054361
:10AE20000122FF2194F86001FEF7EFF86DB20543AF
:10AE30002022302194F86001FEF7E7F86DB2054357
:10AE40004A4694F86001FF21FEF7DFF86DB2054332
:10AE50006DB225B16FF0130588F8645162E70CAA52
:10AE600004213046FEF719FB18B10E2384F8E430B4
:10AE7000F0E794F8600106227021FEF7C6F800287A
:10AE8000F3D10C9A04213046FEF7C5FC0E2384F85A
:10AE9000E4300028DED1A1693046FEF77BFD05468F
:10AEA0000028D9D194F8600194F83471022201216C
:10AEB000FEF7ABF80028CDD129463046FFF75DF903
:10AEC00005460028C8D194F860013A460121FEF7F2
:10AED0009CF805460028BDD184F83471BCE700BF5A
:10AEE000541801082602002050180020012803D021
:10AEF000022813D008B37047174A19B94FF480439A
:10AF000093617047012903D14FF480431385704743
:10AF1000938A9BB283F48043938270470E4A11B99F
:10AF20004FF40053ECE7012902D14FF40053EDE751
:10AF3000938A9BB283F40053EEE7074A11B94FF4AA
:10AF40000043DDE7012902D14FF40043DEE7938A95
:10AF50009BB283F40043DFE700080048134B4FF433
:10AF600080521A85124A40F2E933118989070BD5BC
:10AF700010730F4A40F2E9331189C90714D4013B19
:10AF80009BB2002BF8D103E0013B9BB2002BECD12C
:10AF9000084AB2F8663101339BB2A2F86631034B1E
:10AFA0004FF480529A617047137BF8E70004004821
:10AFB000003800405018002007B5014601AB0222BE
:10AFC0004020FEF738F830B1BDF8040040BA80B236
:10AFD00003B05DF804FB4FF6FF70F9E70D4B0E4828
:10AFE0004FF400525A605A6C4FF6FE710A405A6490
:10AFF000D0F89C2113680B401360D0E963239A4278
:10B0000003D000F5B470FBF749BA012380F8AC31E6
:10B01000704700BF00000240501800200148FBF7B5
:10B02000C2BA00BFB81900200148FBF7BCBA00BF84
:10B030000C1A0020184AB2EB902F4FEA902323D32A
:10B04000083A93420FD8493A93421FD001329342B3
:10B050001ED0B3F5801F4FF0FF3018BF002080F0E6
:10B06000FE00C0B27047A3F580134B3B072B0BD8F3
:10B07000DFE803F0100A040A0A060A0804207047F1
:10B080000520704706207047FE2070470220704759
:10B090000320704700207047520010002DE9F84F40
:10B0A000234D244FDFF8948000242E78E0B28642AE
:10B0B00011D8214B1B685B030BD500241D4DDFF815
:10B0C0008080224650274FF02809A246E3B29E42D4
:10B0D0000CD8BDE8F88F57F820302BB10B2803D8D7
:10B0E000DB6838F8101098470134DEE72B685968A0
:10B0F0009142AB4612D00846FFF79CFFEFF3128354
:10B1000087F312884A6A09FB0080013242624A6969
:10B1100042F001024A61DBB283F31188DBF80030B0
:10B120001B680435C3F800A001340A46CEE700BF0F
:10B13000080E00200C0E0020200C0020D40B002054
:10B14000DC110020224B10B5224C5343224AB2FBA3
:10B15000F3F203880139013AA04289B292B29BB25C
:10B1600006D123F070039BB223F440739BB214E02A
:10B170001A4CA042F5D0B0F1804FF2D0A4F598342B
:10B18000A042EED004F58064A042EAD0144CA04264
:10B1900003D004F58064A042E6D103800D4BC16268
:10B1A000984202850FD003F5006398420BD003F557
:10B1B0004063984207D003F58063984203D003F5BB
:10B1C0008063984201D1002303860123436110BDAF
:10B1D00040420F00002C014000A24A04003401400C
:10B1E0000010004001490248FBF715BADC110020AD
:10B1F000002C0140FFF7F6BF02494FF08040FBF7FB
:10B200000ABA00BF0412002001490248FBF703BA42
:10B210002C1200200004004001490248FBF7FBB952
:10B22000541200200008004001490248FBF7F3B91E
:10B230007C12002000340140FFF7F6BF01490248AC
:10B24000FBF7E9B9A412002000400140014902487F
:10B25000FBF7E1B9CC1200200048014070B50F4E59
:10B260000F4C4FF47A73B0FBF3F596F810322BB90C
:10B27000636903209847012386F81032E369094A7D
:10B2800009492846984740B1084B1A68084B0320E3
:10B290001A606369BDE87040184770BD50180020FF
:10B2A000EC100020700A0020680A0020BC09002071
:10B2B000001000202DE9F0410022012603250B6833
:10B2C00006FA02FE3EEA030331D10C795700631EF1
:10B2D00005FA07FC012B6FEA0C0C17D8836803EA08
:10B2E0000C0383604B79D0F80880BB4043EA080325
:10B2F000836083889BB223EA0E0383808B79B0F846
:10B3000004E0934043EA0E039BB28380036803EAA0
:10B310000C0303600368BC401C430460C46805FA66
:10B3200007F324EA0304CB79BB402343C360013213
:10B33000102AC4D1BDE8F08173B50C460025012662
:10B34000228806FA05F31A4218D00093A37803F076
:10B3500003028DF80420E278022A02D0032A18BFE3
:10B3600001228DF805206946C3F30112C3F381035E
:10B370008DF806208DF80730FFF79CFF0135102D62
:10B38000DED102B070BD73B5124C134B0C2202FB20
:10B390000040F0300E4607C803F5AA7585E807009F
:10B3A000344402228DF80720B3F85821ADF8042068
:10B3B0000A4994F8E4218DF80620D3F85C014A6923
:10B3C00002434A61D3F8540101A9FFF7B5FF02B067
:10B3D00070BD00BF54180108501800200010024032
:10B3E00013B50E4C94F81132B3B90D4B1B689BB1D9
:10B3F0001A681AB10B49486902434A619A889868E9
:10B40000ADF8042001A94FF40072ADF80620FFF753
:10B4100093FF012384F8113202B010BD50180020B0
:10B42000CC1000200010024008B5FFF7D9FF024BF6
:10B430004FF480521A8008BD2200002010B5164C2F
:10B44000FFF7CEFFA36820217F2098471420FCF748
:10B45000DFFFA3681F21012098470A20FCF7D8FFCF
:10B460000021A368084698470A20FCF7D1FFA3688B
:10B470003521142098470A20FCF7CAFFA368002151
:10B48000102098470A20FCF7C3FFA3680021BDE8FD
:10B4900010401120184700BFC01000202DE9F74FC1
:10B4A000824D04689A4695F81232074690465A1C17
:10B4B00085F8122220460A4605F5057941464FEAED
:10B4C000031B09EB0319FFF73DFE3B89ADF8043080
:10B4D000786840F2022301A9ADF80630FFF72CFF8F
:10B4E000BE7A082E00F0A28022D8002E41D0042E71
:10B4F00074D03B7B1BB1636C43F4004363642388CB
:10B500009BB243F00103082E238000F0CA8000F2B2
:10B51000B480002E00F0B980042E00F0BD805D44A0
:10B520004846A5F81C82C5F8184203B0BDE8F08F64
:10B530000C2EDED1236A5E4823F480532362226AF4
:10B540006168E369844223F4E64343F4E04342F450
:10B55000405203D000F50060844201D141F48041A3
:10B560006160E361C4F840A02262E36943F40063D0
:10B5700078E0236A4E4823F001032362236A61685E
:10B58000A26922F4803222F07302844242F07002F7
:10B590001BD000F50060844217D000F54060844263
:10B5A00013D000F5806084420FD000F580608442A3
:10B5B0000BD043F003036160A261C4F834A023629E
:10B5C000A36943F00803A36193E723F00C0321F47C
:10B5D000407143F0030341F48071ECE7236A34487F
:10B5E00023F010032362236A6168A26922F080724B
:10B5F00022F4E642844242F4E0420ED000F50060BC
:10B6000084420AD043F030036160A261C4F838A0DC
:10B610002362A36943F40063D5E723F0C00321F458
:10B62000406143F0300341F48061EDE7236A204933
:10B6300023F480732362206A6268E3698C4223F0FA
:10B64000730343F070030FD001F500618C420BD0FF
:10B6500040F440706260E361C4F83CA02062E3699A
:10B6600043F00803E36144E720F4406022F44052D1
:10B6700040F4407042F48052ECE70C2E7FF44FAF60
:10B6800005EB0B0304F1400203E005EB0B0304F1AF
:10B690003402C3F8142242E705EB0B0304F138022D
:10B6A000F7E705EB0B0304F13C02F2E7501800202A
:10B6B000002C0140154A0023136053609360144A24
:10B6C000136053609360134A136053609360124A8F
:10B6D000136053609360114B93ED000AB4EE400A7F
:10B6E000F1EE10FA0AD693ED021AB4EE411AF1EE19
:10B6F00010FA03D6D3ED010AFBF776BA9FED081ACC
:10B70000F0EE410AB0EE410AF6E700BFB4160020A1
:10B71000CC160020D8160020C0160020E816002005
:10B720000000000010B5304CD4ED013A94ED046AED
:10B7300094ED003A94ED037A94ED024AD4ED056A53
:10B7400063EE867AF6EE005AE3EE077A8AB0214677
:10B75000B0EE635AE4EE267A07A8F0EE444A67EEAC
:10B76000A57AF0EE435AA6EE675AE6EEE74AA3EE54
:10B77000E76AE7EE675AE4EE676AA3EE677A66EE79
:10B78000647ACDED066AE5EE267A66EEE56A8DED21
:10B79000047AE4EE876A27EE457ACDED075AA5EEE6
:10B7A000867A8DED085ACDED094A8DED056ACDED0D
:10B7B000017ACDED026A8DED037AFBF743F818B9F3
:10B7C0000AB0BDE8104075E704F10C0104A8FBF7CE
:10B7D00039F80028F4D004F1180101A8FBF732F879
:10B7E0000028EDD00AB010BD40000020002101204B
:10B7F000FCF794BF0EB42DE9F04386B00DAC5A4B64
:10B8000054F8045BCDE9013400264FF00A092B7887
:10B810002BB3252B05D00135019A511C01911370D2
:10B820004AE06B78302B08BFAB78A3F1300219BF28
:10B8300002354FF0000803354FF00108092A4FF098
:10B84000000721D96C2B2BD115F8013B0121642B6A
:10B8500069D033D8252BDFD024D8002BD7D1019B3A
:10B86000002230461A7006B0BDE8F04303B07047BE
:10B87000A3F14102052AE5D8A3F137020A2A0FD124
:10B8800015F8013B09FB0727A3F13002D1B20929C2
:10B89000F6D9A3F16102052AEAD8A3F15702EDE730
:10B8A0000021D4E7582B4BD0632BB0D1019B14F867
:10B8B000042B1A70591C01910136A8E7A3F16E02FE
:10B8C000D0B20A28A3D80A2AA1D801A050F822F0A1
:10B8D0005FB900080FB800080FB800080FB80008DB
:10B8E0000FB8000857B900080FB80008FDB80008E5
:10B8F0000FB800080FB8000841B9000854F8040B4D
:10B9000003AB59B100220A21FAF7EAFB03AB424626
:10B91000394601A8FAF73EFF064478E70A460A21AD
:10B92000FAF7DEFBF2E754F8040B0028BFBF2D2323
:10B930008DF80C3040420DF10D03A8BF03ABE1E7D9
:10B94000583B5A425A4154F8040B03AB09B1102139
:10B95000DAE71021E4E754F8043B0022D8E754F872
:10B96000043B1E6053E700BFB40A002010B5FAF78D
:10B97000A1FC4FF43024012806D10CB9052010BDDC
:10B98000FAF798FC013CF6E7002C08BF0520F6E723
:10B99000F8B5222200211248124D04F045FC124B4A
:10B9A00000221946052401201646013215F9017BB3
:10B9B00083F89871042A83F89C4183F89D0183F8E9
:10B9C0009F6183F89E4103F10803EED10223A1F8A1
:10B9D000A231522381F89631A1F89A01F8BD00BF37
:10B9E000F605002008180108600400200B4B0C4AE3
:10B9F0001A600C4B196000F1500302781AB9817873
:10BA0000C278914208D304309842F6D10023064A06
:10BA100083F00103137070470123F8E7D80F00206B
:10BA200030050020DC0F00203A00002070B5224CC9
:10BA300025686B6823F07F7323F4593323F47F73F5
:10BA400023F0030343EA004302461C48184368609E
:10BA50000023206849F6FF758669760717D5406A86
:10BA6000C8540133D8B28242F3D1154920684FF44B
:10BA70002042C1F8602100248569AE0614D4013A41
:10BA8000551C4FF00104F7D1C1F8602107E0013DDA
:10BA9000AE1CE1D10A4B4FF0FF32C3F86021FAF738
:10BAA000C1FE0023184670BD0CB1C1F860212022F0
:10BAB000DBB2C261F6E700BF440D0020C6240002DD
:10BAC00050180020F0B5544E377885B00D46144616
:10BAD000002F67D1514B1B68C01A514B1B6898420D
:10BAE00061D301A90920FFF7A1FF00285BD0002D39
:10BAF00056D0002C54D0BDF80430DFED4A6ADFED9B
:10BB00004A7A4A4ADFED4A5A9FED4A6A9FED4A4A0D
:10BB1000DFED4A4A9DF807709DF808009DF80A106D
:10BB20005BBA9BB207EE103AB8EE477A444BE7EEA9
:10BB3000267ADFED446AC2ED007ADFED437A93EDB9
:10BB4000035A37EE677AD3ED007A67EE277A67EE0D
:10BB5000877AE7EEA56AD3ED017A67EE277A67EE7A
:10BB6000877A67EEA57AE5EE067A93ED026A9FED95
:10BB7000375A27EE066A26EE077A9FED356AA7EE5A
:10BB8000256A66EE845AE6EE245AE7EE855AF5EE0B
:10BB9000405AF1EE10FA09D100232B60136823609C
:10BBA000012333700127384605B0F0BD27EE867AB1
:10BBB00066EEA73A27EE047A26EE866AA3EEA47A0A
:10BBC000030243EA07430B43A6EE057A9FED216A81
:10BBD00087EE255A9FED207ADFED205A27EE677A0F
:10BBE00076EEE77AA6EE867A76EE856AA5EE657A37
:10BBF000C7EE275A07EE903A36EE656AF8EEE77A16
:10BC000026EE266A77EE857A86EE277A77EE257A13
:10BC1000C5ED007AC2E700BF181100201411002002
:10BC20001011002000002F3B000034C20C11002036
:10BC300000008033000000450050C3C600B808C7AC
:10BC4000DC1000200000604A0000004700606A47E6
:10BC50000000384B00C82F4700409C4700B80847F9
:10BC6000254A38B50346106849F6FF7284692504F1
:10BC70000BD5013A941CF9D1204B4FF0FF32C3F899
:10BC80006021FAF7CFFD002038BD44681C4D1D4AE5
:10BC90002C402243426042682A4042EA034242F07A
:10BCA000007242F0C602426049F6FF728469A5073D
:10BCB00003D4013A941CF9D1DEE7013B11F8012BC2
:10BCC000826213F0FF03EFD10C494FF42042C1F818
:10BCD00060218469A50607D4013A541C4FF0010382
:10BCE000F7D1C1F86021CCE70BB1C1F86021202366
:10BCF000C3610120C8E700BF440D00205018002098
:10BD0000009800FCC6200101022813B518D00328B2
:10BD10001AD0E8B1072246F625030F4C5BBA01A9F9
:10BD200002202260ADF80430FFF79AFF0B4B206829
:10BD300000221A700A4B1A680A4B1A6002B010BD32
:10BD4000182247F2DF03E8E7622247F66603E4E7DA
:10BD5000032246F29C03E0E7101100201811002096
:10BD6000BC090020141100202DE9F74340F2032301
:10BD70004FF6FF71CDE900134FF000080446464628
:10BD800094F82C505FFA88F7BD426CD82269130FE3
:10BD9000844BD96A14BF21F4785121F4F871D96227
:10BDA000D96A0A43DA62D4E90202596902430A43B2
:10BDB00060685A61FAF774FC026823686169012EB1
:10BDC00094BF4FF0000C4FF0010C6FF30E1242EADB
:10BDD000CC1242F4145242F0200203F140070260F8
:10BDE00046608760C1600268B3F1A04F42F0010273
:10BDF00002606D4802D06D4A934248D16C498A680E
:10BE0000024042F468328A60D9686A4A0A4042F4C1
:10BE10000052DA601A6B013E22F00F0216431E63D5
:10BE200000200121382707264FF01F0CC2B295428F
:10BE30002FD89A6842F001029A601A68D207FCD59E
:10BE4000DA6822F00202DA60DA6842F00202DA60AE
:10BE5000DA6842F00102DA609A6842F004029A60FD
:10BE600003B0BDE8F083A369DB5D6BB1E36933F830
:10BE700017300093236A694653F82700FFF71AFA30
:10BE8000626A731CD655DEB208F1010878E74A49A8
:10BE9000B5E7A269125C4AB3A26A0429125C27D8EA
:10BEA00001EB410ED3F830804FEA4E0E0CFA0EF93A
:10BEB00028EA090802FA0EFE4EEA080EC3F830E03E
:10BEC000092A58D90A3AD3F818E0D3F818E002EB57
:10BED000420206FA02F22EEA020EC3F818E0D3F884
:10BEE00018E042EA0E029A610131C9B201309DE7C1
:10BEF000092914D8A1F1050E0EEB4E0ED3F83480AB
:10BF00004FEA4E0E4FF01F0909FA0EF928EA090808
:10BF100002FA0EFE4EEA080EC3F834E0D0E70E290E
:10BF200014D8A1F10A0E0EEB4E0ED3F838804FEA6A
:10BF30004E0E4FF01F0909FA0EF928EA090802FA15
:10BF40000EFE4EEA080EC3F838E0B9E7A1F10F0E75
:10BF50000EEB4E0ED3F83C804FEA4E0E4FF01F0909
:10BF600009FA0EF928EA090802FA0EFE4EEA080E4E
:10BF7000C3F83CE0A4E7013AD3F814E0D3F814E0A6
:10BF800002EB420207FA02F82EEA080EC3F814E0A8
:10BF9000D3F814E0033206FA02F242EA0E025A61C2
:10BFA000A2E700BF00100240E010FCFF00010050BB
:10BFB0000003005007C0FFFD00070050034B1A7834
:10BFC000034B33F8120080B2704700BFE414002026
:10BFD000EE1400200B4B0C49DB68DB43C3F3022358
:10BFE0000122C3F1040310B502FA03F30C181B017C
:10BFF000DBB284F80033430900F01F00824041F8AF
:10C00000232010BD00ED00E000E100E02DE9F34148
:10C010001D468F4B9DF8207098428846164640F08A
:10C02000B9808C4C8C4BC4F8683104F53573C4F876
:10C030007C3104F57573C4F880314FF48073C4E922
:10C040005D33864BC4F89C31A3F54843203BC4F8CC
:10C05000B4310433C4F8B03103F55743D833C4F8CE
:10C0600070219A69C4F8B80142F480429A615A6911
:10C0700042F001025A6140F20233ADF8043000236D
:10C080009F428DF806300CBF01230223012D8DF84D
:10C0900007300FD04FF090404FF400730093436A85
:10C0A00023F0F0034362436A43F07003436269463E
:10C0B000FFF700F94FF090404FF480630093436A1C
:10C0C000674C23F470634362436A43F4E063436262
:10C0D0006946FFF7EFF80E20FFF77CFF2520FFF7FA
:10C0E00079FF012384F8443000232046C4E9073354
:10C0F000C4E90933C4F82C806571A660A771FCF708
:10C10000B7FD206B002800F09380E76CE16866695A
:10C11000FAF7C6FA0368226D6FF30E1343F48553E2
:10C1200089B2036041608760C660036843F0010321
:10C130000360936843F04003936043689BB22364B9
:10C14000012D1ED0606B00287AD0A56C2169FAF70A
:10C15000A7FA03686FF30E1343F4845343F01003FC
:10C16000036089B2002341608560C360026842F0C9
:10C1700002020260226D43604360936843F08003D3
:10C180009360226D136843F001031360204602B0F0
:10C19000BDE8F081334B984258D12E4C2E4BC4F859
:10C1A000BC314FF48073C4E97233C4F8C42104F283
:10C1B000D4432D4AC4F8D03104F2D453C4F8D43156
:10C1C000D369C4F80C0243F40033D36140F2023364
:10C1D000ADF8043000239F428DF806300CBF0123D8
:10C1E0000223012D8DF807300ED04FF0904004232C
:10C1F0000093036A23F470630362036A43F4E06309
:10C2000003626946FFF756F84FF090400823009309
:10C21000036A164C23F470430362036A43F4E04359
:10C2200003626946FFF746F82620FFF7D3FE58E77A
:10C23000236D20221A621A6842F020021A607FE7FA
:10C24000226D136843F0800313609AE700249DE792
:10C2500000380140501800203C1A010844000240F8
:10C26000B819002000440040001002400C1A0020C1
:10C270002DE9F341DFF864C09DF824700E461146A5
:10C280001A469DF8203004464FF00C08002008FBA9
:10C2900000FE0EEB0C051CF90EE0A64504D00130A3
:10C2A0000428F4D1002005E028890028FAD124B11F
:10C2B000012C0CD002B0BDE8F08106480097FFF7D2
:10C2C000A5FE0028F6D004712E816860F2E70248CE
:10C2D0000097F4E70038014000440040900D002032
:10C2E00007B51B4B1B4A1A601B4B93F83E3123B317
:10C2F000012B09D11949032008701949072008703A
:10C3000018490B700C231370174B184A1A60402001
:10C31000FCF7EAF970B10123002290F900004021F6
:10C32000CDE90032124A4FF4E133FFF7A1FF0038A4
:10C3300018BF012003B05DF804FB08490220087013
:10C3400007490320087007490B700723DBE700BF8C
:10C3500008150020800D0020600400200615002034
:10C360000C1500205018002034000020CD6100087A
:10C37000F982000870B5154DAB894FF47A73E2B1BC
:10C3800069B111F8016B2C89A4070AD52E732C8989
:10C39000E40713D45C1EA4B243B12346F7E7FF269B
:10C3A000F1E75C1EA4B20BB12346ECE7084AB2F8F1
:10C3B000663101339BB2A2F8663170BD2C7BE4B2CA
:10C3C00008B100F8014B013AD9E700BF003800403E
:10C3D0005018002073B50C4C207880B10B4D05230C
:10C3E0004FF48056ADF8003001A82E850222694630
:10C3F000FFF7C0FFAE619DF8050000F0010020705E
:10C4000080F0010002B070BD060E0020000400485C
:10C4100070B5054D2E680446FFF7DCFF18B92B6890
:10C420009B1BA342F8D970BDBC0900202DE9F04F39
:10C43000464BDFF82C911C7899F800309C4289B06B
:10C4400015D0434A434FDFF81CB104EB0201CDE99C
:10C45000041296BF1C1BC4F180040023CDE90643DF
:10C460001C443CB9394A002389F80030137009B0E4
:10C47000BDE8F08F3B683A8854FA83F1B1F5807FCC
:10C48000DBF80C10DEB28CBFC6F5807626468B42F8
:10C4900052BAE7D202211B0C06208DF80C108DF841
:10C4A0000D30ADF80E20FFF7B3FF0620FEF756FD66
:10C4B000294B01221A70294B4FF480521A8503A987
:10C4C00004220020FFF756FF069D6DB3B542DDF84C
:10C4D00010802BD22A4641460020FFF74BFF721BEB
:10C4E0000023454404950693079DA5B1AA42DDF8B3
:10C4F000148020D805AB0DF11C0A41460020CDE97F
:10C500000023FFF737FF009A019B08EB0201AA1AEC
:10C510001960CAF80020114B4FF480529A613B68B1
:10C520003344A41B3B609CE73246DDE7324604AB54
:10C530000DF1180AE1E741462A460020FFF71AFFED
:10C5400008EB0501002305910793E4E7C00D0020E7
:10C55000B9170020C40D0020060E0020000400487A
:10C56000C10D002024000020F7B503238DF804300E
:10C57000030C40BAADF8060006200D4614468DF8AF
:10C580000530FFF745FF90B10A4E04224FF4805763
:10C590000DEB020100203785FFF7ECFE224600215B
:10C5A0002846FFF7E7FEB761204603B0F0BD04461A
:10C5B000FAE700BF00040048024640213C20FCF797
:10C5C000E8BC10B5B020FCF7EFFC4020FCF7ECFC19
:10C5D0000020FCF7E9FC1020FCF7E6FC4FF40064B7
:10C5E000013C0020A4B2FFF7E7FF002CF8D110BDFA
:10C5F000F8B50C4F461E16F8013F03B9F8BD03EB22
:10C600008303A3F1A1043C440025013514F8010F74
:10C61000EDB2FFF7D1FF052DF7D10020FFF7CCFFDA
:10C62000E9E700BF581A0108054A138823EA000009
:10C630008342108002D00120FBF78EBF704700BFFD
:10C640001C0C0020044A138818438342108002D037
:10C650000120FBF781BF70471C0C0020844641EA93
:10C66000000313F003036DD1403A41D351F8043B6A
:10C6700040F8043B51F8043B40F8043B51F8043BBC
:10C6800040F8043B51F8043B40F8043B51F8043BAC
:10C6900040F8043B51F8043B40F8043B51F8043B9C
:10C6A00040F8043B51F8043B40F8043B51F8043B8C
:10C6B00040F8043B51F8043B40F8043B51F8043B7C
:10C6C00040F8043B51F8043B40F8043B51F8043B6C
:10C6D00040F8043B51F8043B40F8043B51F8043B5C
:10C6E00040F8043B51F8043B40F8043B403ABDD2CB
:10C6F000303211D351F8043B40F8043B51F8043B6D
:10C7000040F8043B51F8043B40F8043B51F8043B2B
:10C7100040F8043B103AEDD20C3205D351F8043BFB
:10C7200040F8043B043AF9D2043208D0D2071CBFC7
:10C7300011F8013B00F8013B01D30B8803806046F0
:10C74000704700BF082A13D38B078DD010F0030366
:10C750008AD0C3F10403D21ADB071CBF11F8013BD6
:10C7600000F8013B80D331F8023B20F8023B7BE725
:10C77000043AD9D3013A11F8013B00F8013BF9D250
:10C780000B7803704B7843708B78837060467047EA
:10C790000000000000000000000000000000000099
:10C7A0000000000000000000000000000000000089
:10C7B0000000000000000000000000000000000079
:10C7C00030B490F800F020F007016FF0000C10F08A
:10C7D000070491F820F040F048804FF000046FF01B
:10C7E0000700D1E9002391F840F000F1080082FA37
:10C7F0004CF2A4FA8CF283FA4CF3A2FA8CF34BBB02
:10C80000D1E9022382FA4CF200F10800A4FA8CF27A
:10C8100083FA4CF3A2FA8CF3E3B9D1E9042382FA48
:10C820004CF200F10800A4FA8CF283FA4CF3A2FA5D
:10C830008CF37BB9D1E9062301F1200182FA4CF295
:10C8400000F10800A4FA8CF283FA4CF3A2FA8CF3FC
:10C85000002BC6D0002A04BF04301A4612BAB2FA1E
:10C8600082F200EBD20030BC7047D1E9002304F023
:10C870000305C4F100004FEAC50514F0040F91F858
:10C8800040F00CFA05F562EA05021CBF63EA0503F5
:10C8900062464FF00004AAE753B94AB9002908BF1D
:10C8A00000281CBF4FF0FF314FF0FF3000F0E2B81E
:10C8B000ADF1080C6DE904CE03F07EFDDDF804E077
:10C8C000DDE9022304B0704700F1340191E838003B
:10C8D0009C46A6464CF8045D90E8FF0FE54600BD77
:10C8E00090EC210B704700BF80EC210B704700BF1C
:10C8F00090EC200B704700BF80EC200B704700BF0E
:10C90000D0EC200B704700BFC0EC200B704700BF7D
:10C91000F0EC0201F0EC0211F0EC0221F0EC02313B
:10C92000F0EC0241F0EC0251F0EC0261F0EC02712B
:10C93000F0EC0281F0EC0291F0EC02A1F0EC02B11B
:10C94000F0EC02C1F0EC02D1F0EC02E1F0EC02F10B
:10C95000704700BFE0EC0201E0EC0211E0EC0221C4
:10C96000E0EC0231E0EC0241E0EC0251E0EC02616B
:10C97000E0EC0271E0EC0281E0EC0291E0EC02A15B
:10C98000E0EC02B1E0EC02C1E0EC02D1E0EC02E14B
:10C99000E0EC02F1704700BFB0FC0181B0FC0191F6
:10C9A000B0FC01A1B0FC01B1704700BFA0FC018147
:10C9B000A0FC0191A0FC01A1A0FC01B1704700BF47
:10C9C000EC4600B52DE900502DE9FF1F4FF00003A4
:10C9D0002DE90C0001A903F0C9FFDDF840E012B019
:10C9E000704700BFEC4600B52DE900502DE9FF1F50
:10C9F0004FF000032DE90C0001A903F0F5FFDDF86D
:10CA000040E012B0704700BFEC4600B52DE9005081
:10CA10002DE9FF1F4FF000032DE90C0001A904F0E0
:10CA200005F8DDF840E012B0704700BFEC4600B5F5
:10CA30002DE900502DE9FF1F4FF000032DE90C00F8
:10CA400001AB03F0C9FFDDF840E012B0704700BF52
:10CA5000EC4600B52DE900502DE9FF1F4FF0000313
:10CA60002DE90C0001AA04F03DF8DDF840E012B019
:10CA7000704700BF704700BF2DE9F04F2DED108BC0
:10CA80008BB0F7F701FF3A4D3A4C94F83C36002B47
:10CA90003FD0D4F85C3555F85C2CC4F840369B1A6E
:10CAA000B3F5FA6F5CD200210220FCF781FA324B19
:10CAB000324A334904F25460FEF79CFE04F254609B
:10CAC000FFF796FD02210846FCF772FA2D48FFF7A2
:10CAD0008FFD04210020FCF76BFA2B4B2B4A2C49CD
:10CAE00004F25460FEF786FE04F25460FFF780FD06
:10CAF00006210220FCF75CFA264A274904F254601A
:10CB0000FEF778FE04F25460FFF772FD012384F80B
:10CB1000483694F83836D4F8C4674BB155F8583CC9
:10CB2000F31A002BA2BF002384F8383684F8393674
:10CB3000D4F8C02742F20103134008BF05F8543C63
:10CB4000100768D5D4F8AC361B7A062B63D8DFE81B
:10CB500013F025002500A1014C027F02AF02AF02B5
:10CB600094F84836002BD4D0FFF72BFD0023CEE7F6
:10CB70005815002060040020641E01086E1E010884
:10CB8000761E0108801E0108921E0108991E0108E8
:10CB90009F1E0108421E0108AE1E010815F8533CF5
:10CBA000CBB3002305F8533C55F8503C15F852CC54
:10CBB00093F800E015F84C8C0221681810F84B3CF3
:10CBC00043FA0CF303F00F0373450FD20B2B0DD870
:10CBD00010F84B7C481C284405EB830310F84B0CE1
:10CBE00007EA080700EB072043F8380C0231102948
:10CBF000E3D10123012105F8541C9F49C3F34003ED
:10CC000081F8383083F0010384F8383606F5C333F1
:10CC1000A03345F8583C530419D594F88C39002BAF
:10CC200000F04F82012105F8541C84F8381692490F
:10CC3000002384F88C3981F8383006F5F42303F5A5
:10CC4000907345F8583C94F8383684F86135D70726
:10CC500017D595F8941095F895308B420DD0012397
:10CC600084F83936844B85F89510002083F8390014
:10CC700006F5C333A03345F8583C94F8393684F8A8
:10CC80006135900409D57D4A002332F8021B002942
:10CC900041F06B8601330C2BF7D1F3F7F9FA15F855
:10CCA000548CB8F1000F05D1D4F8883AF31A002B50
:10CCB000C0F20A82F6F722FB012385F8AE3095F820
:10CCC000AF305BB1D4F8EC38590707D5D4F8143637
:10CCD0001A0700F10D820820FFF7A6FCFBF746FAC1
:10CCE000A389C4F8C4072BB1D5F8D420821A002A2E
:10CCF000FFF6CAAE0344C5F8D4306148D4F8783A98
:10CD0000D4F8A4769847002879D05D4994F8702C1F
:10CD10000846FBF7ABFDB4F85485B8F1000F59D0C5
:10CD2000D4F8E036574E1B78DFF854B1DFED568A61
:10CD300008EE103A06F13C0A06F144090022B8F563
:10CD40007A7F02BF0023C9F800303361BBF90000CD
:10CD5000D9F8003007EE900A0344306949F8043BE3
:10CD6000411C0129F8EEE77A316140F0BC82C6ED42
:10CD7000017AB0EE687AB8F1010F2BF8022B2AF88D
:10CD8000022BC6ED007A86ED027A40F0CD820129B1
:10CD9000C6BF07EE900A96ED037A9FED3B0A029319
:10CDA000C4BFF8EEE77A87EE270A01F0B7FE029BD0
:10CDB000002218EE101A002900F0AE82F8EEC87AB0
:10CDC000F4EEC07AF1EE10FA40F1A6824FF47A73D5
:10CDD000A4F85435B4F81439B5F814219B1AA4F802
:10CDE0001439B5F81621B4F816399B1AA4F8163977
:10CDF000B5F81821B4F818399B1AA4F81839FBF7BC
:10CE0000B5F9D5F828319FED217ADFED21AAC5F8D3
:10CE10002801C31A07EE903AF8EE677AC7EE878AC0
:10CE2000F4EEEA8AF1EE10FA40F3A8820023C5F886
:10CE30002C31FBF79BF9D4F8103DC4F8C407C31A92
:10CE4000A5F8083294F8EC35C4F8100D13F004037B
:10CE500001F0A183D4F8F435002B01F08D80013B63
:10CE6000062B01F28980DFE813F071080E0A590AD7
:10CE7000CE0AEA0A090B710B00000020EE15002013
:10CE8000740D0020301600200000000000247449BA
:10CE9000CDCC4C3E15F8083C002B3FF4BCAE15F849
:10CEA000050C002305F8083C15F8063C00F00701C6
:10CEB00043EA012315F8041CC4F8C03C01F03F0309
:10CEC0005B0143EAD003C4F8C43C15F8033C9B0063
:10CED00043EA911315F8021C01F0010043EA802394
:10CEE00015F8010CC4F8C83C00F00F03DB0143EA5D
:10CEF00051032978C4F8CC3C01F07F031B0143EABD
:10CF00001013C4F8D03C6B78A8785B0043EAD113C7
:10CF100000F0030143EA4123E978C4F8D43C01F06E
:10CF20001F039B0143EA9003C4F8D83C2B79A879EE
:10CF3000DB0043EA5113C4F8DC3C6B7900F00701D5
:10CF400043EA0123E979C4F8E03C01F03F035B01C7
:10CF500043EAD003C4F8E43C2B7A9B0043EA9113E4
:10CF6000697A01F0010043EA8023A87AC4F8E83C1A
:10CF700000F00F03DB0143EA5103E97AC4F8EC3C0B
:10CF800001F07F031B0143EA1013C4F8F03C2B7B34
:10CF9000687B5B0043EAD11300F0030143EA4123BD
:10CFA000A97BC4F8F43C01F01F039B0143EA900302
:10CFB000C4F8F83CEB7BDB0043EA5113297CC4F84E
:10CFC000FC3C11F0010F40F214730CBFAD20184669
:10CFD00011F0020F08BFAD230907C4F8000DC4F813
:10CFE000043D7FF506AE032304E6A97C00293FF447
:10CFF00012AEE87CAF8A0021A97405EB400191F8DC
:10D0000019C0897E41EA0C218F427FF404AEE97D8C
:10D0100001290BD081297FF4FEAD102801D9102001
:10D02000E874CB49002701F1260E0AE00B46F4E72D
:10D0300091F8018091F802C04CEA082C2EF802CB3E
:10D0400001375FFA87FC604501F10201F0D8D1E5B4
:10D0500095F85C30002B3FF4DEAD002385F85C30A2
:10D0600095F85D30A82B7FF4D6AD95F87030002B85
:10D070007FF4D1ADB7499FEDB86ADFEDB86A01F131
:10D08000170791F803C0087900EB0C2007EE900A0F
:10D09000B8EEE77A0133C7EE067A082B01F10201F8
:10D0A00077EEE67AFCEEE77AE7EC017AE9D1A0E5E3
:10D0B00094F8083D002B3FF4AEAD002384F8083D02
:10D0C00097E505F8543CBEE5D5F8B0707B1C012F00
:10D0D000C5F8B03000F0F180022F00F0F780EFB11A
:10D0E000D5F8B030042BC4BF0023C5F8B030F5E547
:10D0F000B4F8BC6716F008067FF4F0AD0820FFF71F
:10D10000A1FAD4F89835C4F8943540F2DC53A4F869
:10D110008C35C4F89C6BC4F89C65DFE5D4F8EC381A
:10D120001B07DDD5D5F8B430F31A002BD8DB07EE9A
:10D13000906A9FED8B7AD4F8783C8A48C5F8B8603D
:10D14000F8EE677A77EE877AFCEEE77AC5ED2D7A0E
:10D150009847844994F8722C0846FBF787FB94F8AB
:10D16000D3385E071ED5D5F8B420C5F8BC207E4A5A
:10D1700085F8C07017609780B4F91A29A5F8C22005
:10D18000A5F8C820B4F91C29A5F8C420A5F8CA2020
:10D1900023F00403B4F91E29A5F8C620A5F8CC2075
:10D1A00084F8D338D5F8BC20DAB1D5F8B4309B1A5E
:10D1B0006E4A93424FF0000344D86D4A694E901D69
:10D1C00036F9021B32F9027BB94230F9027BB8BF53
:10D1D00022F8021C0133B942C8BF20F8021C032BFD
:10D1E000EED194F8B93C002B3FF47AAFB4F81C3977
:10D1F000B4F80421B4F81A199B1AB4F80A2112FBE6
:10D2000003F210B2B4F80631B4F81E29D21AB4F8F9
:10D210000C3113FB02F3B4F80221891AB4F8082187
:10D2200012FB01F21BB20A2112B293FBF1F392FB43
:10D23000F1F2A4F81E39A4F81A2990FBF1F2A4F82F
:10D240001C294DE74A484B4FC5F8BC3000F1060C8D
:10D2500000F10C0630F902EB3CF9022B0EEB020157
:10D2600001EBD171A2EB0E020133491002EB8202F5
:10D27000032B27F8021F26F8022BEBD1B5F9CE10AD
:10D28000B5F9D020B5F9D2008B1803440A267343B0
:10D2900000EB400001EB410102EB420293FBF1F194
:10D2A00093FBF2F2A4F8081193FBF0F3A4F80A211F
:10D2B000A4F80C31F6F718F893E7D4F8EC385807CF
:10D2C0007FF50EAF3046FDF7C9FF09E7F2F7C4FF5F
:10D2D00030B93046F6F7DBFF012384F80036FFE66D
:10D2E00084F80086FCE696ED007A06EE901A37EE9A
:10D2F000C76AF8EEE65AC6EE256A76EE876A96EDBC
:10D30000027AC6ED016A77EEE67AA6EE277AF0EEAB
:10D31000667A86ED037A2EE503F5FA734FF47A7098
:10D3200093FBF0F32AF8023C134B1436B3427FF41C
:10D3300006ADB8F1010F05D14046FBF7E7F86423CD
:10D34000C4F8583508F1FF38A4F8548542E500BF09
:10D350006E150020B5150020CDCCCC400080BB431D
:10D36000003EC6477A0D0020620500207FC3C90138
:10D370001A160020600500206C160020D4F8EC3846
:10D3800013F0020300F0DA85D4F8543C5048984773
:10D39000002800F0DB804E4994F8712C0846FBF71A
:10D3A00065FAB4F85265002E3ED0D4F818174948F3
:10D3B000A1F1020CA0F1080E01F104090022B6F55A
:10D3C000C87F08BF02600368BEF900802EF8022BF8
:10D3D000434440F8043B2CF8022FE145EFD1012EE5
:10D3E0001FD1D5F838314FF4C870C83393FBF0F330
:10D3F0000B80D5F83C31C83393FBF0F34B80D5F864
:10D400004031C83393FBF0F33348408C1B1A8B80B8
:10D41000A7F85C20A7F85E20F5F766FF6423C4F840
:10D420005835013EA4F85265D4F8C037590779D56C
:10D43000B4F8728BD4F81867B8F1320F50D1338832
:10D44000A5F844317388A5F84631B388A5F848316A
:10D45000B7F85C30A5F84A31B7F85E30A5F84C3122
:10D460001E4AB01EA2F1200C06F104090021B8F1F9
:10D47000320F08BF11601368BCF900E02CF8021BE2
:10D48000734442F8043B20F8021F8145EFD1B8F104
:10D49000010F17D10C2084F8741B84F86F8BFBF7F5
:10D4A00035F8B5F844313380B5F846317380B5F8B6
:10D4B0004831B380B5F84A31A7F85C30B5F84C3143
:10D4C000A7F85E3008F1FF33A4F8723B0BE000BF11
:10D4D000881600209016002000000020A8160020CA
:10D4E000B8F1000FBCD194F8703BDBB13221D5F814
:10D4F000503193FBF1F33380D5F8543193FBF1F3C2
:10D500007380D5F8583193FBF1F3F449498C00222C
:10D510005B1AB380A7F85C20A7F85E2084F8702B14
:10D52000F5F7E2FED4F81827B5F8303111885B1A08
:10D53000A5F830315188B5F8323192885B1AA5F8D8
:10D540003231B5F834319B1AA5F83431B4F91639B3
:10D550009FEDE36AD5ED577AE04E9FEDE2BA96ED86
:10D56000152AD6ED124A96ED183A96ED10AA96EDC8
:10D57000130AD6ED172AD6ED161A96ED114A9FED2D
:10D58000DACA07EE103AB4F9183905EE903AB4F950
:10D59000143906EE903AF8EEE66AB8EEC77AE6EE8F
:10D5A000867AD5ED586AC5ED5A7AE7EE066AF8EE46
:10D5B000E55A95ED597AC5ED5B6AA5EE867A95ED4B
:10D5C0005D6A85ED5C7A77EE867A95ED606AD6EDD8
:10D5D000145A77EE867A95ED5E6A76EE866A95ED58
:10D5E000616A76EE866A95ED5F6A37EE067A95EDAA
:10D5F000626A66EEA86A37EE067A67EEA87A27EEC8
:10D60000287A64EEE63A22EE665A23EE666AE7EE80
:10D61000043AA7EE255AA7EE226A6AEE479A60EE10
:10D62000470A25EEE71A21EEC77AE7EEA49AE7EE5D
:10D63000820AA7EE837A24EE678AA6EE801A62EE4B
:10D64000E77AA6EE8A8AE6EEA17A72EE016A73EEB6
:10D650008A3A34EE294A74EE884A35EE005A75EE5D
:10D66000A05A32EE877A73EE277AC6ED156A76EE07
:10D67000216AC6ED103A86ED114AC6ED124A86EDD2
:10D68000135AC6ED145AC6ED166A86ED177AC6ED22
:10D69000187AFEF747F8D5F8B820D5F88C31DFEDC9
:10D6A000939A9FED93AA9A4240F0C7829FED917A98
:10D6B000D5ED607A67EE877AC5ED607AD5ED617A4F
:10D6C00067EE877AC5ED617AD5ED627A67EE877A83
:10D6D000C5ED627AB5F9303196ED14EAD6ED11EA6E
:10D6E000D6ED13FAD6ED17DA96ED10FA96ED16DAB6
:10D6F000D6ED15AA96ED127A96ED189AD5ED4B5AFD
:10D700008DED057A5B4207EE903AB5F932315B4216
:10D7100008EE103AB5F934315B42F8EEE76AB8EE3C
:10D72000C88A07EE903AB8EEE76A68EE0E7A6EEEB7
:10D7300088CAE6EEAF7A28EE2D8AEFEE26CAA6EE6C
:10D740008D8AE6EE2A7AE7EE06CAA6EE098A9FEDF2
:10D750006A6AC5ED6A7A67EE867AC5ED69CA27EE10
:10D76000A75A6CEE86CAB0EE450AACEEAC0A85ED5F
:10D770006B8A28EE068AB4EE6A7A78EEA55AF1EE44
:10D7800010FAA8EE080A6CBF01270027C5ED4B5A16
:10D79000CDED045ACDED037A8DED025A01F0BEF9BC
:10D7A000CCEE80BA9DED025AABEEAB5AB0EE450A14
:10D7B000A8EE080A01F0B2F9DDED037AC7EE80CADF
:10D7C0002CEEAC0AABEEAB0AA8EE080A01F0A6F903
:10D7D000C8EE007AF0EE6B4AE7EEA94AB0EE6C5A5A
:10D7E00097EEE95A2EEE248A69EEEC7A6AEEA4AA44
:10D7F0006FEEA4CA9DED057A95ED5B0AEBEEA97A72
:10D80000EFEE05CAAEEE858AE7EE05AAEDEE27CA71
:10D81000ADEEA78AE9EE27AA20EE000AD5ED5A7AE6
:10D82000C5ED71CAA7EEA70AD5ED5C7A85ED728ABF
:10D83000A7EEA70AC5ED73AACDED07CA8DED088A3C
:10D84000CDED09AA01F06AF996ED1A5ADDED045AF8
:10D85000B4EECB5AF1EE10FAB4EECA0A44BF9FED13
:10D86000215A86ED1ABAF1EE10FA00F10883DFEDC5
:10D87000237AB4EEE70AF1EE10FA00F30383C0EE68
:10D880000A7A6CEEA77AB4EECA0A27EE856AF1EE40
:10D8900010FA85ED5D6A00F1F882DFED187AB4EEDA
:10D8A000E70AF1EE10FA00F3F382C0EE0A7A68EEAE
:10D8B000277AB4EECA0A27EE857AF1EE10FA85EDE2
:10D8C0005E7A00F1E882DFED0D7AB4EEE70AF1EE60
:10D8D00010FA00F3E382C0EE0A7A19E0000000209B
:10D8E000487D8B3ACDCC4C3DC2B8B23E0000000022
:10D8F000F3665F3FEC51783F0000803958A00B4140
:10D90000728A0E3C4C3D0F440000E144DB0F49405D
:10D91000D4F81436DB076AEEA77A67EE857AC5ED90
:10D920005F7A0DD4B2EE005A26EE056A27EE057A2C
:10D9300067EE857A85ED5D6A85ED5E7AC5ED5F7A85
:10D94000B4EECC0AF1EE10FA1FD55FED137A95ED27
:10D950006C7A95ED746A6CEEA7CA28EE278AA5EE5C
:10D96000AC7A6AEEA7AA85ED6C7AD5ED6E7A95ED64
:10D970006D7AE5EEAA7AA5EE887A75EE865A85ED7F
:10D980006D7AC5ED6E7AC5ED745AD5ED747AB1EE47
:10D99000047AF4EEC77AF1EE10FA4FDB95ED757A62
:10D9A00095ED6C6A67EE877AB1EE677AB4EEC76A76
:10D9B000F1EE10FA00F17582F4EEC67AF1EE10FA8B
:10D9C00054BFF0EE465AF0EE675A95ED6D6AB4EE2C
:10D9D000C67AF1EE10FA00F36782F4EEC67AF1EE41
:10D9E00010FA48BFB0EE676A95ED6E5AB4EEC57A8C
:10D9F000F1EE10FA08DCF4EEC57AF1EE10FA54BF3D
:10DA0000B0EE457AB0EE677AD5ED577AC5ED6C9AEF
:10DA100077EEA57AC5ED6D9AC5ED577AD5ED587AB2
:10DA2000C5ED6E9A77EE867AC5ED749AC5ED587A93
:10DA3000D5ED597A77EE877AC5ED597AB4EE6EFA5C
:10DA4000F1EE10FAF4EE4EFA68BF47F00107F1EE7E
:10DA500010FAB4EE6DDA68BF47F00107F1EE10FA84
:10DA6000C5ED4B9A07D6B4EE499AF1EE10FA02D6FC
:10DA7000002F00F01C82FDF71DFE736C96ED160A58
:10DA8000C5F8DC31B36C96ED10BA96ED13AAD6ED5D
:10DA900017AA96ED18CAC5F8E031B4EE400A336D06
:10DAA000C5F8E831F1EE10FA736D85ED76BA85EDC3
:10DAB00079AAC5F8EC3185ED7C0AC5ED7DAA85ED26
:10DAC0007ECA80F11282F7EE007AB4EEE70AF1EE38
:10DAD00010FA80F20D82FFEE007AB4EEE70AF1EE62
:10DAE00010FA40F2088200F0BBFFB1EE408AF0EE7F
:10DAF0004C0AB0EE6A0A85ED658A00F0DDFFF0EEB3
:10DB00004B0AF0EE40AA85ED640AB0EE4A0A00F036
:10DB1000D3FF1FED84BA85ED660AB0EE40AA2AEE67
:10DB20008B0A01F09DF828EE0B0A07B2A4F8747670
:10DB300001F096F85FED8C7AA4F822792AEE67AAB4
:10DB40005FED8E7A8AEE270A0FFA80F8A4F87686BF
:10DB5000A4F82489F2EE047A30EE290A80EE270A2E
:10DB600001F07EF803B2002B02DA00F5B47003B2C4
:10DB7000A4F81836D4F83C37B6F822C0E14E93F832
:10DB80000090DFF8B4E3002206F1CC001146B7EEB6
:10DB9000007A36F9023BB9F1000F18D007EE909ADF
:10DBA000F8EEE77AC7EE276A07EE903AF8EEE77AE2
:10DBB00037EE666A67EEA67AD0ED006AE6EE867A00
:10DBC000C0ED007AFDEEE77A17EE903A1BB2013114
:10DBD000C9B203292EF8023B00F1040003FB03F352
:10DBE00093FBFCF31A44D4D1DFEDC77A68EEA78A21
:10DBF0006423FCEEE87A534317EE900A93FBFCF3A0
:10DC0000C4F8FC35F8F79EFE88EAE870B4F9BA2C3F
:10DC100094F8D338A0EBE87080B2904280F26E8125
:10DC2000002FB8BF7F42BFB2BA4240F3678143F0D2
:10DC3000080384F8D338FFF7FCB8D31A0CEE903AF7
:10DC4000B4F91C399FEDB17AD6ED160AD6ED187AE3
:10DC5000D6ED176AC5F88C2108EE103AB4F91E39D2
:10DC60000DEE903AB4F91A39F8EE6CCA0EEE103A8D
:10DC700095F8C0306CEE87CAB8EEC88AF8EEEDDAD7
:10DC8000B8EECEEA83BB26EEED0AB7EE007AA8EE38
:10DC9000270A6DEEA77AA0EEE07AE8EE267AB1EEDA
:10DCA000400A60EEE70AE7EE0E0A00F005FF9FED7E
:10DCB000981AB4EEC10AF1EE10FA08D49FED951A45
:10DCC000B4EEC10AF1EE10FAD8BFB0EE401AD5EDAD
:10DCD000650A95ED640AF8F787FF0123C5ED609AA0
:10DCE000C5ED619A85F8C03096ED11DAD6ED107A5F
:10DCF00028EE0DDAA7EE8EDAD6ED127AA7EEADDABF
:10DD0000D6ED147A85ED67DA28EE278AD6ED137AF8
:10DD1000A7EE8E8AD6ED157AA7EEAD8A28EE08EA30
:10DD200085ED688AB0EE4E0AADEE0D0A00F0F6FE03
:10DD3000CDEE00DAB0EE4E0AADEEAD0A00F0EEFE2A
:10DD40009FED757AF0EEED7AF4EE477AF1EE10FA87
:10DD500000F38C80C8EE007AF0EEE76AF4EE476AD2
:10DD6000F1EE10FA00F38280DDEEA97AB0EE67DA08
:10DD700095ED5B0AD5ED5A7AD6ED18DA20EE000A59
:10DD80006DEE2DDAA7EEA70AD5ED5C7AA7EEA70A0D
:10DD900000F0C4FE96ED197AB4EECB7AF1EE10FAEB
:10DDA000B4EECA0A44BF9FED5D7A86ED19BAF1EE72
:10DDB00010FAB0EE40EA5CD4DFED597AB4EEE70A2F
:10DDC000F1EE10FA58DCC0EE0A7A6DEEA77A95ED06
:10DDD0006A0A27EE878A20EE000AD5ED697AA7EE57
:10DDE000A70A00F09BFEF1EE007AB4EEE70AF1EE2E
:10DDF00010FA9ABFF1EE027A37EEC00A9FED490A97
:10DE0000D4F8143698BF20EE2A0ADA0768EE007AB2
:10DE100058BFB2EE007AC5ED627A5CBF67EE877AD2
:10DE2000C5ED627AF0EE007AF4EEE7CAF1EE10FA90
:10DE30000ED5B4EECCEAF1EE10FA09D5DFED3A7A60
:10DE40006DEEA7DAD5ED6E7AECEEAD7AC5ED6E7AB1
:10DE500095ED6F7AB5F8C031F0EECD7A77EE877A2E
:10DE60000133C5ED6F7AA5F8C03133E49FED2FDAA9
:10DE70007EE7F7EE007AA8E7F2EE047AA5E7F7EE80
:10DE8000007AFEE4F2EE047AFBE4F7EE007A0EE5A7
:10DE9000F2EE047A0BE5F7EE007A39E5F2EE047A59
:10DEA00036E5F0EE475A90E5B0EE476A9CE5F7EEAE
:10DEB000007AB4EEE7DAF1EE10FA07D5FFEE007A59
:10DEC000B4EEE7DAF1EE10FA3FF7D7ADFDF72AFC32
:10DED000D6ED167AB2EE047AF0EEE77AF4EEC77A6F
:10DEE000F1EE10FA7FF7C9ADC5E59FED100AFCE52C
:10DEF0009FED0F0AF9E59FED0F0AF6E523F0080301
:10DF000097E600BF8816002000247449BD37863587
:10DF10009A9949C09A994940FFFF7F7FCDCC4C3DEB
:10DF200058A00B41CDCCCC3D0AD7233C00000000CB
:10DF3000DB0FC93FDB0FC9BF6E0D0020A5F83031E4
:10DF4000A5F83231A5F83431FEF773BFD5F80C22AD
:10DF5000D4F85C35D4F814669B1A40F698029342C4
:10DF600040F2528146F0080600230120C4F81466EE
:10DF7000C4F8F435FEF766FBD4F8A49699F8563049
:10DF8000002B40F01283F3F72DFB94F84331002B64
:10DF900052D0B5F80832C748B4F8BC6C00EE103A5D
:10DFA0000121B8EE400AF8F781FEBCEEC00A95F8F0
:10DFB000AE2010EE103A9BB2B6FBF3F0411CB5F95F
:10DFC000283209B2002A00F00B83BB4EDFF8088329
:10DFD00006F1080C002738F902EBBCF90090B6F9FD
:10DFE00000202CF802EBAEEB090901375A43042F4D
:10DFF00092FBF1F24A4426F8022BECD1002385F87B
:10E00000AE3003B2002B40F3EE82AC4FDFF8C8C253
:10E01000A5F82832A7F1080E002037F9026B3EF967
:10E02000022B013013FB02F2042892FBF1F2A6EB63
:10E0300002022CF8022BF0D1F2F70CFCD4F8EC28F9
:10E040000123160785F8AF304FD5B4F96C3540F28F
:10E05000DC518B42CCBFA3F2DC53CB1AB3F5967FD5
:10E0600080F2CE82B4F8BC3703F04403002B00F0FA
:10E07000C78295F83A3273B1B4F91839032B40F3DB
:10E08000B6829B10452B30DC002385F83A32B4F879
:10E090001836A4F89A36B4F89A16B4F818365B1AFB
:10E0A00099B21BB213F1B30F02DA01F5B4710BB2DE
:10E0B000B32BC4BFA3F5B4731BB213F11E0FC0F290
:10E0C0009C821E2BA8BF1E23D4F8A416497A11FBEC
:10E0D00003F31BB2B3F5C87F7949A8BF4FF4C873E7
:10E0E0008B42B8BF0B46A4F8A83512F0140F13D01A
:10E0F000B4F8BC3703F4027373B194F8D338D8067C
:10E1000040F18682B4F8A63594F99421B4F99C15AF
:10E1100001FB0233A4F8A635DFF8C08198F83A3045
:10E1200043B1B4F84631B4F96E259A42DCBF0023FE
:10E13000A4F8A835D4F8A47697F81C6166B3B4F8AF
:10E14000BC37990728D09FED5F0A80EE000A00F0E7
:10E150005BFC5D4BD3ED007A20EE270A00F080FDDA
:10E1600007EE906AB0F5617FA8BF4FF46170F8EEDA
:10E17000E75A07EE900AB8EEE70ADFED547A80EE30
:10E18000270AF2F76DF925EE800A00F069FDB4F870
:10E19000AA351844A4F8AA054D4B0093D8F86C6032
:10E1A000B4F8FA20D4F8201607F15C033846B047DB
:10E1B00094F8A839D4F824C70293032B16D9BCF8D5
:10E1C0000210B1F5FA7F11D2B4F9A825B5F94002D1
:10E1D000002AB8BF524292B24B429B1A834203DCE0
:10E1E0008B188342A8BF0346A5F84032394AB4F9D8
:10E1F000AA85B5F93E92B5F93CA2B5F940E2A2F67E
:10E200004C031E46002032E20120FEF71BFAD4F830
:10E21000207644F64B33BB80D4F8083C86F00806E1
:10E22000632BC4F8146604DC4FF4FA63A4F86E356B
:10E23000A2E60120FEF7F8F995F810226E2362B9E4
:10E240007B714FF47A73A4F86A350223C4F8F4356D
:10E25000D4F85C35C5F814328EE6012A06D17B71FC
:10E260004FF4FA63A4F86A350523EFE7032A3B71FC
:10E2700004D14FF47A73A4F86835E6E74FF4FA63F3
:10E28000A4F86835F0E7D4F81436012083F00803C9
:10E29000C4F81436FEF7C8F995F810324FF47A72C4
:10E2A000F3B9B4F97636A4F86A25B3F5E17F1BDD3E
:10E2B0000323CBE77C170020821700208A17002059
:10E2C00070FEFFFF00000000A40B0020EFB6B0447A
:10E2D0009605002020140020040A002000000020E1
:10E2E000032BA4F8682513D00223C4F8F435D4F81E
:10E2F0005C35D5F814229B1AB3F5FA6FFFF43CAEE7
:10E300000023C4F8F435C5F81432F2F7FFF933E608
:10E31000B4F97426B2F5E17FE6DD97E795F810329F
:10E3200093B9B4F97636B3F5E17F51DDD4F81436FC
:10E33000012083F00803C4F81436FEF775F940F2A3
:10E340007E43A4F86A35D2E7032B7FF415AEB4F907
:10E350007436B3F5E17F19DDD4F81436012083F06B
:10E360000803C4F81436FEF75FF94FF48363A4F88A
:10E370006835D4F85C35D5F814229B1AB3F5FA6FDA
:10E38000FFF4FAAD0023C4F8F43563E79BB2B3F5AC
:10E39000E17F3FF6F1ADB4F87636FA339BB2B3F5D0
:10E3A000FA7F3FF6E9ADD4F81436012043F00803B4
:10E3B000C4F81436FEF746F94FF48363A4F86835C1
:10E3C000D4F85C35C5F814320423C4F8F435D3E529
:10E3D0009BB2B3F5E17F3FF6CFADB4F87436FA33B4
:10E3E0009BB2B3F5FA7F3FF6C7ADD4F814360120DF
:10E3F00043F00803C4F81436FEF724F940F2014351
:10E40000A4F86A35DCE7D4F81436012043F0080399
:10E41000C4F81436FEF716F94FF4FA63A4F86E3513
:10E42000D4F8203644F64B329A80D5F81422D4F82A
:10E430005C359B1A40F2DC529342A3D8C4E701201A
:10E44000FEF7F2F895F81032012B0AD14FF4FA6377
:10E45000A4F86A35B4F9763613F5E17F07DA0623B6
:10E46000F4E640F2B772022BA4F8682503D0052326
:10E47000C4F8F4357DE7B4F97436EDE795F8100289
:10E48000012811D1B4F9763613F5E17F42DAD4F8D8
:10E49000143683F00803C4F81436FEF7C5F840F2CA
:10E4A0003A73A4F86A3564E702287FF465ADB4F9DD
:10E4B000743613F5E17F0BDAD4F81436012083F0BB
:10E4C0000803C4F81436FEF7AFF840F2B7734EE70E
:10E4D00003F5E1739BB2B3F5C87F3FF64DADB4F8D9
:10E4E0007636FA339BB2B3F5FA7F3FF645ADD4F8F2
:10E4F0001436012043F00803C4F81436FEF7A2F8DE
:10E5000040F23A73A4F86835D4F85C35C5F8143293
:10E5100007235AE703F5E1739BB2B3F5C87F3FF6D3
:10E520002BADB4F87436FA339BB2B3F5FA7F3FF6ED
:10E5300023ADD4F8143643F00803C4F81436FEF7BC
:10E5400081F840F2B773A4F86A35DDE7D4F81436E1
:10E55000012043F00803C4F81436FEF773F895F869
:10E560001032012B1CBF4FF4AF63A4F868354FF491
:10E57000FA63A4F86E35D4F8203644F64B329A800C
:10E58000D5F81422D4F85C359B1A40F2DC52934241
:10E590003FF6F8AEBCE7C4F8F435C5F81432D4F849
:10E5A000203644F64B329A80E6E4DFF80083BB4F16
:10E5B0000026B8F9003099F8561000EE103A3846A7
:10E5C000B8EEC00AF8F772FBBDEEC00A013610EED5
:10E5D000103A032E28F8023B07F10407E9D1D2E4F0
:10E5E000013B1BB20EE50023A5F8283224E5002BE1
:10E5F000B8BF03339B105B4244E56FF01D0363E536
:10E60000012385F83A32B4F81836A4F89A366CE546
:10E61000F1F790FF80E507EE908AB8EEE77A07EE13
:10E62000909A52ED026A9CF90110F8EEE77A49429D
:10E6300067EEA67A52ED046AE7EE267A0EFB01F148
:10E64000013007EE10AA52ED036AB8EEC77AE7EE82
:10E65000267A07EE101A52ED016AB8EEC77AE7EE95
:10E66000267AFDEEE77A17EE901A26F8021B029939
:10E67000884202F11002CED394F8EC25520740F103
:10E68000E18094F8EB260492B4F97427184601212E
:10E69000029E8E4273D8D4F82017D4F8C0A74888B9
:10E6A000B4F96E658242C4BF121A1FFA82FB0AF4E3
:10E6B00080520592D4F81C07D4F828270392D8BFBB
:10E6C0004FF0000B4FF00009029A4A455ED8744E95
:10E6D00096F8243C0BB1FCF7E1FC94F8EC355F07AD
:10E6E0002FD5B4F8BC37D8072BD5B4F97436002B26
:10E6F000B8BF5B429BB2B3F52F7F1AD8B4F9763618
:10E70000002BB8BF5B429BB2B3F52F7F11D8B4F991
:10E710000E39002BB8BF5B429BB242F6E0629342D7
:10E7200007D8B4F91039002BB8BF5B429BB29342B3
:10E7300007D9D6F8F43523B90220F1F775FDF1F7C2
:10E74000E5FF96F8ED75022F00F0B280032F00F080
:10E75000F880012F7EF498A9DFF8488198F81030EE
:10E76000002B3EF491A996F8EC4514F0040475D002
:10E770004C4A002386F8ED351374FEF785B930F95D
:10E78000026FB242B8BF3246013181E71A88059F55
:10E79000A2EB0B0212B21A8077B3039F9CF80080A1
:10E7A000B7F80EE0B8F1000F08D1B0F80680AEEB74
:10E7B0000807B74202DAF044B04517DC76450EDDB3
:10E7C000B0F802E0964504DCB1F802E09645A8BF37
:10E7D0009646A3F800E009F10109023374E7B1F8A5
:10E7E00004E09645F5DCB0F800E0EFE77645CCBFF5
:10E7F000428802881A80EEE7049FB1F8028047B190
:10E80000B1F804E09645E4DC4245A8BF424696468E
:10E81000DFE7B1F800E0964503DC4245A8BF424679
:10E820009646039AA3F800E0128A9642D3DA1AF0C9
:10E83000100F01D08A88DDE79CF80020002ACAD199
:10E840000A88D7E7184BA3F21A2203F1100153F8F4
:10E85000040B42F8040B8B42F9D138E7D6F8143692
:10E86000D9077EF511A9F1F731FFF1F73DFFF1F777
:10E870007FFF96F8F035C5E99144C5E99444002B33
:10E880007EF402A9B8F81230D6F8982586F8F0750B
:10E890001344C6F89435FEF7F7B800BF7017002090
:10E8A0006004002000000020EE0D0020740D002008
:10E8B000354F3B7C002B3EF4E7A8012386F8EF356B
:10E8C0007B7C43B1D6F85C3503F5EA433033C5F8B9
:10E8D0005C3200237B74D4F85C25D5F85C32D21A04
:10E8E000002A09DBF1F712FF00233B7484F8EF35AF
:10E8F00001237B74FEF7C8B8B5F93421002AB8BFEC
:10E90000524292B242F234118A4206D900243C7437
:10E91000F1F7FCFE86F8EF45EAE7D4F85C25D21A59
:10E92000002AD4F85C25CCBFD31A9B1A46F6605255
:10E9300093423EF7A9A8D6F8083C0733FEF6A4A8F0
:10E94000E4E7D6F8F435002B7FF412AFB6F8BC2715
:10E9500052077FF50DAF85F810320123C6F8F43564
:10E96000D6F85C35C5F80C3202E7012384F8393655
:10E97000054B002283F8392006F5C333A03345F850
:10E98000583CFEF78AB900BF00000020014B024A44
:10E990001A6070472C1700205B8218391148124901
:10E9A000026800608A4218D0002103E00F4B5B58D8
:10E9B000435004310E480F4B42189A42F6D30E4A88
:10E9C00002E0002342F8043B0C4B9A42F9D3F5F7DE
:10E9D0001AFCFEF751F87047FEE70948D0F800D05E
:10E9E00040680047FC9F0020EFBEADDEC425010853
:10E9F000000000206004002060040020642000204B
:10EA000000D8FF1FFEE7000008B52DED028BB0EE29
:10EA1000408A00F03FFAB4EE488AF1EE10FAF0EEC8
:10EA2000408A0AD6B0EE480A00F0D2F8F7EE007A33
:10EA3000B4EEE70AF1EE10FA04DCB0EE680ABDECC1
:10EA4000028B08BD01F0EAFBBDEC028B03462122DC
:10EA50001A600248BDE8084000F0FCB83C200108FC
:10EA600008B52DED028BB0EE408A00F037FBB4EE16
:10EA7000488AF1EE10FAF0EE408A0AD6B0EE480A63
:10EA800000F0A6F8F7EE007AB4EEE70AF1EE10FA1D
:10EA900004DCB0EE680ABDEC028B08BD01F0BEFBE1
:10EAA000BDEC028B034621221A600248BDE80840F3
:10EAB00000F0D0B83C20010800F00ABC08B52DEDEC
:10EAC000028BB0EE408A00F0A9FCB4EE488AF1EE69
:10EAD00010FA0FD6B5EEC08AF1EE10FA0ADCB5EEE8
:10EAE000408AF1EE10FA08D101F098FB22239FED45
:10EAF000090A0360BDEC028B08BD01F08FFBBDEC81
:10EB0000028B034621221A600348BDE8084000F04A
:10EB1000A1B800BF000080FF3C20010808B52DED22
:10EB2000028BB0EE408A00F0E7F8B4EE488AF1EECE
:10EB300010FA06D6DFED098AB4EEE88AF1EE10FA93
:10EB400002D4BDEC028B08BD01F068FB88EEA80A78
:10EB5000BDEC028B2123036008BD00BF0000000054
:10EB600010EE103A184923F000428A421AD9B2F145
:10EB7000FF4F02D330EE400A704700B583B06846BD
:10EB800000F046FD00F0030001289DED000ADDEDD8
:10EB9000010A10D0022809D090B900F0B1F803B0F2
:10EBA0005DF804FBDFED090A00F0AAB800F0A8F850
:10EBB000B1EE400AF3E700F025F9B1EE400AEEE7C6
:10EBC000012000F01FF9EAE7D80F493F00000000DC
:10EBD00010EE103A23F0004300EE103A704700BFE9
:10EBE00010EE103A194923F000428A421BD9B2F1C3
:10EBF000FF4F02D330EE400A704700B583B068463D
:10EC000000F006FD00F0030001289DED000ADDED97
:10EC1000010A13D002280BD098B9012000F0F2F8B5
:10EC200003B05DF804FBDFED0A0A002000F0EAB84B
:10EC3000012000F0E7F8B1EE400AF1E700F060F8DB
:10EC4000EEE700F05DF8B1EE400AE9E7D80F493F82
:10EC5000000000009FED010A704700BF0000C07F68
:10EC600010B485B08DED010A019BC3F3C752A2F128
:10EC70007F011E2931DC16294FEAD37425DC1D4B98
:10EC8000DDED017A03EB840393ED007A77EE277ACA
:10EC9000CDED037ADDED037A77EEC77A17EE903A81
:10ECA00033F000400DD0C3F3C7507F381FD4C3F3F7
:10ECB000160343F40003C0F1170023FA00F004B177
:10ECC000404205B05DF8044B7047C3F3160343F4AC
:10ECD0000003963A03FA02F0F1E7DDED017AFDEE6A
:10ECE000E77A17EE900A05B05DF8044B70470020F4
:10ECF000E5E700BF40200108B1EEC00A704700BF41
:10ED000010EE103A23F00043B3F1485F2CD2FDEE31
:10ED1000C07A17EE903A002B60D060EE007A9FED3B
:10ED2000317A9FED315ADFED315A9FED316ADFEDD7
:10ED3000316AA7EE875A9FED307AE7EE855AA7EE43
:10ED4000A56AA7EE867AE7EE876A67EEA66A60EEA6
:10ED5000C00AB6EE007AE7EEA60AB7EE000AD7EED2
:10ED6000870A30EE600A704760EE007A9FED1D7AE8
:10ED70009FED1D5ADFED1D5A9FED1D6ADFED1D6AE7
:10ED80001E4AA7EE875A93429FED1B7AE5EE275A5B
:10ED9000A5EEA76AA6EE277AE7EE276A66EEA76ACF
:10EDA000D5D9174A934214D803F17F4307EE103A9E
:10EDB000B7EE006A36EE476A60EEC00AF6EE005A19
:10EDC00097EEA57AE7EEA60A37EE607A36EE470AA6
:10EDD0007047B6EE076AB5EE027AEDE7B7EE000AC5
:10EDE000704700BF4ED747ADF6740F317CF293B435
:10EDF000010DD037ABAA2A3D610BB6BA9999993E5D
:10EE00000000483F10EE103A23F00043B3F1485F92
:10EE100004D2FDEEC07A17EE903A5BB360EE007A52
:10EE20009FED157ADFED155A9FED156ADFED156A36
:10EE3000E7EE875A9FED147AA5EEA76A20EE275ACF
:10EE4000E6EE276AA6EEA77A30B9DFED106AE7EEA4
:10EE5000876AA6EE850A704727EE457AF6EE006AC5
:10EE6000A0EEA67ADFED0A6AD7EE270AE5EE260ABB
:10EE700030EE600A704700BFD3C92E2F342FD7B2AF
:10EE80001BEF3836010D50B98988083CABAA2ABE61
:10EE9000ABAA2A3E08B510EE102A22F00043B3F1C7
:10EEA0007E5F2DED028B12D00AD8B3F17C5F16D2B3
:10EEB000B3F10C5F67D8BDEC028B9FED770A08BDFC
:10EEC00070EE407A87EEA70ABDEC028B08BD002ADF
:10EED00040F3DD80BDEC028B9FED700A08BD002A77
:10EEE000C0F28E80F7EE008A38EEC00AF6EE007AA5
:10EEF00020EE278AB0EE480AFFF7FEFEDFED687AC3
:10EF00009FED687ADFED686ADFED685A9FED686A09
:10EF1000A8EE277ADFED677AE7EE086AE8EE067A70
:10EF2000E6EE885A9FED646A9FED647ADFED646ACD
:10EF3000A5EE886AA7EE887ADFED627AE6EE087AB7
:10EF400010EE103AE7EE086A6FF30B03B0EE677A43
:10EF500007EE903AF0EE485AE7EEE75AE6EE888A76
:10EF600030EE276A27EE087AC5EE866A87EE286AB1
:10EF7000BDEC028BB0EE667AA0EE067A37EE870A19
:10EF800030EE000A08BD20EE007ADFED457A9FEDF5
:10EF9000456ADFED456A9FED465ADFED445AA7EE1C
:10EFA000276ABDEC028BE6EE076ADFED427A9FED41
:10EFB000436AE7EE057AE6EE875AA7EE876A9FED89
:10EFC0003E5ADFED3F7ADFED3F6AA5EE875AE6EE67
:10EFD000077AE5EE076AF7EE005AE7EE875A26EE63
:10EFE000877A9FED396ADFED397AC7EE256AB0EE90
:10EFF000467AA0EE667A30EE470A37EEC00A08BDC0
:10F00000B7EE007A30EE070AF6EE007A60EE277A65
:10F01000DFED236A9FED236ADFED234ADFED245AFB
:10F020009FED225A9FED278AA7EEA66ADFED216A9F
:10F03000E6EE274AE7EEA56ADFED205A9FED1E6A4D
:10F04000A4EEA75AE6EEA75ADFED1D6AA5EE276AE1
:10F05000E5EEA76AA6EE278AA6EEA77A28EE278A0B
:10F06000F0EE478AB0EE670AFFF746FE88EE286AA0
:10F070009FED177ADFED177AA0EE067AF0EE006AC0
:10F0800037EE007AE7EE667AB0EE670A1CE7BDEC71
:10F09000028B9FED110A08BDDB0FC93F0000000085
:10F0A00008EF1138047F4F3A461124BDA80A4E3E9E
:10F0B0002EC69D3D613330BF90B0A6BE2D57014096
:10F0C00039D119C0ABAA2A3E6821A233DA0FC93F51
:10F0D0006821A2B3DA0F4940DB0F494038B510EE82
:10F0E000105A25F00044B4F17E5F2DED048BF0EE54
:10F0F000407A7FD077D8B4F17C5F0ED2B4F1485F0C
:10F1000080F090809FED627A30EE077AF7EE006A29
:10F11000B4EEE67AF1EE10FA62DCB0EE670AFFF7C1
:10F1200057FDF7EE007A37EEC08AB6EE007A28EE89
:10F13000078ADFED586A9FED587A9FED586A9FED78
:10F14000585ADFED585ADFED588AE8EE076A9FED0E
:10F15000577AA8EE067AA6EE885A9FED556ADFED3B
:10F16000556AA7EE086AE5EE085A9FED537AA6EEB7
:10F17000087AE5EE886AE7EE087AE6EE888AB0EE6D
:10F18000480AB0EE679AFFF7B7FD4C4B68EE888AE5
:10F190009C4288EE896A38D810EE103A6FF30B0360
:10F1A00006EE903AA6EEE68A70EE267A9FED447A55
:10F1B000C8EE274AF0EE005AA4EEE57ADFED417A78
:10F1C00030EE000AB0EE675A90EE067AA6EEE55AE7
:10F1D00037EE457A37EEC70A002D01DCB1EE400A62
:10F1E000BDEC048B38BDBDEC048B70EE407A87EE2D
:10F1F000A70A38BDBDEC048B9FED310A9FED327A32
:10F2000027EE800AA7EE870A38BDA0EE060A9FED1A
:10F210002F7ADFED2D7AF0EE006AA0EE267A37EE37
:10F22000C70AD9E720EE007ADFED1B6A9FED196A65
:10F23000DFED1B5A9FED195ADFED1A4AA7EE266A39
:10F24000BDEC048BE6EE075ADFED186A9FED186AF5
:10F25000E7EE056AE5EE874AA6EE876A9FED155A46
:10F26000DFED155ADFED106AA4EE875AE6EE075A75
:10F27000E5EE076AB7EE006AA5EE876A26EE877AA2
:10F28000C7EE066AE0EE267AB0EE670A38BD00BF28
:10F29000CAF24971047F4F3A08EF11382EC69D3DDE
:10F2A000461124BDA80A4E3EABAA2A3E613330BFA8
:10F2B0002D57014090B0A6BE39D119C09999793F18
:10F2C0002EBD3BB3DB0F493FDB0FC93F2EBD3B33A8
:10F2D00010B582B0CDED010A019B23F00042B2F1DE
:10F2E000FF4FF0EE407A30D810EE100A20F00041C7
:10F2F000B1F1FF4F29D8B3F17E5F3ED09C1704F0E7
:10F30000020444EAD07431B37AB3B2F1FF4F3FD074
:10F31000B1F1FF4F29D0891AB1F1F45F4FEAE15200
:10F3200033DA002B41DA3C323FDA9FED330A012C0D
:10F330004DD0022C42D064B19FED307ADFED307AAF
:10F3400030EE070A30EE670A03E09DED017A37EEF2
:10F35000270A02B010BD022C0CD09FED2A7A032C94
:10F3600008BFB0EE470A02B010BD00280ADB9FEDCF
:10F37000260AEEE79FED220AEBE702B0BDE8104057
:10F3800000F07CBA9FED210AE3E79FED1F0ACEE76C
:10F39000B1F1FF4F04F1FF3420D0022C26D81C4BD2
:10F3A00003EB840393ED000AD3E79DED017A87EE2A
:10F3B000870AFFF70DFC00F061FAB8E79FED0F7ABE
:10F3C000DFED0F7A30EE070A37EEC00AC1E710EE24
:10F3D000103A03F1004300EE103ABAE7022C08D8C5
:10F3E0000C4B03EB840393ED000AB2E79FED020A96
:10F3F000AFE79FED090AACE7000000002EBDBB336C
:10F40000DB0F4940DB0F49C0DB0FC93FDB0FC9BF32
:10F410004820010854200108DB0F493F10EE102A54
:10F4200032F000432FD0002A134633DBB2F1FF4FF6
:10F4300040DAB2F5000F34DB4FF0000C6448C3F340
:10F440001601084400F4000282F07E520A43DB15E4
:10F4500000EE102A7F3B5F4A634401F10F0CF7EE88
:10F46000007A0CEA020230EE670A03EBD05322BBAB
:10F47000B5EE400AF1EE10FA62D1002B40F0908018
:10F480009FED550A70479FED557ADFED537A87EE71
:10F49000270A704770EE407A9FED4F7A87EE870A11
:10F4A0007047DFED4F7A60EE277A6FF0180C17EE99
:10F4B000903AC3E730EE000A7047F0EE007A70EE43
:10F4C000277A07EE103A80EE274A4648C1F55712D0
:10F4D000084402F522720243002A9FED433ADFED11
:10F4E000434ADFED435ADFED433A9FED435ADFEDE8
:10F4F000437ADFED436A24EE046AF8EEC72A26EE6B
:10F50000067AE7EE034AA7EE235AE4EE875AE5EEC1
:10F51000076AE5EE877A67EE867AE6EE877A2ADD75
:10F52000B6EE007A20EE077A27EE007A77EE877A39
:10F5300067EE847A3BBB37EE677A30EE470A704756
:10F540009FED307AF6EE007AE0EE477A20EE007A10
:10F5500027EE277A002BF0D007EE903A9FED2A6A2B
:10F56000DFED2A6AF8EEE77AA7EEC67A37EE400AB0
:10F5700097EEA60A704770EE677A67EE847AE3B971
:10F5800030EE670A70479FED206ADFED206AE2EEF9
:10F59000867A37EE677A37EE400A92EEA60A70470F
:10F5A00007EE903A9FED180A9FED187AF8EEE77A89
:10F5B00027EE800AA7EE870A7047DFED136A9FEDFA
:10F5C000137AE2EEE67A37EEC00A92EE870A7047C7
:10F5D00020FB4A00F0FF7F0000000000000000CC8C
:10F5E0000000004C305CCFFF9788173E25333A3E31
:10F5F0002549923E4FD01C3E298E633EABAA2A3F3E
:10F60000CDCCCC3EABAAAA3ED1F717378071313FA3
:10F6100070B510EE103A8B4A23F00044944286B045
:10F62000054671D9884A94421E4624D823F00042E8
:10F63000002BDFED867A864922F00F02B0EE407A89
:10F6400040F3E6808A4270EE677A09BF9FED817AC7
:10F65000DFED816ADFED816A77EEC77A37EEE67A11
:10F6600077EEC77A80ED007A77EEE67AC0ED017A20
:10F67000012006B070BD7A4A944253D9B4F1FF4FCD
:10F6800049D2E215863AA4EBC25307EE903ABDEE9A
:10F69000E77ADFED746AB8EEC77A77EEC77A8DED58
:10F6A000037A67EEA67ABDEEE77AB8EEC77A77EE10
:10F6B000C77A8DED047A67EEA67AF5EE407AF1EE20
:10F6C00010FACDED057A40F08E80B5EE407AF1EE7D
:10F6D00010FA40F08A8001236349019102210091D0
:10F6E00003A8294600F00AFA002EC2DA95ED007A46
:10F6F000D5ED017AB1EE477AF1EE677A85ED007AC1
:10F70000C5ED017A4042B4E7002285ED000A42606F
:10F71000002006B070BD70EE407AC0ED017AC0EDF9
:10F72000007AF5E7FFF754FA9FED507A9FED476AAC
:10F73000F6EE007AE0EE077A9FED477AFDEEE77A83
:10F74000F8EEE76A17EE900AA6EEC60A1F2866EEE4
:10F75000877AB1EE666A30EE677A1EDC444A411E53
:10F7600026F0004352F8212023F0FF03934214D0E7
:10F7700085ED007A30EE470A002E30EE670A85EDFF
:10F78000010ABFF676AFB1EE477AB1EE400A85EDD9
:10F79000007A85ED010A40426BE717EE103AC3F399
:10F7A000C753C3EBD453082B4FEAE452E0DD9FED7F
:10F7B000297A9FED2A5AF0EE405AE6EE075A70EE8B
:10F7C000657AE6EE077AD6EE857A35EEE77A17EEB9
:10F7D000103AC3F3C753D21A192A08DCB0EE650AEF
:10F7E00085ED007AC6E7032376E7022374E79FEDF1
:10F7F000217A9FED215AB0EE650AA6EE070A75EE52
:10F80000C07AE6EE077AD6EE857A30EE677AAFE711
:10F810008A4270EE277A09BF9FED0E7ADFED0E6AFD
:10F82000DFED0E6A77EE877A37EEA67A77EEC77A43
:10F8300080ED007A77EEA67AC0ED017A4FF0FF30C6
:10F8400017E700BFD80F493FE3CB1640800FC93FF1
:10F85000D00FC93F004435374344353708A3852EC0
:10F86000800F494300008043E020010884F9223FD3
:10F870006020010800A3852E32318D2438B510EEAA
:10F88000105A25F00044B4F1A14FF0EE407A07D3AE
:10F89000B4F1FF4F55D8002D77DD9FED4E0A38BDEE
:10F8A0004D4B9C425CD8B4F1445F4DD34FF0FF33D5
:10F8B00027EEA76A9FED495A9FED497ADFED495A35
:10F8C000DFED494A66EE066A5A1CA6EE857AE6EE38
:10F8D000A54A9FED465ADFED465AA7EE265AE4EEBA
:10F8E000A65A9FED447ADFED444AA5EE267AE5EE6E
:10F8F000A64A9FED425ADFED425AA7EE265A9FEDE7
:10F90000417AA4EEA67AE5EE265A27EE267AA5EEEF
:10F91000867A27EE877A3BD03B493C4A01EB83014C
:10F92000D1ED006A37EE667A02EB8303D3ED006A0D
:10F9300037EE677A002D36EEC70AB0DAB1EE400A2C
:10F9400038BD30EE000A38BD9FED317A30EE077ACF
:10F95000F7EE006AB4EEE67AF1EE10FAA6DD38BDF5
:10F96000FFF736F92B4B9C4215D8A3F5D0039C42E8
:10F9700026D8F0EE007ABFEE007AA0EE277A0023B8
:10F9800030EE270AC7EE007A92E79FED230A38BDD2
:10F9900037EEC70A38BD214B9C420BD8F7EE087AE8
:10F9A000B7EE007AA0EE277A022330EE670AC0EEA7
:10F9B000077A7DE7BFEE007AC7EE007A032377E788
:10F9C000F7EE007A30EE677A30EE270A0123C7EEB1
:10F9D000007A6DE7DB0FC93FFFFFDF3ED769853C4B
:10F9E00059DA4B3D21A215BD6BF16EBD356B883DDB
:10F9F00095879DBD6E2EBA3D388EE3BD2549123EDA
:10FA0000ABAAAA3ECDCC4CBEF823010808240108BD
:10FA1000CAF24971FFFF973FDB0FC9BFFFFF1B40D1
:10FA200010EE103A33F000411A4625D0B1F1FF4FE5
:10FA30001FD213F0FF4F20D1DFED297A294A60EE63
:10FA4000277A904217EE903A31DB4CF2503CC3F3E8
:10FA5000C75160451A46A1F1190114DD002BDFEDF5
:10FA6000227A9FED210AB8BFDFED207A27EE800AC7
:10FA7000704730EE000A704770474CF2503C6045CA
:10FA80004FEAD151EADC0144FE29E7DC002915DC0C
:10FA900011F1160F19DB193122F0FF4242EAC1526F
:10FAA00007EE902A9FED120A27EE800A7047DFEDDD
:10FAB000117A07EE103A27EE270A704722F0FF422C
:10FAC00042EAC15300EE103A7047002BDFED097A8D
:10FAD0009FED080AB8BFDFED087A27EE800A70476D
:10FAE0000000004CB03CFFFFCAF24971CAF249F174
:10FAF000000000336042A20D6042A28D2DE9F04F5C
:10FB00002DED048BDBB01C46944603930A46BA4B9A
:10FB100068991CF1040F53F82170824604F1FF39F3
:10FB2000C0F25682BCF1030348BF0CF10403DB10A2
:10FB3000029301334FEAC30EACEB0E030593029B15
:10FB400017EB0900A3EB090316D401309FEDAB7A44
:10FB5000699C18441EA9002BA4BF54F8235007EE3B
:10FB6000905A03F10103ACBFF8EEE77AF0EE477A62
:10FB70008342E1EC017AEED1002FC0F2E2820399D8
:10FB80001EA800EB81004FEA81087E18002346ADD5
:10FB90004C460AEB8101B9F1000F80F2C8800134B4
:10FBA000B44245F8043B00F10400F4D10DF1280BF8
:10FBB0000BEB8703CDE9062E043B9FED929ADFED18
:10FBC000908A059804930AEB080446AE0BEB87086D
:10FBD0000097CDF820C00DEB8703002F93ED460A68
:10FBE0004FEA870515DD73195A4660EE097AB0EEC3
:10FBF000407AFDEEE77A73ED016AF8EEE77AB342F8
:10FC0000A7EEE87A37EEA60ABDEEC77AA2EC017A33
:10FC1000EBD10190FFF704FFF4EE007AB0EE408ADA
:10FC200020EE270A00F0B0FAF2EE007AA0EE678A22
:10FC300001980028FDEEC89AF8EEE97A38EE678A56
:10FC400040F38280791EC0F108035BF821E04EFA90
:10FC500003FC0CFA03F3AEEB030EC0F1070219EE3E
:10FC6000903A4EFA02F26344002A09EE903A4BF8B9
:10FC700021E000F3AF80B5EE408AF1EE10FA74D1C6
:10FC8000009B9F420ADD5D44002355F8041D454555
:10FC900043EA0103F9D1002B40F00281009B013BB4
:10FCA0005BF823207B1C9C46002A40F0F780049AD6
:10FCB000012152F8045D0131002DFAD03944029D32
:10FCC000039A05EB030E0EF1804E699D0EF1FF3E87
:10FCD0003A4405EB8E0E1EAD06EB830705EB82055D
:10FCE000DEED017AF8EEE77AB9F1000F0EF1040EBD
:10FCF000E5EC017ADFED417A09DB2A465346F3EC65
:10FD0000016A32ED017AA342E6EE877AF7D10CF16F
:10FD1000010C8C45E7EC017AE2DD0F465BE701342C
:10FD2000B442E5EC017A00F104003FF43FAFDFEDAF
:10FD3000337A83465346F3EC016A3BED017A8B42FA
:10FD4000E6EE877AF7D1EAE700F09180F6EE007AE6
:10FD5000B4EEE78AF1EE10FA80F22981B5EE408A1E
:10FD6000F1EE10FA4FF000028AD09246DDE9062E3D
:10FD7000DDF820C00197AEEB0C00B0EE480A009F02
:10FD80000092FFF74DFEDFED1E6AB4EEE60AF1EEDB
:10FD900010FADDE90023F0EE407AC0F29C819FED7D
:10FDA000197A059920EE077A0831BDEEC77A0591D8
:10FDB000B8EEC77A5C1CE7EE667ABDEEC77AFDEE58
:10FDC000E77A17EE901A4BF8231017EE103A4BF81B
:10FDD00024307EE00133002F09EE903A40F39D81FC
:10FDE00059464FF0000E51F8043B002B39D0C3F5B3
:10FDF000807341F8043C0CE044240108000000003A
:10FE0000000080430000803B0B68C3F1FF0341F812
:10FE1000043B0EF1010E7745F6DC01239E460028D7
:10FE20000BDD012800F0BB80022806D1791E5BF8AB
:10FE3000213003F03F0C4BF821C0022A7FF41BAFA6
:10FE4000B7EE000A734630EE488A002B3FF413AF3A
:10FE500009920190FFF7E4FD0198099A38EE408A73
:10FE600009E70EF1010E7745BDDC9E46D7E77B1E04
:10FE70005BF82320D211002A7FF7FDAE19EE903AED
:10FE8000002F03F1010309EE903AA9DC022A7FF466
:10FE9000F2AEF7EE007A37EEC88AECE619460EE7C6
:10FEA0003B469246DDE905125C1EA1F108005BF8B5
:10FEB0002410009F059061B903F18043013B0BEBD7
:10FEC0008303014653F8040D013C08390028F9D09A
:10FED000059105980092B7EE000AFFF7A1FD002CEE
:10FEE000009AB0EE407AC0F22281601C46AD5FED10
:10FEF0003B6A81000BEB800305EB800073ED017A18
:10FF0000F8EEE77A5B4567EE877A27EE267A60EDB2
:10FF1000017AF3D10DF1C8080E1F2E44C646A4463F
:10FF20000025002F7DDBDFF85C92DFED957A30460F
:10FF3000002307E0F9EC016AB0EC017A9F42E6EE9B
:10FF4000877A03DBAB4203F10103F3DD0CF1FF3CE5
:10FF5000BCF1FF3FEEEC017A05F10105A6F10406C4
:10FF6000E1D1689B022B6ADC002B36DC0ED1DFED81
:10FF7000847A414431ED017A414577EE877AF9D1AF
:10FF80005346002B40F0C680C2ED007A19EE903A3D
:10FF900003F007005BB0BDEC048BBDE8F08F791E69
:10FFA0005BF8213003F07F0C4BF821C045E719EED8
:10FFB000903A002F03F1010309EE903AC8BF0222E4
:10FFC0003FF70EAFF7EE007A37EEC88A022252E60C
:10FFD00000234FF0080E0293AEE5DDED327A9FED7F
:10FFE000687A414471ED016A414537EE267AF9D1CC
:10FFF0005346002B40F0848077EEC77A82ED007A7A
:020000040801F1
:1000000064B133A90123B1EC017A01339C4277EE4C
:10001000877AF8DA53460BB1F1EE677AC2ED017ACE
:10002000B4E70CF1FF3C0023BCF1FF3F4EF8043B6A
:1000300005F10105A6F104067FF473AF91E7689B13
:10004000032BA3D1002C00F08C8008EB840595EDE8
:10005000007AA0002B46294671ED017AF0EE476A3E
:1000600037EE277A414577EEC77A81ED007A77EE51
:10007000A67AC1ED017AEFD1012C72D095ED007A0C
:1000800008F1040173ED017AF0EE476A37EE277A42
:10009000994277EEC77A83ED007A77EEA67AC3EDC0
:1000A000017AEFD1031DDFED367A434408F10808E9
:1000B00033ED017A984577EE877AF9D15346DDED35
:1000C000326A9DED337A73B9C2ED006A82ED017A2E
:1000D000C2ED027A5AE7FDEEC07A1C4617EE901A7E
:1000E0004BF82310F5E6F1EE666AB1EE477AF1EED1
:1000F000677AC2ED006A82ED017AC2ED027A45E7C5
:10010000F1EE476A77EEC77AC2ED006A002C7FF401
:1001100078AF81E7F1EE677A36E7012815D002283B
:100120007FF4B4AE0EF03F034BF82130AEE6689B8F
:10013000022B12DC002B17DC7FF428AFDFED107AE6
:100140001EE7039B4FEA830830E50EF07F03022A87
:100150004BF821307FF48FAD9BE6689B032B7FF437
:1001600015AFDFED077AA9E75346DDED327A1BB113
:100170004FF0004313604FE7002313604EE700BFCA
:10018000000000001824010810EE102AC2F3C75323
:100190007F3B162B22F000411BDC002B10461EDBA0
:1001A0001A4919410A4223D0DFED197A70EE277AF5
:1001B000F5EEC07AF1EE10FA1ADD002A04DA4FF4F7
:1001C000000242FA03F3184420EA010300EE103A59
:1001D0007047B1F1FF4F0BD330EE000A7047DFEDEF
:1001E0000C7A70EE277AF5EEC07AF1EE10FA00DCA8
:1001F0007047002A02DB9FED070A704711B99FED97
:10020000060A7047BFEE000AF2E700BFFFFF7F005B
:10021000CAF249710000000000000080014B18681C
:10022000704700BF1C030020830730B546D08418F8
:10023000844604E003F8011B9D0704D09C46A445B6
:100240006346F7D130BD013A0244A2EB0C02032A07
:1002500029D9CCB204EB04240F2A04EB04442FD98F
:10026000A2F1100C2CF00F0C03F11005AC44C3E903
:100270000044C3E9024410336345F8D112F00C0F77
:1002800002F00F0E18D02EF0030C9C44AEF10405C2
:100290001A4642F8044B6245FBD125F003040433AF
:1002A0000EF003022344002ACCD0C9B21A4403F84A
:1002B000011B9342FBD130BD7246F4E70346C6E70B
:1002C0009646E0E711F0FF01034600F0030239D043
:1002D0008ABB026810B501EB012E0EEB0E4E8EEAC2
:1002E0000204A2F1013323EA0203A4F1013222EA5B
:1002F0000402134313F0803F0FD150F8044F84EAF7
:100300000E0CA4F10133ACF1013223EA040322EA1A
:100310000C02134313F0803FEFD0037823B936E08B
:1003200010F8013F002B32D09942F9D110BD8A421A
:1003300028D09A0729D01A7818460133002AF6D116
:1003400010467047CAB90268A2F1013323EA0203DA
:1003500013F0803F08D150F8042FA2F1013323EAB3
:10036000020313F0803FF6D003785BB110F8013F31
:10037000002BFBD17047990705D0184613F8012BC5
:10038000002AF8D170471846DDE71846A1E718465D
:1003900010BD00BF024B58221A604FF0FF3070476B
:1003A00060200020024B58221A604FF0FF30704747
:1003B00060200020FEE700BF2DE9F047089D0F46B2
:1003C00004468C46002B48D18A42164661D9B2FABF
:1003D00082F34BB1C3F1200201FA03FC20FA02F2CE
:1003E0009E4042EA0C0C9C404FEA164EB7B2BCFB52
:1003F000FEF1220C0EFB11CC42EA0C4201FB07F08D
:10040000904209D9B21801F1FF3C80F0EE80904291
:1004100040F2EB8002393244121AA4B2B2FBFEF071
:100420000EFB102244EA024400FB07F7A74209D959
:10043000341900F1FF3280F0DA80A74240F2D78011
:100440003444023840EA0140E41B00211DB1DC4085
:100450000023C5E90043BDE8F0878B4206D90DB102
:10046000C5E9000100210846BDE8F087B3FA83F131
:10047000002948D1BB4202D3824200F20781841A8C
:1004800067EB030201209446002DE4D0C5E9004C3F
:10049000E1E7002A00F09280B2FA82F3002B40F0EC
:1004A000A8808A1A4FEA164E1FFA86FC0121200CFA
:1004B000B2FBFEF70EFB172240EA02420CFB07F0EC
:1004C000904207D9B21807F1FF3802D2904200F2E9
:1004D000E2804746121AA4B2B2FBFEF00EFB1022D5
:1004E00044EA02440CFB00FCA44507D9341900F18E
:1004F000FF3202D2A44500F2CB801046A4EB0C04DC
:1005000040EA0740A2E7C1F120068B4022FA06FC30
:100510004CEA030C07FA01F420FA06F3F7404FEA1D
:100520001C49234300FA01F81FFA8CFEB7FBF9F0CF
:100530001C0C09FB107744EA074400FB0EF7A742A6
:1005400002FA01F20AD91CEB040400F1FF3A80F030
:100550009B80A74240F2988002386444E41B9FB21B
:10056000B4FBF9F309FB134447EA044403FB0EFE12
:10057000A64509D91CEB040403F1FF3780F0828003
:10058000A6457FD9023B644443EA0040A4EB0E0435
:10059000A0FB02E7BC427346B94663D360D05DB1AD
:1005A000B8EB030264EB090404FA06F622FA01F33D
:1005B0001E43CC40C5E9006400214CE762084808AE
:1005C00042EAC1710B0C43EA00438AB242EA034299
:1005D000B3FBF6F1E407B4463746B6461F23B0FB3B
:1005E000F6F0D21B41EA004161E7614614E710468C
:1005F00028E7C3F1200120FA01F29E4027FA01F119
:100600009F403A434FEA164E1FFA86FCB1FBFEF7B5
:100610000EFB1710110C41EA004107FB0CF888454E
:1006200004FA03F43AD9711807F1FF3001D2884572
:100630001FD8A1EB0801B1FBFEF808FB0CF70EFB7D
:10064000181192B242EA0142BA422FD2B21808F10E
:10065000FF31C6D2BA42C4D2A8F102013244C0E787
:10066000F0459CD2BEEB020367EB0C070138B9469C
:1006700095E7A6EB08084144B81EB1FBFEF808FB5D
:100680000CF7DCE73B467FE7504667E70846FBE6AA
:100690003444023832E7023F32441BE7A1EB080141
:1006A0003846B1FBFEF808FB0CF7C8E7414698E76F
:1006B00003685A004CBF43F0004323F00043184442
:1006C000704700BF2DE9F04759B301F1FF380546E7
:1006D000164647464FF0000A0AEB070101EBD171BD
:1006E000491005EBC1094846FFF7E2FF88454FEA8C
:1006F000C104034610D004F10800B342284407D8CF
:10070000FFF7D6FF0138B04208D201F1010AE3E752
:100710008A4506D04F1EDFE7B042F9D84846BDE80B
:10072000F0874FF000094846BDE8F087012806D061
:10073000022802D028B9044870470448704704488A
:1007400070470020704700BF1D0E01082D0E0108E4
:10075000250E010830B5224B83B004468D1E43B3ED
:1007600001A92846AFF30080F0B101992A46FFF7AE
:10077000A9FF0146C0B1FFF79BFF4B68A064012BA6
:100780002BD0002B01F1040025DBFFF791FF0023A4
:1007900023650368E064002B12DBFFF789FF034643
:1007A0000020236103B030BD00230920236103B082
:1007B00030BD0C4B0C49C91AC91018460191D5E738
:1007C000C3F30360FFF7B2FF031E0CBF0920002034
:1007D000236103B030BD0123DAE700230520E0E701
:1007E0000000000080240108C02501080368DA0722
:1007F00010B5044606D49B0700F1500009D5FCF75C
:1008000077F82368590709D51A070ED5DB0613D5E3
:1008100010BDFCF765F823685907F5D404F1D8003A
:10082000FCF76EF823681A07F0D404F5AC70FCF7F7
:100830006FF82368DB06EBD404F5EC70BDE81040DC
:10084000FCF7AAB80346006800B11844704700BF1F
:10085000704700BF70B504460E46316C2046FFF766
:1008600079FF054688B9326C6261236932462146B8
:10087000012098470828F0D0072806D12846316C77
:10088000FFF7E6FF301DFCF71FF800F0E5FD00BFA5
:100890002DE9F04F0D1DD0F80C90D0F818A00746A8
:1008A00014460FCDADF5777D0DF10C0CACE80F00C3
:1008B0000FCDACE80F000FCDACE80F0095E80F00AE
:1008C00002AE4FF0000E8CE80F000DF5F878C6F878
:1008D00000E021E0336C7B614FF4F4723146404616
:1008E000FBF7BCFE3B694246394658469847D8F864
:1008F0003830B3642146CDE9006A05463B46012005
:100900003A46C847044618BB4FF4F4724146304695
:10091000FBF7A4FE082D19D1316C3846FFF71AFFFA
:10092000093405465FFA84FB0028D3D0B36BB36467
:100930003A46CDE9006A3B464BF010010120C8471A
:1009400030B928460DF5777DBDE8F08F072D05D02D
:10095000092528460DF5777DBDE8F08F2046316CDE
:10096000FFF776FF03A8FBF7AFFF00BFF0B5CB6B37
:10097000FBB001F1040C0B640F460546BCE80F0008
:1009800001AC0FC4BCE80F000FC4BCE80F000FC4DB
:100990009CE80F004FF0FF3E84E80F006E46CDF854
:1009A00000E006E02B6932462946984708280446AD
:1009B00008D1316C2846FFF7CDFE0028F2D009207F
:1009C0007BB0F0BD3046FFF711FF062CF7D139465A
:1009D0002846FFF73FFF00BFC160D96B82611964F1
:1009E00000221946FFF754BF70B5C66843690B640F
:1009F000AEB903690A4604460D46014602209847EF
:100A0000072805D008280FD129462046FFF722FFE6
:100A10003046296CFFF71CFF281DFBF755FF01220C
:100A2000FFF736FF00F018FD00F016FDC26808B5AC
:100A300032B1CA6B0A64BDE808400022FFF728BF44
:100A4000FFF794FF092008BD052915D8DFE801F05C
:100A50000A031403030501207047009A436C1360D6
:100A60000020704743B90F2A06D800EB820200200D
:100A70005368009A136070470220704700B585B034
:100A80000A46002303A900911946FFF7DDFF0398EA
:100A900005B05DF804FB00BF052915D8DFE801F0BB
:100AA0000A031403030501207047009B1B6843647D
:100AB0000020704743B90F2A06D8009B00EB820242
:100AC0001B685360002070470220704710B584B047
:100AD000002303AC039200940A461946FFF7DCFF9B
:100AE00004B010BD2DE9F041D36BADF5107D02F1DE
:100AF000040C136407460E46BCE80F000DF15C0EB3
:100B0000AEE80F00BCE80F00AEE80F00BCE80F0035
:100B1000AEE80F009CE80F0016AC4FF0FF388EE8EF
:100B20000F006D46C4F8008010E0FFF7CFFF31469C
:100B30002046B847034622460820294683B92B6938
:100B40009847052880460DD0092809D0216C2846F1
:100B5000FFF700FE03460C212A462046002BE4D076
:100B60004FF009082046FFF741FE40460DF5107D85
:100B7000BDE8F0812DE9F04F1646CA6C89B00D46EC
:100B800052F8041B069200F0030CE3B10C0C8DF834
:100B90001D400904E4B2059102EB840202218DF8A4
:100BA0001C10296DBCF1020F08BFAA6B11F00108DF
:100BB0000FD005A9304600F0CFFA002839D108201F
:100BC00009B0BDE8F08F090205918DF81D300321B1
:100BD000E5E71768002FECD000F008010191E3462B
:100BE000CDF808809A46BAF1020F26D017885488AB
:100BF00002F10409AA6C24F001030F21304603EB33
:100C00000208FFF73BFF804515D827F0010202EBF1
:100C10000803834294BF00230123640004F002040C
:100C200007F001072743012F0BD0022F50D0002FD0
:100C300045D00920C4E70023EFE7546802F1080912
:100C4000D8E7BBF1000F73D1CBB1D9F80430D9F894
:100C50000020991C4FEAD272EBD005F15804013301
:100C6000049400F0CC8009F10400FFF7EBFD04AB25
:100C700001462846AFF30080002840F0978009F134
:100C800008021768002FAED105A93046DDF80880AC
:100C900000F062FA0028CCD1B8F1000F8FD00F21FC
:100CA0003046FFF7EBFE0E2102463046FFF70EFFFF
:100CB000594A0F213046FFF709FF072080E7BBF1B3
:100CC000000F02D0002B40F0878009F10402D8E722
:100CD000D9F8004024F00048BBF1000F0FD12BB130
:100CE000019B002B3CD0B8F1000F39D0002C01DA69
:100CF00009F1040908F1010209EB8202C1E70D21A3
:100D00003046FFF7BBFE2F6A8742EFD1AB6A9945A9
:100D1000ECD100240423C5E90B434B44C5F82880DB
:100D20006B63D9F80030A34270DB01230293E1E743
:100D30000D213046FFF7A2FE2C6A84429FD1AB6A98
:100D400099459CD14846FFF7B3FC0F210246304637
:100D5000FFF7BCFE2A4600213046FFF7B7FEACE79E
:100D600005F15803CDF80CB009F10407B34600248F
:100D70001E460BE038460496FFF764FD002201464C
:100D800004AB2846AFF300800437F8B9444504F1BA
:100D90000104EFD10D215846FFF770FE049BC5F802
:100DA00028900246C5E90823062009E704460D21DC
:100DB0003046FFF763FE049E2862022C04BFEE62F9
:100DC00005F12C06C5E909690620F9E65E46D9F861
:100DD0000040DDF80CB089E74846FFF769FC09F1EF
:100DE00004030446AB632846AFF3008000283FF4B9
:100DF00020AF22460F213046FFF768FE5DE7304600
:100E00000D21FFF73BFE26462862DBE708F10102D1
:100E100009EB820097E700BF000000000023FFF706
:100E2000A9BE00BF0123FFF7A5BE00BF0223FFF745
:100E3000A1BE00BF2DE9F0410646C4B01446052905
:100E400008D8DFE801F016300773980B3A19102A1A
:100E500040F2B780022044B0BDE8F081836B002CE3
:100E6000F8D153F8042B42648363002044B0BDE8FA
:100E7000F081002BEED1856B1FFA84FC012006F176
:100E8000040E00FA03F111EA0C0F2A4604D052F8BE
:100E9000041B4EF8231015460133102BF1D1A0048A
:100EA000E3D4B563E1E7012B4FEA1447A4B2CDD0F8
:100EB000052BCFD107EB0408B8F1200FCAD80F2FAC
:100EC00040F2BD80002CD0D002685107A04600F14E
:100ED0001B81019302AC2046FBF716FDD6F838C003
:100EE000019B102F4FF0FF3239464FF0020E38BFF2
:100EF000102118FB0E2E04EBC101843972466046A6
:100F000050F8045B41F8045F013A551CF8D10CF12C
:100F1000040C012B0CEB8E0200F0D5800F2FB26376
:100F200040F2FA802046FBF7EBFC9EE7032B91D1C1
:100F3000A7B207EB1443102B4FEA14448AD8036876
:100F4000190700F1A38022AD2846FBF703FD7A00C4
:100F5000B06B05EBC404531E42B1011B625844F848
:100F6000042B013B5A1CF9D100EBC700B0632846A3
:100F7000FBF7CEFC79E7002B7FF46CAF102C3FF62B
:100F800069AF0368D80679D422AD2846FBF70EFD79
:100F9000B76B294600234FF0010C0CFA03F22242F2
:100FA000384603F1010303D050F8042B0A600746CA
:100FB000042B01F10401F0D1B7632846FBF7ECFCE8
:100FC00053E7102F3FF446AF0268D10708D53046EB
:100FD00022F0030240F8502B0193FBF785FC019BA4
:100FE000019322AD2846FBF77FFCD6F838C0002CD1
:100FF0006BD0019B4FF0000802214FF0FF3214FB31
:10100000012E05EBC70104397246604650F8044BC7
:1010100041F8044F013A541CF8D10CF1040C0CEBCC
:101020008E0CB8F1000F39D1012B4ED00F2FC6F81E
:1010300038C03FF61AAF2846FBF75AFC15E702689E
:10104000B8F1100F02F001012AD851B1304622F058
:10105000010242F0020240F8502B0193FBF74CFCD6
:10106000019B019322AD2846FBF746FC019B002C17
:10107000E1D0D6F838C04FF00008BDE723F01003E8
:10108000336006F5EC70FBF791FC7DE723F0080375
:10109000036000F5AC70FBF75DFC54E702AC20E7A1
:1010A000D1B9550726D422AD28460193FBF724FC7D
:1010B00002A8FBF729FCA8F11008D6F838C0019B5C
:1010C000C7F1100498E7944622AD0CF10403B36312
:1010D0002846FBF705FCC8E622F0010242F00202B6
:1010E00040F8502B0193FBF707FC3268019B12F08C
:1010F000040FD8D0304622F0040240F8D82B0193D8
:10110000FBF702FC019BCEE722F0040240F8D82B4B
:101110000193FBF7F9FBDDE622A8FBF7E9FB01E70A
:10112000027A03467AB9427AA2B14168013A10B410
:101130004272086803220C1D1A7202025C60000EE3
:1011400010BC1A6070470068013A1A7202021A60F5
:10115000000E7047B02070472DE9F043064685B079
:101160000D4600272846FFF7DBFFB028044600F0B5
:10117000218103065ED500F0F003A02B1DD033D8EB
:10118000802B00F08780902B2AD100F00D030D2BCF
:1011900026D00DF10808002300F00F021946CDF803
:1011A00000803046FFF750FC0023CDF800800D2270
:1011B00019463046FFF770FCD4E7C34303F007033A
:1011C0004FF47F621A41010702F47F6201D542F4B5
:1011D0008042002319463046FFF72CFE0028C1D07C
:1011E000092005B0BDE8F083B02B68D0C02B3FD1FB
:1011F000C62800F0CC80C72800F0DF8000F0F8039C
:10120000C02B00F0EC80C82800F0F780C928E7D197
:101210002846FFF785FF020300F00F0002F470225A
:1012200001300243012105233046FFF703FE002869
:1012300098D0D5E78300DBB203F104080DF108096B
:1012400000231946CDF800900D223046FFF7FCFB35
:10125000029ACDF8009060064CBFA2EB080242440F
:101260000023029219460D223046FFF715FC79E75C
:1012700000F0F803D02BB3D100F0070201320523B0
:1012800042F4002201213046FFF7D4FD00283FF44C
:1012900069AFA5E72846FFF743FF24022043B0F5D6
:1012A000004F9DD004010023A2B219463046FFF73B
:1012B000C1FD002894D1C4F3C030074352E7A0F128
:1012C000B103042B00F2B580DFE803F05729160CB8
:1012D000030003AA0023009219460D223046FFF7AF
:1012E000B3FB3FE700231A4605213046FFF7A2FD76
:1012F00000283FF437AF73E72846FFF711FF0203DA
:1013000000F00F00013002F470220123024319465D
:101310003046FFF78FFD00283FF424AF60E700233D
:101320000DF108090D221946CDF800903046FFF75F
:101330008BFB2846FFF7F4FE0206029C4FF00208E2
:101340000CD500F07F0000FA08F00444284602940F
:10135000FFF7E6FE030608F10708F2D400FA08F0EA
:1013600004F50174204400230290CDF800900D2272
:1013700019463046FFF790FBF4E62846FFF7D0FE0B
:10138000431EDBB20E2B02467FF623AF28E728462A
:10139000FFF7C6FE020300F00F00013002F47022D6
:1013A0000323024319463046FFF744FD00283FF46B
:1013B000D9AE15E76FB3002013E72846FFF7B0FE5C
:1013C000431EDBB20E2B02463FF60AAF0023042178
:1013D0003046FFF72FFD00283FF4C4AE00E700F0D1
:1013E0000F020132032342F4202219463046FFF750
:1013F00021FD00283FF4B6AEF2E62846FFF790FE46
:1014000000F0F00200F00F031032013343EA023221
:1014100008E702AC3B46394600940E223046FFF7FF
:1014200013FB0F2200943B4639463046FFF734FB4E
:10143000C1E700F0FC03B42B3FF4D2AE00F007028A
:101440000132012342F4002219463046FFF7F2FC34
:1014500000283FF487AEC3E608B5062000F004F884
:101460000120FEF7A7FF00BF38B5144B1F281D68E9
:101470001ED8D5F83821044662B152F820304BB15D
:10148000012B05D0591C0FD0002142F8201098479D
:10149000002038BD284600F029F82246014628469B
:1014A000BDE8384000F00CB816232B60012038BD91
:1014B00016232B604FF0FF3038BD00BF1C03002007
:1014C00070B50C46084D03460026204611461C46C2
:1014D0002E60FEF767FF431C00D070BD2B68002B09
:1014E000FBD0236070BD00BF60200020FEF752BF1C
:1014F0004145525431323334353637386162636492
:101500006566676800524F4C4C3B50495443483B1A
:101510005941573B414C543B506F733B506F735292
:101520003B4E6176523B4C4556454C3B4D41473B0B
:1015300056454C3B0000000000000000B91E0108A9
:101540000000000001000000BE1E010801000000B4
:1015500002000000C51E0108020000000300000098
:10156000CE1E01080300000004000000D41E010884
:101570000500000005000000D91E0108060000005B
:1015800006000000E31E010807000000070000003D
:10159000EC1E01080800000008000000F51E01080C
:1015A0000900000009000000FE1E01080A000000FA
:1015B0000A000000081F01080B0000000B000000DB
:1015C000121F01080C0000000C0000001C1F010885
:1015D0000D0000000D000000241F01080E00000097
:1015E0000E0000002C1F01080F0000000F0000007B
:1015F000341F010810000000100000003D1F01080A
:101600001100000011000000441F0108120000003A
:10161000120000004E1F010813000000130000001C
:10162000561F01081400000014000000611F01088B
:101630001500000015000000681F010816000000DA
:10164000160000006F1F01081700000017000000BF
:10165000771F010818000000180000007F1F010814
:101660001900000019000000871F01081A0000007F
:101670001A000000911F01081B0000001B00000061
:1016800000000000FF000000010001020001030053
:101690000104000105000106000107000108000126
:1016A0000900010A00010B00010C01030D00010EED
:1016B00000010F00011000011100011200011300D0
:1016C0000114000100080048004001020008004821
:1016D00000200102000800480080010200000048CC
:1016E0001000010200000048200001020000004834
:1016F00040000102C59500669C000000000000004B
:1017000080250000004B00000096000000E1000072
:1017100000C201000084030090D0030000000040DC
:10172000000400480004081C01020A0100000040F7
:101730000004004800080C1C01020B0100000040DE
:10174000000000480200041C0102010100000040EA
:10175000000000480100001C01020001002C0140B3
:10176000000000480001001B000A0806EC170108F1
:10177000D8170108D6170108D41701080000803FC8
:10178000000080BF0000803F000080BF0000803F5D
:10179000000080BF000080BF0000803F0000803F4D
:1017A0000000803F0000803F0000803F0000803F3D
:1017B0000000803F000080BF000080BF00040048A0
:1017C00000000048000000480004004800040048F1
:1017D00000040048FFFFFFFF0003010302030303AF
:1017E00004010503060307030804FFFF00030103C8
:1017F00002030303040205030603070308040903A5
:10180000FFFF000000A24A0400010000EE140020C7
:1018100000000000F614002001000000F614002073
:1018200002000000F414002003000000F614002061
:1018300004000000EE14002005000000EE1400205B
:1018400006000000E014002007000000E014002063
:1018500008000000010000005F1D01089B1F010837
:10186000020100004C1D0108AB1F0108030200002B
:10187000491D0108BB1F010804030000441D0108A5
:10188000C31F0108050400003F1D0108C61F010811
:1018900006050000361D0108CD1F010807060000DF
:1018A000331D0108DC1F010808070000301D010876
:1018B000E91F010809080000841900200000000049
:1018C0000A0900002D1D0108F11F01080C0A000083
:1018D000281D0108F81F01080D0B0000231D010839
:1018E000082001080E0C0000141D01081D2001082D
:1018F0000F0D000084190020000000000B0E0000F6
:10190000101D010828200108100F00000B1D010800
:101910003620010800000000010203040102030454
:1019200006070809010002000400060008000A007A
:101930000C001000200040008000000100000000AA
:10194000000000000000004800010000000002004C
:1019500000040048040000000000040000040048E7
:101960004000000000000400000400488000000067
:101970000000040000040048008000000000040093
:10198000000400480040000000000400000400487B
:1019900000200000000004000004004800100000C7
:1019A00000000400000000481000000000000200D9
:1019B0000000004800200000000002000000004875
:1019C0000040000000000200000400481000000079
:1019D0000000040000040048200000000000040093
:1019E0000000004820000000000002000004004841
:1019F0000800000000000400000000480080000013
:101A00000000020000000048080000000000020082
:101A1000000000480400000000000200E16200082D
:101A2000DD620008E56200080A0000000500000011
:101A300000000000050000000004080171650008B6
:101A4000D16400080565000841650008718D000833
:101A50002B650008758D0008000000000000004F95
:101A600000000007000700147F147F14242A7F2A37
:101A70001223130864623649552250000503000002
:101A8000001C2241000041221C0014083E081408DA
:101A9000083E0808005030000008080808080060E8
:101AA00060000020100804023E5149453E00427F7C
:101AB000400042615149462141454B311814127F83
:101AC0001027454545393C4A49493001710905030C
:101AD0003649494936064949291E00363600000074
:101AE0005636000008142241001414141414004146
:101AF0002214080201510906324979413E7E111132
:101B0000117E7F494949363E414141227F41412270
:101B10001C7F494949417F090909013E4149497AE8
:101B20007F0808087F00417F41002040413F017F3E
:101B3000081422417F404040407F020C027F7F0416
:101B400008107F3E4141413E7F090909063E41514F
:101B5000215E7F09192946464949493101017F0122
:101B6000013F4040403F1F2040201F3F4038403F42
:101B7000631408146307087008076151494543005E
:101B80007F41410002040810200041417F0004020F
:101B9000010204404040404001020400002054542F
:101BA00054787F48444438384444442038444448B6
:101BB0007F3854545418087E090102064949493FA8
:101BC0007F0804047800447D40002040443D007FAD
:101BD0001028440000417F40007C0418047C7C08ED
:101BE00004047838444444387C1414140808141449
:101BF000187C7C080404084854545420043F444092
:101C0000203C4040207C1C2040201C3C4030403C7C
:101C100044281028440C5050503C4464544C440018
:101C20000836410000007F00000041360800020134
:101C30000204023E555541220000000000000079D8
:101C400000001824742E24487E4942405D2222223E
:101C50005D15167C161500007700000A55555528AD
:101C60000001000100000A0D0A0408142A142204CD
:101C70000404041C0008080800010101010100021D
:101C800005020044445F444400000402017E202019
:101C9000103E060F7F007F00181800000040502003
:101CA00000000A0D0A0022142A14081708342A7D9D
:101CB0001708046A59304845402042004200427EDD
:101CC000420042007E7E0042007E7E7E42007E7E9A
:101CD0007E7E007E7E7E7E7E5A0000005A5A404004
:101CE000405A7A6060607A7A7070707A7A78787820
:101CF0007A7A7C7C7C7A7A7E7E7E7A000000000094
:101D0000000000010203040607080900F50A05FFA8
:101D100000640AFF0405040508050F05080504050D
:101D20000405FF140F2305FF05050505FF0A0AFF3B
:101D30001932FF3202FF05050F0505050F1EFF1EB4
:101D4000050505FF0F050F05FF3232FF0A0A0A0AD3
:101D50000A28280A280A28280A0A0A0A0A46FF1412
:101D60000A140A140AFF444556207C002020202033
:101D70007C00525820207C007C2041524D007C2069
:101D800020202000204143432043414C2000204D8F
:101D900041472043414C2000204C4F5720424154A2
:101DA0002000205258204C4F5353200020204352F3
:101DB0004153482020004E4F542052454144590081
:101DC00020205245414459202000494E20464C498C
:101DD00047485400202020202020202020007C2064
:101DE00025642E2564002530326C75203A0025309C
:101DF000326C750050203A202564202020005220AB
:101E00003A2025642020200059203A2025642020F3
:101E1000200070203A2025642020200054203A2001
:101E20002564202020004145545231323334004D86
:101E300041474953205632005052494D5553205680
:101E40003500323032352D31302D31330031303ADA
:101E500034313A343900302E302E30000C0102007B
:101E6000050403005052494D55535F5635004D410E
:101E7000474953563200257320666F722025730040
:101E800042792044524F4E41204156494154494FD6
:101E90004E00302E32342E3000322E322E3000469C
:101EA000573A2573207C204150493A2573004275EA
:101EB000696C64203A2025730041524D3B00414E2D
:101EC000474C453B00484F52495A4F4E3B00424118
:101ED000524F3B004D41473B004845414446524527
:101EE000453B004845414441444A3B0043414D5332
:101EF0005441423B0043414D545249473B004750F7
:101F00005320484F4D453B0047505320484F4C44C9
:101F10003B0050415353544852553B0042454550B5
:101F200045523B004C45444D41583B004C45444CC8
:101F30004F573B004C4C49474854533B0043414C9E
:101F400049423B00474F5645524E4F523B004F537C
:101F5000442053573B0054454C454D455452593B42
:101F6000004754554E453B00534F4E41523B0053A2
:101F70004552564F313B00534552564F323B00536A
:101F80004552564F333B00424C41434B424F583B26
:101F9000004641494C534146453B004759524F5F2B
:101FA00043414C494252415445440052585F4C4FC2
:101FB00053545F4C414E44494E470052585F4C4F7A
:101FC00053540044495341524D494E470041524DEC
:101FD000494E475F4750535F464958004241545F5E
:101FE000435249545F4C4F57004241545F4C4F5746
:101FF0000052585F534554004143435F43414C49AD
:1020000042524154494F4E004143435F43414C4982
:1020100042524154494F4E5F4641494C005245415E
:1020200044595F424545500044495341524D5F5227
:1020300045504541540041524D45440000000000C8
:102040000000004B000000CB00000080DB0F494087
:10205000DB0F49C0DB0F49BFE4CB1640E4CB16C011
:10206000000FC93F000F494000CB9640000FC94008
:102070000053FB4000CB164100ED2F41000F4941BA
:102080000031624100537B41003A8A4100CB9641C6
:10209000005CA34100EDAF41007EBC41000FC9418F
:1020A00000A0D5410031E24100C2EE410053FB41A6
:1020B00000F20342003A0A420083104200CB16426B
:1020C00000141D42005C234200A5294200ED2F426E
:1020D00000363642007E3C4200C74242000F494271
:1020E000A2000000F9000000830000006E00000064
:1020F0004E00000044000000150000002900000010
:10210000FC0000002700000057000000D100000084
:10211000F500000034000000DD000000C0000000F9
:10212000DB00000062000000950000009900000044
:102130003C0000004300000090000000410000004F
:10214000FE0000005100000063000000AB00000032
:10215000DE000000BB000000C500000061000000C0
:10216000B7000000240000006E0000003A000000EC
:10217000420000004D000000D2000000E00000001E
:1021800006000000490000002E000000EA000000E8
:1021900009000000D1000000920000001C000000B7
:1021A000FE0000001D000000EB0000001C0000000D
:1021B000B100000029000000A70000003E00000060
:1021C000E80000008200000035000000F50000007B
:1021D0002E000000BB00000044000000840000004E
:1021E000E90000009C0000007000000026000000D4
:1021F000B40000005F0000007E000000410000000D
:102200003900000091000000D600000039000000F5
:10221000830000005300000039000000F4000000BB
:102220009C000000840000005F0000008B000000A4
:10223000BD000000F9000000280000003B00000085
:102240001F000000F800000097000000FF000000E1
:10225000DE00000005000000980000000F000000F4
:10226000EF0000002F000000110000008B000000B4
:102270005A0000000A0000006D0000001F0000006E
:102280006D000000360000007E000000CF0000005E
:1022900027000000CB00000009000000B70000008C
:1022A0004F000000460000003F00000066000000F4
:1022B0009E0000005F000000EA0000002D0000000A
:1022C0007500000027000000BA000000C7000000F1
:1022D000EB000000E5000000F10000007B000000C2
:1022E0003D0000000700000039000000F70000007A
:1022F0008A0000005200000092000000EA00000086
:102300006B000000FB0000005F000000B100000057
:102310001F0000008D0000005D00000008000000AC
:1023200056000000030000003000000046000000DE
:10233000FC0000007B0000006B000000AB00000010
:10234000F0000000CF000000BC00000020000000F2
:102350009A000000F4000000360000001D0000009C
:10236000A9000000E30000009100000061000000EF
:102370005E000000E60000001B00000008000000F6
:102380006500000099000000850000005F0000006B
:1023900014000000A00000006800000040000000E1
:1023A0008D000000FF000000D80000008000000049
:1023B0004D00000073000000270000003100000005
:1023C0000600000006000000150000005600000096
:1023D000CA00000073000000A8000000C90000004F
:1023E00060000000E20000007B000000C000000070
:1023F0008C0000006B0000006937AC31682122338B
:10240000B40F14336821A2333863ED3EDA0F493F2D
:102410005E987B3FDA0FC93F0000C93F0000F039EA
:102420000000DA370000A2330000842E0000502B99
:102430000000C2270000D0220000C41F0000C61BFD
:10244000000044170400000007000000090000001D
:10245000C9280181B0B0AF8100000000C9300181FE
:10246000B0B0AF8000000000C90A0181B0B0AF87F2
:102470000000000008B10181B0B00084000000003D
:1024800040DDFE7F010000005CF1FE7FC4FFFF7FA6
:10249000580EFF7F01000000640EFF7FB0AF0A807E
:1024A000D01DFF7F01000000E023FF7FB0FFFF7F12
:1024B000303CFF7F010000005C3EFF7FB0A902803E
:1024C000BC3EFF7F010000004E41FF7FB0B0AC80FA
:1024D000C442FF7F010000002062FF7FB0B0A880EF
:1024E0003C62FF7FA908B1807062FF7FB0B0A88016
:1024F0008C62FF7F01000000A48BFF7FAF08B180DA
:10250000448CFF7F01000000548DFF7FB0B0AA8093
:10251000768EFF7F01000000248FFF7FB0B0A8807F
:102520007C8FFF7F0100000050A5FF7F3CFFFF7FF5
:102530005CC4FF7F010000001CE2FF7FB0A90280A5
:10254000ACE2FF7FB0B0A880FCE2FF7F010000009A
:1025500004E3FF7FB0B0AA8038E3FF7FAF76B2809C
:102560000CE4FF7FAB3F3A8070E4FF7F0100000086
:1025700078E4FF7FB0B0AA80B4E4FF7FF8FEFF7F6D
:10258000C8E4FF7F010000005CE5FF7FAC0FB28074
:10259000E4E5FF7FB0AF088084E8FF7F0100000022
:1025A00094E8FF7FAC3F038078EBFF7F01000000E1
:1025B000A8EBFF7FB0AD0480A0EEFF7F010000001C
:0425C0008DE9000899
:1025C400F40100006400000001010100000000406B
:1025D4000201780014055300A08601000101FFFFE9
:1025E40001000001000000000001000000000000E4
:1025F400000000005161000801010101FFFF01001A
:102604000000803F00000000000000000000000007
:102614000000803F000000000000000000000000F7
:102624000000803FCDCC4C3ECDCC4C3E3D700008EC
:1026340001FF0001800101FF0101000001FF010110
:102644004F0201FF0E01000301018401020A01038C
:10265400030104080105C801060301078D010808E8
:102664000109C6010A01010B02010C00010DD5018B
:102674000E18010F12011001011182011200011341
:10268400D501141801151301160301178601180A40
:10269400011909011A08011BC2011C03011D8F0144
:1026A4001E0A011F0601200101210201220001234B
:1026B400D5012418012522012601012782012800C1
:1026C4000129D5012A18012B0B012C28012D780191
:1026D4002E28012F9101300001310B01320001330A
:1026E4000B0134000135A10136000137A001380087
:1026F400013904013A28013B30013C0C013D04013D
:102704003E0F013F7901402801411E01422F014340
:102714008701440001450B01460001470B014800B5
:102724000149A7014A00014BA6014C00014D0401D7
:102734004E01014F00015000015180015209015323
:102744000801540101550001560F01577901580938
:10275400015905015A00015B60015C05015DD1016D
:102764005E0C015F3C0160000161D001620B0163FA
:102774000301642801651001662A01673901680BA9
:10278400016902016A28016B10016C2A016D610163
:102794006E0C016F0001700F0171790172000173F9
:1027A4000B01740001750B0176000177A10178001B
:1027B4000179A0017A00017B0401FF0401791D0164
:1027C4007B2701960E0197FE0198030199EF019A68
:1027D40002019B4401730701700101FF0101000123
:1027E40001FF0000000001FF0101000001FF0001E2
:1027F40009000110000111000124010125FF0175E8
:102804000001FF01014E2C01480001302001FF00AE
:1028140001300901540001310401320301408301F4
:1028240046250160000127000150060151000152B4
:1028340096015608015730016100016200016400ED
:102844000165000166A001FF010122320147140164
:1028540049FF014A0001FF00017A0A017B00017867
:102864002101FF010123340142000144FF014526F7
:10287400014605014040010E0601201A01434001B2
:10288400FF0001340301354401FF01013104014B10
:1028940009014C05014D0401FF00014400014520DC
:1028A4000147080148280167000170040171010112
:1028B40072FE01760001770001FF01010D0101FFA5
:1028C400000180010101F801FF01018E01010001F5
:1028D40001FF000180000000000000002003002030
:1028E40000000000281F0020901F0020F81F002077
:1028F40000000000000000000000000000000000D4
:1029040000000000000000000000000000000000C3
:1029140000000000000000000000000000000000B3
:1029240000000000000000000000000000000000A3
:102934000000000000000000000000000000000093
:102944000000000000000000000000000000000083
:102954000000000000000000000000000000000073
:102964000000000000000000000000000000000063
:102974000000000000000000010000000000000052
:102984000E33CDAB34126DE6ECDE05000B00000017
:102994000000000000000000000000000000000033
:1029A4000000000000000000000000000000000023
:1029B4000000000000000000000000000000000013
:1029C4000000000000000000000000000000000003
:1029D40000000000000000000000000000000000F3
:1029E40000000000000000000000000000000000E3
:1029F40000000000000000000000000000000000D3
:102A040000000000000000000000000000000000C2
:102A140000000000000000000000000000000000B2
:0400000508000000EF
:00000001FF
