:020000040800F2
:1000000000A000208DEA0008F5EA0008F5EA0008E3
:10001000F5EA0008F5EA0008F5EA0008000000002B
:10002000000000000000000000000000F5EA0008E9
:10003000F5EA000800000000F5EA0008D381000896
:10004000F5EA0008F5EA0008F5EA0008F5EA000814
:10005000F5EA0008F5EA0008F5EA0008F5EA000804
:10006000F5EA0008CD810008F5EA0008F5EA000885
:10007000F5EA0008F5EA000801B10008F5EA000811
:10008000F5EA0008F5EA0008F5EA0008F5EA0008D4
:10009000F5EA0008F5EA0008F5EA0008F5EA0008C4
:1000A00061B3000819B3000871B3000809B3000870
:1000B0001DB300082DB300083DB30008F5EA0008A1
:1000C000F5EA0008F5EA0008F5EA0008F5EA000894
:1000D000F5EA000841B100084DB10008F5EA000852
:1000E000C7810008F5EA0008F5EA0008F5EA00080B
:1000F0005DB30008F5EA00084DB30008F5EA000812
:10010000000000000000000000000000F5EA000808
:10011000F5EA0008F5EA0008F5EA0008F5EA000843
:10012000F5EA0008F5EA0008F5EA0008F5EA000833
:10013000F5EA0008F5EA00080000000000000000F1
:10014000F5EA0008F5EA0008F5EA000800000000FA
:10015000000000000000000000000000000000009F
:100160000000000000000000F5EA0008F5EA0008C1
:10017000F5EA000800000000000000000000000098
:0801800000000000F5EA000890
:1001C00010B50F4B1A786A2A17D15A88B2F5AA6F60
:1001D00013D11A79BE2A10D193F84E25EF2A0CD1EB
:1001E000084C002213F8011BA342104682EA0102C8
:1001F000F8D1431A5842584110BD0020FCE700BF17
:1002000000F0030850F50308024A93680343936023
:10021000704700BF60040020024A936823EA00038D
:100220009360704760040020044A0123B2F850151F
:1002300083400B43A2F85035704700BF6004002094
:10024000044A01238340B2F8500520EA0300A2F8D3
:10025000500570476004002010B50C4CB4F85205EE
:10026000B4F85435184380B260B9FFF7E9FFB4F829
:10027000500510F0010004D1D4F85805003818BF1B
:10028000012010BD0020FFF7CFFFF0E76004002041
:10029000704B71481A68596870B5D0F85C45A21A5D
:1002A0008A4215DB1A7A9AB190F86025B0F8506549
:1002B0000132D2B280F86025002101252E4208D1FA
:1002C00001316D000929ADB2F8D15A6822441A6093
:1002D00070BD89B20139072905D8DFE801F01BACF0
:1002E00090819D452E7064225A605D7A5B4A4FF47E
:1002F00080404FF4005190612DB111854FF40041C1
:100300001185002204E091614FF4004191610122C6
:100310005A72DAE75D7A64225A604FF480404F4A9D
:100320004FF4004125B1108591614FF40051E7E78A
:10033000906191614FF40051E8E790F861154748EA
:1003400021B364225A604FF4804282614FF400521C
:1003500082614FF400420285B7E74FF48042018585
:1003600002854FF40052F6E790F861153B4869B1F9
:1003700064225A60828A92B282F4005282824FF4DE
:10038000804282614FF4004282619EE702F00302E4
:100390007821022A59604FF40041DED0032A0AD0A6
:1003A000012A01854FF4804201D0826100E002857C
:1003B0004FF40052E8E781614FF48042F5E790F88E
:1003C0006125002A81D064225A60244A4FF480417A
:1003D00011854FF4004191614FF40051916174E730
:1003E0001E4964225A604FF480428A614FF40042F1
:1003F0008A618A8A92B282F400528A8265E7642214
:100400005A60164A4FF4804191614FF40041916166
:100410004FF40051118558E7104964225A604FF497
:1004200000528A618A8A92B282F480428A824FF4B0
:1004300000428A6149E7642112F0010F5960074ABE
:100440004FF480414FF4004001D11085C3E7906123
:10045000DDE700BF00000020600400200008004825
:10046000FDEEC07A17EE903A2033402B43D8DFEDF3
:10047000237A9FED237AB4EEE70AF1EE10FA28DC36
:10048000DFED207A9FED1E7AB4EEE70AF1EE10FA66
:1004900022D4DFED1D7AB4EEE70AF1EE10FA1EDD8C
:1004A00030EE670A37EEC00A60EE007ADFED176AB9
:1004B0009FED177AA7EEA67ADFED166AE7EE876A58
:1004C0009FED157AA7EEA67A20EE276AA6EE070A18
:1004D000704730EE470ACEE730EE070AD4E79FEDCB
:1004E0000F7AB4EEC70AF1EE10FA44BF30EE270AD5
:1004F00037EE400AD8E79FED0A0A7047DB0F494004
:10050000DB0FC940DB0F49C0DB0FC93F9A7C2E3699
:10051000FAAF4FB93587083CA4AA2ABEDB0FC9BF82
:100520000000000003685A1C02601970704730B563
:10053000474BD3F86425B3F96E159578D278B3F9A3
:100540008C05002A41D00A1A82EAE274A4EBE27414
:10055000AC4223DD012012F5997F83F88E051ADD68
:10056000062092FBF0F2502AA8BF5022B3F8900563
:10057000024412B2A3F8AA25A3F8902593F8B02557
:10058000002A61D040F2DC5291425DDC4FF47A7275
:10059000A3F8AA2530BD6FF03102E7E793F88E2566
:1005A00032B1D3F89825C3F89425002283F88E251C
:1005B000D3F89C25D3F8A045104422889042D8DB7C
:1005C00062888242A8BF0246D3E740F2DC529142E1
:1005D000204C23DDA1F2DC52954228DAA1F2DC5254
:1005E000002ABCBF6FF4BB628A189210782AA8BF99
:1005F0007822C3F8AC250122A27283F88E25D3F8A5
:100600009C25D3F8A04510442288904203DB6288E1
:100610008242A8BF0246A3F8AA25AFE7521A954224
:1006200005DAB1F5896FD9DC6FF06302E1E70022EA
:10063000A27293F88E45C3F8AC25002CDFD0D3F816
:100640009845C3F89445D8E7002283F8B025A1E780
:100650006004002000000020134BD3ED037A134BFD
:10066000F5EE407AF1EE10FA4FF0000203F10401CA
:1006700003F1080003D11A600A6002607047F0EECF
:10068000086A86EEA77A80ED007A27EEA77A67EEF1
:10069000877A86EE876AF7EE006A86EEA77A81EDA2
:1006A000006A83ED007A704700000020140A0020E1
:1006B000034BB3F8C0351D2B01D80420B4E57047B7
:1006C00060040020054B0022C3F8C425C3F8C825E8
:1006D00003F2CC5300221A605A6070476004002075
:1006E000074B0022C3F8D425C3F8D825C3F8DC256E
:1006F00003F5BC6300221A605A609A60704700BF1D
:1007000060040020002007F05BBD10B5164C94F883
:10071000EC355A0706D523F00503042084F8EC35A0
:1007200007F02EFF94F8ED25104B0AB100221A7441
:1007300001225A74782200215A82042040F2145275
:100740009A8284F8EE1584F8EF1584F8F015C4F851
:10075000F415FFF775FD0520FFF772FD84F8F81515
:1007600084F8B01510BD00BF600400200000002018
:10077000224B93F8EC2512F0010F02F0040103D193
:10078000D3F8FC05012833DC93F8000680B393F816
:10079000010668BB39B11A4A1346516843F8081B71
:1007A000D2681A607047D3F81416480124D4910710
:1007B0001FD442F0040283F8EC2593F8EE2522B909
:1007C000012283F8EE25D3F85C250E4AB3F81816FB
:1007D000D182D3F85C25D3F85C1593F88E214FF4C1
:1007E0007A7012FB00120520C3F81C2607F0C8BE61
:1007F00011B9012007F0EABE704700BF6004002075
:10080000640A00200000002070B5104CD4F8205677
:10081000284607F021FF287A04F2246400226FF0B2
:100820001806192112FB0263434303F6C413534312
:100830000132072A93FBF1F324F8023BF2D1284658
:100840000349BDE8704007F023BF00BF60040020EB
:10085000300500202DE9F047D04C94F83236B4F83A
:10086000342604EB43038AB0B3F968359342C0F2EF
:10087000FC81B4F83626934200F3F78194F8385699
:100880000DB994F8395694F83C3684F83A5684F801
:100890003B56002B00F00D81D4F84076D4F8443656
:1008A000FB1AC72B40F2058194F84886B8F1000F77
:1008B00040F0F5804146404608F00CFCB84BB94882
:1008C000002D08BF18460BF019FFD4F84C6694F8B9
:1008D0003896022E40F0F081B4F85035DA0740F136
:1008E000C681B14BC4F85036D4F85086B8F1000F29
:1008F00006D00620002108F0EDFB40460BF0FEFE7E
:10090000002110200136C4F84C6608F0E3FBB4F86F
:10091000C035A6480A21B3FBF1F201FB12339BB2AA
:10092000A3490AF0F9FFA1480BF0E8FE07210020D7
:1009300008F0D0FBB9F1000F40F0C78194F83926D8
:100940009C48974B002A08BF18460BF0D7FED4F8F6
:100950001466D4F85C3594F8682616F0010600F0A9
:10096000B681002A40F0B881C4F86C26B4F850254E
:10097000D20504D5012284F86826C4F87036072110
:100980000846D4F86C364FF47A724FF03C0AB3FB49
:10099000F2F808F09FFBB8FBFAF9874983484A460A
:1009A0000AF0BAFF81480BF0A9FE07210C2008F0DD
:1009B00091FB82497D480AFB19820AF0ADFF7B4812
:1009C0000BF09CFE1020072108F084FB7C487D4B37
:1009D000002E08BF18460BF091FE002D5FD10221BA
:1009E000012008F077FB0A267749B4F976266F488C
:1009F00092FBF6F20AF090FF6C480BF07FFE0321A9
:100A0000012008F067FB7149B4F97426674892FB2E
:100A1000F6F20AF081FF65480BF070FE0421012018
:100A200008F058FBB4F91826694960480AF074FFC9
:100A30005E480BF063FE02210B2008F04BFBB4F97B
:100A40006A25644959480AF067FF58480BF056FE7A
:100A500003210B2008F03EFBB4F968255B4953489D
:100A60000AF05AFF51480BF049FE04210B2008F010
:100A700031FBB4F96C2556494C480AF04DFF4B4800
:100A80000BF03CFE05210B2008F024FBB4F96E2589
:100A9000514946480AF040FF44480BF02FFE94F8B5
:100AA0007A36AB4201D00BF012FE84F87A56C4F8C5
:100AB0004476002D00F08D8107F092FBD4F87C364F
:100AC000C31A002BC0F20E81444FBB690344C4F823
:100AD0007C363B7FCBB1424B424800254FF400525D
:100AE000C4F88056C4F884563D729A614FF40042AF
:100AF0009A614FF480429A6141F28831012208F0F4
:100B000095F901233D7784F88C3694F89436364E67
:100B10004FF0000836F8135084F89D86242007F023
:100B200025FE442007F022FEADB28DF824800A2174
:100B30000DF1240895FBF1F201FB1253DBB2092BF6
:100B400094BF30333733DBB208F8013D1546002A35
:100B5000F0D140460BF0B4FE00F10A05EDB2284694
:100B600007F004FE94F89D3620485D4084F89D56B9
:100B700008F076F9092007F0F9FD94F89D36404613
:100B800083F0090384F89D3608F06AF994F89D060D
:100B900007F0ECFD164808F07BF92BE0600400201C
:100BA000141E01080E1E01082C1E0108B40A0020A4
:100BB000861E01081A1E01088E1E0108961E0108D5
:100BC000201E0108261E01089C1E0108A61E010801
:100BD000B01E0108BA1E0108C41E01080000002052
:100BE00000080048E00A0020EE0A0020CE1E01089E
:100BF000D81E010894F8943636F8133040F6C31224
:100C00009BB2934226D9D4F85C35D4F884269B1A3B
:100C1000002B1FDB94F8883633B1D4F85C25D4F868
:100C200080361344C4F884363B7C13F0FD0F0BD19F
:100C300094F8EC355B0707D5022384F8ED350123E2
:100C40003B744FF49663BB82724808F021F97248F6
:100C500008F01EF9012102200AF0DAF90121002032
:100C60000AB0BDE8F0470AF0D3B900250BE69807B3
:100C700001D56A4B36E6D90601D41A0701D5684B6F
:100C800030E6980605D4B9F1000F04D194F839265E
:100C90000AB9644B26E6590701D5634B22E65A068A
:100CA00001D5624B1EE6180601D5614B1AE6D9053F
:100CB0007FF51AAE5F4B15E6052E01BF5E4BC4F8FB
:100CC0005036C4F84C8646460EE65C483DE6002A9F
:100CD0003FF455AE84F86866D4F870269B1AC4F8C1
:100CE0006C364CE6564A0023A2F1FA01901D1578A5
:100CF00015B3032B06D050F8235021F813500133BD
:100D00000132F4E7D4F8B036A4F86E3594F8B4366E
:100D100013B10023A4F8B6364A4E0023012516F875
:100D2000012B002A51D0DBB2013B042B08D8DFE8AD
:100D300003F0111B293741000133042BE0D1E5E713
:100D400001200BF005FD002384F8B93684F8B8566D
:100D50000123E4E701200BF0EDFC002384F8B83612
:100D600084F8B9560223DAE704200BF0F1FC4020A6
:100D70000BF0E0FC012384F8BA36002384F8BB367C
:100D80000323CCE740200BF0E3FC04200BF0D2FC63
:100D9000012384F8BB36002384F8BA360423BEE767
:100DA00008200BF0D5FC002384F8BD3684F8BC562F
:100DB0000523B4E708200BF0BDFC002384F8BD56E2
:100DC00084F8BC360AB0BDE8F0870133062BA6D103
:100DD000F8E794F88C36002BF4D01B4BC4F8A456DB
:100DE000012284F89E56C4F8A85684F89F56C4F889
:100DF000AC5684F8A056C4F8B05684F8A15684F8CE
:100E0000B456C4F88056C4F884561A721A7784F817
:100E10008C56D7E7DA1E0108D81E0108361E0108D5
:100E2000401E01084A1E0108541E01085E1E0108EA
:100E3000681E0108721E01087C1E01081A1E0108A6
:100E4000FE0A0020180B0020000000202DE9F84FBA
:100E50004FF4AA622DED028B0021C8489FEDC88A8D
:100E60000FF05AFAC54A02F5E4730021C2F8C03601
:100E700002F22A566A2303244FF4006015461370C9
:100E8000547182F8C416C2F82066FFF7BDF98020BD
:100E9000FFF7BAF90220FFF7B7F94FF40060FFF748
:100EA000B3F94FF48070FFF7AFF9C823A5F8FA3013
:100EB000B44BDFF83CC3DFF83CE385F832414FF434
:100EC0008037C5E93B73B04BC5F8F4304FF47A7303
:100ED000A5F8343142F22013C5E94AC34FF0A063AC
:100EE000C5F8C431A94B85F828154FF07E58C5E9DF
:100EF00051E340F64303A5F84C312A46A5F8E41027
:100F000085F8E610C5F8FC10A5F80011C5F8E81042
:100F100085F8F810C5F81081C5F81481C5F8188156
:100F200085ED478A85ED488A85ED498AA5F8301117
:100F3000A5F8B81185ED6F8A85ED708AA5F83E1188
:100F40002B462C460329CCBF0122002201F10101CE
:100F500083F84E2114BF1E220522122983F84F2147
:100F600003F10203EED18A4BC4F84031834B0022D7
:100F70004FF47A704FF4FA610132042AA3F8720137
:100F8000A3F8741103F10403F6D1824A824B83491A
:100F9000C4E96323824BC4F8D030A3F1FA73643BF5
:100FA000C4F8D43003F5602303F5CB73C4F8D8300C
:100FB0007C4B00274FF00109C4E9371384F8827194
:100FC00084F894910AF076FD40F6AC53A381764BF9
:100FD000C4F8C83103F10343A3F51D23A3F29D73A5
:100FE000C4F8CC317148724B724AC4F8F821C4E994
:100FF0007403714BC4F8D8312D2384F8DD3141F6E8
:101000001E63A4F8DE316D4BC4F8E031C4F8FC2156
:1010100045F205336A4AA4F8E431C4F81422642383
:101020004B2284F8E63184F8182240F201534FF441
:10103000FA72A4F8E831A4F81A22624BC4F8043218
:1010400040F2DC52C4F80832A4F834255E4BC4F8F0
:10105000F43144F25A125D4BA4F82A254FF07F5127
:101060003222A773C4F81032C4F81C72C4F82C25BD
:10107000A4F8307584F83275C4F8EC11C4F8F01196
:10108000C4F8008284ED838AA4F82272C4F82C325A
:1010900042F62803A4F83032152384F834324C4B3E
:1010A000C4F82472C4F838324A4F4B4B84F8449247
:1010B000DFF83891C4F83C3240F60822474BA4F8D8
:1010C0002822C4F84032BA4609F1080BB84617F88E
:1010D000011B002943D14FF42053A4F8DE324FF412
:1010E0004873A4F8E2323E4BC4F88431C823A4F814
:1010F0008A3184F8DD1284F8E01284F8E41284F86E
:1011000088110C23013B05F1100585ED008AF9D10A
:1011100034494FF4907288180BF026FB31494FF494
:10112000907201F510700BF01FFBD4F82A35C4F84B
:1011300036352D4A73685360B368D4F82A15936026
:10114000C4F842155361012384F84033716811617A
:10115000022384F86034BDEC028BBDE8F88F23488D
:101160000FF028F90028B1D058453FBFA0EB090087
:101170000019A8EB0A0880F83681A7E76004002070
:10118000000000002A005802FA0020006C077503D6
:10119000001E0001000105960101C800B4053200DF
:1011A0004C04D00750463200012828962828783C65
:1011B0000A0A4600CDCCCC3E0002210A1E321E0097
:1011C000000040408FC2F53C000020400000A040DD
:1011D0009A99193FE11E0108F6287C3F1F856B3F55
:1011E0000AC814052806002096090020E015010809
:1011F000190A0A2ADC054C042DE9F843FEF7E0FF42
:1012000010B9032007F04DF9C14C07F017FB4FF45C
:10121000AA62C04920460BF0A7FA94F82865022E6E
:1012200088BF00264FF4907506FB05F504EB050218
:1012300088BF84F8286592F82032022B84BF0023EF
:1012400082F820320C2284F8C43605F5E47702FBDC
:10125000034303F22A5308202744C4F82036C4F875
:10126000C076FEF7D9FF4FF40050FEF7D5FF0120FE
:10127000FEF7D2FF4FF48040FEF7CEFFFEF7C4FF2B
:101280004FF4907303FB0643002283F8452241F29A
:101290000302A3F84622A04AC3F8482202F1805272
:1012A000A2F57E42C3F84C229C4A4FF4866CC3E9F7
:1012B00094C2202283F85822052384F8323640F263
:1012C000AA53A4F8343640F20E63A4F83636944B91
:1012D00001225A77A36846F209021A4203D14FF459
:1012E0000050FEF791FFA368D80703D54FF40050D4
:1012F000FEF792FFA368590409D50820FEF78CFF7A
:101300004FF40050FEF788FF0120FEF785FFA36829
:101310001A0706D54FF40050FEF77EFF0120FEF7B6
:101320007BFFA3689B0402D54020FEF775FF0123D5
:1013300084F8B93194F88C312BB194F8903113B111
:10134000002384F89031DFF8F081C4F8C8860020CB
:1013500002464FF0FF0E04EBC003B3F89A114B089E
:1013600003F077334FEA910909F03339CB1AA3EB35
:1013700009034FEAD10909F01139A3EB090303EB83
:10138000231303F00F33B3FBFEF9C9EB092901F076
:10139000010CA3EB09036244012BD2B207DD022B3F
:1013A0000BD1BCF1000F08D011F0BC0F05D00130FB
:1013B0000428D0D1013A012A01D90AF07BFBFFF7BA
:1013C00023FA302200215748DFF870910EF0A4FF75
:1013D00005F24520394620440AF09AFB4FF49073F9
:1013E00003FB0646C4F8FC9696F8C80105F0BEFA61
:1013F00009F18E03C4F8003794F88431DFED4A6AAE
:10140000C4F844876421C82213FB0123B4F8F21006
:10141000C4F808370023C4F80C37C4F81037C4F8F0
:101420001437C4F81837C4F81C37C4F82037A4F8A8
:101430002437C4F82837C4F82C3707EE901A09F17E
:101440000603C4F83437A9F11E03B4F8F410C4F845
:101450003837F8EE677A09F19A03C4F8403709F291
:101460005263C3ED017A07EE901AB6F82812A4F879
:10147000481796F8441284F84A1794F88F1184F8A4
:101480005417B6F8E212C4F8583707EE101AF8EEFF
:10149000677AB8EEC77AC3ED027AC6EE877A05F5A9
:1014A0000C732344C4F85C3705F2DD2509F26A6346
:1014B000A9F126022544C4F83C27C4F864774FF00C
:1014C0007E519FED1A7A67EE877AC3ED007A09F2B2
:1014D0007263C4F86455C4F8A025154A1A604FF029
:1014E0007C5209F286695A6000229A60D9601A61BA
:1014F000104BC9F80030C9F80410C9F80820C9F821
:101500000C10C9F81020BDE8F84307F0AFB900BFD0
:101510006004002000F003083001030010050010F3
:10152000000000202C0B0020000061444C3D0F44C3
:101530000AD7233CCDCCCC3D960500205605002093
:101540002DE9F74F07F07AF9434B6A221A704FF4EE
:10155000AA625A80BE221A71EF22A3F84E2540F2E9
:10156000515100221846013955D13C4B80F84F2586
:101570001A69120604D53A4A5A6002F188325A6052
:10158000364C384E03254FF03409C4F80C900AF05D
:101590007FFA0428DFF8C08038D1236943F00203C2
:1015A0002361314B6361236943F0400323610AF0F7
:1015B0006FFA2369042823F00203236126D14FF038
:1015C000000BDA4658F8047BCDF804A00AF060FA64
:1015D00004281BD1236943F0010323610BF100634D
:1015E00003F57C33BAB21A800AF052FA042816D1F5
:1015F0000BEB06030193019B3F0C1F800AF048FA96
:101600002369042823F0010323610DD0013D15F067
:10161000FF05BAD10DE013F8014B6240A3E723693F
:1016200023F001032361F1E70BF1040BBBF5AA6F73
:10163000C8D10A4A1369042843F08003136102D118
:10164000FEF7BEFD10B9042006F02BFF03B0BDE885
:10165000F04F07F00BB900BF6004002000200240EB
:101660002301674502F0030800F003082DE9F04F5D
:10167000D54ED6F82086B6F96EE5B8F80A202DEDDD
:10168000048B9645A9B0C0F2B581BEF5FA6F98F803
:101690000740BDBFAEEB020313FB04F3C2F5FA62D1
:1016A000C4F16403BCBF93FBF2F3C3F16403019381
:1016B000B6F844310393C54BD6F8C0B6069303F58C
:1016C000107203F13C070592A3F5AD6503F24322C6
:1016D00008F10403DA460492002064210793069B74
:1016E00033F9022B029206931346039A9B1A03F2D4
:1016F000F31240F2E634A24200F27E81002BB8BF22
:101700005B42022800F07B819BF815211AB19A42B6
:10171000B4BF9B1A0023B3FBF1FC05EB4C024FF660
:101720009C74B2F9AE97B2F9B0271CFB043CA2EB53
:1017300009020CFB02F292FBF1F24A443A80079A4A
:10174000125C12FB03F3A24A93FBF2F3019A643397
:101750009BB2534393FBF1F31AF8012F059C5A43B4
:1017600092FBF1F204F8012B9AF8162005945A43E3
:10177000049B92FBF1F203F8012B022804931EBF95
:10178000944B019AC254DDE9023208BF85F8BE17B6
:101790009342B8BF3B8800F10100BCBF5B423B8075
:1017A000032807F102079AD1DFF83492D5F814869E
:1017B000B9F91E30581C0DD018F0080F0AD0D5F812
:1017C0009825323B934205DC40F2DC539E45C8BF6E
:1017D000A5F86E3595F8EF351BB1B9F81430A5F8BA
:1017E0006E35B5F96E35B5F846219342C0F23281B7
:1017F000B3F5FA6FA8BF4FF4FA639B1A4FF47A71EE
:101800004B43C2F5FA626424B3FBF2F393FBF4F1A9
:1018100005EB41026FF06307B2F9C007B2F9C227C6
:1018200007FB0133121A534393FBF4F30344A5F867
:10183000AA35B5F8D837590639D5B5F81836B9F8F4
:101840001620DFED657A9FED650A9B1A1BB205EE47
:10185000903AF8EEE55A65EEA75A35EE800AFEF7A3
:10186000FFFDB0EE405AB0EE650AFEF7F9FDB5F99E
:10187000A63506EE903AB5F9A43507EE103AF8EE23
:10188000E66AB8EEC77A67EE007A20EE660AE6EE00
:10189000857AA7EE050AFDEEE77ABDEEC00A10EEE6
:1018A000103AA5F8A43517EE903AA5F8A635D5F864
:1018B000DCA71AF0020F00F0E280D5F8E027D5F897
:1018C000E43745F20721D31A8B4240F3D880022037
:1018D000C5F8E42709F002FCC2075EBFC0F3CF04DD
:1018E0001923B4FBF3F495F8E837D5F8EC2705EBAA
:1018F000430148BF4FF6FF74B1F8F007A1F8F04775
:10190000121A144401336422B3FBF2F102FB1133C7
:1019100085F8E83795F8B838C5F8EC47632B9EBFD3
:101920000133DBB285F8B838B4FBF3F495F8B93875
:10193000A7B2032BA5F8C07540F08E800A2F40F2A5
:101940009E8099F8201001EB810101EB81010023B9
:101950004FEAC11B01EB01114FF416721FFA8BFB0A
:10196000C90085F8B938282041F26803A5F8BA28DB
:10197000A5F8BC38A5F8C018A5F8BEB806F082FDD9
:101980002A21B7FBF1F107EB8707013107EB870746
:1019900089B2BF000829BFB228BF0821A7EB0B07F7
:1019A0004FF4167241F268037A43A3EB0B0389F8F4
:1019B000201092FBF3F3A5F8C238034AB2F8C038FE
:1019C000A4B2633BA3420DE060040020C8090020DC
:1019D0000CFEFFFF1C0C002035FA8E3CDB0FC93FCC
:1019E000000000204BDD0123082082F8B93806F002
:1019F000C7FD44E064235AE64FF4FA7381E69BF88E
:101A000016211AB19A42B4BF9B1A0023B3FBF1FC12
:101A100005EB4C024FF69C74B2F92496B2F92626D7
:101A20001CFB043CA2EB09020CFB02F295F9EEC090
:101A300092FBF1F2CCF1000C4A4412FB0CF2A5F837
:101A4000A82598F8062012FB03F3AF4A93FBF2F3A4
:101A5000643381E61346D0E60A2F00F2AD800323FB
:101A600085F8B938002389F82030A5F8C038A5F8E2
:101A7000BE38A5F8BC38A5F8BA38A5F8C2381AF4AB
:101A8000006FA24C59D0D4F8E027D4F8C43845F2FE
:101A90000721D31A8B4250DDD4F85C35C4F8C42832
:101AA000D4F8C828C4F8C8380120A3EB020B09F009
:101AB00015FB00B2632840F3B080642390FBF3F081
:101AC00007EE900AF8EEE77AB2EE047AC7EE876A7C
:101AD0009FED8F7AC6EE877AFCEEE77A17EE903AA2
:101AE000B3F5803FAABF00221A461346C4F8CC289B
:101AF0009BB2DFF82CA2D4F8D078DAF80420E3FB0C
:101B00000B7291460023834A384649460AF044FF47
:101B1000C317B0F5803F73F100032ABF00230346CB
:101B20001846C4F8D838B4F8C238C4F8D0781B1AAC
:101B30009BB2CAF80490C4F8DC3818F4805F02D075
:101B40000A2006F01DFDD4F8E098B9F1000F22D06C
:101B5000D4F85C35D4F8E4289A421CD894F8EA38D2
:101B6000B4F8E878002B5AD1D9F80430012284F86F
:101B7000EA28DB5D3BB137B999F80030053B934269
:101B800001D806F02DFBD9F80430DB5DFE2B4AD1DD
:101B90000023A4F8E83894F8EC154B074FF0080040
:101BA00051D5FEF741FB0720FEF74AFB0620FEF762
:101BB00047FB594F0023B6E0012B05D0022B1FD065
:101BC000002B3FF4FAAE5AE795F8EC3523F0020308
:101BD00085F8EC35B5F8BE38A4B2633BA34204DD0A
:101BE000022385F8B938072014E0B5F8C03864330B
:101BF0009C420EDD002385F8B938FEF759FD3EE71B
:101C0000B5F8BE38A4B264339C42ECDD012385F8FC
:101C1000B938082006F0B4FCEFE7002369E7002399
:101C200084F8EA38AFE7FF2B02D106F097FCB2E761
:101C3000D4F85C250A2113FB01230137C4F8E438EA
:101C4000A4F8E878A7E7FEF7FBFA18F0010F10D127
:101C500094F8EB381F0702D594F800364BBB0720E9
:101C600021F0010184F8EC15FEF7EAFA0620FEF7F0
:101C7000DBFAB4F8503594F8EC78580724D56FB9EE
:101C800026483A464FF4967107F0D0F8F0B1012398
:101C900084F8EC38C4F82877C4F82C7794F8EB383B
:101CA0001B0713D50220FEF7CBFA002384F8EC388B
:101CB0000CE041F00101072084F8EC15FEF7B4FABE
:101CC0000620FEF7BDFAD4E7002FE7D1B4F8C035FF
:101CD000222B11D90023032084F80136FEF7B0FA35
:101CE000FEF7BAFA00283FF464AF94F8EC3523F01D
:101CF000010384F8EC355CE70123032084F8013606
:101D0000FEF792FAECE700BF0CFEFFFF6004002034
:101D10006F12033B80EE3600540E0020880B00202B
:101D2000300D0020132397F84A800193B8F1010F7A
:101D300040F0BE813B68C4F8F078C4F8F4384FF046
:101D400005094FF0000BD4F8F40803685B68984766
:101D5000002800F06D81D4F8F4080368DB68984728
:101D6000D4F8F0A89AF84830052B12D8DFE803F031
:101D7000030A9FA4B3BD242840F0CD8001238AF834
:101D8000483006E0A0F14D014842484140008AF841
:101D900048009AF84830062BD5D19AF849307C2B68
:101DA00000F2CC80002B00F016875A1E7B2A00F22E
:101DB0000D87DFE812F0160123018F019A01AF01B0
:101DC0000B070B070B070B070B070B070B070B0783
:101DD0000B070B070B070B070B070B070B070B0773
:101DE0000B070B070B070B070B070B070B070B0763
:101DF0000B070B070B070B0755040B0799050B0780
:101E00009E050B07BF050B07D1050B07D7050B0771
:101E10000B070B070B070B0726060B077C040B07AA
:101E20006D060B07AC050B071F034E040B07500391
:101E30000B070B072D060B073F060B070B07DB06EF
:101E40009206B2060B075A030B07F5050B070306AC
:101E50000B070B070B070B070B070B070B070B07F2
:101E60000B070B070B070B070B070B070B070B07E2
:101E70000B070B070B070B070B070B070B07F301F0
:101E8000A7020B07DD02F0020B070B070703150380
:101E900024035F03A1030B0716055B05A50441049A
:101EA0000B07ED040B070B070B07F90600073C288F
:101EB00014BF0023032362E7402802D98AF848B000
:101EC00067E78AF805008AF804B08AF807B08AF84C
:101ED0000600042353E79AF806308AF84900434085
:101EE0008AF806308AF8489053E79AF804309AF84E
:101EF00005109AF80620994208D942408AF806202F
:101F00005A1C53448AF80420187242E790420CBFCE
:101F10000623002333E794F8EC355A073FF539AF31
:101F2000D4F8F8381B7883427FF433AF8F4B904A54
:101F3000C3F8FC2F8F4B904ADA602AE7F02B00F0B1
:101F4000B2843CD8DD2B00F02586DE2B00F02686FF
:101F5000A02B00F0B684C72B40F23D86C83B2A2B4D
:101F600000F23986DFE813F0B506370603073706B7
:101F7000DD07880892081B08800837069C06AC0617
:101F8000B00637066008370637066E087B08370646
:101F90003706370637063706370637063706370659
:101FA0003706370637063706370637063706370649
:101FB000370637063706E20637063706B006FE2B29
:101FC00000F06484FF2B00F06981F22BC3D9FA2B57
:101FD00040F0018694F8EC355B0740F16C8600F028
:101FE000FABD032006F027FC002006F0C5FB002008
:101FF00006F0C2FB182006F0BFFB0FE0082006F039
:102000001AFCDFF884914FF0000819F8010B08F171
:10201000010806F0B1FBB8F1080FF6D1D4F8F0389A
:10202000987906F0A9FBD4F8F038002283F848200C
:1020300094F8BF39002B3BD0D7F80080D8F8003097
:1020400040465B699847002801F05681D4F8DC3798
:102050004A49D8044CBFD4F83837D4F83C3794F800
:10206000C0099B8800221BB25FFA82FC8445C1F044
:10207000488109F0A5F8322006F004FA002394F80C
:10208000C0193F4A9C46D8B28842C1F03F813220F5
:1020900006F0F8F9D4F8DC37590306D5A3685A03DB
:1020A00003D440F2DC5006F0EDF9324B324ADA60EC
:1020B000019B132B07F14C077FF434AED4F8943A0C
:1020C000002B01F044812F4829B0BDEC048BBDE802
:1020D000F04F1847032006F0AEFB022006F04CFB41
:1020E000022006F049FB002085E7102006F0A3FB44
:1020F0000C2006F071FBDFF894904FF0000819F8FF
:10210000010B08F1010806F037FBB8F10C0FF6D10E
:102110000020D5E01A2006F08EFBDFF874904FF017
:10212000000819F8010B08F1010806F025FBB8F1C9
:102130000B0FF6D1DFF85C904FF0000819F8010B97
:1021400008F1010806F018FBB8F1080FF6D1DFF826
:1021500048904FF0000819F8010B08F1010806F04B
:102160000BFBB8F1070FF6D158E700BF0090002035
:10217000EFBEADDE00ED00E00400FA05F00B00203C
:10218000240E0020FC0E0020EA1E0108F31E0108A8
:10219000001F01080B1F0108141F01080B2006F087
:1021A0004AFBB4F8500506F017FBD4F8FC28CB4BDB
:1021B0009A420CBFB4F80009B4F8020980B206F0E4
:1021C0000BFBD6F80439C3F3C000C3F380028000D0
:1021D00040EA4200C3F340021043C3F3401240EA16
:1021E000C200C3F3001340EA031000F01F0006F022
:1021F000F3FAB6F8D82796F8EC35D6F8141696F810
:102200000889DFF8E0C2500000F00200C3F3800349
:102210000343C2F3400043EA800302F00800034393
:10222000C2F3800043EA0013C2F3801043EA401374
:1022300001F4E0701843C2F3001340EA4320C2F3F4
:10224000401340EA8320C2F3002340EAC32001F494
:102250007F23034301F480100343C2F3402043EA89
:10226000405301F00071C2F380220B43002043EA87
:1022700082634FF0010E0246424504D306F0B5FAE0
:1022800094F82805B7E61CF8011B0EFA01F1194273
:102290001CBF0EFA02F108430132EDE70023B4F847
:1022A0005015A4F8243901220A420CD101335200FE
:1022B000092B92B2F8D1022006F0BDFAB4F8240935
:1022C00006F08AFAAAE69BB2013B072B05D8DFE8A5
:1022D00003F0080A0C0F111315170123A4F8243971
:1022E000E9E70223FAE74023F8E74FF48073F5E7C4
:1022F0008023F3E72023F1E71023EFE70823EDE73E
:102300000423EBE7122006F096FA754BB5F926097F
:102310005B8CB3F5806F88BF4FF0080890FBF8F036
:1023200080B206F059FAB5F9280990FBF8F080B2AE
:1023300006F052FAB5F92A0990FBF8F080B206F0DF
:102340004BFAB5F82C0906F047FAB5F82E0906F055
:1023500043FAB5F8300906F03FFAB5F8320906F04D
:102360003BFAB5F8340906F037FAB5F83609A7E7AD
:10237000102006F060FADFF870914FF00F0808F1B6
:10238000FF3819F8010B5FFA88F806F0F5F9B8F193
:10239000FF0FF4D142E694F83809DFF8509140007D
:1023A00000F0FE0006F047FA4FF0000894F83839C4
:1023B0009845BFF433AE39F8020B06F00DFA08F178
:1023C0000108F3E7062006F036FAB4F83A0906F0F9
:1023D00003FAB4F83C0906F0FFF9B4F818066FE701
:1023E000062006F028FAD4F8980506F0FEF9B4F8AD
:1023F000400965E7042006F01EFA002070E207207D
:1024000006F019FAB4F8C005FF28A8BFFF20C0B233
:1024100006F0B2F9D4F8DC384FF6FF784345A8BF90
:10242000434623EAE37080B206F0D6F9B4F84409D3
:1024300006F0D2F994F83331D4F8CC0843B10A232A
:1024400058434045A8BF404620EAE07080B237E7D5
:1024500000F30F00FAE7022006F0EDF994F88E0180
:1024600006F08AF994F88D01C5E5022006F0E3F93B
:10247000A08925E70B2006F0DEF9D5F8203618787C
:1024800006F07AF9D5F82036587806F075F9D5F8BF
:102490002036187906F070F9D5F82036587906F00C
:1024A0006BF9D5F82036987906F066F9D5F820361C
:1024B000D87906F061F9D5F82036987806F05CF9FD
:1024C000D5F82036D87806F057F9D5F8203658894F
:1024D00006F082F9D5F82036187A8CE500540040D1
:1024E00000000020690D0020F00B0020C80900202A
:1024F0000000C84200007A44212006F09CF9D4F87C
:10250000C0361B78022B4FF000087DD11FED089AD2
:102510005FED088AB2EE048AD6F8C03603EB880372
:1025200093ED090A20EE080A0CF012FC80F3080073
:10253000C0B206F021F9D6F8C03603EB880393ED5C
:102540000C0A20EE090A0CF003FC80F30800C0B26C
:1025500006F012F9D6F8C03603EB880393ED0F0AA4
:1025600020EE280A0CF0F4FB80F30800C0B208F15A
:10257000010806F001F9B8F1030FCDD1B8F1070F4A
:10258000D4F8C0362AD193ED120A20EE080A0CF0D6
:10259000DFFB80F30800C0B206F0EEF8D4F8C036D6
:1025A00093ED130A20EE080A0CF0D2FB80F308002A
:1025B000C0B206F0E1F8D4F8C03693F8503000EE1F
:1025C000103AB8EE400A0CF0C3FBFF28A8BFFF206A
:1025D000C0B206F0D1F84FF00808CFE7434458786E
:1025E00006F0CAF8D4F8C0364344187B06F0C4F8A5
:1025F000D4F8C036434408F10108D87D06F0BCF891
:10260000B8F10B0FBAD109E5D4F8C0364344587875
:1026100006F0B2F8D4F8C0364344187B06F0ACF8A4
:10262000D4F8C036434408F10108D87D06F0A4F878
:10263000B8F10B0FE8D1F1E42F2006F0FCF8DFF839
:102640003C8418F8010B00283FF4E8AC06F094F83D
:10265000F7E7012006F0EFF8D4F8C0361878CAE49E
:10266000502006F0E8F8DFF818A44FF000094FF00A
:102670000C0BD4F8C03603EB890809F1010998F86E
:102680007D300BFB03A393F8500006F075F898F823
:102690007E0006F071F898F87F0006F06DF898F863
:1026A000800006F069F8B9F1140FE2D1B6E44820D1
:1026B00006F0C1F84FF000094FF0060AD5F8C03611
:1026C0000AFB093809F1010998F8D20006F054F81C
:1026D00098F8CD0006F050F898F8CE0006F04CF8C7
:1026E00098F8CF0006F048F898F8D00006F044F8C3
:1026F00098F8D10006F040F8B9F10C0FDED18DE466
:10270000022302934FF0000A4FF0010BD949D94B35
:1027100094F80809CB1A83420CDB029B012B3FF48F
:102720007DAC5FFA8AF006F086F8012302934FF041
:10273000000BEBE711F8010B00230C2202FB03F85E
:10274000CD4A18F802C0844503D001331C2BF4D1C4
:10275000DDE7C94B03919844D8F804000AF0B0F8BB
:1027600003990346BBF1000F10D08244CFE7D8F89D
:10277000040010F80900CDE9031305F0FDFFDDE9C1
:10278000031309F101094B45F1DCC0E7D946FAE72B
:10279000DFF8ECA294F80809DFF8D89206F04BF8BD
:1027A0004FF000084FF00C0B0AF1480294F808397A
:1027B0009845BFF433AC19F8010B00210BFB01F372
:1027C00013F802C0844505D001311C29F6D108F167
:1027D0000108EBE7534493F8500005F0CDFFA64AFB
:1027E000F5E7162006F027F8B6F8440105F0F4FFE7
:1027F000B6F8D00005F0F0FFB6F8D20005F0ECFF17
:10280000B6F8D40005F0E8FFB6F8860105F0E4FF5D
:10281000002005F0B1FF002005F0AEFF002005F01C
:10282000ABFF96F8330105F0A7FF96F8400105F0DD
:10283000A3FF002005F0A0FFD6F8C036B3F95A0078
:102840000A2390FBF3F080B205F0C6FF96F828014A
:1028500005F092FF96F82C0105F08EFF96F82B01FB
:1028600005F08AFF96F82D01FFF7C5BB082005F09B
:10287000E2FF4FF001085FFA88F008F1010805F067
:102880007BFFB8F1090FF6D1FFF7C8BB082005F0B0
:10289000D2FF002005F0A0FF002005F09DFF0020E2
:1028A00005F09AFF34E4042005F0C5FFD4F8C036E3
:1028B000B3F85E0005F090FFD4F8C036B3F85C00C2
:1028C000FEE4DFF8C0810C2005F0B5FFD8F8AC07B6
:1028D00005F08BFFD8F8B00705F087FFD8F8B407EC
:1028E00005F083FFFFF79ABB042005F0A4FFA06862
:1028F000F6E7062005F09FFFB4F8E80005F06CFF4E
:10290000B4F8EA0005F068FFB4F8EC00D8E404205D
:1029100005F091FF94F8280105F02EFF94F82C01A2
:1029200005F02AFF94F82B0105F026FF94F82D01FD
:10293000FFF761BB072005F07EFFB4F82E0105F01C
:102940004BFFB4F8300105F047FF94F8320105F071
:1029500013FFB4F83401B3E4012005F06CFF607993
:10296000FFF749BB0C2005F066FF94F83E0105F027
:1029700003FFB4F8480105F02FFFB4F8440105F057
:102980002BFFB4F8460105F027FF94F83F0105F04E
:10299000F3FEB4F84A0105F01FFFB4F84C018FE4D0
:1029A000042005F048FF94F8840105F0E5FE94F852
:1029B000850105F0E1FEB4F8860181E494F8380958
:1029C000DFF8C48000EB4000C0B205F034FF4FF0E8
:1029D000000994F83839994508F10208BFF41EAB94
:1029E00098F84C0105F0C8FE98F84D0100EB800006
:1029F00000EB800000F2EE2005F0EEFE09F1010987
:102A0000E7E7012005F017FF94F84001FFF7F3BA5C
:102A1000082005F010FFDFF874904FF0000819F857
:102A2000010F08F1010805F0A7FEB8F1080FF6D173
:102A3000FFF7F4BA102005F0FEFE607905F09CFE69
:102A4000A06805F0D2FE94F83E0105F095FEB4F8BA
:102A5000E80005F0C1FEB4F8EA0005F0BDFEB4F8E8
:102A6000EC0005F0B9FEB4F82E0105F0B5FEB4F89F
:102A7000300125E4690D002028160108F51501082C
:102A8000E015010800F0FF1F6004002095050020FC
:102A900094F84609DFF80084C0EBC000C0B205F02E
:102AA000CAFE4FF0000908F6481A4FF00C0B98F9CF
:102AB000980100230BFB03F212F90A20824200F076
:102AC0002D840133042BF5D109F10109B9F1040F6B
:102AD00008F10808EBD1FFF7A1BADFF8A8830D20B1
:102AE00005F0A9FE09F0FCFC05F046FEB8F824004C
:102AF00005F07BFED8F8300005F077FE94F87839C1
:102B000094F87909834296BFC31AC3F18003002069
:102B10001844D4F87C391844E2E605F083FE804678
:102B2000842005F088FE404605F05FFED54B1A6B09
:102B300008F1800393428CBFA2EB08094FF0800993
:102B400009F0FAFC4A46404608A909F093FD0DF148
:102B5000200881464FF0000ACA45BFF65FAA18F860
:102B6000010B05F009FE0AF1010AF5E7132005F053
:102B700062FEDFF828934FF0000819F8010B08F106
:102B8000010805F0F9FDB8F10B0FF6D1002005F0B2
:102B90002CFE32E405F03CFEFFF740BA05F042FEA1
:102BA00005F040FEFFF73ABA022005F044FEB54BAF
:102BB000D88BFFF785BB032005F03DFE94F8ED05AB
:102BC00005F00AFEAF4B187CFFF715BA4E2B3FF607
:102BD000C2A9222B03D808F09BFEFFF71FBA233BA4
:102BE0004FF000082B2BF6D801A252F823F000BFBB
:102BF000592E0008D72B0008CF300008D72B00082B
:102C0000DD300008D72B000819310008D72B000849
:102C1000D72B0008D72B00083B310008D72B000822
:102C2000D72B0008D72B0008D72B0008D72B00087C
:102C3000EF310008D72B0008D92E0008D72B000849
:102C40006B320008D72B0008F7300008D72B00089C
:102C5000D72B00085D2D0008D72B0008432D000856
:102C6000D72B0008D72B0008F9310008D72B000814
:102C700029320008E9320008D72B0008D72B0008BA
:102C8000D72B0008A5300008D72B0008552D0008C9
:102C9000D72B00087F310008D72B00089931000896
:102CA00094F8EC355B070FD405F0A8FD032828BF86
:102CB000002084F82805FEF743FCFEF79DFA03E0A8
:102CC00005F0A6FDA4F8B606002005F0B4FDFFF758
:102CD000A5B99AF80580B8F1250F00F2D0800DF162
:102CE00020094FEA5808CB464FF0000AC2450CD3E2
:102CF000654943460022084690450DDC0022122B10
:102D000010D1012384F8A439DEE705F081FD0AF132
:102D1000010A2BF8020BE9E739F802CB21F802CBC4
:102D20000132E9E720F813200133E8E705F070FDF0
:102D3000D4F8C086A8F85E0005F06AFDA8F85C002B
:102D4000C2E705F05BFD84F88E0105F057FD84F8BD
:102D50008D01B9E705F05CFDA081B5E7D4F8C08628
:102D600005F04CFD88F8000003F000FEACE7D4F855
:102D7000C08698F80030022B5DD19FED449ADFEDBC
:102D8000448A08F1240908F1300AB2EE048A05F0F9
:102D900035FD07EE900AF8EE677A87EE887AA9EC9F
:102DA000017A05F02BFD07EE900AF8EE677A87EEC0
:102DB000897A89ED027A05F021FD07EE900AF8EE96
:102DC000677ACA4587EEA87A89ED057ADFD108F1DE
:102DD00004094FF0030ABAF1070F1FD105F00EFDE9
:102DE00007EE900AF8EE677A87EE887A88ED127A15
:102DF00005F004FD07EE900AF8EE677A87EE887A10
:102E000088ED137A05F0FAFC88F850000AF1010AFF
:102E1000BAF10B0F09F10109DDD155E705F0EEFC20
:102E200089F8000005F0EAFC89F80B0005F0E6FCE3
:102E300089F81600EAE708F10B0905F0DFFC08F84D
:102E4000010F05F0DBFC88F80B0005F0D7FCC1454D
:102E500088F81600F1D137E705F0D0FC132880463A
:102E60000DD8D4F8C09605F0C9FC0A4A0023117A9F
:102E7000814215D001331C2B02F10C02F7D108F06E
:102E800047FD21E700000020E00D00200000C842BF
:102E900000007A442816010860040020001F010881
:102EA000DC4A0C2101FB032309EB880893F8483026
:102EB00088F87D3005F0A2FC88F87E0005F09EFCC5
:102EC00088F87F0005F09AFC494688F8800009F1EF
:102ED0007D0008F01DFEF7E605F090FC0B2881460A
:102EE000CDD8D4F8C08605F089FC0328C7D80623BE
:102EF00003FB098888F8D20005F080FC88F8CD0033
:102F000005F07CFC88F8CE0005F078FC88F8CF004E
:102F100005F074FC88F8D00005F070FC88F8D1004A
:102F2000D2E69AF80530092BA9D9D5F8208605F004
:102F300065FC88F8000005F061FC88F8010005F0E8
:102F40005DFC6428A8BF642088F8040005F056FCE6
:102F50006428A8BF642088F8050005F04FFC88F8B5
:102F6000060005F04BFC642828BF642088F80700A1
:102F700005F044FC88F8020005F040FC88F80300E6
:102F800005F046FCD5F8F038A8F80A005B790A2B62
:102F90007FF69AAE05F032FC88F8080094E605F05A
:102FA00037FC6FF4AF6C00EB0C039BB2C62B98BFE1
:102FB000A4F8440105F02CFCA5F8D00005F028FC8D
:102FC000A5F8D20005F024FCA5F8D40005F020FCFB
:102FD000A5F8860105F012FC05F010FC05F00EFCCA
:102FE00005F00CFC85F8330105F008FC85F840017C
:102FF00005F004FC05F00CFCD5F8C03600EB8000B1
:103000004000A3F85A0005F0F9FB85F8280105F007
:10301000F5FB85F82C0105F0F1FB85F82B0105F097
:10302000EDFB85F82D014FE6DFF8F0914FF0000839
:1030300005F0EEFB08F10108B8F1080F29F8020BC2
:10304000F6D141E694F8EF35002B7FF43DAE05F064
:10305000DFFB714B84F8ED0501221A7434E605F0AC
:10306000D7FB6D4BD8832FE694F8EC3558073FF526
:103070002BAEFDF7EBFE1EE694F8EC3559073FF555
:1030800023AE4FF4C873A4F852351DE694F8EC351E
:103090005A073FF519AE94F8EB3843F0040384F86F
:1030A000EB3811E645F2082009F038FA062007F05F
:1030B000E7FF0123C72084F8BE3907F0E1FF0023B2
:1030C00084F8793984F87839C4F87C39FCE5C4F897
:1030D000088005F0A7FBFDF797F8F5E505F098FBEC
:1030E000A4F8E80005F094FBA4F8EA0005F090FBD2
:1030F000A4F8EC00E8E505F081FB84F8280105F070
:103100007DFB84F82C0105F079FB84F82B0105F098
:1031100075FB84F82D01D7E505F07AFBA4F82E01A4
:1031200005F076FBA4F8300105F068FB84F8320165
:1031300005F06EFBA4F83401C6E505F05FFB84F8EA
:103140003E0105F065FBA4F8480105F061FBA4F819
:10315000440105F05DFBA4F8460105F04FFB84F83F
:103160003F019AF80530082B7FF6AEAD05F050FB15
:10317000A4F84A0105F04CFBA4F84C01A4E505F0C5
:103180003DFB84F8840105F039FB84F8850105F0E6
:103190003FFBA4F8860197E59AF80580B8F1380F4F
:1031A0003FF66DAEDFF878904FF0000A40F6CA0B9C
:1031B0000323B8FBF3F8C24509F10209BFF484AD5B
:1031C00005F01CFB89F84C0105F022FB5845A8BF0F
:1031D000584640F2EE239842B8BF18461922B0FB79
:1031E000F2F01E3889F84D010AF1010AE3E705F013
:1031F00005FB84F8400167E5DFF828904FF00008F0
:1032000005F0FCFA08F10108B8F1080F09F8010F00
:10321000F6D159E5E015010800000020060E002057
:10322000600400209505002005F0E8FAC4F8088045
:1032300005F0F8FAFCF7E8FF05F0E0FA84F83E0143
:1032400005F0E6FAA4F8E80005F0E2FAA4F8EA00CE
:1032500005F0DEFAA4F8EC0005F0DAFAA4F82E0185
:1032600005F0D6FAA4F830012EE59AF805304FF0B3
:103270000708B3FBF8F8C8EBC8029B1ADBB2002BB7
:103280007FF4FDAD5FFA88F808F1FF385FFA88F83F
:10329000B8F1FF0F3FF418AD05F0B0FAD4F8F828F4
:1032A00040B20023911C11F933C0844503D001338F
:1032B000042BF8D1E3E502EBC30989F8020005F01D
:1032C000A7FAA9F8040005F099FA89F8060005F0B4
:1032D00095FA89F8070005F091FA89F8090005F0D8
:1032E0008DFA89F80800CFE71B4B4FF480421A850E
:1032F000012384F8BF39E7E40A2005F0C3F8FEF79C
:103300009DBE21F8023B0132FEF7AEBE52F8040B1F
:1033100000680133C0F800C0FEF7B5BEC0B205F0CA
:103320002BFAB8F89A0105F057FA98F89C0105F0C5
:1033300023FA98F89D0105F01FFA98F89F0105F00F
:103340001BFA98F89E0105F017FAFFF7BDBB29B0EC
:10335000BDEC048BBDE8F08F0008004808B5FEF70F
:10336000EFF8FDF749FFBDE80840012005F02EB950
:103370002DE9F04FB44DD5F8E02795F8A46A02F591
:103380009C4320338BB0C5F8A03A002E00F0DF80BC
:10339000D5F8A83A9A4202D9013E85F8A46AAA4C07
:1033A000D4F8DC8718F48053019305D0D4F8143690
:1033B000D80701D4FDF7A9F9D4F8C826937A23B326
:1033C00004EB4303127BB3F966351AB1C3F53B63D3
:1033D00008331BB2A3F57A73B3F57A7FA8BF4FF415
:1033E0007A7323EAE37307EE903ADFED986AF8EE1A
:1033F000E77A87EEA67ADFED967A67EE277AFCEE1B
:10340000E77A17EE903AA5F8443918F4807F00F077
:103410003081D4F8E0178F4A94F80637914240F291
:10342000258113B9012384F8063794F8256794F8A9
:10343000EC25D4F814A6012E02F0040B14BF0327C8
:1034400000274FF00009A2E1072C98BF195D8248C0
:103450007B6B88BF21469847032C19D8C0B1D5F89B
:10346000C83603EB84039A8FDB8F801A9B1A08FB04
:1034700000F090FBF3F040F2EE2300F57A709842F2
:10348000B8BF184640F6CA039842A8BF184680B293
:1034900005EB44040136A4F8AC0A95F838B9D5F820
:1034A000C836F4B2A345CFD8D5F8DC27D5F85C05EB
:1034B000019042F201010A40039208D095F83926A2
:1034C00085F83826654A92F8391082F8381095F850
:1034D0003886B8F1000F04D0604A92F8388088F03E
:1034E000010895F8D17A01995D4C0F2285F8D02A10
:1034F0000322B7FBF2F202EB420201F51671BA1A8F
:10350000D2B20591A4F5AD61049204F26A5904F2B5
:10351000B45A2246002602915E451CDB4A4E96F8BC
:10352000D03A0F2B6DD1D6F814365B0169D4D6F89A
:103530005C35D6F81027C6F80C379B1AC82B02D971
:10354000012386F82537013786F8D17A27E7434FDC
:103550004FF47A78A1E7B8F1000F33D0414931F93F
:103560001600998A80B281422ED8D98A81422BD303
:103570000599CAF80010039900B2D9B1049929F845
:103580001100029991F8641B29B9022F12D90298EF
:10359000012180F8641BB9F80010B9F80200084452
:1035A000B9F804100844304900B221F8160003218C
:1035B00090FBF1F022F8020B013609F106090AF13D
:1035C000040AA9E74046CCE7DAF8001001988142E6
:1035D00001D91088CFE7F0B2CDE9063205F05EF9E7
:1035E000032EDDE90632C6DCDFF85CE04FF0010CAB
:1035F0009EF8D01A0CFA06FC21EA0C018EF8D01ABB
:10360000B9E7164B012283F8392083F83820D6F821
:103610005C35D6F80C27C6F810379B1AD6F8082761
:10362000934202D9002386F825374FF0000807E0BF
:103630005FFA88F005F032F924F8020B08F101086E
:10364000C345F5DC7FE700BF6004002000007A443A
:1036500000C07F44404B4C00980D0020000000202B
:10366000C80900200C0F0020C60F0020002B7FF49B
:10367000DCAE019BB4F96E95002B00F0E580B4F848
:103680004431B4F8DE20991A494580F2E0801344B1
:103690004B4540F3DC80FDF715F8FDF721F84FF0BE
:1036A000000AAC4B93F83AB094F8EC35590740F166
:1036B000D58018F0100F00F0D18094F8EB38DA06BE
:1036C00000F1CC80BBF1000F00F01D8194F88E3129
:1036D000BAF1000F40F006813BB1D4F85C15D4F884
:1036E0001C365B1A002BC0F2B580102004F048FF96
:1036F000012384F8843BB1E0BBF1000F0DD0012E13
:1037000005D00520FCF790FD022384F8ED35002F4D
:10371000AFD0384604F034FFABE71AF0806F4FF4B7
:10372000806005D009F014F80023C4F81437EEE7E0
:1037300009F000F8F8E7012E29D1052125E0012E36
:1037400004BF052184F82417BBF1000F0FD0D5F872
:10375000801BB1F90E10A5F86A15A5F86C15A5F82F
:103760006815D5F800174988A5F86E156746D4F88E
:103770005C05D4F81817814202D3BBF1000F60D169
:1037800042F21071C4F82017032184F8241794F82A
:1037900024C794F8EC05BCF1050FB8D801A151F885
:1037A0002CF000BFF9360008373700083F37000813
:1037B000BD370008ED3700082538000840F002004A
:1037C00085F8EC05FCF7A1FFD5F85C05D5F82017C6
:1037D0000144C5F81C17042185F824174FF48060B4
:1037E00008F0A8FF0520FCF72BFDD0E7012E11D132
:1037F000D4F85C35D4F81C17994288D2554991F811
:103800003A1011B91AF0010F81D120F0020084F8AA
:10381000EC0592E7D4F85C25D4F820371344C4F8BB
:103820001C3774E7D5F80007D5F85C15C08885F813
:103830000797642303FB0011C5F8141785F8249734
:10384000CCE7012EA3D062E7B4F8463120E74FF071
:10385000010A26E7FCF759FF84F884AB94F88C3111
:10386000019394F88D01B4F846C1B4F848E13A499F
:1038700000231E4631F9027BB6086745C4BF66F0D7
:103880007F06F6B201337745B8BF46F04006042BF9
:10389000F0D194F8853BB34239D194F8867BF92F67
:1038A00003D80137FFB284F8867B84F8856B08F073
:1038B0000408BBF1000F40F0CC84D4F81436DB07C9
:1038C00038D5BAF1000F24D194F8EC35D80706D5D5
:1038D000590702D4012384F8B035FCF749FF142FAF
:1038E00053D140E03BB1D4F85C154FF47A7013FB30
:1038F0000013C4F81C3694F8843B002BAED004F0BF
:103900002DFE0023F5E6BAF1000FF4D1EDE6002715
:10391000C9E7D4F8FC350A2BE1DCB4F850355A0776
:10392000DDD494F8EF35002BD9D1FCF7CBFEFCF7B2
:10393000D7FED2E794F8EC355B07D0D594F838364B
:10394000002BCCD010B1FCF7E0FEC8E7BAF1000FB5
:10395000C5D1F8E700000020C8090020019B13B181
:103960007D2E00F0808494F8EC355F070DD4572E3F
:1039700040F0CD80D4F804394FF47A7213F0080384
:10398000A4F8542501D1A4F81836B8F1000F40F07E
:10399000E480D4F8C0660023C4F8143606F17F072B
:1039A00006F1CF084FF0010917F8010C394604F071
:1039B0002DFE40B117F8023CD4F8142609FA03F39F
:1039C0001343C4F8143604374745EDD1B24F06F11E
:1039D000CE0B4FF00C0806F58B764FF000094FF038
:1039E000010A1BF8010C594604F010FEE8B19BF8DF
:1039F00004109BF8023008FB0140013BD0F8D026B0
:103A000003EB43033B4493420FD09BF80320C0F8E1
:103A1000D03694F88D3B80F8CC260AFA01F123EADF
:103A20000103C0F8D49684F88D3B0BF1060B5E457C
:103A3000D7D1D4F85C35019394F838360293019BC2
:103A4000D4F820B6954F03F5FA73002603937968EE
:103A5000002900F0388191F800A0BAF1000F00F0C1
:103A60003281BA68019B9A1A002A0ADB039B94F8F8
:103A70008D2BBB60012303FA06F022EA000284F8D2
:103A80008D2B029B002B00F01E813A78487894F829
:103A90008D8B0432D2B2002840F0888304EB4202BE
:103AA000B2F96805B4F8442102F1C80C604540F34E
:103AB000F98091F8029048FA06F1CA0700F10381F3
:103AC000B9F1000FCCBF0220012004F07FFD0AF104
:103AD000FF31132900F28081DFE811F071018501C7
:103AE0009001A001B801C0011E027902E0020E039C
:103AF0003A037E01A001AD01C0011E027902E4017A
:103B000041029E020B2004F03BFD84F8867BB8F155
:103B1000000F01D05A2E17D0A6F15603082B57D804
:103B2000DFE803F05456565656525605500001230E
:103B3000DEB2013B84F82835FDF702FDFDF75CFBA2
:103B4000304604F043FD20E794F8873B4BB1002357
:103B500084F8873B012384F8883B94F8893B53B968
:103B60001FE094F8893B83F0010384F8893BABB1F3
:103B70000C2004F005FD94F8EC35580711D5B4F885
:103B800046314B450DDAD4F8143613F0010302BF69
:103B90003222A4F88A2B84F8893B02E00D2004F03D
:103BA000EFFCD4F81436D90366D594F88C3B2BB9C6
:103BB00094F8873B13B93223A4F88A3B012384F895
:103BC0008C3BE6E60323B3E70223B1E7FFF7C6FB2E
:103BD000334B93F83A3043B16F2E02D1FCF7C8FD56
:103BE000D3E6019B0BB17E2EF8D0972E04D14FF473
:103BF000C873A4F85235C8E6A72E06D194F8EB385E
:103C000043F0040384F8EB38BFE60023B73E099382
:103C1000072E3FF6BAAE01A353F826F0733C000816
:103C20008B3900088B3900088B3900083D3C0008AF
:103C30008B3900086B3C0008433C0008022300223B
:103C400001E000230222D5F8C016B1F85C0002445E
:103C5000A1F85C20B1F85E201344A1F85E30FFF7B4
:103C60007DFB002385F8863B8FE600236FF0010281
:103C7000E9E76FF00103E2E794F8873B002B3FF49C
:103C800088AE94F8EC3513F0040302BF84F8873B48
:103C9000012384F8883B7CE6781701082C0B002070
:103CA00000000020C83A904203DA8A78C2F1000985
:103CB00001E70123B34028EA030384F88D3B019B0D
:103CC00003F5FA73BB600136042E07F10C077FF48D
:103CD000BEAED4F81456AB0706D4D4F8DC37DF05F3
:103CE00007D594F8073723B1D4F804399E0700F1BB
:103CF0009682012008F01EFD0123690740F19A8297
:103D0000002B00F09782012008F014FDB4F8D8379A
:103D10009A0704D40220FCF7D5FC08F019FD94F8AA
:103D2000EC355B0708D4B4F8D83703F044031BB173
:103D3000B4F81836A4F8B636D4F8043913F00A0FDC
:103D40002AD0EF0640F17A82B4F8D8375E0706D45D
:103D5000042008F0FDFCB4F81836A4F8B636A8061E
:103D600040F17082B4F8D837590602D4402008F0E8
:103D7000EFFC6A0642BFC54AB4F81836D38215F084
:103D8000080307D094F8F83533B9C04AB4F81836A8
:103D9000D382012384F8F8352B054FF4807040F16D
:103DA000558208F0D5FC6379082B02D00E2B40F029
:103DB000618240200BB0BDE8F04F08F0BBBC9BF81F
:103DC00000304B44FA2BA8BFFA2323EAE3738BF8A5
:103DD0000030584604F040FC0123B34048EA030891
:103DE00084F88D8B6FE79BF801304B44642BA8BFA0
:103DF000642323EAE3738BF80130EAE79BF803308E
:103E00004B44642BA8BF642323EAE3738BF803308D
:103E1000D4F8901B584604F03BFCDDE79BF80510F6
:103E200049446429A8BF642121EAE171BAF10D0F68
:103E30008BF80510D0D09BF804304B44642BA8BFFE
:103E4000642323EAE3738BF80430C5E79BF806305C
:103E50004B4483F308038BF80630BDE7D4F8940B8A
:103E60000178022943D107EE909AF8EEE76AF2EE64
:103E7000047A86EEA77AD0ED0A7A37EE277AB5EE85
:103E8000C07AF1EE10FA2FD4DFED827AB4EEE77A41
:103E9000F1EE10FAD8BFF0EE477AC0ED0A7ABAF127
:103EA0000F0F99D0D4F8941B0B78022B2BD107EE6F
:103EB000909AF8EEE76AF2EE047A86EEA77AD1EDF0
:103EC000097A37EE277AB5EEC07AF1EE10FA17D4F8
:103ED000DFED707AB4EEE77AF1EE10FAD8BFF0EECB
:103EE000477AC1ED097A77E7DFED6B7AD5E781781C
:103EF0004944C829A8BFC82121EAE1718170CEE7F1
:103F0000DFED657AEDE74B784B44C82BA8BFC8239B
:103F100023EAE3734B705FE7D4F8940B017802292E
:103F200040D107EE909AF8EEE76ADFED5A7A86EE16
:103F3000A77AD0ED0D6A37EE267AB5EEC07AF1EEAB
:103F400010FA2CD4B4EEE77AF1EE10FAD8BFF0EE06
:103F5000477AC0ED0D7ABAF1100F3FF43DAFD4F8B7
:103F6000941B0B78022B29D107EE909AF8EEE76AA2
:103F7000DFED487A86EEA77AD1ED0C6A37EE267A25
:103F8000B5EEC07AF1EE10FA15D4B4EEE77AF1EEA0
:103F900010FAD8BFF0EE477AC1ED0C7A1CE7DFEDDE
:103FA0003E7AD6E7417B4944C829A8BFC82121EA07
:103FB000E1714173CFE7DFED387AEDE70B7B4B44DE
:103FC000C82BA8BFC82323EAE3730B7304E7D4F814
:103FD000940B0178022944D107EE909AF8EEE76A33
:103FE000DFED2B7A86EEA77AD0ED107A37EE277ABE
:103FF000B5EEC07AF1EE10FA30D4DFED267AB4EEE9
:10400000E77AF1EE10FAD8BFF0EE477AC0ED107AF9
:10401000BAF1110F3FF4E0AED4F8941B0B78022BE9
:104020002BD107EE909AF8EEE76ADFED197A86EE6B
:10403000A77AD1ED0F7A37EE277AB5EEC07AF1EE96
:1040400010FA17D4DFED137AB4EEE77AF1EE10FA36
:10405000D8BFF0EE477AC1ED0F7ABDE6DFED0E7AFC
:10406000D4E7017E4944C829A8BFC82121EAE171EB
:104070000176CDE7DFED087AEDE7CB7D4B44C82B29
:10408000A8BFC82323EAE373CB75A5E60000002090
:1040900000007A440000C84200000000D4F8941BDD
:1040A0000B78022B1FD107EE909AF8EEE76AF2EE3A
:1040B000047A86EEA77AD1ED0B7A37EE277AB5EE41
:1040C000C07AF1EE10FA0BD45FED0E7AB4EEE77A17
:1040D000F1EE10FAD8BFF0EE477AC1ED0B7A7BE62D
:1040E0005FED137AF9E7CB784B44C82BA8BFC82300
:1040F00023EAE373CB706FE6D4F8941B0B78022BA2
:104100001DD107EE909AF8EEE76A5FED1E7A86EE13
:10411000A77AD1ED0E6A37EE267AB5EEC07AF1EEC7
:1041200010FA09D4B4EEE77AF1EE10FAD8BFF0EE47
:10413000477AC1ED0E7A4FE65FED297AF9E78B7B7E
:104140004B44C82BA8BFC82323EAE3738B7343E611
:10415000D4F8941B0B78022B1FD107EE909AF8EE3F
:10416000E76A5FED357A86EEA77AD1ED117A37EE00
:10417000277AB5EEC07AF1EE10FA0BD45FED3B7AF8
:10418000B4EEE77AF1EE10FAD8BFF0EE477AC1ED5F
:10419000117A21E65FED407AF9E74B7E4B44C82B5C
:1041A000A8BFC82323EAE3734B7615E601287FF402
:1041B00013AEBAF10C0F7FF40FAE04EB4202897814
:1041C000B2F9680540F633029042A8BF1046B0F538
:1041D000617FB8BF4FF46170A0F561704FF49662D3
:1041E000B2FBF1F2B0FBF2F094F8C426C0B2824206
:1041F0003FF4F2AD032894BF0246022285F8C4269C
:104200000AFB025202F22A520490C5F82026FCF75B
:10421000FBFA04980130C0B204F0D8F9DCE5B4F838
:10422000D837D80704D40120FCF74CFA08F090FAEC
:10423000002362E5022008F07DFA70E5042008F012
:1042400079FA8CE5402008F075FA92E508F072FAE8
:10425000A9E5142F7FF499AB94F8EC755F2E07F065
:1042600004077FF47BAB002F3FF44CACFCF74DFA16
:10427000FFF779BB0BB0BDE8F08F1649D1F8883055
:1042800043F47003C1F88830134B1A6842F00102FE
:104290001A605868114A02405A601A6822F0847203
:1042A00022F480321A601A6822F480221A605A6856
:1042B00022F4FE025A60DA6A22F00F02DA62186B08
:1042C000074A02401A6300229A604FF000638B6035
:1042D000704700BF00ED00E0001002400CC07FF806
:1042E000CCFC00FF80EAE073A3EBE0738B4206DBBB
:1042F000002801DD401A704702D0084470470020B2
:1043000070472DE9F041824CD4F8983BA0EB0308AC
:1043100042F20F7398452DED048B40F2EB8044F68A
:10432000206398457B4DC4F8980B81BF0023C4F8E7
:10433000A43BC4F8A83BC4F8AC3B95F83B3043B36E
:1043400094F8EC2512F0040223D1734BC4F8A42B8B
:104350000021196040F2DC50C4F8A82BC4F8AC2B43
:1043600085F83B20C4F8B42BC4F89C25A3F58962DA
:10437000A3F23443694EA4F88C054FF07E501060D0
:1043800056609160D060116118605E609960D8607D
:104390001961D4F8B86BD4F8BC3BB3426ED0F31AB1
:1043A00008EE903ADFED5E7A5E4BF8EE688A68EED2
:1043B000A78AD3ED007AF5EEC07AF1EE10FA40F25A
:1043C0009D8013ED017AB5EEC07AF1EE10FA40F25D
:1043D000958087EE270AB5EEC00AF1EE10FA40F29A
:1043E0008D80DFED517A93ED018A38EE278A0AF04D
:1043F000DDFBDFED4E7A28EE000A20EE270ADFED26
:104400004C7A20EE270AF6EE007AF4EEE78AF1EE17
:1044100010FA31DCB4F9C03B0F2B72D1B4F9C23BB6
:10442000444A02EB830201331BB20F2B08BF002367
:10443000A4F8C23BD2ED007A0E23A4F8C03B3E4B59
:1044400093ED017A77EE877A30EE670A83ED000A02
:10445000B4F93A39002BB8BF5B429BB21E2B07D888
:10446000B4F93C39002BB8BF5B429BB21E2B4CD930
:10447000324BEB60FCF7F0F8C4F8BC6BD4F8A83B07
:10448000002BC9BFD4F8A42B9FED2D9A07EE902ADC
:10449000B8EEE77AC4BF07EE903AF8EEE77A294B18
:1044A000C8BF87EE279A9FED287AA3EC019AD3ED37
:1044B000007A69EE277AF4EEC77AF1EE10FA08D4A2
:1044C0009FED227AF4EEC77AF1EE10FAD8BFB0EE83
:1044D000677AB4F9183C1E4E0027052B86ED007A4A
:1044E000C4F8A47BC4F8A87BC4F8AC7B36DC0133E9
:1044F000A4F8183CBDEC048BBDE8F0819FED100AD8
:1045000081E7144BD3ED007A99E74FF08043B0E791
:10451000600400200000002010100020CDCCCC3D15
:104520006F12833A680A0020339388438E2BEA4146
:104530000000C84224100020641000200000A040A9
:10454000000000006C100020000048C40000484437
:1045500074100020601000200024744907EE908A37
:104560001FED036A16ED190A56ED039A56ED058AFA
:10457000F8EE677AA6F5CC63C7EE866AA6F5CB623D
:1045800016ED046AD3ED005AD6ED027A66EE255A8E
:10459000A6F25C63E5EEA67AD3ED005AC6ED027A88
:1045A00066EE255A77EE877AA5EEA60AD2ED005A76
:1045B00026EE256A67EEA67AE6EE269AB0EE407AF7
:1045C000B6EE006AA7EE867A30EE270AE7EE268A74
:1045D00006ED190A46ED039A46ED058A0AF0B8FB86
:1045E00039EEA80A08EE100A0AF0B2FBB4F9C01BB3
:1045F000AA8F0E2902F1010207EE900A12B2A6F16B
:10460000500300F3F1800E2ACCBF3A46174603EB65
:1046100082030131AF87C3ED008AA4F8C01B824F2B
:1046200097ED036A97ED007AD7ED016A97ED020ADC
:1046300057ED045A36EE076AB8EEC88A76EE266A57
:1046400038EE408A86EE267AF7EE006AA7EE080A70
:1046500087ED047A36EEC77A17ED038A87ED020AF2
:1046600027EE067A17ED056A87ED037A17ED027AD1
:1046700037EE067AF8EEE77A77EE255A77EEC87AC3
:1046800087EE256AA6EE278A76EEC66A07ED016AEE
:1046900066EE876A07ED038A47ED026A0AF058FB67
:1046A000B0EE480A0646C4F8200C0AF051FBB4F9F3
:1046B0007436C4F89805002BB8BF5B429BB2B3F5C3
:1046C000487F07F5956780F0AC80B4F97636002B0B
:1046D000B8BF5B429BB2B3F5487F80F0A28094F8EC
:1046E000EC25AB7A97ED007AD4F8648712F00402D7
:1046F00008BFC4F89405002B40F08C80D4F89435A2
:10470000181AB0F5FA7F494BA8BF4FF4FA709842D7
:10471000B8BF18460521FFF7E5FD98F80430444975
:1047200043438B4279DB002BB8BF7F33DB11B3F5FA
:10473000967FA8BF4FF49673991B98F80A303D48AE
:104740004B4383426BDB002BB8BF1F335B11B3F5C8
:10475000967FA8BF4FF496732AB198F81500D4F845
:10476000B42B01FB0022B2F5161F3349A8BF4FF44A
:1047700016128A42B8BF0A46C4F8B42B002ABCBF3E
:1047800002F5FF521F3203EB623398F8202007EE48
:10479000902A37EE097AF8EEE77A6FF0950167EE26
:1047A000877A9FED267A67EE877AFDEEE77A17EE35
:1047B000902A962AA8BF96228A42ACBF9B1A5B1AFF
:1047C00030460521C4F89C3587ED009AFFF78AFD35
:1047D000002EB8BF7642C82EC8BF0123C4F84009D6
:1047E000C8BF85F83B3085E6B4F8C21BAA87013103
:1047F0000F2A09B205D1AF87C3ED008AA4F8C21B06
:104800000DE703EB82030F29C3ED008AF6D1A4F86C
:10481000C27B04E7D4F8AC358EE7094B8CE7084B34
:104820009AE70023CCE700BFDC0B00200CFEFFFF63
:104830008169FFFF61DAFFFF0080DAFF0000003BC3
:10484000D4FEFFFFD0ED005A9FED2B4A08B535EEA0
:10485000840AFBF705FEF0EE403AB0EE650AFBF77E
:10486000FFFD90ED015AF0EE404A35EE040AFBF7E9
:10487000F7FDF0EE405AB0EE450AFBF7F1FD90ED82
:10488000023AB0EE405A33EE040AFBF7E9FDB0EE0F
:10489000404AB0EE430AFBF7E3FD65EEC07A20EE36
:1048A000236A24EE847AC1ED017AF0EE467AE5EED1
:1048B000077A24EE233A64EE806AC1ED037AF0EEC3
:1048C000437AE5EE667AA5EE067AE5EE436A24EED3
:1048D000254A64EEE54A65EEA35A81ED004A81ED72
:1048E000025AC1ED047AC1ED054AC1ED066A81EDB7
:1048F000077AC1ED085A08BDDB0FC93F2DE9F04F1B
:104900002DED028BB1B04FF00009FBF759FC18B93F
:10491000FCF79CFAFCF714FEBA4DBB4CFCF76CFCA0
:1049200095F8288C48F0010385F8283CB74B4FF4E4
:104930007002C3F88820002304930593069323682C
:1049400043F480332360236803F400330593049B0E
:1049500001330493059B1BB9049BB3F5A04FF2D11F
:10496000236813F4003318BF01230593059B012B23
:1049700040F0018302230693A54B12221A6063685C
:10498000636063686360636843F480636360636863
:1049900023F47C136360636843F4E8136360236863
:1049A00043F08073236023689901FCD5636823F08A
:1049B00003036360636843F002036360636803F0AA
:1049C0000C03082BFAD1069B904EC5F82C3C914B5A
:1049D000F360636A636A43F080736362636943F4FC
:1049E000FC031CAF636103238DF87230394641F636
:1049F000FF734FF09040ADF8703006F02FFD4FF68A
:104A0000FF738548ADF87030394606F027FD8348BE
:104A1000394606F023FD8248394606F01FFD8148DD
:104A2000394606F01BFD39467F4806F017FD38462B
:104A300003F0FAFF1C9B7D4AB3FBF2F3C5F8303C50
:104A40007B4B7C4ADFF8FCC14FF0000EC5F834EC1C
:104A5000C3F804E04FF0E0230DF1740A5A61F0222C
:104A600086F823200722C3F818E01A61BCE80F007B
:104A70003E460FC6BCE80F000FC69CE80F00D5F8F5
:104A800008B0C5F8DCB786E80F00636943F400237B
:104A90006361636943F400236361636943F4002342
:104AA0006361636943F4003363614FF09043102204
:104AB0001A8520221A8540221A85584A4FF48043CD
:104AC00093614FF4005393614FF400439361764632
:104AD0005AF8040C5146013606F0C0FC062E0AF1C5
:104AE000080AF5D1544B1C936369DFF85CA14A486E
:104AF00043F480236361394606F0B0FC9AF81D2028
:104B00000823002A40F03A82434A93614B48C5F893
:104B1000F80804233022002100F2B27085F84639EB
:104B200001260BF0F9FB1422002117A885F854691F
:104B300048F005080BF0F0FB1BF4802F08BF85F848
:104B40003C6C85F8288CE369334E43F48043E36181
:104B5000236943F480432361636943F480236361E1
:104B6000736A23F470037362736A43F4A00373627D
:104B7000736A23F070637362736A43F0A0637362B5
:104B8000736A23F070437362736A43F0A0437362E5
:104B9000336A23F470033362336A43F4A00333624D
:104BA000736A23F470237362736A43F4A0237362FD
:104BB00040F2023B4FF4604339463046CDE91C3B9E
:104BC00006F00AFC20220123394630464FF4805873
:104BD0001C928DF8743006F0FFFB39463046CDF854
:104BE000708006F0F9FB236943F480432361236955
:104BF00023F480432361124B998821F480510904E6
:104C0000090C23E0600400200010024000ED00E0E9
:104C1000002002400005FA05000400480008004892
:104C2000000C0048001000480014004840420F00EB
:104C3000941000203F19010008000102F605002031
:104C400000380040B41701080000002099809988BE
:104C500089B241EA08019980198801F4415141F46F
:104C6000437141F003011980998821F470610904AE
:104C7000090C41F4E0619980998B21F400610904E9
:104C8000090C998307211982198889B2202241F0E1
:104C900040011980B261C6F818806369DFF8B883F3
:104CA000C5F8FC8843F480236361E36943F400138F
:104CB000E361236B23F010032363236B43F01003A2
:104CC0002363736A23F00F037362736A43F0040370
:104CD0007362736A23F0F0037362736A43F04003F4
:104CE000736239464FF480733046CDE91C3B06F0C1
:104CF00073FB4FF40073394630461C9306F06CFB8F
:104D0000D8F80030B5F9E81023F00103C8F80030F6
:104D1000D8F80020C24B1340C8F80030C14BC8F887
:104D20001030D8F80030B5F9EA20002043F0010334
:104D3000C8F80030C8F80800C8F80C00C8F8080027
:104D4000D8F8083043F40043C8F80830D8F80030E9
:104D5000C8F80030D8F8043023F0784323F4004337
:104D6000C8F80430D8F8003043F00103C8F8003028
:104D7000B5F9EC3041EA02041C431FD007EE901A4B
:104D80009FEDA97A8AF83E00F8EEE77AA74967EE28
:104D9000877A3846CDED1C7A07EE902AF8EEE77A4E
:104DA00067EE877ACDED1D7A07EE903AF8EEE77A56
:104DB00067EE877ACDED1E7AFFF744FD9C4EB5F87D
:104DC000F03003934FF0000B10225946A6F5EE7019
:104DD000C5F868BC95F8EF4095F8F78085F864BC95
:104DE000C6E901BB0BF098FA2320C5F878BCA5F8FA
:104DF00074BCC6E905BBC5F884BC03F043FB0BAA31
:104E00000121752004F02CFA002840D0894AC5F809
:104E10007C2C894AC5F8802C43F64332A5F8782CBF
:104E200001210FAA584604F01BFA9DF83C200028E7
:104E300000F0A780EA2A40F0A48042F63352594697
:104E400006267F20A5F8782C85F8746C04F057F9B5
:104E50000A2003F017FB7821032004F050F90A2000
:104E600003F010FB0121304604F049F90A2003F059
:104E700009FB3F21072004F042F9142003F002FB54
:104E80005946072004F03BF90A2003F0FBFA95F895
:104E9000743C0022062B85F8882C40F0DF80674B9D
:104EA000C5F88C3A664BC5F8903A664B6649D960AE
:104EB000D5F804390A2C43F00101C5F8041928BFBC
:104EC000144640F2FD2121FA04F212F0010240F0F2
:104ED0005681012C40F0518185F8892C9A0700F108
:104EE0005B81D5F88C3A03989847002385F88A3C73
:104EF000B8F1000F40F054814FF000080024224622
:104F00007F2168208DF8704004F0D5F832220F21FF
:104F1000682004F0D0F822460321682004F0CBF882
:104F200001223B4611460C2004F017F99DF8703021
:104F3000092B40F03E81454BC5F88C3C444BC5F8ED
:104F4000903C072385F88A3CD5F8043943F00803E0
:104F5000C5F8043995F8E4300BB185F8883C95F82C
:104F6000E5300BB185F8893C95F8E630002B78D018
:104F700085F88A3C75E00123069324E5354A1385BC
:104F8000C4E502F07E028DF83C2040B1682A06D1CB
:104F9000012385F8743C1D2385F8783C77E79DF85C
:104FA0002C3003F07E03682B8DF82C3032D1062193
:104FB00002233A46084685F8743C04F051F99DF8FE
:104FC00075309DF873209B00520002F0020203F03E
:104FD000040313439DF8712002F0010213430CD027
:104FE000012B03D1002385F8753C50E7022B01D13A
:104FF0000123F8E7022003F054FA13AA01210C2040
:1050000004F02EF99DF84C3013F00F03F2D0042B6E
:10501000EED1E7E7702B04BF042385F8743C36E734
:10502000FFE0CF007A25E00035FA8E3CA01000208A
:10503000C810002061920008FF90000861B50008C8
:10504000B9630008EC0E00202D23FA3B07910008FD
:10505000779200080004004800540040022385F8BD
:10506000643C95F8F830052B7DD8012404FA03F34D
:1050700013F0160F40F0A58013F0290F73D00A200B
:1050800003F000FA4CF6EF030FA90220ADF83C3014
:1050900006F078FE002800F09480204603F0F2F934
:1050A00013A902208DF84C908DF84D9006F050FD1C
:1050B000002800F08680BDF84C305BBA03F03F0357
:1050C000082B7ED1424B9DF84C90D3F8040293F804
:1050D00008321C9039463B7105209DF84DB006F012
:1050E00051FE00286DD03B4C4FF2C77804F11006FA
:1050F0000FA90220ADF83C8006F044FE002860D0E5
:10510000012003F0BFF913A902208DF84C908DF80F
:105110004DB006F01DFDBDF84C309DF84C909DF84B
:105120004DB05BBA9BB200284BD007EE903AF8EE38
:10513000E77AE4EC017AA642DAD1274BC5F8B83C0D
:10514000264BC5F8C03C264B00221A606223C5F8E6
:10515000C83CD5F85C35C5F8CC3C0320002385F865
:10516000D03C06F063FED5F8043943F00403C5F8DB
:1051700004391C4C49F6117647E01446A3E6002298
:1051800085F8892C184AC5F8682C43F00303174AA0
:10519000C5F86C2CC5F80439D5F8683C9847A0E6EA
:1051A000A8F10203032B7FF6A9AEB8F1010F04D1D9
:1051B000D0E6B8F1000F3FF4CDAE002385F88A3C6D
:1051C0009AE695F8643C43F0200385F8643CD0E708
:1051D000E0150108F41000202DBE0008E9BB00080E
:1051E00024110020000800484DB500088563000820
:1051F000A38A9BB283F40053A382A38A9BB283F455
:105200008043A382642003F03DF93B460222002143
:105210004020ADF8706003F05BFE0028E8D0D5F8C0
:105220002C3C012B02BF95F8643C43F0400385F809
:10523000643C95F8640C00287FF4DDAE95F8283CBA
:10524000C24C43F0020385F8283C4FF400532385F9
:105250004FF48043A3610F26A38A9BB283F40053CB
:10526000A382A38A9BB283F48043A382A38A9BB2C6
:1052700083F40043A382192003F004F9013E1920AE
:1052800003F000F916F0FF06E6D14FF48043A36166
:105290004FF40053A3614FF40043A361D5F80439E0
:1052A0001B0705D5D5F88C3C9847012385F8D13CE0
:1052B000D5F85837DFEDA66A1B7BA5F8D23CBAF8C3
:1052C0002230A44807EE103AB8EEC77A1A22C6EE8A
:1052D000877AFF219FEDA07A67EE877AC0ED007A8A
:1052E000A0F206300BF018F8D5F8041901230022BB
:1052F0008F0785F8083985F8092907D585F80A390F
:10530000032385F80839022385F80B394C0708D5A3
:1053100095F808395A1C2B4485F80829032283F88C
:10532000092995F8083911F00A0F03F10102D2B2E8
:1053300010D0E9182A44042081F80909052182F8CF
:105340000919DA1C023355FA83F385F80829062275
:1053500083F80929D5F8DC77B80608D595F8083917
:105360005A1C2B4485F80829072283F809296B79F0
:10537000082B01D00E2B08D195F808395A1C2B4464
:1053800085F808290B2283F8092995F80829A91816
:105390000C20531C81F809097907DBB205D52B4491
:1053A0000232102183F80919D3B25A1CE918D2B27B
:1053B00012207C0585F8082981F8090909D595F896
:1053C000B81131B102332A4485F80839132382F821
:1053D0000939B80508D595F808395A1C2B4485F8C1
:1053E0000829152283F80929F90508D595F80839FF
:1053F0005A1C2B4485F808291A2283F80929982277
:1054000000215648564C0AF087FF012003F0A6F908
:105410004FF04C0B00286AD1D5F8F439B5F944C1E6
:10542000C5F8F4384F4BC5F8803B0022A5F8042797
:1054300085F80627C5F82827C5F82C27C5F8C836EB
:1054400085F8D12AD5F8C016B5F8440103F23246E2
:10545000624603F6E613F82526F8022B0135D4F848
:105460005C25EDB202F516720A2D43F8042B65D1C6
:10547000FA0454BFB4F84A310346A4F86E3501F17A
:10548000500591F87D30ABB991F87F2091F88030CC
:105490009A420FD2002A6BD0013A02EB820202EB51
:1054A000820202F5617293B291F87E2004EB42020F
:1054B000A2F8703504318D42E3D13B076DD594F8E5
:1054C0003E21062A63D8DFE812F05B003A043D046F
:1054D00067048904A404A4040BFB06FA04EB0A097C
:1054E00099F83E8AB8F1000F04D00136F6B2022EC8
:1054F000F2D191E702791C4B90F90000CDF80480BD
:1055000003EB820303220092D3F80C3242460121BE
:1055100006F034FF039068B11448482241465044D5
:105520000AF0FAFE039BC9F8F43901231E4489F8F6
:105530003E3AF6B2012003F0EBF86BE7022D9DBF77
:10554000B4F84621643212B2624685E7000800488A
:105550000AE81C41701000200000C842540E0020D0
:105560006004002096050020E0150108580E002078
:10557000013303EB830303EB830303F5617393E7C9
:1055800045F2F053A4F8D43C06F030FF28B90820C7
:10559000FAF742FEC24BC34A5A6317F4804F18BF52
:1055A0001223BF4D1EBF84F83839BF4B6B6342F2E4
:1055B00001031F4211D044F62063BE04A4F8D43C7A
:1055C00041BF082384F83839B84B6B63F80741BFF3
:1055D0000C2384F83839B64B6B6394F83839B54FDF
:1055E000043B84F8393932209F234FF480580DF161
:1055F0004C091CAE139302F045FF0023A7F8288046
:105600000422494630468DF8713006F039FF9DF886
:105610007130C7F818809DF872201B0443EA0223FA
:105620009DF873201343A44A934200F0338400F39F
:105630002A84A2F51A42033A934200F0328402F51A
:105640001A420232934200F058840023C5E90B331A
:105650006B6202F0C5FD6379C4F8280D052B04BF09
:105660004FF4C873A4F85235FAF7F6FF4FF47A7383
:10567000DFF87082A4F854350320D4F8B83C98477A
:10568000DFED8E7A47460837C8ED007A4FF0650A9D
:10569000B0EE677AB0EE678AB5EE407AF1EE10FAB6
:1056A000C7ED007A40F05084BAF1010A40F0378427
:1056B00094F8EB3843F0080384F8EB3894F8EC35B1
:1056C00023F0020384F8EC35D4F8DC3740F602020C
:1056D0001A4222D00027032384F8B938394601231F
:1056E000774885F82030C822A4F8BC78A4F8C078A0
:1056F000A4F8BE78A4F8C2780AF00EFED4F85C359F
:10570000C4F8C8386F4BC4F8EC7700200021C3E917
:10571000000184F8E87784F8B87894F8283C6A4F58
:10572000D4F80880C4F8DC8763F07F0384F8283C51
:105730003B464FF0804143F8041B64491960644BB9
:10574000BB604FF49663A4F87235624BAB61624D57
:10575000012284F83C2C84F8382D95E80F000DF1D7
:105760001C0A8AE80F0005F110030FCB0DF12C0E77
:105770008EE80F0005F120030FCB0DF13C0C8CE8F7
:105780000F0005F130030FCB89E80F0005F140034E
:105790000FCB86E80F009AE80F0007F1180585E89F
:1057A0000F009EE80F0007F1280A8AE80F009CE826
:1057B0000F0007F1380E8EE80F0099E80F0007F18F
:1057C000480C8CE80F0096E80F0007F1580C8CE8A5
:1057D0000F004FF4967002F055FE4FF48C7207F1F3
:1057E000680000210AF098FD3C4BDA6942F007029C
:1057F000DA619A6942F4A5229A615A6942F4C02298
:105800005A6100200F27AA7B696895F80FC002F043
:105810000703D20801EB82029B00116A0CFA03FC19
:1058200007FA03F321EA03031362136A04304CEA14
:1058300003031428136205F11005E4D16279D4F84A
:10584000F818182A9DBF264BD34003F0010300230C
:105850008DF866300022881C10F93250022D00F0BD
:10586000A5830132042AF7D100228DF86120C8F304
:1058700040028DF86220C8F380128DF86420C8F3CE
:1058800040328DF85C20C8F3C0328DF85F2018F4E8
:10589000006229D094F83221D11E4A424A4123E0C5
:1058A00000000020C1610008DD610008C56100083A
:1058B000D16100080004004818BA20000000000070
:1058C000500C0020300D00208C110020ABAAAA3F04
:1058D00026B4973EA08601000C1801080010024073
:1058E00000410001640A00208DF86020C8F30042E6
:1058F0008DF8652008F001028DF85D20C8F3C00224
:105900008DF85E20C8F3804218F4805FB4F8D4109C
:105910008DF86320B4F8E020ADF86A101CBFB4F82D
:10592000DC10ADF86A10B2F5FA7FADF8682094BFCC
:10593000BDF86A200022ADF86A2094F8822184F82C
:10594000AC2E00225B0018F0090FA4F8AD2ECE4A51
:1059500018BF013302EB83034FF6FF79D3F87C3293
:10596000A3F102080833039338F8020F484500F00A
:10597000C880030A022B00F0C080C44AC0B2012BC9
:105980004FEA001B02EB001040F0A1839DF85D3050
:10599000002B00F0B28004EB0B07002384F8B03E2C
:1059A000C4F8B43EC4F8B83EC4F8BC3EC4F8F03EF7
:1059B00084F8F83E97F8513DB7F84C2DC4F8040F21
:1059C00031468DF87230D7F8480DADF870200223BB
:1059D000C4F8F49E8DF8733005F040FD94F8AC2EB9
:1059E000D7F8445D97F84EAD012A18BF00212A6A06
:1059F00008BF0321BAF1000F40F0DF8222F001025C
:105A00002A62AA69286A22F0F30242EA011220F00F
:105A10000A0042F0010240F00100AA612862AA696E
:105A200022F00C02AA61AA69AA610122002128467B
:105A300005F01AFC2A88964F92B242F00102BB444C
:105A40002A809BF84FBD584606F04AFBBBF11B0F5E
:105A500002D1192006F044FB8E4AC7F8082F4FF0F8
:105A6000000B8D4AC7F80C2F2846C7F810BF05F069
:105A700073FB062841D80A214143884A01EB9A0169
:105A800007EB810C131DCCF8942DCCF8A43D4FEA04
:105A90009A0C0223E96803FA0CF39BB20B43EB6008
:105AA00028234343A2F5BA7203F120011144EFF316
:105AB000128C4FF0500E8EF312880C33134453F8AF
:105AC000042F0AB10A60111D0BF1010BBBF1040F89
:105AD000F5D100230B605FFA8CFC8CF3118828232E
:105AE00003FB0077D7F8B43D002B40F0EC82EB6865
:105AF00023F001031B041B0CEB60039B43457FF465
:105B000033AF674E674D042384F8C0390FCE0FC5FD
:105B10000FCE0FC50FCE0FC596E80F0085E80F001A
:105B2000D4F8DC37D4F83C67D4F8380703F4805253
:105B3000A5F262650023002A00F0FC82818825F826
:105B4000021B01330C2BF6D194F83F3D8DF81C302D
:105B500094F8403D8DF81D30534B0F934FF0904318
:105B6000CDE913334FF44173ADF82C304F4B504F08
:105B7000DFF85CA1CDF880A04FF0A041CDE91C1367
:105B800001204FF0805313AD0BAE4FF0020B0DF11F
:105B90001C090DF13C08CDE91E03464B21931CA8BE
:105BA0002597CDF89CB0CDF88890CDF88C802495C1
:105BB000269606F06BF994F8382D8DF81C2094F891
:105BC0003D2D8DF81D2094F83E2D8DF81E203A496C
:105BD0003A4A0F922022ADF8402007C985E8070015
:105BE000374ADFF8F0C011889278ADF82C10B27007
:105BF000344ACDF878B0CDE91CC24FF080530DF196
:105C0000700C0320CDE91F3A2790A7F10F036046DF
:105C10002193CDE9229825972495269606F036F90A
:105C200094F83B3D8DF81C304FF40053ADF83C30F8
:105C3000254B13930523DFF8A0E08DF82C30234B80
:105C4000CDF878B0CDE91CE34FF00053CDE91F3A11
:105C5000184B25971A1D2192012227921CAA104643
:105C6000CDE922982495269606F010F994F8392D5E
:105C70008DF81C2094F83A2D8DF81D2094F83C2DB9
:105C80008DF81E202AE000BFE0150108A4110020B5
:105C9000600400202D6400081D64000868130020C3
:105CA0006C180108381400200800040008000240A5
:105CB000FD0A0020F8140020AC18010804001000B0
:105CC0001A1F01080804024000040048580402405A
:105CD000003600100001005000040050C549C64ABB
:105CE0000F924FF48052ADF8402001F10C0207CA28
:105CF00085E80700C14AC24B11889278ADF82C1094
:105D0000B270C04ACDF878B0CDE91C324FF00053E4
:105D1000CDE91F3ABC4B25970320063327901CA8DA
:105D2000CDE9229821932495269606F0AFF81E20FF
:105D300031B0BDEC028BBDE8F04F02F0A3BB42F6E0
:105D4000F8231FE442F6F823B04AA4F8D43C00013B
:105D50000A23B0FBF3F00023A0F5B0600133122B4F
:105D600042F8040BFAD1AA4AAA495163402084F8A8
:105D7000383902F0F3FC00283FF409AC01234FF05E
:105D8000070890F90000A44ACDE900384021A34B50
:105D900006F0F4FAFFF7FABB42F6F823A4F8D43C75
:105DA0009B4B9F4A5A634020102384F8383902F0F5
:105DB000D5FC00283FF4EBAB01234FF0000E994ACD
:105DC00090F90000CDE9003E4FF4E133402106F0A8
:105DD000D5FA003818BF0120FFF7D8BB42F6F823E8
:105DE000A4F8D43C8A4B904A5A634020082384F894
:105DF000383902F0B3FC00283FF4C9AB01234FF05F
:105E0000000C90F90000894ACDE9003C4FF4E133E1
:105E1000DCE742F6F823062AA4F8D43C4FF00C0342
:105E200018BF052284F8383984F8243D784B84F86B
:105E3000252D4FF000050CBF21211B217C4A08BFF6
:105E40007C4E84F8205D4FF0400018BF4FF4E136DF
:105E500084F8215D84F8225D84F8231D5A6302F0E2
:105E60007DFC00283FF493AB012390F90000724AB7
:105E7000009301953346402106F080FA401B18BF7D
:105E80000120FFF783BB6D4A934236D00132934223
:105E90007FF4DBAB4FF001236B624FF40052684B91
:105EA00004E0684B6B62664B4FF400421A852B8D01
:105EB000AF8C1B025F43EB6201232F6384F8BE3972
:105EC000002F3FF4C6ABFF0A4FF0000ABA450DDAC7
:105ED0000AEB070808EBD8784FEA68081022314629
:105EE0004FEAC82006F0C6FB0F280CDCFF0206F0C4
:105EF00023FBC4F87C79FFF7ACBB534B6B624FF4C8
:105F000080424F4BD2E73246002352F8041B013146
:105F100040F012810133042BF7D14746D6E74FF00A
:105F2000230B02F05DF905F02BFA0A2002F0AAFA21
:105F3000BBF1010B454BF4D193ED007AD3ED027A1E
:105F400088ED007AFFF7A8BB88ED008A87ED008A0C
:105F50004FF00F0B4FF00A0A02F042F905F010FA69
:105F60000A2002F08FFABAF1010A384BF4D1D8EDC9
:105F7000007A93ED007AD7ED006A37EE277AD3EDF9
:105F8000027A88ED007A77EEA67ABBF1010BC7EDB5
:105F9000007ADFD1F2EE0E6A87EE266A87EEA67AE5
:105FA00088ED006A87ED007AFFF782BB01EBC20142
:105FB0008A88003A18BF012257E4BAF1040F47D18A
:105FC00022F010021204120C2A62AA69286A20F038
:105FD000A00022F47342000442EA0132000C42F4B1
:105FE000807240F01000AA612862AA6922F440621F
:105FF00018E500BFAC180108008000401E1F010812
:10600000000500501C040240F81400203811002044
:1060100000000020E961000815820008A086010048
:1060200019620008698200082962000821830008BB
:106030000D63000890D00300B98300081740EF00FB
:10604000000800482000000180000001680A0020CC
:10605000BAF1080F1DD122F480721204120C2A62C8
:10606000EA69286A92B222F0F30242EA01124FF280
:10607000FF51014042F0010241F48071EA6129625E
:10608000EA6922F00C021204120CEA61EA69EA6180
:10609000CBE422F480521204120C2A62EA69286AC4
:1060A00022F440721205120D42EA013245F6FF71E8
:1060B000014042F4807241F48051EA612962EA6948
:1060C00022F44062DFE7EB6843F0010314E5032BA1
:1060D0007FF413AD94F8AE3E9DF863209D0052B15D
:1060E00000234FF6FF72082105F06AFA6319C3F81E
:1060F000C409134B11E0BDF86810BDF86A30B1F562
:10610000FA7F11D90F4AB2FBF1F2122192B205F0D7
:1061100057FA6319C3F8C4090B4BC36094F8AE3E39
:10612000013384F8AE3EE8E4084AB2FBF1F2012103
:1061300092B2D9E7B18802E508F1010AB846ECE667
:106140000D64000880A81201ED63000840420F00B2
:10615000F0B50124B0FBF4F58D4203D200261CB942
:106160001C70F0BD4C43F5E7B0FBF4F5B4FBF1F760
:1061700004FB15002EB9002D03DC8C420CD33C46E9
:10618000EDE7092D08DD002A0CBF572437242C44E5
:1061900003F8014B0136F2E73024F8E738B5074D34
:1061A000044600236A6895F9001003B138BD002A3F
:1061B000FCD0A142FAD190470123F3E794100020CC
:1061C00000207047014B33F811007047F61500208E
:1061D000014B33F811007047F6150020014B33F8DE
:1061E00011007047E00D0020094BDFED0A7A03EB48
:1061F000810393ED007AB8EE477AF6EE046AE7EE93
:10620000267AFCEEE77A17EE903A98B2704700BF14
:106210003811002000005C44024B33F81100C00824
:10622000704700BF9C15002007299ABF024B33F826
:1062300021000020704700BFD415002003788B4256
:106240000AD9064B53F82100054B1B7803B14008CF
:1062500000F5777080B27047002070472815002045
:10626000581800200022254970B5134641F2210636
:1062700084180C44647883EA042308241DB2002D9A
:10628000B4BF86EA45055B0004F1FF34B4BFABB28E
:106290009BB214F0FF04F1D10132192AE8D100F1C8
:1062A00019020A44547800F11A020A44527802EBA7
:1062B000042292B29A420CD1114B124C1A7800EB84
:1062C0004202D2B24FF4AF65904203D10E4B01228D
:1062D0001A7070BD461CF3B2013351FA86F60B44B6
:1062E00076785B7803EB06239BB26B431B1303F5B5
:1062F0004873023024F8023BC0B2E5E7581800208A
:10630000841100207A1800208011002003788B422D
:1063100083BF034B03EB4103588C0020704700BF41
:1063200058180020084BDA68D10709D4DA68D20679
:1063300008D4DB6813F0040F0CBF0420032070475F
:1063400001207047022070470020024081617047A1
:1063500001857047838A9BB24B4083827047024617
:106360004FF08043934202D8002013B970479B0836
:10637000F8E7C11891424FEA50009CBFC018521A6A
:106380009B08F2E737B50B4B04465D6858786A46C0
:106390000621A84758B1BDF800305BBA2380BDF88C
:1063A00002305BBA6380BDF804305BBAA38003B0EF
:1063B00030BD00BFD810002037B50B4B04465D68D8
:1063C00018786A460621A84758B1BDF800305BBA74
:1063D0002380BDF802305BBA6380BDF804305BBA3D
:1063E000A38003B030BD00BFD8100020064B53F887
:1063F00020301A681B89A1F57A7159434FF47A73DA
:1064000091FBF3F111607047240E0020024B53F80A
:1064100020301B6819607047240E0020024A136C5C
:1064200001330B441364704710130020324B186C77
:106430009A680144F0B48A1A9960596040F68C2138
:106440008A42DA603CD9197893F9452093F90040E3
:10645000914229D10A1F082A26D893F84620182AE3
:1064600003D8013283F8462001E083F8444093F9D1
:10647000442091420FD193F8471061B11F48204D3D
:10648000002106468A4211DC00210C2A14D11D4944
:106490000A7801320A70012283F84720002283F82B
:1064A00045401A70F0BC70470022DBE755F8047FC6
:1064B00020F8027B0131E5E726F812100132E4E70B
:1064C00093F847100029EDD0A2F2EF2040F2DA5104
:1064D000884208D819780B2905D8081D013143F8DE
:1064E00020201970DEE70021F0BC074883F8471030
:1064F000302209F011BF00BF10130020F615002054
:106500001C130020F415002020130020836A8169E9
:10651000426B1944D160416A8B422BBF0169CB1A8F
:10652000C91A536028BF51604FF0000380F844300F
:10653000136828BF002143F0010381621360704794
:10654000036B10B502464BB1046C59680B1B8C42AF
:10655000D8B202D9D3681844C0B210BDD0E9074000
:106560008442C1B238BFD068E3B236BFC018581AEF
:10657000401AF1E7D0E909120369914238BFC918FE
:106580008A1A416B581E19B14B681A44904202D9BD
:10659000801AC0B2704700207047436B13B190F867
:1065A00044007047D0E909031B1A5842584170470C
:1065B000034610B51C6B4069D96844B11A6C8C1A3B
:1065C000013A005D18BF1146C0B2196410BD1A6AC5
:1065D000805C01328A4238BF1446C0B21C62F5E7C3
:1065E00010B4426A8469A154426A016901328A4244
:1065F00028BF00224262426B2AB11368DB0707D42E
:106600005DF8044B82E7026D136843F0800313606A
:106610005DF8044B7047026D036B70B5D569044695
:1066200033B9A90604D5C36ADBB1908C80B2984710
:10663000616B81B92A060ED5A26A606A236D824217
:106640001CD0501CA669A062B25CD2B21A85236924
:10665000984200D3A1622B0742BF236D08221A6221
:1066600070BDE169928C40694E1CD2B2E661425421
:10667000E169E268914228BFE361D9E71A6822F034
:1066800080021A60E7E72DE9F0410669C3681E4001
:10669000F70704460D4621D4B0072ED4710707D55D
:1066A0006FF0040323616868A16B036889B298479F
:1066B000320707D56FF008032361A868E16B036810
:1066C00089B29847F30621D56FF010032361E8687B
:1066D000216C0368BDE8F04189B218476FF00103EF
:1066E0000361C16A2F6A1FFA81F8002FD4D03B687A
:1066F0003846414698477F68F7E76FF00203236109
:106700002868616B036889B29847C7E7BDE8F081E4
:10671000036823F001031B041B0C036000230360C8
:1067200043608360C360294B984204D1284A536870
:1067300043F00F0326E0274B984204D1244A5368C4
:1067400043F0F0031EE0244B984204D1204A5368E2
:1067500043F4706316E0214B984204D11C4A5368FD
:1067600043F470430EE01E4B984204D1184A53681C
:1067700043F4702306E01B4B984205D1144A53683A
:1067800043F4700353607047174B984204D1104A8A
:10679000536843F07063F5E7144B984201D1144AF3
:1067A000C5E7144B984201D1114AC8E7124B9842F1
:1067B00001D10F4ACBE7114B984201D10C4ACEE7E9
:1067C0000F4B9842DFD10A4AD1E700BF08000240D0
:1067D000000002401C000240300002404400024021
:1067E000580002406C000240800002400804024051
:1067F000000402401C0402403004024044040240F1
:1068000058040240002A70B50CBF202530251C46D4
:1068100014F8016B0A4601390EB1002AF8DC114662
:1068200004E00468661C0660013925700029F8DC64
:1068300022EAE27219460C4614F8015B15B9D31A24
:10684000C81870BD01684E1C06600D702146F2E745
:10685000F0B54FF0FF33CF08136001F007013D465C
:106860000026052D00D806B1F0BD435DAF4203BF41
:106870000B41DBB20C46344613F0010604D004EBA6
:10688000C50414600135ECE70134082C4FEA5303CA
:10689000F2D1F7E7044B98420CBF044A044A13882C
:1068A00001339BB21380704700540040600D0020FC
:1068B000620D002038B590ED010AD0ED027A2DED81
:1068C000028B20EE000A90ED008AA8EE080A04462A
:1068D0000D46A7EEA70A08F099F9B7EE007AC7EEC1
:1068E000007A1F4BB3F840200132A3F8402093ED0B
:1068F0000F7A37EE277A83ED0F7AB0EE007AF4EE56
:10690000C77AF1EE10FA21D5B6EE007AF4EEC77A26
:10691000F1EE10FA06DC9FED137AF4EEC77AF1EE91
:1069200010FA1ADD28EE278A012085ED008A94ED01
:10693000017A27EE277A85ED017A94ED027A67EEE7
:10694000277AC5ED027ABDEC028B38BD9FED067A41
:10695000F4EEC77AF1EE10FAE4D40020F3E700BFBA
:1069600058180020BD3786350024744901380428A2
:1069700010D8DFE800F00307090B0D00064B074AAB
:1069800013607047064BFAE7064BF8E7064BF6E74D
:10699000064BF4E7064BF2E7197F00086C00002075
:1069A000756D00087D73000861760008997900080C
:1069B000AD7000082DE9F043964E974BD6ED007A66
:1069C000964AB3F90030B2F900209FED957A954DC3
:1069D0002DED088BF1EE677A8DB0CDED007AD6ED16
:1069E000017A9B1AF1EE677ACDED017A07EE903AC3
:1069F0008D4BB3F90020F8EEE77A09EE902AB3F94F
:106A00000220B3F9043067EE877A08EE102A0446B4
:106A100003A96846B8EEC88A09EE103ACDED027AAD
:106A2000FDF710FF9DED060ADDED037A9DED07AA47
:106A30007E4B9DED057A1B68F8EEE99A28EE000A78
:106A4000B8EEC99AA9EEA70A9B78DDED097A28EE7F
:106A50000AAAA9EE270A012BDDED047AA9EEA7AA5E
:106A6000DDED0A7AA9EE27AADDED087A68EE277A2D
:106A7000E9EE877A9DED0B7AE9EE077A40F0C78060
:106A80006B4B1B785B0715D46A490A6892B16B6C33
:106A9000002B1846B8BFD81DA3EBE00307EE103A51
:106AA000B8EEC77A013A37EE277A0A60BDEEC77AA8
:106AB00085ED117A6B6C002BB8BF0733DB1007EE46
:106AC000103AB8EEC77A5C4F77EEC78A08F040F903
:106AD0005A4BD3F8009099F800804146FDF702FC2C
:106AE0003B68B0EE4A0A03443B6008F031F9414686
:106AF000FDF7F8FB7B68B0EE680A03447B6008F0A2
:106B000027F999F801904946FDF7ECFB96ED01AAAB
:106B1000BB68D6ED008A0344B0EE4A0ABB6008F0B9
:106B200097F8F0EE40AAB0EE4A0A08F0D1F8B0EEBD
:106B300040BAB0EE680A08F0CBF8B0EE40AAB0EE6A
:106B4000680A08F085F86BEE0A5ADFED3D6AF0EE50
:106B5000657AE0EE667A41462BEE006AF0EE408AF6
:106B6000E5EEA68AF0EE464AEAEE264A68EE277A75
:106B7000F0EE4A5A2AEE8AAA2AEEA65AE9EEAA7A34
:106B800068EE288A28EE0A8AD6EE265AE9EE858A29
:106B9000ABEE698AE9EE247A2AEE807AE9EE258A5C
:106BA000A9EE078AC5ED127AFDEEE77AC5ED138AE4
:106BB00085ED148A17EE900A224DFDF793FBFDEE4A
:106BC000E87A2B684146034417EE900A2B60FDF7E4
:106BD00089FB6B68FDEEC87A0344494617EE900ABC
:106BE0006B60FDF77FFBAB68174A0344AB6013682B
:106BF00023441360154A136801331360144A136861
:106C0000013313600DB0BDEC088BBDE8F083114B70
:106C10001B8854E7F0160020780A00201600002098
:106C200035FA8E3C58180020860D0020B80B002045
:106C30004C0A0020B8090020FC0F0020BC0B0020EB
:106C400000000000441800200C1000200810002054
:106C5000501800202200002008B52DED068BF0EE24
:106C6000409AB0EE600AF0EE41AAF0EE608A07F0BA
:106C7000EFFFB0EE408AB0EE680A08F029F8B0EEF7
:106C8000409AB0EE690A08F023F8F0EE408AB0EEC0
:106C9000690A07F0DDFFB0EE40AAB0EE6A0A08F01C
:106CA00017F8F0EE409AB0EE6A0A07F0D1FF1A4BDF
:106CB00028EE007A29EE286A83ED007A29EECA7A56
:106CC00069EE0A6AA6EE007A60EE687A83ED017AD0
:106CD00028EEA97A68EE288AA6EE807AB1EE499A63
:106CE00083ED027A28EE297A28EE0A8A83ED037A68
:106CF0002AEE007AE6EEA97AA6EE297A83ED069AC4
:106D0000C3ED078A83ED088ABDEC068B83ED047A18
:106D1000C3ED057A08BD00BF4000002006EE901AC2
:106D20009FED116A114B9FED127A1B88F8EEE66A0F
:106D3000F7EE005A66EE866A07EE903A85EEA66A8E
:106D4000F8EE677A67EE877A90ED007A76EE276A3A
:106D500087EEA66A70EE477AA6EE277AB0EE470A6B
:106D600080ED007A704700BFDB0FC9406817002034
:106D7000BD3786352DE9F04F2DED048B87B0DFED63
:106D8000B47A0593B34B03921B8808EE103AB24BCA
:106D90001B880093B8EE488A13F0020328EE278A76
:106DA00005460493F7EE009A00F01381149BDA89EC
:106DB000AA4BB3F90000801A00F2F31740F2E63450
:106DC000A74200F203810028B8BF4042B3F9023065
:106DD0009A1A02F2F31440F2E6339C429CBF82EA14
:106DE000E273A3EBE27395F8502088BF4FF4FA7377
:106DF000002A00F0F1808342B8BF0346C3F5FA735E
:106E000007EE903ADFED966AF8EEE77A642387EEB4
:106E1000A67AB3FBF2F307EE903A37EE697AF8EE12
:106E2000E77AF0EE698AE7EE278AF5EEC08AF1EE9E
:106E300010FA00F1D180F4EEE98AF1EE10FAC8BF41
:106E4000F0EE698ADFF858B2DFF85892DFF858A2FE
:106E50009FED849ACB1C0293834B019305F124068A
:106E60000BF10C080BF118070024029A022C12F8FF
:106E7000013F0292F2EE044A40F0B180BAF80410E9
:106E8000DFED7A6A0A3311FB03F107EE901AB8EED0
:106E9000E77AC7EE267A764B95F8551033F9143019
:106EA00007EE103A734BB8EEC77AD3ED036A019B35
:106EB000E7EE667A13F8012B019303EE902AB0EE09
:106EC000675AF6EC017AF8EEE33A67EE857A67EEF8
:106ED000A37A87EE894A41B1674800EB8400B0EE9F
:106EE000440AFFF71BFFB0EE404AD6ED027A28EEC7
:106EF000057A27EE277AD9ED007AE7EE247ADFEDDE
:106F00005F4AF4EEE47AF1EE10FA08D4DFED5C4A61
:106F1000F4EEE47AF1EE10FAD8BFF0EE674A89EEAB
:106F2000887ADBED007AD8ED006AE9EC014A75EE6B
:106F3000677AABEC015A27EE277AD7ED007AA8ECF6
:106F4000017AE7EC016A76EEA77A95F8541037EEED
:106F5000870A21B14B4800EB8400FFF7DFFEB0EE5B
:106F6000087AC0EE077A96ED057A67EE877A67EEC3
:106F7000A37A87EE897ADFED447AB4EEE77AF1EE10
:106F800010FA08D4DFED417AB4EEE77AF1EE10FAA8
:106F9000D8BFF0EE477A34EE240A30EE270A07F025
:106FA000D7FE3B4BB0F57A7FA8BF4FF47A7098427A
:106FB000B8BF1846374B23F814000134032C7FF474
:106FC00054AF07B0BDEC048BBDE8F08F4FF4FA70FE
:106FD000FCE6F0EE698A35E7DFED2F8A32E7039AA7
:106FE0003AF91400514288424FEA440C03DB8242D2
:106FF0001146A8BF0146294A32F90CC0059AA1EBF7
:107000000C0132F914C0009A614407EE901AF8EEB0
:10701000E77AD207C7EEA46A04D5D5ED127A66EEF8
:10702000A77A38E7143313FB00F307EE903A9FED8D
:107030000F6A049BB8EEE77AC7EE067A002B3FF49E
:107040002AAF95ED137A66EE876AE6EEA87A22E714
:10705000BD37863568170020380C0020C80900208D
:107060000000FA430000C8421C0C00200000484207
:107070008C0D0020EC0E0020D018002000007AC3F8
:1070800000007A43DC180020000096C300009643FD
:1070900018FCFFFF9C170020000000009A0D002044
:1070A000AC180020400A0020040A00202DE9F04F0F
:1070B00089B0CDE90623A34ADFF8B492B2F90030D3
:1070C000B2F90210DFF8ACA2DFF8AC820192002B1B
:1070D000B8BF5B420029B8BF49429BB289B28B421C
:1070E00038BF0B46B3F5FA7F28BF4FF4FA7302930B
:1070F00009F10803059309F114030493924B0393D8
:10710000002600F10C0307460093354634468F4BAA
:107110001B8803F0010003F0020C9B073FD0022CF8
:1071200036D0019B069AB3F900305242B2EB430FBE
:107130004FEA430103DC069A8A42A8BF0A46844B01
:10714000BD7F33F91430D21A079B33F914301A4437
:107150003B7A6421534393FBF1F3C5EB8571C5EB97
:1071600081059D4203DC6D429D42A8BF1D46DAF8B1
:1071700000301A4442F210739A42A8BF1A46754B67
:107180009A42B8BF1A46CAF80020FE7C564336130E
:1071900028B1BCF1000F02D1022C40F0CF80019B3E
:1071A000B3F900E0009B0EEB8E0213F80B3C1201CA
:1071B00092FBF3F2039BB3F900B0BBF1000F5B4607
:1071C000B8BF0BF10303A2EBA303D8F800201344CC
:1071D000B3F57A5F604AA8BF4FF47A539342B8BFC1
:1071E0001346BBF1000FB8BFCBF1000B1FFA8BFBAE
:1071F000BBF5206F7146C8F800300AD8022C0BD1BD
:10720000504AB2F90420002AB8BF524292B2642A0E
:1072100002D90023C8F800307D2293FBF2F3009AD4
:1072200012785A4348BF3F329211BCF1000F7DD013
:10723000022C11D0029B02990298C3F5FA7311FB3C
:107240000EF142434FF4FA7C05FB031106FB0322C7
:1072500091FBFCF192FBFCF2039B404833F902BB2B
:10726000005D0393BBF1000F5B46B8BF0BF1030356
:107270009B1013FB00F36FF04F0093FBF0F30B44F4
:1072800097F8551005EE103A41B13548B8EEC50AE9
:1072900000EB8400FFF742FDBDEEC05A059B39F9B3
:1072A000021B1868049B29F802BC1B68BBEB010198
:1072B00048BF033103444FEAA10C03EBA103049937
:1072C00041F8040B0491059941F804CB059197F816
:1072D000541061B107EE903A2248B8EEE70A00EB8D
:1072E0008400FFF71BFDFDEEC07A17EE903A15EE15
:1072F000100A104402461C48005D434348BF1F3338
:107300006100A2EB6312194B5A52019B02330193A5
:10731000009B01340133032C0AF1040A08F104082C
:1073200000937FF4F4AE09B0BDE8F08F002893D04D
:10733000022C1ABF3246294671468DE7324629464D
:107340008AE700BF040A00208C0D0020380C0020C2
:107350009A0D0020F0D8FFFF80C1FFFF080C00202D
:10736000D0180020DC1800200B0C00209C170020F7
:10737000E8180020240A0020340A00202DE9F04FEC
:107380008BB0CDE907210993A44B1B88049313F01C
:107390000203044614D0A24AB2F90030B2F9022026
:1073A000002BB8BF5B42002AB8BF52429BB292B2D8
:1073B000934238BF1346B3F5007F28BF4FF40073E4
:1073C0000293984B984F0193984B0693DFF8848271
:1073D00004F10B0307F1040907F10C0B03930025DB
:1073E0008F4B33F915C0924B33F91560002E3046A0
:1073F000B8BFF01C83100593019B1A46043201921A
:1074000086EAE672A2EBE67292B2B2F5206F4FEA1C
:107410004C0100F2FC80059A1B688A1A1A44B2F5E6
:107420007A5F844BA8BF4FF47A529A42B8BF1A468B
:10743000019B039843F8042C10F8013F0390D211EC
:107440005A4310F80B3C4B43049989074FEAA212A8
:107450004FEAA31346D007994942B1EB4C0F4FEACC
:107460004C0E03DC07997145A8BF7146DFF8E8C1EF
:1074700009983CF915C0A1EB0C0130F915C08C44FA
:10748000D8F8001042F2107E61447145A8BF7146E1
:10749000DFF8C8E17145B8BF7146C8F8001094F82C
:1074A00008A00CFB0AFA94F81EC00CEB8C0CCCF173
:1074B000000EBEEBEA1F4FEAEA1003DC6045A8BFEE
:1074C0006046864694F813C001FB0CFC0299A2EBBF
:1074D0002C324A43A3EB0E0352124B4302EB2C32E5
:1074E0000EEB632354490598495D11FB00F1A3EBB2
:1074F000A11A94F8551061B107EE90AA4F48B8EE62
:10750000E70A00EB8500FFF709FCFDEEC07A17EEF5
:1075100090AA37F9020BDBF8001027F8026C301A3A
:1075200048BF0330D9F800604BF8046B831049F86A
:10753000043B314401EBA00100EE101A94F8541002
:1075400041B13F48B8EEC00A00EB8500FFF7E6FB0B
:10755000BDEEC00A069911F8013B069110EE101A13
:1075600059430AEB0203374AA3EB611322F81530A3
:107570006B1C022B08F104084FF001057FF430AFBB
:10758000089B9A79264B9B880F3213FB02F3284AFB
:10759000B2F904201B11002AB8BF0332002BA3EB61
:1075A000A201B8BF5B42322B1E4A32DCA07B93683B
:1075B00001FB003324488342A8BF0346234883428B
:1075C000B8BF03469360E2784A432149097803290A
:1075D0004FEAA2120AD9B4F85210B1F5FA7F05D2D7
:1075E0004842904217DC8A42A8BF0A465B13B3F5B3
:1075F000807FA8BF4FF480736FF0FF018B42ACBF58
:10760000D21852180F4B9A800BB0BDE8F08F0022B1
:107610000EE70023D6E70246E8E700BF380C00205B
:10762000040A0020340A0020081900200B0C002056
:107630008C0D002080C1FFFF080C0020D018002016
:10764000DC1800209C170020FEFFFF0F020000F056
:10765000200E0020240A00209A0D0020F0D8FFFF01
:107660002DE9F04F89B0CDE90521BA4A0793B2F967
:107670000030B2F90220DFF81083DFF810A3DFF842
:10768000F8920090002BB8BF5B42002AB8BF52426C
:107690009BB292B2934238BF1346B3F5FA7F28BF2C
:1076A0004FF4FA73019308F10C0300270393AA4BDC
:1076B0000293054608F1040B3C463E46A74B1A8848
:1076C00002F001030493A34B02F00200920733F986
:1076D000163038D0059A5242B2EB430F4FEA4304BA
:1076E00003DC059AA242A8BF22469D4C34F91670CD
:1076F000D71B079A32F9162017442A7A64247A4352
:1077000092FBF4F2AC7FC4EB847CC4EB8C04944217
:1077100003DC64429442A8BF1446DAF80020174400
:1077200042F210729742A8BF17468E4A9742B8BFDE
:107730001746CAF80070EA7C5743049A3F1312B107
:10774000002800F0FF80029AB2F9002082EAE27C71
:10775000ACEBE27C1FFA8CFCBCF5206F00F2E980F8
:10776000002A0099B8BF033203EB830E91F801C0E1
:107770004FEA0E1E9EFBFCFCACEBA20CD9F80020DD
:107780006244B2F57A5FDFF808C2A8BF4FF47A52BC
:107790006245B8BF6246C9F800204FF07D0C92FBED
:1077A000FCFC009A127B61464A4348BF3F3292116B
:1077B000002800F0C0800198019910FB03F3C1F587
:1077C000FA7104FB01334FF4FA7C93FBFCF0019B4C
:1077D0005A4307FB012292FBFCF20299DFF8B4C185
:1077E00031F9023B1CF806C00291002B1946B8BFC4
:1077F000D91C891011FB0CF16FF04F0C91FBFCF1BF
:10780000014405EE101A95F8551051B156480493ED
:10781000B8EEC50A00EB8600FFF780FA049BBDEEC8
:10782000C05A38F9020B039928F8023C181A096863
:10783000DBF8003048BF0330194401EBA00100EE33
:10784000101A03994FEAA00C41F8043B4BF804CB03
:10785000039195F8541041B14448B8EEC00A00EBCA
:107860008600FFF75BFABDEEC00A15EE103A13442E
:107870003F4A10EE101A925D51430A4648BF1F322C
:10788000A3EB621370003B4A1352009A731C01323F
:10789000022B0AF1040A09F1040900924FF00106D3
:1078A0007FF40CAF069B9A792A4B9B880F3213FB0F
:1078B00002F3294AB2F904201B11002AB8BF03328F
:1078C000002BA3EBA201B8BF5B42322B2A4A3CDC5F
:1078D000A87B936801FB003328488342A8BF034676
:1078E00027488342B8BF03469360EA784A43254954
:1078F000097803294FEAA2120AD9B5F85210B1F556
:10790000FA7F05D24842904221DC8A42A8BF0A464B
:107910005B13B3F5807FA8BF4FF480736FF0FF0156
:107920008B42ACBFD2185218124B9A8009B0BDE8F6
:10793000F08F00222FE70499002916BF3A46184617
:1079400020464AE73A46204647E70023CCE702466E
:10795000DEE700BF040A00208C0D0020380C002058
:107960009A0D0020F0D8FFFFD0180020DC1800206E
:107970000B0C00209C170020340A0020FEFFFF0F94
:10798000020000F0200E00201C190020240A002014
:1079900080C1FFFF080C00202DE9F04F2DED088B72
:1079A00087B00446059390F8543004910292002B5E
:1079B00000F01082322BA8BF322307EE903ADFEDA1
:1079C000DA6AF8EEE77A86EEA77AD84B1B88012BA5
:1079D00038BF012307EE903A9FEDD5AAD54BF8EEBC
:1079E000E78AB3F800A028EE8AAA1AF0020337EE5D
:1079F0000A7A0393CAEE079A00F0EF81CE49B1F9F3
:107A00000020B1F90210002AB8BF52420029B8BFC5
:107A1000494292B289B28A4238BF0A46B2F5E17F42
:107A200028BF4FF4E17207EE902A9FEDC47AF8EE7A
:107A3000E77AC7EE87AAC24BDFF858930193DFF8C5
:107A40005883C04BC04F009309F1080B04F10C069A
:107A500000259FEDBEBAB0EE4B9ABD4BB64933F947
:107A6000150031F9153007EE900AB8EEE75AF5EE39
:107A7000047A25EE275A00EE103ABDEEC55ADFED26
:107A8000B57AB8EEC55A1AF0030F25EE275AB8EEAC
:107A9000C00A6CD070EE007A029BFDEEE77A594284
:107AA00017EE90CA8C4503DB63451946A8BF6146B3
:107AB000A94B9FEDAA6A33F915C0059BA1EB0C01F8
:107AC00033F915C0A37F06EE903A237AF8EE666A82
:107AD0006144B1EE047A07EE901A66EE876A07EE0B
:107AE000103AF8EEE77AB8EE477AB1EE669A27EEEA
:107AF000277ABDEEC99A27EE067A19EE103ABDEE46
:107B0000C77A17EE101A994208DBFDEEE66A16EE08
:107B1000903A8B42A8BF0B4609EE103A98ED007AD6
:107B2000AAEE277AFBEE0E7AB4EEE77AF1EE10FABF
:107B3000B8EEC99A08D4F3EE0E7AB4EEE77AF1EE15
:107B400010FAD8BFF0EE477AC8ED007AE37C08EE71
:107B5000103AB8EE488A1AF0010F28EE278ADFEDB6
:107B6000807A28EE278AB0EE48BA40F03C8100289F
:107B7000B8BF404280B2B0F5206F00F2318116F8F4
:107B80000B3CDFED786A07EE103A60EE266AB8EE3D
:107B9000477AC6EE877A97ED007A77EEC57AAAEE35
:107BA000277ADFED717AB4EEE77AF1EE10FA08D4B5
:107BB000DFED6E7AB4EEE77AF1EE10FAD8BFF0EEB0
:107BC000477AC7ED007A337808EE103AB8EE488A63
:107BD000039B28EE278ADFED667A28EE278A5BB1C1
:107BE00070EE497AB0EE490AA7EEAA0A78EE4B7A0F
:107BF000B0EE4B8AA7EEAA8A009B94F8551013F8B2
:107C0000012B9FED5C7A009307EE902AF8EEE77A5D
:107C100065EE677AA7EE870A21B1574800EB850029
:107C2000FFF77CF899ED007AA9EC015A35EE475A36
:107C3000DBED007A019B85EE0A7A13F8012B0193A4
:107C400008F104080437013630EE080A37EE677A87
:107C5000E7EE297A07EE102AB8EEC77AEBEC017A44
:107C600067EEC77A9FED457AA7EE870A07F070F8AE
:107C7000691C434B022923F815004FF001057FF4DE
:107C8000ECAEFDEEE88ADFED3F7A94F857703E4D9A
:107C900018EE903A23F0030308EE903A264BB3F91E
:107CA0000480049B9E792A4BB3F90430F8EEE88AED
:107CB00000EE103A88EEA79ABAEECF0A002F00F035
:107CC000BC8088EAE879E778A9EBE87907F040F822
:107CD0001FFA89F92D4BDFED2E6A06FB09F696FB9C
:107CE000F3F6643607EE100A7E43642396FBF3F343
:107CF00007EE903AB8EEC77AF8EEE77A80EAE073DA
:107D000067EE877AA3EBE07387EEA67AB3F5207F60
:107D100007EE908AB8EEE70A30EE470A3EDCB9F18A
:107D2000640F63D93AE000BF83F9223E6817002050
:107D3000BD378635380C0020040A00200000E143DE
:107D40000B0C0020080C0020400A0020000000005E
:107D50008C0D0020CDCC4C409A0D00206F12033CBE
:107D60000AD7A33D0000A043000040C300004043E9
:107D70000AD7233CA69B443BD0180020F7CC92386E
:107D80009C17002000803B45340A00200CFEFFFFBA
:107D90000000A042301900202C0A00200023AB6014
:107DA00094F8551011B15448FEF7B8FF30EE080AA8
:107DB000BDEEC00A10EE103A1BB200EE103AB8EE5B
:107DC000C00A06F0C5FF4D4B988007B0BDEC088B8C
:107DD000BDE8F08F9FED4A7AF7E5DFED4AAA2AE683
:107DE000DFED487AEDE6B0EE490A05E708EB8803D7
:107DF0001B0193FBF7F31B1A07EE903AF8EEE77AB4
:107E0000AA6867EE897AFDEEE77A17EE903A134496
:107E1000B3F57A5F3C4AA8BF4FF47A539342B8BF98
:107E20001346AB607D2293FBF2F3A27B53439B117D
:107E300007EE903AB8EEE78AB2E7760006F088FFE0
:107E4000283616FB08F67611301A002E07EE900A37
:107E5000B8BF7642322EF8EEE77A16DCA37BAA682A
:107E600007EE103AB8EE477A27EE277A27EE097A1E
:107E7000BDEEC77A17EE103A9F18244A9742A8BF62
:107E80001746234A9742B8BF17467B13B3F5807F46
:107E9000A8BF4FF480736FF0FF029342FDEEE77AC4
:107EA000B8BF1346AF6007EE103AE27817EE903A8B
:107EB00053439B1100EE103A164B1B78032BB8EE80
:107EC000C78AB8EEC00A7FF66BAFB4F85220B2F59D
:107ED000FA7FBFF465AFFDEEC07A534217EE901AF9
:107EE000994203DB91420B46A8BF134607EE903A36
:107EF000B8EEE70A54E700BFD81800209C1700200E
:107F0000AF4C593C0000000080C1FFFFFEFFFF0F97
:107F1000020000F0200E00202DE9F04F8BB0044647
:107F20000893984B06921B88029313F00203079361
:107F300000F0F180149BD889934BB3F90020121AFA
:107F400002F2F31640F2E635AE4200F2DE80002A7D
:107F5000B8BF5242B3F902301B1A03F2F31540F2D4
:107F6000E630854200F2D480002BB8BF5B429342DA
:107F7000B8BF1346C3F5FA730522B3FBF2F3A27F31
:107F8000643BD21053430A2293FBF2F3643323EA97
:107F9000E3735BB27D4D7E4803930268D5F8E83009
:107FA000DFED7C7AD31A05EE103AB8EE455A036835
:107FB000C5F8E83025EE275ACB1C774A0593774B56
:107FC000049285ED3B5A05F1F00B05F1F80AA14644
:107FD00005F5827800220598022A10F801EF059035
:107FE00040F09B806E4989880EF1140011FB00F16E
:107FF0004911C5F80C116B4958F8046B31F912702E
:10800000002F3946B8BFF91CA6EBA106049911F858
:10801000010B049119F8011F019071434143642041
:1080200091FBF0F1C91100EE101A94F8551051B1FE
:108030005D480993B8EEC00A00EB8200FEF76EFEC1
:10804000099BBDEEC00A594999F80BC00988186808
:108050007143C912019E0CFB01F171434FF0640C96
:1080600091FBFCF10144B1F5001F5148A8BF4FF44A
:1080700000118142B5EEC05AB8BF0146F1EE10FAC8
:1080800043F8041B4FEA613116DDBBF90000DAED5D
:10809000006A381A07EE900AF8EEE77AB1EE087A2D
:1080A00077EEE67AB2EE046A67EE877A87EE867A32
:1080B00077EE267ACAED007A2BF8027B99F8160043
:1080C000BAEC017ADFED3B6A07EE900AF8EEE77A48
:1080D00067EE877A9DED017AB8EEC77A67EE877A08
:1080E00087EEA67ABDEEC77A17EE100AA1EBA011B3
:1080F00010EE100A0144304820F812100132032A11
:108100007FF469AF0BB0BDE8F08F4FF4FA7221E74E
:108110004FF4FA732BE764233CE7214830F91260EF
:1081200006984042B0EB460F4FEA42074FEA460C32
:1081300003DC06986045A8BF60462049CF5F0899D8
:10814000C01B31F912700299C907384416D40EF1D8
:10815000140111FB06F1079E0911C8F80010002E4A
:108160003FF449AFE67C7043039E7043642690FB66
:10817000F6F001EB2011C8F800103CE7217A4143EA
:108180000911F8E7380C0020C80900205818002011
:10819000BC0900206F12833A1C0C0020340A002016
:1081A000040A00208C0D0020D01800206817002041
:1081B0000000E0FF0000C8429C1700209A0D00203C
:1081C00003681B6818472820FDF7E8BF0920FDF762
:1081D000E5BF024A1368013313607047BC090020F1
:1081E00010B50A4B4FF0E0201968846900BF1A6887
:1081F0008A42F9D1064B19684FF47A7000FB01F3FB
:108200001B1BB3FBF1F300FB023010BDBC090020C7
:108210009010002010B50446FFF7E2FF0F4AD2F895
:10822000103140F6AC51C31A8B42C4BF002382F810
:10823000143192F814310A49CC541BB90F2C0BD1CC
:10824000C2F810010133DBB282F81431192B054B4F
:108250000CBF012200221A7010BD00BF5818002068
:10826000591500205815002010B50446FFF7B8FF37
:10827000264AD2F81831C2F81801C31AB3F57A6F3A
:1082800084BF002382F81C3192F81C3143B9A82C1A
:1082900030D11F490B701F490B801F49CC5406E099
:1082A000022B02D11D490C70F7E7242BF5D91B498D
:1082B00009780133DBB20231B3EB410F82F81C3194
:1082C0004FEA410017DA1349088880EA042080B297
:1082D000082341F2210402B2002AB4BF84EA420218
:1082E000400003F1FF33B4BF90B280B213F0FF033C
:1082F000F1D1088010BD411C8B42FBD1002382F8D4
:108300001C31034B01221A70F4E700BF58180020FB
:1083100072150020741500207615002073150020BA
:1083200010B50446FFF75CFF0D4BD3F82021C3F8CE
:108330002001821A41F288318A4284BF002283F8E8
:10834000242193F824210749142A8C540BBF064B8F
:108350000132012283F8242108BF1A7010BD00BF2A
:1083600058180020BD150020BC15002010B504468B
:10837000FFF736FF0D4BD3F82821C3F82801821AE6
:1083800041F288318A4284BF002283F82C2193F87D
:108390002C2107490F2AE4B28C540BBF054B013244
:1083A000012283F82C2108BF1A7010BD5818002034
:1083B000151500200D150020F8B52D4C2D4E2E4F13
:1083C0000546FFF70DFFD4F83031C4F83001C31A69
:1083D000B3F5FA5F82BF002333703B70337853B933
:1083E000A12D08D101223A70E2180133EDB2DBB2BF
:1083F0005570337002E03A78002AF5D11F4D2A7883
:108400009A4208D11E4B1B78052B05D0062B06D0AF
:1084100000233B703370F8BD0020FDF723FFA378E5
:108420001E2BF5D195F800C000250CF1FF3C284625
:10843000654507DB644463789842E9D10320FDF782
:1084400011FFE5E7631908225B78DBB280EA0301DC
:1084500041F3000121F07301013A81EA530312F064
:10846000FF02DBB24FEA5000F0D101351846DFE7DA
:108470005818002082110020811100208311002053
:108480008511002038B50446013C00D238BDFFF705
:10849000A7FE0546FFF7A4FE431BB3F57A7FF9D389
:1084A000F2E72DE98848064600F040082A4C4FF0D4
:1084B0001E0B052502273FE0B8F1000F04D0A38A68
:1084C0009BB283F40053A382BAF1000F04D0A38AB5
:1084D0009BB283F48043A382B9F1000F04D0A38A36
:1084E0009BB283F40043A3825846FFF7CBFFB8F159
:1084F000000F04D0A38A9BB283F40053A382BAF185
:10850000000F04D0A38A9BB283F48043A382B9F105
:10851000000F04D0A38A9BB283F40043A382584681
:10852000FFF7B0FF85B1013DC6D14FF4FA70FFF7F8
:10853000A9FF4FF0960B002557EA050306D006F079
:10854000200A06F00209B7E7013FF4E74FF47A701A
:10855000FFF798FFAAE700BF00080048044A00237D
:108560001370044A1360044A1380044A136070476E
:108570004A0D0020440D0020480D0020400D002031
:108580000E4B30B500220C2404FB02F1CD5C854279
:1085900003D00132102AF7D130BD094A106820B14A
:1085A0005C18407864788442F6D20B441360054A24
:1085B00000231380044A1360EEE700BFFC18010893
:1085C000400D0020480D0020440D00204300142BD6
:1085D0000C4A30B4A8BF1423002102251424023110
:1085E00099421570547002F10202F8DB064A002825
:1085F00008BF02231344FF2283F8342130BC0F202C
:10860000BEE700BF8C1900205818002010B50A786A
:108610004B789A421BD20F490430192431F91000CB
:1086200040F633018842A8BF0846B0F5617F40F2AA
:108630008331B8BF4FF4617012FB0412904206DD23
:1086400013FB04139842CCBF0020012010BD002072
:10865000FCE700BFC80900200C4970B500226FF08C
:10866000180640F6C414437812FB02656B4303F608
:10867000C413057853430132072A05FB03F393FB28
:10868000F4F321F8023BEED170BD00BF0E0C0020C8
:108690002DE9F0411D4C00220A264FF47A758778A7
:1086A000A2EB070E0FFA8EFEBEF1000FBC462ADDCC
:1086B000C7F16407FFB290F803800EFB0EF308FBCE
:1086C00003F3C8F1640817FB07F70CEB8C0C93FB62
:1086D000F7F343440EFB03F393FBF6F303EB4C0376
:1086E0001BB22380B1F800C04F880A32A7EB0C07F9
:1086F00092B27B43782A93FBF5F39C4424F802CB97
:10870000CDD1BDE8F08108BF0127D4E7200C0020BF
:10871000F0B5104B104C1B6894F84A1100251E1D33
:10872000CAB2032A04D90DB184F84A2100200EE010
:1087300036F831C010EA0C0F01F101074FF00105C6
:1087400006D003EBC1002A44023084F84A21F0BD70
:108750003946E5E7580D002058180020024B00224A
:1087600083F84A21D4E700BF58180020014B014686
:10877000186825E5540D0020064B10B50146044647
:108780001868FFF71DFD044B1B689A7954409C71D3
:1087900010BD00BF540D0020500D002038B5054617
:1087A00024200C46FFF7E8FF4D20FFF7E5FF002DE2
:1087B000084D0CBF3E202120FFF7DEFF2B68002272
:1087C00020469A71FFF7D8FF2B6893F84900BDE85F
:1087D0003840D1E7500D002010B50446C0B2FFF775
:1087E000CBFF200ABDE81040C6E710B5044680B2B2
:1087F000FFF7F2FF200CBDE81040EDE7034B1B68CC
:10880000DA79511CD9711344187A7047500D002041
:1088100010B5FFF7F3FF0446FFF7F0FF04EB00206D
:1088200080B210BD10B5FFF7F3FF0446FFF7F0FF6D
:1088300004EB004010BD01460020AFE708B5FFF78C
:10884000CFFC074B00F5B71000F558701860054BCA
:1088500002221A70044A936803F2DC53936008BD45
:10886000080F0020040F0020640B002008B5FFF75C
:10887000B7FC064B1860064B02221A70054B1A68AB
:10888000054B9A60012283F8212008BD080F0020C3
:10889000040F0020BC090020640B0020104B1B6853
:1088A00003EB4002117E29B102290DD00D4B33F8A4
:1088B00010007047022805D90328F7D10A4A126828
:1088C000D20409D5D8897047507E00EB800000EBB8
:1088D000800000F2EE2070474FF49660704700BFB2
:1088E000280B0020C80900203C0C002038B52DEDD5
:1088F000048B4A4B0C460168C3F84C118188A3F8DD
:108900005011023A062A05D8DFE802F05259606792
:1089100073798000B3F84C212280B3F84E21628035
:10892000B3F950313E4AA3801278002A3DD1B4F900
:1089300000203C4D09EE102AB4F9022095ED030AFF
:10894000D5ED007A08EE902AF8EEE88AB8EEC99ADA
:1089500028EE800AA7EE890A07EE903AB8EEE78A79
:10896000D5ED067AA7EE880A06F0F2F995ED040A2D
:10897000D5ED017A208028EE800AA9EE270AD5EDF0
:10898000077AA8EE270A06F0E3F9D5ED057A6080AC
:1089900028EEA70AD5ED027AA9EE270AD5ED087AC6
:1089A000A8EE270A06F0D4F9A080BDEC048B38BDF0
:1089B000B3F84E212280B3F84C215242AFE7B3F80E
:1089C0004C2152422280B3F84E21F6E7B3F84E21F3
:1089D00052422280B3F84C21A1E7B3F84C21524215
:1089E0002280B3F84E216280B3F850315B421BB253
:1089F00098E7B3F84E212280B3F84C21F3E7B3F89F
:108A00004C212280B3F84E215242ECE7B3F84E21BC
:108A100052422280B3F84C21F6E700BF58180020DC
:108A20003E000020A01000209F4B5A6802F00C026C
:108A3000082A2DE9F04140F0AB8059685A68D60306
:108A400049BFDA6A994A9A4C02F00F02C1F3834196
:108A500048BF013201F1020148BFB4FBF2F25143B9
:108A60000C4604605A68DFF84CE2C2F30312724409
:108A700092F8C0205FFA82FC24FA02F242605D683C
:108A8000C5F30225754495F8C06022FA06F68660A3
:108A90005D68C5F3C225754495F8C050EA40C260D0
:108AA000D3F82C80EFB2C8F303150EEB450518F48C
:108AB000807FB5F8D050ADB26DD0002D6BD0B1FB3A
:108AC000F5F50561D3F82C80C8F343250EEB450E70
:108AD00018F4005FBEF8D050ADB25ED0002D5CD06F
:108AE000B1FBF5F54561D3F830E0714D1EF0100F84
:108AF0000CBFAE46A646C0F818E0D3F830E01EF032
:108B0000200F0CBFAE46A646C0F81CE0D3F830E0FC
:108B10001EF0400F18BF254605621D6BED053ED5C2
:108B2000A1423CD1BC453AD14D0045621D6BED04DC
:108B300037D5A14235D1BC4533D14D0085621D6B7F
:108B4000AD0530D5A1422ED1BC452CD14D00C5621A
:108B50001D6B6D0529D5A14227D1BC4525D14D00FE
:108B600045641D6B2D0522D5A14220D1BC451ED1E7
:108B70004D0085641D6BAD041BD5A14219D1BC45C8
:108B800017D16100C164196B890714D1026318E021
:108B9000474C002165E7254693E72546A2E71546A1
:108BA000C3E71546CAE71546D1E71546D8E7154687
:108BB000DFE78264E7E71A6B02F00302012A16D1AD
:108BC00004631A6B12F4403F20D146631A6B12F40F
:108BD000402F35D186631A6B12F4401F4AD1C66309
:108BE0001A6B12F4400F67D10664BDE8F0811A6B6E
:108BF00002F00302022A02D14FF40042C6E71A6BC8
:108C000002F00302032ADCD1294ABFE71A6B02F4FF
:108C10004032B2F5803F01D14463D7E71A6B02F4CA
:108C20004032B2F5003F03D14FF400424263CDE73A
:108C30001A6B02F44032B2F5403FC7D11C4AF5E747
:108C40001A6B02F44022B2F5802F01D18463C2E78F
:108C50001A6B02F44022B2F5002F03D14FF4004208
:108C60008263B8E71A6B02F44022B2F5402FB2D10A
:108C70000F4AF5E71A6B02F44012B2F5801F01D1DA
:108C8000C463ADE71A6B02F44012B2F5001F03D1C2
:108C90004FF40042C263A3E71A6B02F44012B2F52C
:108CA000401F9DD1024AF5E70010024000093D0037
:108CB00000127A00FC1801081A6B02F44002B2F5A7
:108CC000800F01D1046490E71A6B02F44002B2F500
:108CD000000F03D14FF40043036486E71B6B03F4DA
:108CE0004003B3F5400F80D1004BF5E700127A0046
:108CF0002DE9F041046DD0F80880236823F00103CA
:108D000094B0236086794779206820F001002060C4
:108D10006068330320F4405003F40053034363605E
:108D2000236807F00105310223F4B05317F002075E
:108D300001F480614FEA850223F00C0318BF42F072
:108D400008020B431A432260A36823F44073A36014
:108D50006846FFF769FE224B9C4231D10C9A23688A
:108D60001B0448BF5200B2FBF8F308FB1322B2EB1E
:108D7000580F226828BF0133100406D5C3F34202FE
:108D800023F00F031B041B0C13439BB2A3816368E6
:108D90002D04F10745EA07454BBF1D43AB43656012
:108DA0006360A36832074CBF43F0080323F0080355
:108DB000A360236843F00103236014B0BDE8F08191
:108DC000084B9C4201D10D9AC9E7074B9C4201D147
:108DD0000E9AC4E7054B9C420CBF0F9A109ABEE74F
:108DE000003801400044004000480040004C004072
:108DF00081607DE741717BE70A4B0C2202FB00306A
:108E0000F03070B40E4607C8074C04F5AA7585E823
:108E1000070003EB8603B4F85811D3F8C83170BCCF
:108E2000184700BFFC1801085818002010B5046846
:108E30000A4B02721CB91C68016021444160196828
:108E40004468091B002906DB1AB11A680368134439
:108E50004360012010BD0020FCE700BFBC090020DA
:108E6000F8B50A4F04460026204603F029FDF5B266
:108E7000A84206F1010600D8F8BD605DFFF776FC58
:108E8000635D3A7853403B70EEE700BFFD0A002077
:108E900038B50E4D0023044624202B70FFF766FCE6
:108EA0004420FFF763FC204603F00AFDC0B2FFF741
:108EB0005DFC204603F004FD2B78434020462B70D8
:108EC000FFF7CEFF2878BDE838404FE4FD0A0020C8
:108ED0004000F8B5C5B23B48006849F6FF748669A2
:108EE00036040BD5013CA71CF9D1374B4FF0FF32AC
:108EF000C3F86021FDF7CEFC0020F8BD446824F0E3
:108F00007F7424F4593424F47F7424F003042C4334
:108F100044F0807444F4903444602B4C4FF4204669
:108F2000C4F860618669B60707D4D4F86061771E1B
:108F3000C4F86071002EF5D1DCE7816249F6FF715B
:108F40008669370605D4C4F8601101398E1CF7D143
:108F5000D0E7416821F07F7121F4593121F47F710C
:108F600021F00301294341EA024141F000714160CF
:108F70001A449A420DD14FF42043C4F860310022C4
:108F800081698D0616D4013B591C4FF00102F7D1BF
:108F900009E049F6FF718569AF0707D401398E1CD6
:108FA000F9D14FF0FF33C4F86031A3E713F8011B88
:108FB0008162DEE70AB1C4F860312023C361012079
:108FC0009BE700BF5C0D00205818002000232DE90E
:108FD000F74306460D461F4615F80380B8F1000F0B
:108FE00000D01FB1384603B0BDE8F0835C1CB8F177
:108FF000FF0F15F8049029D19C1C2A5DB9F1030FCD
:109000003AD8DFE809F0020B131B1C1D2B44DB7858
:1090100003EB0223A6F834312346DDE71C1D2B4465
:10902000DB7803EB0223A6F83631F5E71C1D2B4451
:10903000DB7803EB0223A6F83831EDE71C1D2B4447
:10904000DB7803EB0223A6F83C31E5E7B8F1040F27
:1090500012D89C1C2919424601A803F085FB96F8FA
:109060005C0101AB42464946FFF732FF0028444409
:1090700008BF6FF01307CFE76FF00307CCE707B522
:1090800052BAADF8042001AB0222FFF721FF0028FD
:109090000CBF6FF01300002003B05DF804FB08B5AF
:1090A00006220B46B021FFF713FF00280CBF6FF01C
:1090B0001300002008BD07B58DF807200DF1070348
:1090C0000122FFF705FF03B05DF804FB0246802193
:1090D0003C20F0E710B50446A1F15000C0B2FFF704
:1090E000F5FF04EB4400400004EB440400F00E00E4
:1090F000FFF7ECFFE0081030BDE81040E6E70A4655
:1091000001466820D7E708B5012232210C20FFF77D
:10911000D2FF4FF47A70FFF7B5F9012231210C200C
:10912000FFF7C9FF0120FFF7ADF9012008BD08B521
:10913000FFF7C1FF00280CBF6FF01300002008BD2F
:1091400038B504460D4601F07F0290F860018A218F
:10915000FFF7EDFF84F8605138BDF8B53E4D400093
:10916000C6B2286849F6FF7487693F040CD5013CF4
:10917000A71CF9D1394B4FF0FF32C3F86021FDF73E
:1091800089FB00210846F8BD446824F07F7424F46C
:10919000593424F47F7424F00304344344F49034A9
:1091A00044602E4C4FF42047C4F860718769BF07B4
:1091B00008D4D4F8607107F1FF3CC4F860C1002FF7
:1091C000F4D1DCE7816249F6FF7187697F0605D437
:1091D000C4F8601101398F1CF7D1D0E7416821F044
:1091E0007F7121F4593121F47F7121F00301314362
:1091F00041EA024141F0007141F410514160013BEC
:109200000021914228680DD14FF42043C4F8603109
:1092100000228569AE0618D4013B5D1C4FF00102A7
:10922000F7D109E049F6FF7687697F0707D4013E49
:10923000B71CF9D14FF0FF33C4F860319FE7406AA3
:1092400003F8010F0131C9B2DBE70AB1C4F860319C
:109250002023C36196E700BF5C0D00205818002052
:1092600008B513460A4601466820FFF776FF003826
:1092700018BF012008BD13B5002304468DF8003047
:1092800001226B4610210C20FFF767FFD0B19DF83B
:109290000030DB0716D56B46072211210C20FFF7A3
:1092A0005CFF78B1BDF800302380BDF802306380E8
:1092B000BDF80430A380012231210C2002B0BDE8AA
:1092C0001040F8E6002002B010BD2DE9F04F85B047
:1092D000DFF8BCB00E9D109F0195064689461046EA
:1092E0001C464FF000084FF0010A0F9B984523D110
:1092F0003D6096F85C012146FFF7D1FE0546002847
:1093000042D102AB062296F85C01B021FFF725FF9F
:10931000002804F1FF3208BF6FF0130502AB0534DB
:1093200013F8011B12F8010F88420DD1A242F7D1A8
:10933000284605B0BDE8F08F01AA2946FDF788FA56
:10934000019A531C03D13D606FF03105F0E702F143
:10935000B40189090BEB8101D1F8D411003918BF90
:1093600001214945EFD14FEAD20C2F2A02F007051F
:109370009FBF14F80C100AFA05F5294304F80C10E5
:10938000551C08F10108B0E76FF01305D0E700BFE6
:10939000FC18010813B5144601AB0422FFF7DDFEEB
:1093A000019B00281BBA0CBF6FF013000020236044
:1093B00002B010BD13B5144601AB0222FFF7CDFE7B
:1093C000BDF8043000285BBA0CBF6FF0130000201A
:1093D000238002B010BDF7B590F8DA30013B022BC4
:1093E00004462AD890F85C01154F0DF106020E21B3
:1093F000FFF7E0FFBDF8065007EA4545B8B994F815
:109400005C010DF106020C21FFF7D4FFB5F57F0FCB
:10941000BDF8066004D807EA4646B6F57F0F0CD9BA
:1094200058B90849204603B0BDE8F040CEE5B5F58F
:109430007F0F02D86FF01300EFE703B0F0BD00BF5D
:109440000000FE1F70000020F7B514461F460122E1
:109450000DF1070305460E46FFF77FFE18B96FF0C2
:10946000130003B0F0BD9DF8073004EA03023A434D
:1094700031462846FFF71FFE0028F0D00020F0E715
:1094800008B513460122FFF768FE00280CBF6FF0F5
:109490001300002008BD13B500230C4690F85C01B2
:1094A0008DF807300DF107020121FFF7E9FF78B9C8
:1094B0009DF80730C3F300122270C3F3C002A270FC
:1094C000C3F380026270C3F38012DB09E270237180
:1094D00002B010BD37B5044644F6206594F8DA3082
:1094E00094F85C01042B0DF1070211D11321FFF751
:1094F000C7FF9DF8073013F0180F03F0070203D0E1
:109500006FF0050003B030BD68B16FF01300F9E7EC
:109510001421FFF7B5FF0028F7D19DF80730DB07CE
:1095200003D50020EEE7042AFBD0013D03D00A203A
:10953000FEF7A8FFD2E76FF00600E3E7F7B50646AF
:10954000002290F85C018321FFF7F1FD0546E0B9A8
:1095500044F6206796F85C010DF107028321FFF7BE
:109560008FFF9DF8073004462BB970B90135BD4215
:10957000F0D16FF0060496F85C0101228321FFF719
:10958000D6FD204340B203B0F0BD6FF01304F2E704
:1095900013B50129144614BF5021702190F85C01C5
:1095A0000DF10702FFF76CFF30B99DF8073001336A
:1095B0005B00237002B010BD6FF01300FAE7F0B546
:1095C00085B000240229074615468DF80240ADF803
:1095D000064024D10DF103022146FFF7D9FFD8B987
:1095E00097F85C010DF102024621FFF749FF4C4B51
:1095F0009DF803409DF802205C4304F5FA744FF493
:109600007A73B4FBF3F402FB044404F5FA74B4FB7C
:10961000F3F42C6005B0F0BD6FF01300E7E7032909
:109620002FD121460DF10302FFF7B2FF01460028BA
:1096300072D10DF103023846FFF7AAFFF0B997F88F
:109640005C010DF106025121FFF7B4FEBDF80630B2
:109650009DF80640324A1B0A9C409DF803300134B5
:109660005343A4B24FF47A7203F5FA73B3FBF2F3E7
:109670005C4304F5FA74B4FBF2F4CAE76FF013002C
:10968000E4E702A9FFF707FF9DF80B30002B3DD060
:109690000DF1030221463846FFF77AFFC0BB97F869
:1096A0005C010DF106025121FFF784FEBDF8063082
:1096B0009DF806401B0A9C400134A4B240BB0DF14A
:1096C000030201213846FFF763FF08BB01AA97F8A0
:1096D0005C017121FFF76EFEBDF804209DF8043097
:1096E000120A934001339BB20D499DF803201B1BC6
:1096F0004A439BB24FF47A7102F5FA72B2FBF1F26F
:10970000534303F5FA73B3FBF1F482E71C46D6E743
:1097100000236FF01300E7E76FF0130079E700BF55
:10972000002F3A002DE9F047037C86B00B70044609
:109730000D4690F85C0103AAF8210026FFF73AFED7
:1097400028B16FF01306304606B0BDE8F08794F8F4
:109750005C0104AA0421FFF71DFE0028F1D1BDF829
:109760000C201AB1049BB3FBF2F3AB60AB68A361AE
:1097700000232B7394F85C0104AA2021FFF71AFE42
:109780000028DED1BDF810304BBB226A2A6194F864
:109790005C01237704AA2821FFF70CFE0028D0D112
:1097A000BDF81030C3F30B0213F4006F18BFA2F51D
:1097B0008052FA2312FB03F36B6104F1270805F1D1
:1097C00017074FF0000A05F124091FFA8AF3013B3D
:1097D000042B09D8DFE803F00C1C1E202000DB005E
:1097E0002B6123620123D2E7636B49F82A3023E01F
:1097F00094F85C0104AA4421FFF7DCFD0028A0D105
:10980000BDF8102053029AB1AB62A363012311E0AB
:10981000E36BEAE7236CE8E794F85C0104AA6421AF
:10982000FFF7C8FD00288CD1BDF810305B02DCE7E3
:10983000A26BAA6284F829300AF1010A18F8013FE4
:1098400007F8013FBAF1060FBFD194F85C0104AAF2
:109850000121FFF715FE00287FF473AF9DF810304B
:1098600084F83031DB0985F83C3084F84C304FF413
:10987000FA63CDE9023040F636336B6004A9204626
:109880008DF811608DF81260FFF705FE064600287E
:109890007FF457AF9DF811709DF812809DF81090DD
:1098A00047EA080359EA03031AD002AA0221204614
:1098B000FFF785FE00287FF444AFB9F1000F05D013
:1098C000029B03F24E226B6813446B60B8F1000FE9
:1098D0001DD0029B03F2B2226B6803EB42036B6064
:1098E0009DF81330DBB99DF814306BB101AA042147
:1098F0002046FFF764FE019B03F226226B681344A7
:109900006B6000287FF41DAF6B6863611BE7002F5D
:10991000E6D0029B03F525726B681344DFE703AAC8
:1099200003212046FFF74BFE039B03F525726B686E
:1099300013446B600028D6D003E702297FB50446A4
:1099400015462DD10DF105020021FFF721FE18B1BA
:109950006FF0130004B070BD9DF80530554A94F8BF
:109960005C014FF47A71534303F5FA734FF4FA62D2
:10997000B3FBF2F2B3FBF1F301FB0522B2FBF3F20E
:1099800093B2B3F5807F9ABF02F1FF32D2B2FF22C9
:109990004621A4F8D82004B0BDE87040FFF7C7BB4B
:1099A000032935D10DF105020021FFF7F1FD414BEF
:1099B0009DF805204FF47A715A4302F5FA724FF47C
:1099C000FA63B2FBF3F3B2FBF1F201FB0533B3FB35
:1099D000F2F39AB242B1531E0022FF2B02F10101B1
:1099E00013D803EB02239AB2ADF80620A4F8D820CE
:1099F0000028ADD194F85C015121FFF740FB00280D
:109A0000A6D1C4F8E4500020A4E75B080A46E4E7C6
:109A100002A9FFF740FD9DF80B60C6B10DF10502EC
:109A200000212046FFF7B4FD002891D194F85C0195
:109A30000DF106025121FFF7BDFC002888D1BDF8C9
:109A400006309DF806601B0A9E400136B6B20DF145
:109A5000050201212046FFF79BFD00287FF478AF27
:109A6000144A9DF805304FF47A71534303F5FA73A5
:109A70004FF4FA62B3FBF2F2B3FBF1F301FB052200
:109A8000B2FBF3F2921907D0013AFF2A00F1010369
:109A90000DD802EB002292B294F85C017121FFF71D
:109AA000EEFA00287FF454AFC4F8DC50ABE752085C
:109AB0001846EAE7002F3A002DE9FF474FF4FA6213
:109AC0000023CDE9003244F61F62914206460F465C
:109AD00005D86FF00305284604B0BDE8F08702A959
:109AE0008DF809308DF80A30FFF7D5FC054610B126
:109AF0006FF01305EFE79DF809809DF80A909DF837
:109B000008A049EA08035AEA0303A7F636341BD033
:109B100001AA02213046FFF752FD0028E8D1BAF130
:109B2000000F05D0019B03F24E239C42D1D9E41AC9
:109B3000B9F1000F25D0019B03F2B223B4EB430F20
:109B40004FEA4302C5D9A41A9DF80B3063B16A46A7
:109B500003213046FFF733FD009B03F525739C423C
:109B6000B7D90028C4D1E41A9DF80C30002BB2D02C
:109B7000A4F2262204213046FFF7DFFE7761054676
:109B8000A9E7B8F1000FDFD0019B03F525739C42D4
:109B90009FD9E41AD8E773B50646002501220B21A8
:109BA00096F85C01FFF7C3FA002204460B2196F8F1
:109BB0005C01FFF7BCFA0DF107020443132196F88C
:109BC0005C01FFF75DFC9DF8073064B2044301358A
:109BD0005B0760B2EDB207D0032D0AD00028DDD0BC
:109BE0006FF0130002B070BD032D08BF6FF00B00C3
:109BF000F8E76FF00B00F5E72DE9F04F9BB090F818
:109C000030310E910546002490F85C010593C02286
:109C100001212746FFF78BFA002840F03D830122FF
:109C2000802195F85C012C74FFF781FA0122FF2155
:109C300095F85C01FFF77BFA2246214695F85C0116
:109C4000FFF775FA95F83A2195F85C019121FFF735
:109C50006EFA0122214695F85C01FFF768FA224668
:109C6000FF2195F85C01FFF762FA2246802195F802
:109C70005C01FFF75CFA214695F85C010122FFF7D1
:109C800056FA0146002840F0078301238DF84C3036
:109C9000064644F620689DF84C30DB0706F10106C5
:109CA0000BD5002940F0F582464508D095F85C01B7
:109CB00013AAFFF7E5FB0146EDE7464505D16FF036
:109CC000060630461BB0BDE8F08F002940F0E48264
:109CD0002846FFF7FFFB06460028F2D1032385F84C
:109CE000323195F85C0110AB0C221421FFF735FAE4
:109CF000002800F0D182BDF8423003935BBABDF872
:109D00004660ADF832309BB2BDF84A800293B5F898
:109D1000523195F8312176BA98FA98F8B6B2B3F57F
:109D20007A7F1FFA88F84FEA46260DD008FB03F326
:109D30004FF47A7103F5FA73B3FBF1F3297F00292D
:109D400040F09B801FFA83F8002A00F0A1804FEAC0
:109D50008813DBB206934FEA98089DF84020BDF8BF
:109D60004830C2F3C302002101925BBAADF84C1037
:109D70009BB201995B024FF2A102CA40079395F88A
:109D80002830049302F001020D92002B00F0C681EE
:109D90002C7F002C00F088802A6A029B5A43803274
:109DA000140A06EB122295F8E0104FF47A7A0AFBB7
:109DB00002F9082909F500490CBF4FF0020B4FF0DA
:109DC000030B5FEA194073D1384BC5F840319A460E
:109DD0006B6B84B2002B00F0A48153452CBF4FF075
:109DE000000B4FF0010B95F82A90B9F1000F00F02D
:109DF000AC8195F85C01D5F83CA00122FF21FFF76A
:109E000096F9002800F08F816FF01300BDF84C2008
:109E10005202C5F84821BAF1000F00F09481524572
:109E200094BF00220122002840F0128295F82B10E6
:109E3000002900F08E81039B002B00F0888102989E
:109E40003302B3FBF0F3286C83422CBF00230123C1
:109E50000D98002840F0018201980138092800F28D
:109E6000EC81DFE810F0780178017801EA01EA017D
:109E7000FC01EA01FE01FC01FE010298298C41432C
:109E8000B6EB212F4FEA212005D152B948F6E02840
:109E90000023069361E79BB27343311AB3FBF1F3DE
:109EA00050E742F2B82852E732467CE7AE878F028D
:109EB000DFF8D4C3D5F8DC3008930CFB01F101F5D1
:109EC000FA730A93D5F8E430099395F8E8300999C4
:109ED0000CFB03F303F5FA734FF4FA6CB3FBFCFECF
:109EE0000AFB01EE0A99B1FBFCFC0899B3FBFAF3FB
:109EF0000AFB01CCBEFBF3F30A99B1FBFAF1BCFB00
:109F0000F1FC63440BFB03F340F27761DB0203F5E2
:109F1000FA73B3FBFAF34B4303F5FA73B3FBFAF1AD
:109F200002F180030A931A0A079B0F914A4302F138
:109F3000800C0AFB03F2CD4B1A40B2FBF0F2CC4886
:109F40004FEA1C2C824228BF0246BCF1010F4FF49D
:109F5000167038BF4FF0010C00FB02F30C2000FB21
:109F60000CF00B93FCF7FBF9C04B0AFB04F4B4F5BF
:109F7000481F09EA030928BF4FF4481409F5FA7984
:109F8000A9EB4404BB4BB9FBFAF9B4FBFAF4240285
:109F9000B4FBF9F42402C4F5803441F25C2203FBE3
:109FA00008F3B3FBF2F35C4304F50044640C04F5DE
:109FB000004464434FF44873A40B5C430B9B04F5CB
:109FC000004403F50049240C64434FEA19494FEA61
:109FD000400B09FB0940FCF7C2F903046422323349
:109FE00041F2883AB3FBF2F340F6B532B3FBFBF330
:109FF00002FB03AAA04B0F990F919A459CBF42F216
:10A000001073BAFBF3FADDE90832134403F5FA736F
:10A010004FF47A7B4FF4FA62B3FBFBF0B3FBF2F23E
:10A0200002F5C812B2FBF0F088BF4FF4704AFCF79B
:10A0300096F9000200F5FA70B0FBFBF040430AFB12
:10A040000A00FCF78CF98D4B0F990BFB00FA9A452F
:10A05000B5F854B128BF9A46D5F85831C5F840A193
:10A0600003FB0BF380331B0A03FB0BFB002E53D0C7
:10A07000834B0A9A03EA822303EB5603B3FBF6F3FE
:10A0800003EB43035B4303F500431B0C062009F17C
:10A090000309B9FBF0F9C9EBC909B9F5803F37BF2E
:10A0A0000B9A784A0332B2FBF0F23FBFC2EBC20216
:10A0B00002F50042120C524304EB510414440BF11C
:10A0C0002000B4FBF1F4A403FE227F348009B4FB2A
:10A0D000F2F45C4304F5FA744FF47A73B4FBF3F4CE
:10A0E000FCF73DF9240104F5FA74B4F57A7F814652
:10A0F00023BF4FF4FA604FF47A73B4FBF0F0002002
:10A1000022BF5844B4FBF3F4B0FBF4F0FCF727F99A
:10A11000484528BF48465BE63346B7E7DDF810B050
:10A1200061E69B465FE613AA95F85C01B621FFF74E
:10A1300041F9024600287FF467AE95F85C01FF21E3
:10A14000FEF7F5FF62E652466DE64A466EE6039B71
:10A1500079E60B467CE60527049895F829C0002887
:10A1600008BF4BF0010B019885F82EB004281ABFE8
:10A17000BCFA8CF040090120B9F1000F08BF42F091
:10A180000102002908BF43F0010385F82F0085F87C
:10A19000302085F8313005F1500CBCE80F000DF18E
:10A1A0004C0EAEE80F009CE8070000238EE8070085
:10A1B0001493079B1793BDF83230ADF86030069BBF
:10A1C00016968DF863308DF8647013AEADF8564076
:10A1D000ADF854800FCE05F150040FC49EE807007F
:10A1E0008CE807002846FFF7D6FC064600287FF4D7
:10A1F00068AD95F85C010122FF21FEF798FF002869
:10A200004AD10E9A95F85C01B621FFF7D3F80028E1
:10A2100042D195F85C013246FF21FEF788FF002805
:10A220003AD1059A95F85C010121FEF780FF0646B8
:10A2300090BB059B85F8303143E5012A11D0019888
:10A24000042810D07BB9BBF1000F1FD10F465A462E
:10A25000394600273B463C467EE7FF277CE704273C
:10A260007AE7032778E7022776E700BF0000FFFFC1
:10A27000666666009A9906000F279F24AE878F02B4
:10A280000000FCFF0000F0FF002F3A005F461A4676
:10A2900062E746453FF413AD6FF0130611E510B5C4
:10A2A00041F001020446002190F85C01FEF73FFFF7
:10A2B00078B92046FFF70EF968B92046FFF76BFC26
:10A2C00048B90246014694F85C01BDE81040FEF72B
:10A2D0002EBF6FF0130010BD2DE9F3474FF0000AB9
:10A2E0000546884690F85C019DF828708DF807A017
:10A2F000FF21164601229946FEF719FF52460446F1
:10A30000514695F85C01FEF712FF52460443FF21C7
:10A3100095F85C01FEF70BFF64B2044364B2B9F137
:10A32000000F07D095F85C014246CB21FFF7A8F853
:10A33000044364B247B195F85C010DF10702EE21C8
:10A34000FFF79EF8044364B295F85C010122FF21F7
:10A35000FEF7EDFE01220443002195F85C01FEF7B3
:10A36000E6FE64B20443002295F85C01FF21FEF78B
:10A37000DEFE64B29DF80730204323F0100340B2A4
:10A38000337002B0BDE8F0872DE9FF471546012282
:10A3900090F830710446884690F85C014FF0000A4E
:10A3A00011461E468DF80FA0FEF7C1FE8146B0BBD8
:10A3B00040212046FFF773FF60BB012E34D100908F
:10A3C00033460DF10F0241462046FFF785FF40BBA3
:10A3D00094F85C0102220121FEF7A9FE804658BBD9
:10A3E00001462046FFF75BFF08BB012E22D1034642
:10A3F00000962A460DF10F012046FFF76DFF80B948
:10A4000094F85C013A460121FEF791FE48B984F8C0
:10A41000307101E088F8009004B0BDE8F08788F85A
:10A4200000A06FF01300F7E788F80000D0E785F888
:10A430000080F1E72870E3E700232B70F1E72DE9B6
:10A44000F04F002391B0CDE90712B0F83C61C0F89D
:10A450002431A0F8283101220446FF2190F85C0144
:10A460008DF82D30CDE90C338DF82C30FEF75FFEE2
:10A47000024628B16FF01305284611B0BDE8F08FF1
:10A4800094F85C014F21FEF752FE0028F2D12C22F5
:10A4900094F85C014E21FEF74AFE02460028E9D1FD
:10A4A00094F85C01FF21FEF742FE0028E2D1B422BD
:10A4B00094F85C01B621FEF73AFE02460028D9D195
:10A4C00094F85C018021FEF732FE03460028D1D1CA
:10A4D0000BAA0DF12D012046FFF756FF0546002877
:10A4E000CAD104F59573059304F5927703230DF112
:10A4F0003408CDE900030146CDF808803B4604F559
:10A5000095722046FEF7E1FE05460028B4D10DF114
:10A510002E012046DDF83490FFF76EFB054600283B
:10A52000AAD1BDF82E20B24253D96149C4F8240102
:10A53000A4F8280109F1B402920901EB8202D2F8D1
:10A54000D42112B9B9F12B0F40D94FF0030ACDE94C
:10A55000009A059ACDF808803B4601212046FEF777
:10A56000B4FE002840F0A1800DF12E012046DDF858
:10A570003490FFF741FB002840F09780BDF82E2073
:10A58000B24200F289804FF0010B964240F2878080
:10A59000921B82EAE273A3EBE27306930323049314
:10A5A00004F592735FFA8BF80993099B93E8030013
:10A5B0000CAA0E90ADF83C1005984946FCF748F9F6
:10A5C0000C9B5A1C08D16FF031006EE009F10109B3
:10A5D000B0E74FF0000BD8E7354903F1B402920918
:10A5E00001EB8202D2F8D421003A18BF01225A4569
:10A5F0003AD1049A2F2B02F1010A4FEAD30C03F04F
:10A600000701E0D80120884017F80C10014307F833
:10A610000C10394694F85C0103F10109FEF73FFD87
:10A62000002840D10DF12E012046FFF7E5FA002861
:10A630003BD1BDF82E00811B0029B8BF4942B04272
:10A6400026D9069B8B4211D20EAE314694F85C019E
:10A65000FEF725FD034696E80300C4F82401A4F89C
:10A660002811002B7FF406AFDDF810A0079BC3F87C
:10A6700000A0089B83F80080012384F81531079B14
:10A680001B6884F81331089B1B7884F81431F3E6B7
:10A69000CDF810A0069188E74FF00108E6E74FF0EB
:10A6A0000008C246E2E76FF013000546E4E600BF8B
:10A6B000FC1801082DE9F04F804B002504469DB0A1
:10A6C0002A46C0F86031061D88212920FEF72FFD9B
:10A6D0004FF47A73A4F856314FF4C873A4F8583184
:10A6E000774BC4F85C31774B84F8F4506562C4F85A
:10A6F000D8300CA930468DF830508DF83150FFF726
:10A7000011F8054690B9ADF830000DF1300CBCE8F9
:10A710000F0004F114070FC7BCE80F000FC7BCE817
:10A720000F000FC79CE80F0087E80F00664BC4F8C6
:10A7300038314FF4FA730127A4F83C314FF4206309
:10A74000A4F840313A46802194F8600184F85471AD
:10A75000FEF7EDFC3A468046FF2194F86001FEF7D3
:10A76000E6FC002248EA0008114694F86001FEF772
:10A77000DEFC45EA08056DB20DF1280805434246A6
:10A78000912194F86001FEF77BFE6DB29DF82830B0
:10A7900084F83E3105433A46002194F86001FEF703
:10A7A000C6FC6DB205430022FF2194F86001FEF75C
:10A7B000BEFC6DB20543002294F860018021FEF7D3
:10A7C000B6FC6DB205436DB24FF0000904F12C0ADE
:10A7D000002D46D11FFA89F3013B042B04D8DFE892
:10A7E00003F0435054586000012384F82C300AF8D9
:10A7F000097009F10109B9F1060FE9D18DBB94F88F
:10A800006001E5850223FE226021FEF71DFE40BBAC
:10A8100094F8600184F830501023EF226021FEF795
:10A8200013FEF0B94FF49013A36394F82D3084F81D
:10A830003150CBBB4FF480454FF40C13C4E90F5398
:10A840000023FF2594F86001636484F834512A469C
:10A850000121FEF76CFC4FF0010B84F836B1824603
:10A86000A0B36FF0130955E1E26B94F86001C2F3F5
:10A870004F224421FEF703FC0028B8D06FF01305E7
:10A88000B7E7012384F82E30B1E7012384F82F3095
:10A89000ADE70023FE2294F860016021FEF7D4FDAD
:10A8A000EAE70023EF22F6E794F860012022442132
:10A8B000FEF7E5FB0028BDD0D3E700BF29019001DA
:10A8C000856B0100A4700900640084039C4F84F828
:10A8D000190187F86401014640220CA805F01CFD0F
:10A8E00094F8F490ADF81EA0B9F1070F8DF81BA0F5
:10A8F0008DF81CA0CDF820A000F0FA805A468021E7
:10A9000094F86001FEF713FC294605905A4694F826
:10A910006001FEF70CFC059B03435BB252465146B7
:10A9200094F860010593FEF702FC059B03435BB2BC
:10A930002946062294F860010593FEF7F8FB059B73
:10A9400003435BB20DF11D02832194F8600105936E
:10A95000FEF796FD059B9DF81D2003435BB242F078
:10A960000402832194F860010593FEF7E0FB059B48
:10A9700003435BB22946072294F860010593FEF772
:10A98000D6FB059B5A4643EA0005812194F86001F5
:10A99000FEF7CDFB6DB205430A20FDF773FD94F879
:10A9A00060015A468021FEF7C2FB6DB2054319F0E3
:10A9B00001036DB2059340F0B1806B22942194F8AD
:10A9C0006001FEF7B4FB82463046FEF7B7FD09AAE8
:10A9D0004AEA000A902194F86001FEF7DBFC45EAA0
:10A9E0000A05099B6DB224229421054394F8600165
:10A9F000C3F3062AC3F3C03BFEF799FB6DB20543D0
:10AA00003046FEF79BFD6DB2054309AA902194F8EC
:10AA10006001FEF7BFFC099A6DB212BA942105439A
:10AA20000A9294F860012522FEF781FB6DB205437E
:10AA30003046FEF783FD6DB2054309AA902194F8D4
:10AA40006001FEF7A7FC099A6DB2110E0543120CC6
:10AA50006DB28DF82C108DF82D200022812194F8F4
:10AA60006001FEF764FB06220543FF2194F86001B4
:10AA7000FEF75DFB6DB205430DF11D02832194F8D5
:10AA80006001FEF7FDFC9DF81D206DB2054302F04C
:10AA9000FB02832194F86001FEF749FB6DB2054388
:10AAA0000122FF2194F86001FEF741FB6DB20543DE
:10AAB0000122002194F86001FEF739FB6DB20543D5
:10AAC0000022FF2194F86001FEF731FB6DB20543CF
:10AAD000002294F860018021FEF729FB6DB2054346
:10AAE0006DB22DB9059BDBB149F0010984F8F490F2
:10AAF00094F81851012D05D894F817A11CD1BAF17A
:10AB0000200F1FD907AA08A93046FFF798FC8146F5
:10AB1000002857D00A4B83F8649195E1D3469CE70F
:10AB20000A98B8F8043084F817A184F818B1C4F86A
:10AB30002E01A4F83231D7E7BAF10C0FE1E700BFDC
:10AB400058180020012294F86001FF21FEF7EFFA67
:10AB50000246C8B994F860014F21FEF7E8FA98B9A7
:10AB60002C2294F860014E21FEF7E1FA024658B912
:10AB700094F86001FF21FEF7DAFA28B994F8600131
:10AB8000B422B621FEF7D3FA0023C4F82831A4F882
:10AB90002C31002D40F03C812B460093CDE901A8DB
:10ABA00004F5947304F5977229463046FEF78DFB41
:10ABB00081460028AED1012384F8193184F817A109
:10ABC00084F8185194F85431002B40F02381D4F8C4
:10ABD00050113046FEF7FAF9814600289AD1024614
:10ABE0000A2194F86001FEF7A2FA034600287FF4D8
:10ABF00038AE94F86001EF228421FEF725FC00288E
:10AC00007FF42FAE84F8DE003046FEF7C4FF8146A5
:10AC100000287FF47FAF0122FF2194F86001FEF746
:10AC200086FA0DF11E020546842194F86001FEF7B4
:10AC3000C1FB4A460543FF2194F86001FEF777FA0D
:10AC40006DB205436DB2002D7FF40BAEBDF81E3022
:10AC50001B01C4F8D8300CA93046FEF763FD00286C
:10AC60007FF4FFAD94F860010DF11B020921FEF79E
:10AC700007FC00287FF4F5AD9DF81B300CAD03F008
:10AC8000010384F835318DF81B300FCD04F1140C1D
:10AC9000ACE80F000FCDACE80F000FCDACE80F0013
:10ACA00095E80F008CE80F000DF11B0294F860018D
:10ACB0000121FEF7E5FB00287FF4D3AD9DF81B30A2
:10ACC0008DF8280084F8343194F86001424601215F
:10ACD000FEF7D6FB00287FF4C4AD9DF82850E806A7
:10ACE00010D505F0EF0594F860012A460121FEF722
:10ACF0001EFA00287FF4B5ADA16984F834513046BE
:10AD0000FEF7DAFE002394F860018DF82830424601
:10AD10000121FEF7B5FB00287FF4A3AD9DF8285074
:10AD2000690710D505F0FB0594F860012A4601215A
:10AD3000FEF7FDF900287FF494ADA16984F8345141
:10AD40003046FEF7B9FE032584F8365109AA0021E2
:10AD50003046FEF71DFC00287FF483AD9DF82430BB
:10AD600084F8EC3009AA01213046FEF711FC0028D6
:10AD70007FF477AD9DF8243084F8E43042462946CC
:10AD80003046FEF71CFC00287FF46BAD0A9BC4F82C
:10AD9000E830424604213046FEF711FC00287FF4DB
:10ADA00060AD0A9BC4F8E03008AA09A93046FFF755
:10ADB00046FB87F86401002846D101230DF11D02EE
:10ADC0000DF11E013046FFF7DFFA87F86401002815
:10ADD0003AD1E26B94F860010125257584F82C5076
:10ADE000C2F34F224421FEF74AF9A8B1EC2387F8B9
:10ADF000643129E0013303F1B402920901EB8202CC
:10AE0000D2F8D421002A7FF4C8AE2C2BF2D1C4E6AC
:10AE10007C49F0E77C49DCE694F8600184F82D5029
:10AE20000C224421FEF72BF90028DFD14FF47013D8
:10AE300041F69912C4E90E3244F620613046FEF71D
:10AE40003BFE87F8640110B11DB0BDE8F08F5022C1
:10AE5000572194F86001FEF76AF994F8600108221E
:10AE60005621FEF764F90028C0D10AAA0321304612
:10AE7000FEF7A5FB18B1122384F8EC30B6E70CAA54
:10AE800002213046FEF79BFB0028F4D194F86001C4
:10AE900008225021FEF74BF90028ECD10A9A032131
:10AEA0003046FEF74AFD0028E5D10C9A02213046D3
:10AEB000FEF743FD122384F8EC30002896D1A169F7
:10AEC000DFF848813046FEF7F7FD70B9012194F8AC
:10AED000600194F834510222FEF729F90146002856
:10AEE00084D13046FFF7DBF910B188F86401ABE795
:10AEF00094F860012A460121FEF719F981460028DD
:10AF00007FF474AF4822114684F8345188F8640104
:10AF100094F86001FEF70BF90822472194F86001CC
:10AF2000FEF705F903220546322194F86001FEF789
:10AF3000FEF807220543302194F86001FEF7F7F888
:10AF40006DB205430122FF2194F86001FEF7EFF88E
:10AF50006DB205432022302194F86001FEF7E7F836
:10AF60006DB205434A4694F86001FF21FEF7DFF811
:10AF70006DB205436DB225B16FF0130588F86451C9
:10AF800062E70CAA04213046FEF719FB18B10E2324
:10AF900084F8E430F0E794F8600106227021FEF7AF
:10AFA000C6F80028F3D10C9A04213046FEF7C5FC00
:10AFB0000E2384F8E4300028DED1A1693046FEF784
:10AFC0007BFD05460028D9D194F8600194F83471CE
:10AFD00002220121FEF7ABF80028CDD129463046E8
:10AFE000FFF75DF905460028C8D194F860013A469C
:10AFF0000121FEF79CF805460028BDD184F8347184
:10B00000BCE700BFFC1801082602002058180020E9
:10B01000012803D0022813D008B37047174A19B982
:10B020004FF4804393617047012903D14FF480436B
:10B0300013857047938A9BB283F480439382704751
:10B040000E4A11B94FF40053ECE7012902D14FF435
:10B050000053EDE7938A9BB283F40053EEE7074A6F
:10B0600011B94FF40043DDE7012902D14FF4004349
:10B07000DEE7938A9BB283F40043DFE700080048D1
:10B08000134B4FF480521A85124A40F2E93311896A
:10B0900089070BD510730F4A40F2E9331189C907AC
:10B0A00014D4013B9BB2002BF8D103E0013B9BB2CF
:10B0B000002BECD1084AB2F8663101339BB2A2F8FA
:10B0C0006631034B4FF480529A617047137BF8E767
:10B0D00000040048003800405818002007B5014619
:10B0E00001AB02224020FEF738F830B1BDF8040071
:10B0F00040BA80B203B05DF804FB4FF6FF70F9E789
:10B100000D4B0E484FF400525A605A6C4FF6FE71C8
:10B110000A405A64D0F89C2113680B401360D0E9B0
:10B1200063239A4203D000F5B470FBF7EFB9012313
:10B1300080F8AC31704700BF000002405818002072
:10B140000148FBF768BA00BFC01900200148FBF7AF
:10B1500062BA00BF141A0020184AB2EB902F4FEACF
:10B16000902323D3083A93420FD8493A93421FD0F1
:10B17000013293421ED0B3F5801F4FF0FF3018BF4D
:10B18000002080F0FE00C0B27047A3F580134B3B57
:10B19000072B0BD8DFE803F0100A040A0A060A0896
:10B1A000042070470520704706207047FE20704736
:10B1B00002207047032070470020704752001000A3
:10B1C0002DE9F84F234D244FDFF8948000242E788A
:10B1D000E0B2864211D8214B1B685B030BD50024DB
:10B1E0001D4DDFF88080224650274FF02809A246E7
:10B1F000E3B29E420CD8BDE8F88F57F820302BB14F
:10B200000B2803D8DB6838F8101098470134DEE7C4
:10B210002B6859689142AB4612D00846FFF79CFF55
:10B22000EFF3128387F312884A6A09FB0080013228
:10B2300042624A6942F001024A61DBB283F311883B
:10B24000DBF800301B680435C3F800A001340A465F
:10B25000CEE700BF200E0020240E00203C0C002072
:10B26000F00B0020F4110020224B10B5224C534368
:10B27000224AB2FBF3F203880139013AA04289B2B3
:10B2800092B29BB206D123F070039BB223F44073B9
:10B290009BB214E01A4CA042F5D0B0F1804FF2D02E
:10B2A000A4F59834A042EED004F58064A042EAD020
:10B2B000144CA04203D004F58064A042E6D1038080
:10B2C0000D4BC162984202850FD003F5006398428E
:10B2D0000BD003F54063984207D003F58063984292
:10B2E00003D003F58063984201D100230386012334
:10B2F000436110BD40420F00002C014000A24A04EF
:10B30000003401400010004001490248FBF7BBB97E
:10B31000F4110020002C0140FFF7F6BF02494FF066
:10B320008040FBF7B0B900BF1C1200200149024861
:10B33000FBF7A9B94412002000040040014902486B
:10B34000FBF7A1B96C120020000800400149024837
:10B35000FBF799B99412002000340140FFF7F6BFC3
:10B3600001490248FBF78FB9BC12002000400140A0
:10B3700001490248FBF787B9E41200200048014068
:10B3800070B50F4E0F4C4FF47A73B0FBF3F596F88F
:10B3900010322BB9636903209847012386F81032D5
:10B3A000E369094A09492846984740B1084B1A6899
:10B3B000084B03201A606369BDE87040184770BDF0
:10B3C0005818002004110020700A0020680A00208C
:10B3D000BC090020181000202DE9F04100220126B0
:10B3E00003250B6806FA02FE3EEA030331D10C790D
:10B3F0005700631E05FA07FC012B6FEA0C0C17D8E7
:10B40000836803EA0C0383604B79D0F80880BB4063
:10B4100043EA0803836083889BB223EA0E03838098
:10B420008B79B0F804E0934043EA0E039BB283802B
:10B43000036803EA0C0303600368BC401C43046018
:10B44000C46805FA07F324EA0304CB79BB4023431D
:10B45000C3600132102AC4D1BDE8F08173B50C4637
:10B4600000250126228806FA05F31A4218D0009317
:10B47000A37803F003028DF80420E278022A02D0B8
:10B48000032A18BF01228DF805206946C3F3011273
:10B49000C3F381038DF806208DF80730FFF79CFF7A
:10B4A0000135102DDED102B070BD73B5124C134BB7
:10B4B0000C2202FB0040F0300E4607C803F5AA75C7
:10B4C00085E80700344402228DF80720B3F858219C
:10B4D000ADF804200A4994F8E4218DF80620D3F849
:10B4E0005C014A6902434A61D3F8540101A9FFF79C
:10B4F000B5FF02B070BD00BFFC180108581800204D
:10B500000010024013B50E4C94F81132B3B90D4B34
:10B510001B689BB11A681AB10B49486902434A611A
:10B520009A889868ADF8042001A94FF40072ADF82C
:10B530000620FFF793FF012384F8113202B010BDFB
:10B5400058180020E41000200010024008B5FFF752
:10B55000D9FF024B4FF480521A8008BD2200002010
:10B5600010B5164CFFF7CEFFA36820217F20984727
:10B570001420FCF787FFA3681F21012098470A20A9
:10B58000FCF780FF0021A368084698470A20FCF7D3
:10B5900079FFA3683521142098470A20FCF772FF31
:10B5A000A3680021102098470A20FCF76BFFA368CE
:10B5B0000021BDE810401120184700BFD81000201E
:10B5C0002DE9F74F824D04689A4695F812320746E6
:10B5D00090465A1C85F8122220460A4605F5057940
:10B5E00041464FEA031B09EB0319FFF73DFE3B8978
:10B5F000ADF80430786840F2022301A9ADF80630B6
:10B60000FFF72CFFBE7A082E00F0A28022D8002E71
:10B6100041D0042E74D03B7B1BB1636C43F40043D8
:10B62000636423889BB243F00103082E238000F05B
:10B63000CA8000F2B480002E00F0B980042E00F021
:10B64000BD805D444846A5F81C82C5F8184203B089
:10B65000BDE8F08F0C2EDED1236A5E4823F48053C0
:10B660002362226A6168E369844223F4E64343F477
:10B67000E04342F4405203D000F50060844201D11F
:10B6800041F480416160E361C4F840A02262E36953
:10B6900043F4006378E0236A4E4823F001032362F9
:10B6A000236A6168A26922F4803222F07302844224
:10B6B00042F070021BD000F50060844217D000F504
:10B6C0004060844213D000F5806084420FD000F5C2
:10B6D000806084420BD043F003036160A261C4F830
:10B6E00034A02362A36943F00803A36193E723F026
:10B6F0000C0321F4407143F0030341F48071ECE743
:10B70000236A344823F010032362236A6168A26924
:10B7100022F0807222F4E642844242F4E0420ED0EB
:10B7200000F5006084420AD043F030036160A261FA
:10B73000C4F838A02362A36943F40063D5E723F07B
:10B74000C00321F4406143F0300341F48061EDE730
:10B75000236A204923F480732362206A6268E369C4
:10B760008C4223F0730343F070030FD001F50061A6
:10B770008C420BD040F440706260E361C4F83CA09E
:10B780002062E36943F00803E36144E720F440608A
:10B7900022F4405240F4407042F48052ECE70C2E08
:10B7A0007FF44FAF05EB0B0304F1400203E005EB20
:10B7B0000B0304F13402C3F8142242E705EB0B0338
:10B7C00004F13802F7E705EB0B0304F13C02F2E762
:10B7D00058180020002C0140154A002313605360C4
:10B7E0009360144A136053609360134A136053606C
:10B7F0009360124A136053609360114B93ED000AFB
:10B80000B4EE400AF1EE10FA0AD693ED021AB4EE45
:10B81000411AF1EE10FA03D6D3ED010AFBF71CBA78
:10B820009FED081AF0EE410AB0EE410AF6E700BFBC
:10B83000BC160020D4160020E0160020C8160020F8
:10B84000F01600200000000010B5304CD4ED013A95
:10B8500094ED046A94ED003A94ED037A94ED024A73
:10B86000D4ED056A63EE867AF6EE005AE3EE077AC7
:10B870008AB02146B0EE635AE4EE267A07A8F0EECD
:10B88000444A67EEA57AF0EE435AA6EE675AE6EE12
:10B89000E74AA3EEE76AE7EE675AE4EE676AA3EECB
:10B8A000677A66EE647ACDED066AE5EE267A66EE94
:10B8B000E56A8DED047AE4EE876A27EE457ACDEDF0
:10B8C000075AA5EE867A8DED085ACDED094A8DED21
:10B8D000056ACDED017ACDED026A8DED037AFAF7B6
:10B8E000E9FF18B90AB0BDE8104075E704F10C0192
:10B8F00004A8FAF7DFFF0028F4D004F1180101A82A
:10B90000FAF7D8FF0028EDD00AB010BD40000020A3
:10B9100000210120FCF742BF0EB42DE9F04386B0B0
:10B920000DAC5A4B54F8045BCDE9013400264FF0BE
:10B930000A092B782BB3252B05D00135019A511C10
:10B94000019113704AE06B78302B08BFAB78A3F1FC
:10B95000300219BF02354FF0000803354FF00108DF
:10B96000092A4FF0000721D96C2B2BD115F8013B88
:10B970000121642B69D033D8252BDFD024D8002BAC
:10B98000D7D1019B002230461A7006B0BDE8F043C3
:10B9900003B07047A3F14102052AE5D8A3F13702AD
:10B9A0000A2A0FD115F8013B09FB0727A3F1300242
:10B9B000D1B20929F6D9A3F16102052AEAD8A3F187
:10B9C0005702EDE70021D4E7582B4BD0632BB0D1C1
:10B9D000019B14F8042B1A70591C01910136A8E739
:10B9E000A3F16E02D0B20A28A3D80A2AA1D801A0D6
:10B9F00050F822F083BA000833B9000833B90008C0
:10BA000033B9000833B900087BBA000833B900081D
:10BA100021BA000833B9000833B9000865BA000834
:10BA200054F8040B03AB59B100220A21FAF790FB3A
:10BA300003AB4246394601A8FAF7E4FE064478E72C
:10BA40000A460A21FAF784FBF2E754F8040B0028AF
:10BA5000BFBF2D238DF80C3040420DF10D03A8BF60
:10BA600003ABE1E7583B5A425A4154F8040B03AB8D
:10BA700009B11021DAE71021E4E754F8043B002271
:10BA8000D8E754F8043B1E6053E700BFB40A002017
:10BA900010B5FAF747FC4FF43024012806D10CB951
:10BAA000052010BDFAF73EFC013CF6E7002C08BF6C
:10BAB0000520F6E7F8B5222200211248124D04F0C5
:10BAC0002BFC124B00221946052401201646013298
:10BAD00015F9017B83F89871042A83F89C4183F857
:10BAE0009D0183F89F6183F89E4103F10803EED125
:10BAF0000223A1F8A231522381F89631A1F89A01CC
:10BB0000F8BD00BFF6050020F81801086004002009
:10BB10000B4B0C4A1A600C4B196000F15003027871
:10BB20001AB98178C278914208D304309842F6D18C
:10BB30000023064A83F00103137070470123F8E7DE
:10BB4000F00F002030050020F40F00203A00002004
:10BB500070B5224C25686B6823F07F7323F459334A
:10BB600023F47F7323F0030343EA004302461C4897
:10BB7000184368600023206849F6FF7586697607D8
:10BB800017D5406AC8540133D8B28242F3D115495F
:10BB900020684FF42042C1F8602100248569AE0678
:10BBA00014D4013A551C4FF00104F7D1C1F86021BB
:10BBB00007E0013DAE1CE1D10A4B4FF0FF32C3F864
:10BBC0006021FAF767FE0023184670BD0CB1C1F87A
:10BBD00060212022DBB2C261F6E700BF5C0D0020CD
:10BBE000C624000258180020F0B5544E377885B0AE
:10BBF0000D461446002F67D1514B1B68C01A514B9C
:10BC00001B68984261D301A90920FFF7A1FF002812
:10BC10005BD0002D56D0002C54D0BDF80430DFEDA1
:10BC20004A6ADFED4A7A4A4ADFED4A5A9FED4A6A8C
:10BC30009FED4A4ADFED4A4A9DF807709DF80800DB
:10BC40009DF80A105BBA9BB207EE103AB8EE477A3D
:10BC5000444BE7EE267ADFED446AC2ED007ADFED71
:10BC6000437A93ED035A37EE677AD3ED007A67EEA5
:10BC7000277A67EE877AE7EEA56AD3ED017A67EE59
:10BC8000277A67EE877A67EEA57AE5EE067A93ED76
:10BC9000026A9FED375A27EE066A26EE077A9FED75
:10BCA000356AA7EE256A66EE845AE6EE245AE7EE78
:10BCB000855AF5EE405AF1EE10FA09D100232B60B7
:10BCC00013682360012333700127384605B0F0BDA7
:10BCD00027EE867A66EEA73A27EE047A26EE866A83
:10BCE000A3EEA47A030243EA07430B43A6EE057AC8
:10BCF0009FED216A87EE255A9FED207ADFED205ACD
:10BD000027EE677A76EEE77AA6EE867A76EE856A91
:10BD1000A5EE657AC7EE275A07EE903A36EE656AC9
:10BD2000F8EEE77A26EE266A77EE857A86EE277AAF
:10BD300077EE257AC5ED007AC2E700BF301100200A
:10BD40002C1100202811002000002F3B000034C2DD
:10BD50002411002000008033000000450050C3C6BD
:10BD600000B808C7F41000200000604A0000004737
:10BD700000606A470000384B00C82F4700409C47CE
:10BD800000B80847254A38B50346106849F6FF72DF
:10BD9000846925040BD5013A941CF9D1204B4FF04E
:10BDA000FF32C3F86021FAF775FD002038BD446802
:10BDB0001C4D1D4A2C402243426042682A4042EA00
:10BDC000034242F0007242F0C602426049F6FF723E
:10BDD0008469A50703D4013A941CF9D1DEE7013B3D
:10BDE00011F8012B826213F0FF03EFD10C494FF4DD
:10BDF0002042C1F860218469A50607D4013A541C89
:10BE00004FF00103F7D1C1F86021CCE70BB1C1F8C5
:10BE100060212023C3610120C8E700BF5C0D002022
:10BE200058180020009800FCC6200101022813B514
:10BE300018D003281AD0E8B1072246F625030F4C84
:10BE40005BBA01A902202260ADF80430FFF79AFF27
:10BE50000B4B206800221A700A4B1A680A4B1A60B2
:10BE600002B010BD182247F2DF03E8E7622247F66E
:10BE70006603E4E7032246F29C03E0E72811002072
:10BE800030110020BC0900202C1100202DE9F743BF
:10BE900040F203234FF6FF71CDE900134FF0000885
:10BEA0000446464694F82C505FFA88F7BD426CD899
:10BEB0002269130F844BD96A14BF21F4785121F4FD
:10BEC000F871D962D96A0A43DA62D4E9020259697F
:10BED00002430A4360685A61FAF71AFC0268236851
:10BEE0006169012E94BF4FF0000C4FF0010C6FF30D
:10BEF0000E1242EACC1242F4145242F0200203F134
:10BF00004007026046608760C1600268B3F1A04FDD
:10BF100042F0010202606D4802D06D4A934248D15E
:10BF20006C498A68024042F468328A60D9686A4A79
:10BF30000A4042F40052DA601A6B013E22F00F020E
:10BF400016431E6300200121382707264FF01F0CDF
:10BF5000C2B295422FD89A6842F001029A601A68DC
:10BF6000D207FCD5DA6822F00202DA60DA6842F021
:10BF70000202DA60DA6842F00102DA609A6842F09E
:10BF800004029A6003B0BDE8F083A369DB5D6BB186
:10BF9000E36933F817300093236A694653F82700A2
:10BFA000FFF71AFA626A731CD655DEB208F101086F
:10BFB00078E74A49B5E7A269125C4AB3A26A042944
:10BFC000125C27D801EB410ED3F830804FEA4E0EB9
:10BFD0000CFA0EF928EA090802FA0EFE4EEA080EDB
:10BFE000C3F830E0092A58D90A3AD3F818E0D3F850
:10BFF00018E002EB420206FA02F22EEA020EC3F841
:10C0000018E0D3F818E042EA0E029A610131C9B291
:10C0100001309DE7092914D8A1F1050E0EEB4E0E53
:10C02000D3F834804FEA4E0E4FF01F0909FA0EF98B
:10C0300028EA090802FA0EFE4EEA080EC3F834E0B8
:10C04000D0E70E2914D8A1F10A0E0EEB4E0ED3F84C
:10C0500038804FEA4E0E4FF01F0909FA0EF928EA10
:10C06000090802FA0EFE4EEA080EC3F838E0B9E7F6
:10C07000A1F10F0E0EEB4E0ED3F83C804FEA4E0EA0
:10C080004FF01F0909FA0EF928EA090802FA0EFE14
:10C090004EEA080EC3F83CE0A4E7013AD3F814E0F6
:10C0A000D3F814E002EB420207FA02F82EEA080E77
:10C0B000C3F814E0D3F814E0033206FA02F242EABD
:10C0C0000E025A61A2E700BF00100240E010FCFF20
:10C0D000000100500003005007C0FFFD00070050A2
:10C0E0000B4B0C49DB68DB43C3F302230122C3F192
:10C0F000040310B502FA03F30C181B01DBB284F839
:10C100000033430900F01F00824041F8232010BD96
:10C1100000ED00E000E100E02DE9F3411D468F4B0A
:10C120009DF8207098428846164640F0B9808C4CA5
:10C130008C4BC4F8683104F53573C4F87C3104F5D0
:10C140007573C4F880314FF48073C4E95D33864B56
:10C15000C4F89C31A3F54843203BC4F8B431043300
:10C16000C4F8B03103F55743D833C4F870219A6945
:10C17000C4F8B80142F480429A615A6942F001025F
:10C180005A6140F20233ADF8043000239F428DF82B
:10C1900006300CBF01230223012D8DF807300FD08C
:10C1A0004FF090404FF400730093436A23F0F00384
:10C1B0004362436A43F0700343626946FFF70CF938
:10C1C0004FF090404FF480630093436A674C23F430
:10C1D00070634362436A43F4E06343626946FFF776
:10C1E000FBF80E20FFF77CFF2520FFF779FF0123E6
:10C1F00084F8443000232046C4E90733C4E90933F6
:10C20000C4F82C806571A660A771FCF771FD206BE6
:10C21000002800F09380E76CE1686669FAF778FA25
:10C220000368226D6FF30E1343F4855389B20360E4
:10C2300041608760C660036843F001030360936850
:10C2400043F04003936043689BB22364012D1ED0EA
:10C25000606B00287AD0A56C2169FAF759FA036857
:10C260006FF30E1343F4845343F01003036089B259
:10C27000002341608560C360026842F002020260F0
:10C28000226D43604360936843F080039360226DA6
:10C29000136843F001031360204602B0BDE8F0814B
:10C2A000334B984258D12E4C2E4BC4F8BC314FF42E
:10C2B0008073C4E97233C4F8C42104F2D4432D4A14
:10C2C000C4F8D03104F2D453C4F8D431D369C4F8DB
:10C2D0000C0243F40033D36140F20233ADF8043072
:10C2E00000239F428DF806300CBF01230223012D4D
:10C2F0008DF807300ED04FF0904004230093036A6E
:10C3000023F470630362036A43F4E06303626946E3
:10C31000FFF762F84FF0904008230093036A164C31
:10C3200023F470430362036A43F4E0430362694603
:10C33000FFF752F82620FFF7D3FE58E7236D20229F
:10C340001A621A6842F020021A607FE7226D1368B1
:10C3500043F0800313609AE700249DE70038014012
:10C3600058180020E41A010844000240C0190020B7
:10C370000044004000100240141A00202DE9F3414F
:10C38000DFF864C09DF824700E4611461A469DF8E9
:10C39000203004464FF00C08002008FB00FE0EEB96
:10C3A0000C051CF90EE0A64504D001300428F4D198
:10C3B000002005E028890028FAD124B1012C0CD0F6
:10C3C00002B0BDE8F08106480097FFF7A5FE0028FF
:10C3D000F6D004712E816860F2E702480097F4E716
:10C3E0000038014000440040A80D002007B51B4B59
:10C3F0001B4A1A601B4B93F83E3123B3012B09D122
:10C4000019490320087019490720087018490B7052
:10C410000C231370174B184A1A604020FCF79EF942
:10C4200070B10123002290F900004021CDE90032D3
:10C43000124A4FF4E133FFF7A1FF003818BF012083
:10C4400003B05DF804FB0849022008700749032087
:10C45000087007490B700723DBE700BF10150020A9
:10C46000980D0020600400200E15002014150020F7
:10C4700058180020340000203D6200086D83000839
:10C4800070B5154DAB894FF47A73E2B169B111F80B
:10C49000016B2C89A4070AD52E732C89E40713D4C9
:10C4A0005C1EA4B243B12346F7E7FF26F1E75C1E0A
:10C4B000A4B20BB12346ECE7084AB2F86631013367
:10C4C0009BB2A2F8663170BD2C7BE4B208B100F8D3
:10C4D000014B013AD9E700BF00380040581800204E
:10C4E00073B50C4C207880B10B4D05234FF480566A
:10C4F000ADF8003001A82E8502226946FFF7C0FF83
:10C50000AE619DF8050000F00100207080F0010090
:10C5100002B070BD1E0E00200004004870B5054D2D
:10C520002E680446FFF7DCFF18B92B689B1BA3425B
:10C53000F8D970BDBC0900202DE9F04F464BDFF85B
:10C540002C911C7899F800309C4289B015D0434A50
:10C55000434FDFF81CB104EB0201CDE9041296BF92
:10C560001C1BC4F180040023CDE906431C443CB9E4
:10C57000394A002389F80030137009B0BDE8F08F04
:10C580003B683A8854FA83F1B1F5807FDBF80C10F0
:10C59000DEB28CBFC6F5807626468B4252BAE7D211
:10C5A00002211B0C06208DF80C108DF80D30ADF813
:10C5B0000E20FFF7B3FF0620FEF762FD294B012294
:10C5C0001A70294B4FF480521A8503A904220020C7
:10C5D000FFF756FF069D6DB3B542DDF810802BD2F4
:10C5E0002A4641460020FFF74BFF721B00234544BB
:10C5F00004950693079DA5B1AA42DDF8148020D8C2
:10C6000005AB0DF11C0A41460020CDE90023FFF7E0
:10C6100037FF009A019B08EB0201AA1A1960CAF8B9
:10C620000020114B4FF480529A613B683344A41BA5
:10C630003B609CE73246DDE7324604AB0DF1180A59
:10C64000E1E741462A460020FFF71AFF08EB050103
:10C65000002305910793E4E7D80D0020C1170020BF
:10C66000DC0D00201E0E002000040048D90D002023
:10C6700024000020F7B503238DF80430030C40BAE2
:10C68000ADF8060006200D4614468DF80530FFF77C
:10C6900045FF90B10A4E04224FF480570DEB020182
:10C6A00000203785FFF7ECFE224600212846FFF7E1
:10C6B000E7FEB761204603B0F0BD0446FAE700BFCD
:10C6C00000040048024640213C20FCF7F4BC10B5B1
:10C6D000B020FCF7FBFC4020FCF7F8FC0020FCF746
:10C6E000F5FC1020FCF7F2FC4FF40064013C002044
:10C6F000A4B2FFF7E7FF002CF8D110BDF8B50C4F3E
:10C70000461E16F8013F03B9F8BD03EB8303A3F1FE
:10C71000A1043C440025013514F8010FEDB2FFF7E8
:10C72000D1FF052DF7D10020FFF7CCFFE9E700BFCF
:10C73000001B0108054A138823EA00008342108089
:10C7400002D00120FBF742BF704700BF380C002029
:10C75000044A138818438342108002D00120FBF75B
:10C7600035BF7047380C0020844641EA000313F0BF
:10C7700003036DD1403A41D351F8043B40F8043BE8
:10C7800051F8043B40F8043B51F8043B40F8043BAB
:10C7900051F8043B40F8043B51F8043B40F8043B9B
:10C7A00051F8043B40F8043B51F8043B40F8043B8B
:10C7B00051F8043B40F8043B51F8043B40F8043B7B
:10C7C00051F8043B40F8043B51F8043B40F8043B6B
:10C7D00051F8043B40F8043B51F8043B40F8043B5B
:10C7E00051F8043B40F8043B51F8043B40F8043B4B
:10C7F00051F8043B40F8043B403ABDD2303211D3EB
:10C8000051F8043B40F8043B51F8043B40F8043B2A
:10C8100051F8043B40F8043B51F8043B40F8043B1A
:10C82000103AEDD20C3205D351F8043B40F8043BEA
:10C83000043AF9D2043208D0D2071CBF11F8013BE8
:10C8400000F8013B01D30B8803806046704700BFAE
:10C85000082A13D38B078DD010F003038AD0C3F1BD
:10C860000403D21ADB071CBF11F8013B00F8013B9F
:10C8700080D331F8023B20F8023B7BE7043AD9D35E
:10C88000013A11F8013B00F8013BF9D20B78037033
:10C890004B7843708B7883706046704700000000CF
:10C8A0000000000000000000000000000000000088
:10C8B0000000000000000000000000000000000078
:10C8C00030B490F800F020F007016FF0000C10F089
:10C8D000070491F820F040F048804FF000046FF01A
:10C8E0000700D1E9002391F840F000F1080082FA36
:10C8F0004CF2A4FA8CF283FA4CF3A2FA8CF34BBB01
:10C90000D1E9022382FA4CF200F10800A4FA8CF279
:10C9100083FA4CF3A2FA8CF3E3B9D1E9042382FA47
:10C920004CF200F10800A4FA8CF283FA4CF3A2FA5C
:10C930008CF37BB9D1E9062301F1200182FA4CF294
:10C9400000F10800A4FA8CF283FA4CF3A2FA8CF3FB
:10C95000002BC6D0002A04BF04301A4612BAB2FA1D
:10C9600082F200EBD20030BC7047D1E9002304F022
:10C970000305C4F100004FEAC50514F0040F91F857
:10C9800040F00CFA05F562EA05021CBF63EA0503F4
:10C9900062464FF00004AAE753B94AB9002908BF1C
:10C9A00000281CBF4FF0FF314FF0FF3000F0E2B81D
:10C9B000ADF1080C6DE904CE03F076FDDDF804E07E
:10C9C000DDE9022304B0704700F1340191E838003A
:10C9D0009C46A6464CF8045D90E8FF0FE54600BD76
:10C9E00090EC210B704700BF80EC210B704700BF1B
:10C9F00090EC200B704700BF80EC200B704700BF0D
:10CA0000D0EC200B704700BFC0EC200B704700BF7C
:10CA1000F0EC0201F0EC0211F0EC0221F0EC02313A
:10CA2000F0EC0241F0EC0251F0EC0261F0EC02712A
:10CA3000F0EC0281F0EC0291F0EC02A1F0EC02B11A
:10CA4000F0EC02C1F0EC02D1F0EC02E1F0EC02F10A
:10CA5000704700BFE0EC0201E0EC0211E0EC0221C3
:10CA6000E0EC0231E0EC0241E0EC0251E0EC02616A
:10CA7000E0EC0271E0EC0281E0EC0291E0EC02A15A
:10CA8000E0EC02B1E0EC02C1E0EC02D1E0EC02E14A
:10CA9000E0EC02F1704700BFB0FC0181B0FC0191F5
:10CAA000B0FC01A1B0FC01B1704700BFA0FC018146
:10CAB000A0FC0191A0FC01A1A0FC01B1704700BF46
:10CAC000EC4600B52DE900502DE9FF1F4FF00003A3
:10CAD0002DE90C0001A903F0C1FFDDF840E012B020
:10CAE000704700BFEC4600B52DE900502DE9FF1F4F
:10CAF0004FF000032DE90C0001A903F0EDFFDDF874
:10CB000040E012B0704700BFEC4600B52DE9005080
:10CB10002DE9FF1F4FF000032DE90C0001A903F0E0
:10CB2000FDFFDDF840E012B0704700BFEC4600B5F5
:10CB30002DE900502DE9FF1F4FF000032DE90C00F7
:10CB400001AB03F0C1FFDDF840E012B0704700BF59
:10CB5000EC4600B52DE900502DE9FF1F4FF0000312
:10CB60002DE90C0001AA04F035F8DDF840E012B020
:10CB7000704700BF704700BF2DE9F04F2DED108BBF
:10CB80008BB0F7F7BBFE3A4D3A4C94F83C36002B8D
:10CB90003FD0D4F85C3555F8542CC4F840369B1A75
:10CBA000B3F5FA6F5CD200210220FCF793FA324B06
:10CBB000324A334904F25460FEF7AEFE04F2546088
:10CBC000FFF79CFD02210846FCF784FA2D48FFF789
:10CBD00095FD04210020FCF77DFA2B4B2B4A2C49B4
:10CBE00004F25460FEF798FE04F25460FFF786FDED
:10CBF00006210220FCF76EFA264A274904F2546007
:10CC0000FEF78AFE04F25460FFF778FD012384F8F2
:10CC1000483694F83836D4F8E0674BB155F8503CB4
:10CC2000F31A002BA2BF002384F8383684F8393673
:10CC3000D4F8DC2742F20103134008BF05F84C3C4E
:10CC4000100768D5D4F8C8361B7A062B63D8DFE8FE
:10CC500013F025002500A10144027802A802A802D1
:10CC600094F84836002BD4D0FFF731FD0023CEE7EF
:10CC70005815002060040020221F01082F1F010802
:10CC8000371F0108411F0108531F01085A1F0108DF
:10CC9000601F0108001F01086F1F010815F84B3CB9
:10CCA000CBB3002305F84B3C55F8483C15F84ACC6B
:10CCB00093F800E015F8448C0221681810F8433C02
:10CCC00043FA0CF303F00F0373450FD20B2B0DD86F
:10CCD00010F8437C481C284405EB830310F8430CF0
:10CCE00007EA080700EB072043F8300C023110294F
:10CCF000E3D10123012105F84C1C9F49C3F34003F4
:10CD000081F8383083F0010384F8383606F5C333F0
:10CD1000A03345F8503C530419D594F8A439002B9E
:10CD200000F04882012105F84C1C84F8381692491D
:10CD3000002384F8A43981F8383006F5F42303F58C
:10CD4000907345F8503C94F8383684F86135D7072D
:10CD500017D595F89C1095F89D308B420DD0012386
:10CD600084F83936844B85F89D10002083F839000B
:10CD700006F5C333A03345F8503C94F8393684F8AF
:10CD80006135900409D57D4A002332F8021B002941
:10CD900041F0638601330C2BF7D1F3F779FA15F8DC
:10CDA0004C8CB8F1000F05D1D4F8A03AF31A002B3F
:10CDB000C0F20382F6F7DCFA012385F8B63095F865
:10CDC000B7305BB1D4F80439590707D5D4F8143615
:10CDD0001A0700F106820820FFF7ACFCFBF700FA07
:10CDE000A389C4F8E0072BB1D5F8DC20821A002A09
:10CDF000FFF6CAAE0344C5F8DC306148D4F8903A77
:10CE0000D4F8C0769847002879D05D4994F8882CEA
:10CE10000846FBF76BFDB4F85485B8F1000F59D004
:10CE2000D4F8FC36574E1B78DFF854B1DFED568A44
:10CE300008EE103A06F13C0A06F144090022B8F562
:10CE40007A7F02BF0023C9F800303361BBF90000CC
:10CE5000D9F8003007EE900A0344306949F8043BE2
:10CE6000411C0129F8EEE77A316140F0B582C6ED48
:10CE7000017AB0EE687AB8F1010F2BF8022B2AF88C
:10CE8000022BC6ED007A86ED027A40F0C6820129B7
:10CE9000C6BF07EE900A96ED037A9FED3B0A029318
:10CEA000C4BFF8EEE77A87EE270A01F0AFFE029BD7
:10CEB000002218EE101A002900F0A782F8EEC87AB6
:10CEC000F4EEC07AF1EE10FA40F19F824FF47A73DB
:10CED000A4F85435B4F82C39B5F81C219B1AA4F8E1
:10CEE0002C39B5F81E21B4F82E399B1AA4F82E3926
:10CEF000B5F82021B4F830399B1AA4F83039FBF783
:10CF00006FF9D5F830319FED217ADFED21AAC5F810
:10CF10003001C31A07EE903AF8EE677AC7EE878AB7
:10CF2000F4EEEA8AF1EE10FA40F3A0820023C5F88D
:10CF30003431FBF755F9D4F8283DC4F8E007C31A9B
:10CF4000A5F8103294F8EC35C4F8280D13F004035A
:10CF500001F09983D4F8F435002B01F08580013B72
:10CF6000062B01F28180DFE813F06908060A510AF6
:10CF7000C60AE20A010B690B00000020F61500202A
:10CF80008C0D002038160020000000000024744999
:10CF9000CDCC4C3E2B78002B3FF4BDAEE87800237F
:10CFA0002B70AB7800F0070143EA01232979C4F81C
:10CFB000D83C01F03F035B0143EAD003C4F8DC3CFA
:10CFC0006B799B0043EA9113A97901F0010043EAD0
:10CFD0008023E879C4F8E03C00F00F03DB0143EA6A
:10CFE0005103297AC4F8E43C01F07F031B0143EAB2
:10CFF0001013C4F8E83C6B7AA87A5B0043EAD113BB
:10D0000000F0030143EA4123E97AC4F8EC3C01F063
:10D010001F039B0143EA9003C4F8F03C2B7BA87BE1
:10D02000DB0043EA5113C4F8F43C6B7B00F00701CA
:10D0300043EA0123E97BC4F8F83C01F03F035B01BC
:10D0400043EAD003C4F8FC3C2B7C9B0043EA9113D9
:10D05000697C01F0010043EA8023A87CC4F8003D0C
:10D0600000F00F03DB0143EA5103E97CC4F8043DFF
:10D0700001F07F031B0143EA1013C4F8083D2B7D28
:10D08000687D5B0043EAD11300F0030143EA4123CA
:10D09000A97DC4F80C3D01F01F039B0143EA9003F6
:10D0A000C4F8103DEB7DDB0043EA5113297EC4F840
:10D0B000143D11F0010F40F214730CBFAD2018465F
:10D0C00011F0020F08BFAD230907C4F8180DC4F80A
:10D0D0001C3D7FF50EAE03230CE6A97E00293FF42C
:10D0E0001AAEE87EAF8B0021A97605EB400191F8DE
:10D0F00021C091F8221041EA0C218F427FF40BAE3F
:10D10000E97F01290BD081297FF405AE102801D9D0
:10D110001020E876CA49002701F1260E0AE00B46E6
:10D12000F4E791F8018091F802C04CEA082C2EF83F
:10D1300002CB01375FFA87FC604501F10201F0D8AC
:10D14000D8E595F86430002B3FF4E5AD002385F871
:10D15000643095F86530A82B7FF4DDAD95F8783014
:10D16000002B7FF4D8ADB7499FEDB76ADFEDB76A02
:10D1700001F1170791F803C0087900EB0C2007EEC6
:10D18000900AB8EEE77A0133C7EE067A082B01F170
:10D19000020177EEE67AFCEEE77AE7EC017AE9D174
:10D1A000A7E594F8203D002B3FF4B5AD002384F8AB
:10D1B000203D9EE505F84C3CC5E5D5F8B8707B1CD4
:10D1C000012FC5F8B83000F0F180022F00F0F78091
:10D1D000EFB1D5F8B830042BC4BF0023C5F8B83080
:10D1E000FCE5B4F8D86716F008067FF4F7AD082020
:10D1F000FFF7AEFAD4F89835C4F8943540F2DC5312
:10D20000A4F88C35C4F8B46BC4F89C65E6E5D4F892
:10D2100004391B07DDD5D5F8BC30F31A002BD8DB59
:10D2200007EE906A9FED8A7AD4F8903C8948C5F859
:10D23000C060F8EE677A77EE877AFCEEE77AC5EDA4
:10D240002F7A9847834994F88A2C0846FBF74EFBBF
:10D2500094F8EB385E071ED5D5F8BC20C5F8C4207D
:10D260007D4A85F8C87017609780B4F93229A5F80F
:10D27000CA20A5F8D020B4F93429A5F8CC20A5F807
:10D28000D22023F00403B4F93629A5F8CE20A5F85E
:10D29000D42084F8EB38D5F8C420DAB1D5F8BC3006
:10D2A0009B1A6E4A93424FF0000344D86C4A694E71
:10D2B000901D36F9021B32F9027BB94230F9027B2C
:10D2C000B8BF22F8021C0133B942C8BF20F8021CC3
:10D2D000032BEED194F8D13C002B3FF47AAFB4F895
:10D2E0003439B4F80421B4F832199B1AB4F80A217D
:10D2F00012FB03F210B2B4F80631B4F83629D21A90
:10D30000B4F80C3113FB02F3B4F80221891AB4F813
:10D31000082112FB01F21BB20A2112B293FBF1F3B6
:10D3200092FBF1F2A4F83639A4F8322990FBF1F21D
:10D33000A4F834294DE74A484A4FC5F8C43000F1F3
:10D34000060C00F10C0630F902EB3CF9022B0EEB57
:10D35000020101EBD171A2EB0E020133491002EB85
:10D360008202032B27F8021F26F8022BEBD1B5F916
:10D37000D610B5F9D820B5F9DA008B1803440A267F
:10D38000734300EB400001EB410102EB420293FBCF
:10D39000F1F193FBF2F2A4F8081193FBF0F3A4F877
:10D3A0000A21A4F80C31F5F7D9FF93E7D4F8043932
:10D3B00058077FF50EAF3046FDF7E2FF09E7F2F7B9
:10D3C0004BFF30B93046F6F79CFF012384F8003656
:10D3D000FFE684F80086FCE696ED007A06EE901AE9
:10D3E00037EEC76AF8EEE65AC6EE256A76EE876A29
:10D3F00096ED027AC6ED016A77EEE67AA6EE277A16
:10D40000F0EE667A86ED037A35E503F5FA734FF4AC
:10D410007A7093FBF0F32AF8023C134B1436B342B4
:10D420007FF40DADB8F1010F05D14046FBF7A8F828
:10D430006423C4F8583508F1FF38A4F8548549E549
:10D4400076150020BD150020CDCCCC400080BB431C
:10D45000003EC647920D0020620500207FC3C9012F
:10D46000221600206005002074160020D4F804392C
:10D4700013F0020300F0DA85D4F86C3C504898476A
:10D48000002800F0DB804E4994F8892C0846FBF711
:10D490002DFAB4F85265002E3ED0D4F8341749481E
:10D4A000A1F1020CA0F1080E01F104090022B6F569
:10D4B000C87F08BF02600368BEF900802EF8022B07
:10D4C000434440F8043B2CF8022FE145EFD1012EF4
:10D4D0001FD1D5F840314FF4C870C83393FBF0F337
:10D4E0000B80D5F84431C83393FBF0F34B80D5F86B
:10D4F0004831C83393FBF0F33348408C1B1A8B80C0
:10D50000A7F85C20A7F85E20F5F728FF6423C4F88D
:10D510005835013EA4F85265D4F8DC37590779D55F
:10D52000B4F88A8BD4F83467B8F1320F50D133880D
:10D53000A5F84C317388A5F84E31B388A5F8503161
:10D54000B7F85C30A5F85231B7F85E30A5F8543121
:10D550001E4AB01EA2F1200C06F104090021B8F108
:10D56000320F08BF11601368BCF900E02CF8021BF1
:10D57000734442F8043B20F8021F8145EFD1B8F113
:10D58000010F17D10C2084F88C1B84F8878BFAF7D5
:10D59000F7FFB5F84C313380B5F84E317380B5F8EC
:10D5A0005031B380B5F85231A7F85C30B5F854313A
:10D5B000A7F85E3008F1FF33A4F88A3B0BE000BF08
:10D5C000901600209816002000000020B0160020C1
:10D5D000B8F1000FBCD194F8883BDBB13221D5F80B
:10D5E000583193FBF1F33380D5F85C3193FBF1F3C1
:10D5F0007380D5F8603193FBF1F3F449498C002234
:10D600005B1AB380A7F85C20A7F85E2084F8882B0B
:10D61000F5F7A4FED4F83427B5F8383111885B1A31
:10D62000A5F838315188B5F83A3192885B1AA5F8D7
:10D630003A31B5F83C319B1AA5F83C31B4F92E3992
:10D640009FEDE36AD5ED597AE04E9FEDE2BA96ED93
:10D65000152AD6ED124A96ED183A96ED10AA96EDD7
:10D66000130AD6ED172AD6ED161A96ED114A9FED3C
:10D67000DACA07EE103AB4F9303905EE903AB4F947
:10D680002C3906EE903AF8EEE66AB8EEC77AE6EE86
:10D69000867AD5ED5A6AC5ED5C7AE7EE066AF8EE51
:10D6A000E55A95ED5B7AC5ED5D6AA5EE867A95ED56
:10D6B0005F6A85ED5E7A77EE867A95ED626AD6EDE1
:10D6C000145A77EE867A95ED606A76EE866A95ED65
:10D6D000636A76EE866A95ED616A37EE067A95EDB5
:10D6E000646A66EEA86A37EE067A67EEA87A27EED5
:10D6F000287A64EEE63A22EE665A23EE666AE7EE90
:10D70000043AA7EE255AA7EE226A6AEE479A60EE1F
:10D71000470A25EEE71A21EEC77AE7EEA49AE7EE6C
:10D72000820AA7EE837A24EE678AA6EE801A62EE5A
:10D73000E77AA6EE8A8AE6EEA17A72EE016A73EEC5
:10D740008A3A34EE294A74EE884A35EE005A75EE6C
:10D75000A05A32EE877A73EE277AC6ED156A76EE16
:10D76000216AC6ED103A86ED114AC6ED124A86EDE1
:10D77000135AC6ED145AC6ED166A86ED177AC6ED31
:10D78000187AFEF761F8D5F8C020D5F89431DFEDAE
:10D79000939A9FED93AA9A4240F0C7829FED917AA7
:10D7A000D5ED627A67EE877AC5ED627AD5ED637A58
:10D7B00067EE877AC5ED637AD5ED647A67EE877A8E
:10D7C000C5ED647AB5F9383196ED14EAD6ED11EA73
:10D7D000D6ED13FAD6ED17DA96ED10FA96ED16DAC5
:10D7E000D6ED15AA96ED127A96ED189AD5ED4D5A0A
:10D7F0008DED057A5B4207EE903AB5F93A315B421E
:10D8000008EE103AB5F93C315B42F8EEE76AB8EE43
:10D81000C88A07EE903AB8EEE76A68EE0E7A6EEEC6
:10D8200088CAE6EEAF7A28EE2D8AEFEE26CAA6EE7B
:10D830008D8AE6EE2A7AE7EE06CAA6EE098A9FED01
:10D840006A6AC5ED6C7A67EE867AC5ED6BCA27EE1B
:10D85000A75A6CEE86CAB0EE450AACEEAC0A85ED6E
:10D860006D8A28EE068AB4EE6A7A78EEA55AF1EE51
:10D8700010FAA8EE080A6CBF01270027C5ED4D5A23
:10D88000CDED045ACDED037A8DED025A01F0BEF9CB
:10D89000CCEE80BA9DED025AABEEAB5AB0EE450A23
:10D8A000A8EE080A01F0B2F9DDED037AC7EE80CAEE
:10D8B0002CEEAC0AABEEAB0AA8EE080A01F0A6F912
:10D8C000C8EE007AF0EE6B4AE7EEA94AB0EE6C5A69
:10D8D00097EEE95A2EEE248A69EEEC7A6AEEA4AA53
:10D8E0006FEEA4CA9DED057A95ED5D0AEBEEA97A7F
:10D8F000EFEE05CAAEEE858AE7EE05AAEDEE27CA81
:10D90000ADEEA78AE9EE27AA20EE000AD5ED5C7AF3
:10D91000C5ED73CAA7EEA70AD5ED5E7A85ED748AC8
:10D92000A7EEA70AC5ED75AACDED07CA8DED088A49
:10D93000CDED09AA01F06AF996ED1A5ADDED045A07
:10D94000B4EECB5AF1EE10FAB4EECA0A44BF9FED22
:10D95000215A86ED1ABAF1EE10FA00F10883DFEDD4
:10D96000237AB4EEE70AF1EE10FA00F30383C0EE77
:10D970000A7A6CEEA77AB4EECA0A27EE856AF1EE4F
:10D9800010FA85ED5F6A00F1F882DFED187AB4EEE7
:10D99000E70AF1EE10FA00F3F382C0EE0A7A68EEBD
:10D9A000277AB4EECA0A27EE857AF1EE10FA85EDF1
:10D9B000607A00F1E882DFED0D7AB4EEE70AF1EE6D
:10D9C00010FA00F3E382C0EE0A7A19E000000020AA
:10D9D000487D8B3ACDCC4C3DC2B8B23E0000000031
:10D9E000F3665F3FEC51783F0000803958A00B414F
:10D9F000728A0E3C4C3D0F440000E144DB0F49406D
:10DA0000D4F81436DB076AEEA77A67EE857AC5ED9F
:10DA1000617A0DD4B2EE005A26EE056A27EE057A39
:10DA200067EE857A85ED5F6A85ED607AC5ED617A8E
:10DA3000B4EECC0AF1EE10FA1FD55FED137A95ED36
:10DA40006E7A95ED766A6CEEA7CA28EE278AA5EE67
:10DA5000AC7A6AEEA7AA85ED6E7AD5ED707A95ED6F
:10DA60006F7AE5EEAA7AA5EE887A75EE865A85ED8C
:10DA70006F7AC5ED707AC5ED765AD5ED767AB1EE4E
:10DA8000047AF4EEC77AF1EE10FA4FDB95ED777A6F
:10DA900095ED6E6A67EE877AB1EE677AB4EEC76A83
:10DAA000F1EE10FA00F17582F4EEC67AF1EE10FA9A
:10DAB00054BFF0EE465AF0EE675A95ED6F6AB4EE39
:10DAC000C67AF1EE10FA00F36782F4EEC67AF1EE50
:10DAD00010FA48BFB0EE676A95ED705AB4EEC57A99
:10DAE000F1EE10FA08DCF4EEC57AF1EE10FA54BF4C
:10DAF000B0EE457AB0EE677AD5ED597AC5ED6E9AFB
:10DB000077EEA57AC5ED6F9AC5ED597AD5ED5A7ABB
:10DB1000C5ED709A77EE867AC5ED769AC5ED5A7A9C
:10DB2000D5ED5B7A77EE877AC5ED5B7AB4EE6EFA67
:10DB3000F1EE10FAF4EE4EFA68BF47F00107F1EE8D
:10DB400010FAB4EE6DDA68BF47F00107F1EE10FA93
:10DB5000C5ED4D9A07D6B4EE499AF1EE10FA02D609
:10DB6000002F00F01C82FDF737FE736C96ED160A4D
:10DB7000C5F8E431B36C96ED10BA96ED13AAD6ED64
:10DB800017AA96ED18CAC5F8E831B4EE400A336D0D
:10DB9000C5F8F031F1EE10FA736D85ED78BA85EDC8
:10DBA0007BAAC5F8F43185ED7E0AC5ED7FAA85ED27
:10DBB00080CA80F11282F7EE007AB4EEE70AF1EE45
:10DBC00010FA80F20D82FFEE007AB4EEE70AF1EE71
:10DBD00010FA40F2088200F0BBFFB1EE408AF0EE8E
:10DBE0004C0AB0EE6A0A85ED678A00F0DDFFF0EEC0
:10DBF0004B0AF0EE40AA85ED660AB0EE4A0A00F044
:10DC0000D3FF1FED84BA85ED680AB0EE40AA2AEE74
:10DC10008B0A01F09DF828EE0B0A07B2A4F874767F
:10DC200001F096F85FED8C7AA4F83A792AEE67AAAB
:10DC30005FED8E7A8AEE270A0FFA80F8A4F87686CE
:10DC4000A4F83C89F2EE047A30EE290A80EE270A25
:10DC500001F07EF803B2002B02DA00F5B47003B2D3
:10DC6000A4F81836D4F85837B6F822C0E14E93F825
:10DC70000090DFF8B4E3002206F1CC001146B7EEC5
:10DC8000007A36F9023BB9F1000F18D007EE909AEE
:10DC9000F8EEE77AC7EE276A07EE903AF8EEE77AF1
:10DCA00037EE666A67EEA67AD0ED006AE6EE867A0F
:10DCB000C0ED007AFDEEE77A17EE903A1BB2013123
:10DCC000C9B203292EF8023B00F1040003FB03F361
:10DCD00093FBFCF31A44D4D1DFEDC77A68EEA78A30
:10DCE0006423FCEEE87A534317EE900A93FBFCF3AF
:10DCF000C4F8FC35F8F75EFE88EAE870B4F9D22C77
:10DD000094F8EB38A0EBE87080B2904280F26E811C
:10DD1000002FB8BF7F42BFB2BA4240F3678143F0E1
:10DD2000080384F8EB38FFF704B9D31A0CEE903AE5
:10DD3000B4F934399FEDB17AD6ED160AD6ED187ADA
:10DD4000D6ED176AC5F8942108EE103AB4F93639C1
:10DD50000DEE903AB4F93239F8EE6CCA0EEE103A84
:10DD600095F8C8306CEE87CAB8EEC88AF8EEEDDADE
:10DD7000B8EECEEA83BB26EEED0AB7EE007AA8EE47
:10DD8000270A6DEEA77AA0EEE07AE8EE267AB1EEE9
:10DD9000400A60EEE70AE7EE0E0A00F005FF9FED8D
:10DDA000981AB4EEC10AF1EE10FA08D49FED951A54
:10DDB000B4EEC10AF1EE10FAD8BFB0EE401AD5EDBC
:10DDC000670A95ED660AF8F747FF0123C5ED629AE9
:10DDD000C5ED639A85F8C83096ED11DAD6ED107A64
:10DDE00028EE0DDAA7EE8EDAD6ED127AA7EEADDACE
:10DDF000D6ED147A85ED69DA28EE278AD6ED137A06
:10DE0000A7EE8E8AD6ED157AA7EEAD8A28EE08EA3F
:10DE100085ED6A8AB0EE4E0AADEE0D0A00F0F6FE10
:10DE2000CDEE00DAB0EE4E0AADEEAD0A00F0EEFE39
:10DE30009FED757AF0EEED7AF4EE477AF1EE10FA96
:10DE400000F38C80C8EE007AF0EEE76AF4EE476AE1
:10DE5000F1EE10FA00F38280DDEEA97AB0EE67DA17
:10DE600095ED5D0AD5ED5C7AD6ED18DA20EE000A64
:10DE70006DEE2DDAA7EEA70AD5ED5E7AA7EEA70A1A
:10DE800000F0C4FE96ED197AB4EECB7AF1EE10FAFA
:10DE9000B4EECA0A44BF9FED5D7A86ED19BAF1EE81
:10DEA00010FAB0EE40EA5CD4DFED597AB4EEE70A3E
:10DEB000F1EE10FA58DCC0EE0A7A6DEEA77A95ED15
:10DEC0006C0A27EE878A20EE000AD5ED6B7AA7EE62
:10DED000A70A00F09BFEF1EE007AB4EEE70AF1EE3D
:10DEE00010FA9ABFF1EE027A37EEC00A9FED490AA6
:10DEF000D4F8143698BF20EE2A0ADA0768EE007AC2
:10DF000058BFB2EE007AC5ED647A5CBF67EE877ADF
:10DF1000C5ED647AF0EE007AF4EEE7CAF1EE10FA9D
:10DF20000ED5B4EECCEAF1EE10FA09D5DFED3A7A6F
:10DF30006DEEA7DAD5ED707AECEEAD7AC5ED707ABC
:10DF400095ED717AB5F8C831F0EECD7A77EE877A33
:10DF50000133C5ED717AA5F8C83133E49FED2FDAAE
:10DF60007EE7F7EE007AA8E7F2EE047AA5E7F7EE8F
:10DF7000007AFEE4F2EE047AFBE4F7EE007A0EE5B6
:10DF8000F2EE047A0BE5F7EE007A39E5F2EE047A68
:10DF900036E5F0EE475A90E5B0EE476A9CE5F7EEBD
:10DFA000007AB4EEE7DAF1EE10FA07D5FFEE007A68
:10DFB000B4EEE7DAF1EE10FA3FF7D7ADFDF744FC27
:10DFC000D6ED167AB2EE047AF0EEE77AF4EEC77A7E
:10DFD000F1EE10FA7FF7C9ADC5E59FED100AFCE53B
:10DFE0009FED0F0AF9E59FED0F0AF6E523F0080310
:10DFF00097E600BF9016002000247449BD3786358F
:10E000009A9949C09A994940FFFF7F7FCDCC4C3DFA
:10E0100058A00B41CDCCCC3D0AD7233C00000000DA
:10E02000DB0FC93FDB0FC9BF860D0020A5F83831D3
:10E03000A5F83A31A5F83C31FEF77BBFD5F814229C
:10E04000D4F85C35D4F814669B1A40F698029342D3
:10E0500040F2528146F0080600230120C4F81466FD
:10E06000C4F8F435FEF774FBD4F8C09699F856302E
:10E07000002B40F01283F3F7F9FA94F84331002BA8
:10E0800052D0B5F81032C748B4F8D46C00EE103A4C
:10E090000121B8EE400AF8F741FEBCEEC00A95F83F
:10E0A000B62010EE103A9BB2B6FBF3F0411CB5F966
:10E0B000303209B2002A00F00B83BB4EDFF8088330
:10E0C00006F1080C002738F902EBBCF90090B6F90C
:10E0D00000202CF802EBAEEB090901375A43042F5C
:10E0E00092FBF1F24A4426F8022BECD1002385F88A
:10E0F000B63003B2002B40F3EE82AC4FDFF8C8C25B
:10E10000A5F83032A7F1080E002037F9026B3EF96E
:10E11000022B013013FB02F2042892FBF1F2A6EB72
:10E1200002022CF8022BF0D1F2F794FBD4F8042968
:10E130000123160785F8B7304FD5B4F96C3540F296
:10E14000DC518B42CCBFA3F2DC53CB1AB3F5967FE4
:10E1500080F2CE82B4F8D83703F04403002B00F0ED
:10E16000C78295F8423273B1B4F93039032B40F3CA
:10E17000B6829B10452B30DC002385F84232B4F880
:10E180001836A4F8B636B4F8B616B4F818365B1AD2
:10E1900099B21BB213F1B30F02DA01F5B4710BB2ED
:10E1A000B32BC4BFA3F5B4731BB213F11E0FC0F29F
:10E1B0009C821E2BA8BF1E23D4F8C016497A11FBDF
:10E1C00003F31BB2B3F5C87F7949A8BF4FF4C873F6
:10E1D0008B42B8BF0B46A4F8A83512F0140F13D029
:10E1E000B4F8D83703F4027373B194F8EB38D80657
:10E1F00040F18682B4F8A63594F99421B4F99C15BF
:10E2000001FB0233A4F8A635DFF8C08198F83A3054
:10E2100043B1B4F84631B4F96E259A42DCBF00230D
:10E22000A4F8A835D4F8C07697F81C6166B3B4F8A2
:10E23000D837990728D09FED5F0A80EE000A00F0DA
:10E240005BFC5D4BD3ED007A20EE270A00F080FDE9
:10E2500007EE906AB0F5617FA8BF4FF46170F8EEE9
:10E26000E75A07EE900AB8EEE70ADFED547A80EE3F
:10E27000270AF2F7F5F825EE800A00F069FDB4F8F8
:10E28000AA351844A4F8AA054D4B0093D8F86C6041
:10E29000B4F8FA20D4F8201607F15C033846B047EA
:10E2A00094F8C039D4F840C70293032B16D9BCF8B0
:10E2B0000210B1F5FA7F11D2B4F9A825B5F94802D8
:10E2C000002AB8BF524292B24B429B1A834203DCEF
:10E2D0008B188342A8BF0346A5F84832394AB4F9DF
:10E2E000AA85B5F94692B5F944A2B5F948E2A2F675
:10E2F00048031E46002032E20120FEF729FAD4F836
:10E30000207644F64B33BB80D4F8203C86F00806D8
:10E31000632BC4F8146604DC4FF4FA63A4F86E357A
:10E32000A2E60120FEF706FA95F818226E2362B9DC
:10E330007B714FF47A73A4F86A350223C4F8F4357C
:10E34000D4F85C35C5F81C328EE6012A06D17B7103
:10E350004FF4FA63A4F86A350523EFE7032A3B710B
:10E3600004D14FF47A73A4F86835E6E74FF4FA6302
:10E37000A4F86835F0E7D4F81436012083F00803D8
:10E38000C4F81436FEF7D6F995F818324FF47A72BD
:10E39000F3B9B4F97636A4F86A25B3F5E17F1BDD4D
:10E3A0000323CBE7841700208A1700209217002050
:10E3B00070FEFFFF00000000C00B0020EFB6B0446D
:10E3C0009605002038140020040A002000000020D8
:10E3D000032BA4F8682513D00223C4F8F435D4F82D
:10E3E0005C35D5F81C229B1AB3F5FA6FFFF43CAEEE
:10E3F0000023C4F8F435C5F81C32F2F786F933E689
:10E40000B4F97426B2F5E17FE6DD97E795F81832A6
:10E4100093B9B4F97636B3F5E17F51DDD4F814360B
:10E42000012083F00803C4F81436FEF783F940F2A4
:10E430007E43A4F86A35D2E7032B7FF415AEB4F916
:10E440007436B3F5E17F19DDD4F81436012083F07A
:10E450000803C4F81436FEF76DF94FF48363A4F88B
:10E460006835D4F85C35D5F81C229B1AB3F5FA6FE1
:10E47000FFF4FAAD0023C4F8F43563E79BB2B3F5BB
:10E48000E17F3FF6F1ADB4F87636FA339BB2B3F5DF
:10E49000FA7F3FF6E9ADD4F81436012043F00803C3
:10E4A000C4F81436FEF754F94FF48363A4F86835C2
:10E4B000D4F85C35C5F81C320423C4F8F435D3E530
:10E4C0009BB2B3F5E17F3FF6CFADB4F87436FA33C3
:10E4D0009BB2B3F5FA7F3FF6C7ADD4F814360120EE
:10E4E00043F00803C4F81436FEF732F940F2014352
:10E4F000A4F86A35DCE7D4F81436012043F00803A9
:10E50000C4F81436FEF724F94FF4FA63A4F86E3514
:10E51000D4F8203644F64B329A80D5F81C22D4F831
:10E520005C359B1A40F2DC529342A3D8C4E7012029
:10E53000FEF700F995F81832012B0AD14FF4FA636F
:10E54000A4F86A35B4F9763613F5E17F07DA0623C5
:10E55000F4E640F2B772022BA4F8682503D0052335
:10E56000C4F8F4357DE7B4F97436EDE795F8180290
:10E57000012811D1B4F9763613F5E17F42DAD4F8E7
:10E58000143683F00803C4F81436FEF7D3F840F2CB
:10E590003A73A4F86A3564E702287FF465ADB4F9EC
:10E5A000743613F5E17F0BDAD4F81436012083F0CA
:10E5B0000803C4F81436FEF7BDF840F2B7734EE70F
:10E5C00003F5E1739BB2B3F5C87F3FF64DADB4F8E8
:10E5D0007636FA339BB2B3F5FA7F3FF645ADD4F801
:10E5E0001436012043F00803C4F81436FEF7B0F8DF
:10E5F00040F23A73A4F86835D4F85C35C5F81C329B
:10E6000007235AE703F5E1739BB2B3F5C87F3FF6E2
:10E610002BADB4F87436FA339BB2B3F5FA7F3FF6FC
:10E6200023ADD4F8143643F00803C4F81436FEF7CB
:10E630008FF840F2B773A4F86A35DDE7D4F81436E2
:10E64000012043F00803C4F81436FEF781F895F86A
:10E650001832012B1CBF4FF4AF63A4F868354FF498
:10E66000FA63A4F86E35D4F8203644F64B329A801B
:10E67000D5F81C22D4F85C359B1A40F2DC52934248
:10E680003FF6F8AEBCE7C4F8F435C5F81C32D4F850
:10E69000203644F64B329A80E6E4DFF80083BB4F25
:10E6A0000026B8F9003099F8561000EE103A3846B6
:10E6B000B8EEC00AF8F732FBBDEEC00A013610EE24
:10E6C000103A032E28F8023B07F10407E9D1D2E4FF
:10E6D000013B1BB20EE50023A5F8303224E5002BE8
:10E6E000B8BF03339B105B4244E56FF01D0363E545
:10E6F000012385F84232B4F81836A4F8B6366CE532
:10E70000F1F715FF80E507EE908AB8EEE77A07EE9D
:10E71000909A52ED026A9CF90110F8EEE77A4942AC
:10E7200067EEA67A52ED046AE7EE267A0EFB01F157
:10E73000013007EE10AA52ED036AB8EEC77AE7EE91
:10E74000267A07EE101A52ED016AB8EEC77AE7EEA4
:10E75000267AFDEEE77A17EE901A26F8021B029948
:10E76000884202F11002CED394F8EC25520740F112
:10E77000E18094F807270492B4F990271846012104
:10E78000029E8E4273D8D4F83C17D4F8DCA7488890
:10E79000B4F96E658242C4BF121A1FFA82FB0AF4F2
:10E7A00080520592D4F83807D4F844270392D8BF92
:10E7B0004FF0000B4FF00009029A4A455ED8744EA4
:10E7C00096F83C3C0BB1FCF7FBFC94F8EC355F078A
:10E7D0002FD5B4F8D837D8072BD5B4F97436002B19
:10E7E000B8BF5B429BB2B3F52F7F1AD8B4F9763627
:10E7F000002BB8BF5B429BB2B3F52F7F11D8B4F9A1
:10E800002639002BB8BF5B429BB242F6E0629342CE
:10E8100007D8B4F92839002BB8BF5B429BB29342AA
:10E8200007D9D6F8F43523B90220F1F7FDFCF1F74A
:10E830006CFF96F8ED75022F00F0B280032F00F008
:10E84000F880012F7EF4A0A9DFF8488198F81030F5
:10E85000002B3EF499A996F8EC4514F0040475D009
:10E860004C4A002386F8ED351374FEF78DB930F964
:10E87000026FB242B8BF3246013181E71A88059F64
:10E88000A2EB0B0212B21A8077B3039F9CF80080B0
:10E89000B7F80EE0B8F1000F08D1B0F80680AEEB83
:10E8A0000807B74202DAF044B04517DC76450EDDC2
:10E8B000B0F802E0964504DCB1F802E09645A8BF46
:10E8C0009646A3F800E009F10109023374E7B1F8B4
:10E8D00004E09645F5DCB0F800E0EFE77645CCBF04
:10E8E000428802881A80EEE7049FB1F8028047B19F
:10E8F000B1F804E09645E4DC4245A8BF424696469E
:10E90000DFE7B1F800E0964503DC4245A8BF424688
:10E910009646039AA3F800E0128A9642D3DA1AF0D8
:10E92000100F01D08A88DDE79CF80020002ACAD1A8
:10E930000A88D7E7184BA3F2162203F1100153F807
:10E94000040B42F8040B8B42F9D138E7D6F81436A1
:10E95000D9077EF519A9F1F7B5FEF1F7C1FEF1F778
:10E9600007FF96F8F035C5E99344C5E99644002BB6
:10E970007EF40AA9B8F81230D6F8982586F8F07512
:10E980001344C6F89435FEF7FFB800BF781700208F
:10E990006004002000000020060E00208C0D0020E6
:10E9A000354F3B7C002B3EF4EFA8012386F8EF3572
:10E9B0007B7C43B1D6F85C3503F5EA433033C5F8C8
:10E9C000643200237B74D4F85C25D5F86432D21A03
:10E9D000002A09DBF1F799FE00233B7484F8EF3538
:10E9E00001237B74FEF7D0B8B5F93C21002AB8BFEB
:10E9F000524292B242F234118A4206D900243C7447
:10EA0000F1F783FE86F8EF45EAE7D4F85C25D21AE1
:10EA1000002AD4F85C25CCBFD31A9B1A46F6605264
:10EA200093423EF7B1A8D6F8203C0733FEF6ACA8D7
:10EA3000E4E7D6F8F435002B7FF412AFB6F8D82708
:10EA400052077FF50DAF85F818320123C6F8F4356B
:10EA5000D6F85C35C5F8143202E7012384F839365C
:10EA6000054B002283F8392006F5C333A03345F85F
:10EA7000503CFEF792B900BF00000020014B024A53
:10EA80001A607047341700205B8218391148124908
:10EA9000026800608A4218D0002103E00F4B5B58E7
:10EAA000435004310E480F4B42189A42F6D30E4A97
:10EAB00002E0002342F8043B0C4B9A42F9D3F5F7ED
:10EAC000DCFBFEF759F87047FEE70948D0F800D0A4
:10EAD00040680047FC9F0020EFBEADDEB026010875
:10EAE0000000002060040020600400206C20002052
:10EAF00000D8FF1FFEE7000008B52DED028BB0EE39
:10EB0000408A00F03FFAB4EE488AF1EE10FAF0EED7
:10EB1000408A0AD6B0EE480A00F0D2F8F7EE007A42
:10EB2000B4EEE70AF1EE10FA04DCB0EE680ABDECD0
:10EB3000028B08BD01F0EAFBBDEC028B03462122EB
:10EB40001A600248BDE8084000F0FCB80021010846
:10EB500008B52DED028BB0EE408A00F037FBB4EE25
:10EB6000488AF1EE10FAF0EE408A0AD6B0EE480A72
:10EB700000F0A6F8F7EE007AB4EEE70AF1EE10FA2C
:10EB800004DCB0EE680ABDEC028B08BD01F0BEFBF0
:10EB9000BDEC028B034621221A600248BDE8084002
:10EBA00000F0D0B80021010800F00ABC08B52DED36
:10EBB000028BB0EE408A00F0A9FCB4EE488AF1EE78
:10EBC00010FA0FD6B5EEC08AF1EE10FA0ADCB5EEF7
:10EBD000408AF1EE10FA08D101F098FB22239FED54
:10EBE000090A0360BDEC028B08BD01F08FFBBDEC90
:10EBF000028B034621221A600348BDE8084000F05A
:10EC0000A1B800BF000080FF0021010808B52DED6C
:10EC1000028BB0EE408A00F0E7F8B4EE488AF1EEDD
:10EC200010FA06D6DFED098AB4EEE88AF1EE10FAA2
:10EC300002D4BDEC028B08BD01F068FB88EEA80A87
:10EC4000BDEC028B2123036008BD00BF0000000063
:10EC500010EE103A184923F000428A421AD9B2F154
:10EC6000FF4F02D330EE400A704700B583B06846CC
:10EC700000F046FD00F0030001289DED000ADDEDE7
:10EC8000010A10D0022809D090B900F0B1F803B001
:10EC90005DF804FBDFED090A00F0AAB800F0A8F85F
:10ECA000B1EE400AF3E700F025F9B1EE400AEEE7D5
:10ECB000012000F01FF9EAE7D80F493F00000000EB
:10ECC00010EE103A23F0004300EE103A704700BFF8
:10ECD00010EE103A194923F000428A421BD9B2F1D2
:10ECE000FF4F02D330EE400A704700B583B068464C
:10ECF00000F006FD00F0030001289DED000ADDEDA7
:10ED0000010A13D002280BD098B9012000F0F2F8C4
:10ED100003B05DF804FBDFED0A0A002000F0EAB85A
:10ED2000012000F0E7F8B1EE400AF1E700F060F8EA
:10ED3000EEE700F05DF8B1EE400AE9E7D80F493F91
:10ED4000000000009FED010A704700BF0000C07F77
:10ED500010B485B08DED010A019BC3F3C752A2F137
:10ED60007F011E2931DC16294FEAD37425DC1D4BA7
:10ED7000DDED017A03EB840393ED007A77EE277AD9
:10ED8000CDED037ADDED037A77EEC77A17EE903A90
:10ED900033F000400DD0C3F3C7507F381FD4C3F306
:10EDA000160343F40003C0F1170023FA00F004B186
:10EDB000404205B05DF8044B7047C3F3160343F4BB
:10EDC0000003963A03FA02F0F1E7DDED017AFDEE79
:10EDD000E77A17EE900A05B05DF8044B7047002003
:10EDE000E5E700BF04210108B1EEC00A704700BF8B
:10EDF00010EE103A23F00043B3F1485F2CD2FDEE41
:10EE0000C07A17EE903A002B60D060EE007A9FED4A
:10EE1000317A9FED315ADFED315A9FED316ADFEDE6
:10EE2000316AA7EE875A9FED307AE7EE855AA7EE52
:10EE3000A56AA7EE867AE7EE876A67EEA66A60EEB5
:10EE4000C00AB6EE007AE7EEA60AB7EE000AD7EEE1
:10EE5000870A30EE600A704760EE007A9FED1D7AF7
:10EE60009FED1D5ADFED1D5A9FED1D6ADFED1D6AF6
:10EE70001E4AA7EE875A93429FED1B7AE5EE275A6A
:10EE8000A5EEA76AA6EE277AE7EE276A66EEA76ADE
:10EE9000D5D9174A934214D803F17F4307EE103AAD
:10EEA000B7EE006A36EE476A60EEC00AF6EE005A28
:10EEB00097EEA57AE7EEA60A37EE607A36EE470AB5
:10EEC0007047B6EE076AB5EE027AEDE7B7EE000AD4
:10EED000704700BF4ED747ADF6740F317CF293B444
:10EEE000010DD037ABAA2A3D610BB6BA9999993E6C
:10EEF0000000483F10EE103A23F00043B3F1485FA2
:10EF000004D2FDEEC07A17EE903A5BB360EE007A61
:10EF10009FED157ADFED155A9FED156ADFED156A45
:10EF2000E7EE875A9FED147AA5EEA76A20EE275ADE
:10EF3000E6EE276AA6EEA77A30B9DFED106AE7EEB3
:10EF4000876AA6EE850A704727EE457AF6EE006AD4
:10EF5000A0EEA67ADFED0A6AD7EE270AE5EE260ACA
:10EF600030EE600A704700BFD3C92E2F342FD7B2BE
:10EF70001BEF3836010D50B98988083CABAA2ABE70
:10EF8000ABAA2A3E08B510EE102A22F00043B3F1D6
:10EF90007E5F2DED028B12D00AD8B3F17C5F16D2C2
:10EFA000B3F10C5F67D8BDEC028B9FED770A08BD0B
:10EFB00070EE407A87EEA70ABDEC028B08BD002AEE
:10EFC00040F3DD80BDEC028B9FED700A08BD002A86
:10EFD000C0F28E80F7EE008A38EEC00AF6EE007AB4
:10EFE00020EE278AB0EE480AFFF7FEFEDFED687AD2
:10EFF0009FED687ADFED686ADFED685A9FED686A19
:10F00000A8EE277ADFED677AE7EE086AE8EE067A7F
:10F01000E6EE885A9FED646A9FED647ADFED646ADC
:10F02000A5EE886AA7EE887ADFED627AE6EE087AC6
:10F0300010EE103AE7EE086A6FF30B03B0EE677A52
:10F0400007EE903AF0EE485AE7EEE75AE6EE888A85
:10F0500030EE276A27EE087AC5EE866A87EE286AC0
:10F06000BDEC028BB0EE667AA0EE067A37EE870A28
:10F0700030EE000A08BD20EE007ADFED457A9FED04
:10F08000456ADFED456A9FED465ADFED445AA7EE2B
:10F09000276ABDEC028BE6EE076ADFED427A9FED50
:10F0A000436AE7EE057AE6EE875AA7EE876A9FED98
:10F0B0003E5ADFED3F7ADFED3F6AA5EE875AE6EE76
:10F0C000077AE5EE076AF7EE005AE7EE875A26EE72
:10F0D000877A9FED396ADFED397AC7EE256AB0EE9F
:10F0E000467AA0EE667A30EE470A37EEC00A08BDCF
:10F0F000B7EE007A30EE070AF6EE007A60EE277A75
:10F10000DFED236A9FED236ADFED234ADFED245A0A
:10F110009FED225A9FED278AA7EEA66ADFED216AAE
:10F12000E6EE274AE7EEA56ADFED205A9FED1E6A5C
:10F13000A4EEA75AE6EEA75ADFED1D6AA5EE276AF0
:10F14000E5EEA76AA6EE278AA6EEA77A28EE278A1A
:10F15000F0EE478AB0EE670AFFF746FE88EE286AAF
:10F160009FED177ADFED177AA0EE067AF0EE006ACF
:10F1700037EE007AE7EE667AB0EE670A1CE7BDEC80
:10F18000028B9FED110A08BDDB0FC93F0000000094
:10F1900008EF1138047F4F3A461124BDA80A4E3EAD
:10F1A0002EC69D3D613330BF90B0A6BE2D570140A5
:10F1B00039D119C0ABAA2A3E6821A233DA0FC93F60
:10F1C0006821A2B3DA0F4940DB0F494038B510EE91
:10F1D000105A25F00044B4F17E5F2DED048BF0EE63
:10F1E000407A7FD077D8B4F17C5F0ED2B4F1485F1B
:10F1F00080F090809FED627A30EE077AF7EE006A39
:10F20000B4EEE67AF1EE10FA62DCB0EE670AFFF7D0
:10F2100057FDF7EE007A37EEC08AB6EE007A28EE98
:10F22000078ADFED586A9FED587A9FED586A9FED87
:10F23000585ADFED585ADFED588AE8EE076A9FED1D
:10F24000577AA8EE067AA6EE885A9FED556ADFED4A
:10F25000556AA7EE086AE5EE085A9FED537AA6EEC6
:10F26000087AE5EE886AE7EE087AE6EE888AB0EE7C
:10F27000480AB0EE679AFFF7B7FD4C4B68EE888AF4
:10F280009C4288EE896A38D810EE103A6FF30B036F
:10F2900006EE903AA6EEE68A70EE267A9FED447A64
:10F2A000C8EE274AF0EE005AA4EEE57ADFED417A87
:10F2B00030EE000AB0EE675A90EE067AA6EEE55AF6
:10F2C00037EE457A37EEC70A002D01DCB1EE400A71
:10F2D000BDEC048B38BDBDEC048B70EE407A87EE3C
:10F2E000A70A38BDBDEC048B9FED310A9FED327A41
:10F2F00027EE800AA7EE870A38BDA0EE060A9FED2A
:10F300002F7ADFED2D7AF0EE006AA0EE267A37EE46
:10F31000C70AD9E720EE007ADFED1B6A9FED196A74
:10F32000DFED1B5A9FED195ADFED1A4AA7EE266A48
:10F33000BDEC048BE6EE075ADFED186A9FED186A04
:10F34000E7EE056AE5EE874AA6EE876A9FED155A55
:10F35000DFED155ADFED106AA4EE875AE6EE075A84
:10F36000E5EE076AB7EE006AA5EE876A26EE877AB1
:10F37000C7EE066AE0EE267AB0EE670A38BD00BF37
:10F38000CAF24971047F4F3A08EF11382EC69D3DED
:10F39000461124BDA80A4E3EABAA2A3E613330BFB7
:10F3A0002D57014090B0A6BE39D119C09999793F27
:10F3B0002EBD3BB3DB0F493FDB0FC93F2EBD3B33B7
:10F3C00010B582B0CDED010A019B23F00042B2F1ED
:10F3D000FF4FF0EE407A30D810EE100A20F00041D6
:10F3E000B1F1FF4F29D8B3F17E5F3ED09C1704F0F6
:10F3F000020444EAD07431B37AB3B2F1FF4F3FD084
:10F40000B1F1FF4F29D0891AB1F1F45F4FEAE1520F
:10F4100033DA002B41DA3C323FDA9FED330A012C1C
:10F420004DD0022C42D064B19FED307ADFED307ABE
:10F4300030EE070A30EE670A03E09DED017A37EE01
:10F44000270A02B010BD022C0CD09FED2A7A032CA3
:10F4500008BFB0EE470A02B010BD00280ADB9FEDDE
:10F46000260AEEE79FED220AEBE702B0BDE8104066
:10F4700000F07CBA9FED210AE3E79FED1F0ACEE77B
:10F48000B1F1FF4F04F1FF3420D0022C26D81C4BE1
:10F4900003EB840393ED000AD3E79DED017A87EE39
:10F4A000870AFFF70DFC00F061FAB8E79FED0F7ACD
:10F4B000DFED0F7A30EE070A37EEC00AC1E710EE33
:10F4C000103A03F1004300EE103ABAE7022C08D8D4
:10F4D0000C4B03EB840393ED000AB2E79FED020AA5
:10F4E000AFE79FED090AACE7000000002EBDBB337B
:10F4F000DB0F4940DB0F49C0DB0FC93FDB0FC9BF42
:10F500000C21010818210108DB0F493F10EE102AD9
:10F5100032F000432FD0002A134633DBB2F1FF4F05
:10F5200040DAB2F5000F34DB4FF0000C6448C3F34F
:10F530001601084400F4000282F07E520A43DB15F3
:10F5400000EE102A7F3B5F4A634401F10F0CF7EE97
:10F55000007A0CEA020230EE670A03EBD05322BBBA
:10F56000B5EE400AF1EE10FA62D1002B40F0908027
:10F570009FED550A70479FED557ADFED537A87EE80
:10F58000270A704770EE407A9FED4F7A87EE870A20
:10F590007047DFED4F7A60EE277A6FF0180C17EEA8
:10F5A000903AC3E730EE000A7047F0EE007A70EE52
:10F5B000277A07EE103A80EE274A4648C1F55712DF
:10F5C000084402F522720243002A9FED433ADFED20
:10F5D000434ADFED435ADFED433A9FED435ADFEDF7
:10F5E000437ADFED436A24EE046AF8EEC72A26EE7A
:10F5F000067AE7EE034AA7EE235AE4EE875AE5EED1
:10F60000076AE5EE877A67EE867AE6EE877A2ADD84
:10F61000B6EE007A20EE077A27EE007A77EE877A48
:10F6200067EE847A3BBB37EE677A30EE470A704765
:10F630009FED307AF6EE007AE0EE477A20EE007A1F
:10F6400027EE277A002BF0D007EE903A9FED2A6A3A
:10F65000DFED2A6AF8EEE77AA7EEC67A37EE400ABF
:10F6600097EEA60A704770EE677A67EE847AE3B980
:10F6700030EE670A70479FED206ADFED206AE2EE08
:10F68000867A37EE677A37EE400A92EEA60A70471E
:10F6900007EE903A9FED180A9FED187AF8EEE77A98
:10F6A00027EE800AA7EE870A7047DFED136A9FED09
:10F6B000137AE2EEE67A37EEC00A92EE870A7047D6
:10F6C00020FB4A00F0FF7F0000000000000000CC9B
:10F6D0000000004C305CCFFF9788173E25333A3E40
:10F6E0002549923E4FD01C3E298E633EABAA2A3F4D
:10F6F000CDCCCC3EABAAAA3ED1F717378071313FB3
:10F7000070B510EE103A8B4A23F00044944286B054
:10F71000054671D9884A94421E4624D823F00042F7
:10F72000002BDFED867A864922F00F02B0EE407A98
:10F7300040F3E6808A4270EE677A09BF9FED817AD6
:10F74000DFED816ADFED816A77EEC77A37EEE67A20
:10F7500077EEC77A80ED007A77EEE67AC0ED017A2F
:10F76000012006B070BD7A4A944253D9B4F1FF4FDC
:10F7700049D2E215863AA4EBC25307EE903ABDEEA9
:10F78000E77ADFED746AB8EEC77A77EEC77A8DED67
:10F79000037A67EEA67ABDEEE77AB8EEC77A77EE1F
:10F7A000C77A8DED047A67EEA67AF5EE407AF1EE2F
:10F7B00010FACDED057A40F08E80B5EE407AF1EE8C
:10F7C00010FA40F08A8001236349019102210091DF
:10F7D00003A8294600F00AFA002EC2DA95ED007A55
:10F7E000D5ED017AB1EE477AF1EE677A85ED007AD0
:10F7F000C5ED017A4042B4E7002285ED000A42607F
:10F80000002006B070BD70EE407AC0ED017AC0ED08
:10F81000007AF5E7FFF754FA9FED507A9FED476ABB
:10F82000F6EE007AE0EE077A9FED477AFDEEE77A92
:10F83000F8EEE76A17EE900AA6EEC60A1F2866EEF3
:10F84000877AB1EE666A30EE677A1EDC444A411E62
:10F8500026F0004352F8212023F0FF03934214D0F6
:10F8600085ED007A30EE470A002E30EE670A85ED0E
:10F87000010ABFF676AFB1EE477AB1EE400A85EDE8
:10F88000007A85ED010A40426BE717EE103AC3F3A8
:10F89000C753C3EBD453082B4FEAE452E0DD9FED8E
:10F8A000297A9FED2A5AF0EE405AE6EE075A70EE9A
:10F8B000657AE6EE077AD6EE857A35EEE77A17EEC8
:10F8C000103AC3F3C753D21A192A08DCB0EE650AFE
:10F8D00085ED007AC6E7032376E7022374E79FED00
:10F8E000217A9FED215AB0EE650AA6EE070A75EE61
:10F8F000C07AE6EE077AD6EE857A30EE677AAFE721
:10F900008A4270EE277A09BF9FED0E7ADFED0E6A0C
:10F91000DFED0E6A77EE877A37EEA67A77EEC77A52
:10F9200080ED007A77EEA67AC0ED017A4FF0FF30D5
:10F9300017E700BFD80F493FE3CB1640800FC93F00
:10F94000D00FC93F004435374344353708A3852ECF
:10F95000800F494300008043A421010884F9223F1D
:10F960002421010800A3852E32318D2438B510EEF4
:10F97000105A25F00044B4F1A14FF0EE407A07D3BD
:10F98000B4F1FF4F55D8002D77DD9FED4E0A38BDFD
:10F990004D4B9C425CD8B4F1445F4DD34FF0FF33E4
:10F9A00027EEA76A9FED495A9FED497ADFED495A44
:10F9B000DFED494A66EE066A5A1CA6EE857AE6EE47
:10F9C000A54A9FED465ADFED465AA7EE265AE4EEC9
:10F9D000A65A9FED447ADFED444AA5EE267AE5EE7D
:10F9E000A64A9FED425ADFED425AA7EE265A9FEDF6
:10F9F000417AA4EEA67AE5EE265A27EE267AA5EEFF
:10FA0000867A27EE877A3BD03B493C4A01EB83015B
:10FA1000D1ED006A37EE667A02EB8303D3ED006A1C
:10FA200037EE677A002D36EEC70AB0DAB1EE400A3B
:10FA300038BD30EE000A38BD9FED317A30EE077ADE
:10FA4000F7EE006AB4EEE67AF1EE10FAA6DD38BD04
:10FA5000FFF736F92B4B9C4215D8A3F5D0039C42F7
:10FA600026D8F0EE007ABFEE007AA0EE277A0023C7
:10FA700030EE270AC7EE007A92E79FED230A38BDE1
:10FA800037EEC70A38BD214B9C420BD8F7EE087AF7
:10FA9000B7EE007AA0EE277A022330EE670AC0EEB6
:10FAA000077A7DE7BFEE007AC7EE007A032377E797
:10FAB000F7EE007A30EE677A30EE270A0123C7EEC0
:10FAC000007A6DE7DB0FC93FFFFFDF3ED769853C5A
:10FAD00059DA4B3D21A215BD6BF16EBD356B883DEA
:10FAE00095879DBD6E2EBA3D388EE3BD2549123EE9
:10FAF000ABAAAA3ECDCC4CBEBC240108CC24010844
:10FB0000CAF24971FFFF973FDB0FC9BFFFFF1B40E0
:10FB100010EE103A33F000411A4625D0B1F1FF4FF4
:10FB20001FD213F0FF4F20D1DFED297A294A60EE72
:10FB3000277A904217EE903A31DB4CF2503CC3F3F7
:10FB4000C75160451A46A1F1190114DD002BDFED04
:10FB5000227A9FED210AB8BFDFED207A27EE800AD6
:10FB6000704730EE000A704770474CF2503C6045D9
:10FB70004FEAD151EADC0144FE29E7DC002915DC1B
:10FB800011F1160F19DB193122F0FF4242EAC1527E
:10FB900007EE902A9FED120A27EE800A7047DFEDEC
:10FBA000117A07EE103A27EE270A704722F0FF423B
:10FBB00042EAC15300EE103A7047002BDFED097A9C
:10FBC0009FED080AB8BFDFED087A27EE800A70477C
:10FBD0000000004CB03CFFFFCAF24971CAF249F183
:10FBE000000000336042A20D6042A28D2DE9F04F6B
:10FBF0002DED048BDBB01C46944603930A46BA4BAA
:10FC000068991CF1040F53F82170824604F1FF3902
:10FC1000C0F25682BCF1030348BF0CF10403DB10B1
:10FC2000029301334FEAC30EACEB0E030593029B24
:10FC300017EB0900A3EB090316D401309FEDAB7A53
:10FC4000699C18441EA9002BA4BF54F8235007EE4A
:10FC5000905A03F10103ACBFF8EEE77AF0EE477A71
:10FC60008342E1EC017AEED1002FC0F2E2820399E7
:10FC70001EA800EB81004FEA81087E18002346ADE4
:10FC80004C460AEB8101B9F1000F80F2C8800134C3
:10FC9000B44245F8043B00F10400F4D10DF1280B07
:10FCA0000BEB8703CDE9062E043B9FED929ADFED27
:10FCB000908A059804930AEB080446AE0BEB87087C
:10FCC0000097CDF820C00DEB8703002F93ED460A77
:10FCD0004FEA870515DD73195A4660EE097AB0EED2
:10FCE000407AFDEEE77A73ED016AF8EEE77AB34207
:10FCF000A7EEE87A37EEA60ABDEEC77AA2EC017A43
:10FD0000EBD10190FFF704FFF4EE007AB0EE408AE9
:10FD100020EE270A00F0B0FAF2EE007AA0EE678A31
:10FD200001980028FDEEC89AF8EEE97A38EE678A65
:10FD300040F38280791EC0F108035BF821E04EFA9F
:10FD400003FC0CFA03F3AEEB030EC0F1070219EE4D
:10FD5000903A4EFA02F26344002A09EE903A4BF8C8
:10FD600021E000F3AF80B5EE408AF1EE10FA74D1D5
:10FD7000009B9F420ADD5D44002355F8041D454564
:10FD800043EA0103F9D1002B40F00281009B013BC3
:10FD90005BF823207B1C9C46002A40F0F780049AE5
:10FDA000012152F8045D0131002DFAD03944029D41
:10FDB000039A05EB030E0EF1804E699D0EF1FF3E96
:10FDC0003A4405EB8E0E1EAD06EB830705EB82056C
:10FDD000DEED017AF8EEE77AB9F1000F0EF1040ECC
:10FDE000E5EC017ADFED417A09DB2A465346F3EC74
:10FDF000016A32ED017AA342E6EE877AF7D10CF17F
:10FE0000010C8C45E7EC017AE2DD0F465BE701343B
:10FE1000B442E5EC017A00F104003FF43FAFDFEDBE
:10FE2000337A83465346F3EC016A3BED017A8B4209
:10FE3000E6EE877AF7D1EAE700F09180F6EE007AF5
:10FE4000B4EEE78AF1EE10FA80F22981B5EE408A2D
:10FE5000F1EE10FA4FF000028AD09246DDE9062E4C
:10FE6000DDF820C00197AEEB0C00B0EE480A009F11
:10FE70000092FFF74DFEDFED1E6AB4EEE60AF1EEEA
:10FE800010FADDE90023F0EE407AC0F29C819FED8C
:10FE9000197A059920EE077A0831BDEEC77A0591E7
:10FEA000B8EEC77A5C1CE7EE667ABDEEC77AFDEE67
:10FEB000E77A17EE901A4BF8231017EE103A4BF82A
:10FEC00024307EE00133002F09EE903A40F39D810B
:10FED00059464FF0000E51F8043B002B39D0C3F5C2
:10FEE000807341F8043C0CE0082501080000000084
:10FEF000000080430000803B0B68C3F1FF0341F822
:10FF0000043B0EF1010E7745F6DC01239E460028E6
:10FF10000BDD012800F0BB80022806D1791E5BF8BA
:10FF2000213003F03F0C4BF821C0022A7FF41BAFB5
:10FF3000B7EE000A734630EE488A002B3FF413AF49
:10FF400009920190FFF7E4FD0198099A38EE408A82
:10FF500009E70EF1010E7745BDDC9E46D7E77B1E13
:10FF60005BF82320D211002A7FF7FDAE19EE903AFC
:10FF7000002F03F1010309EE903AA9DC022A7FF475
:10FF8000F2AEF7EE007A37EEC88AECE619460EE7D5
:10FF90003B469246DDE905125C1EA1F108005BF8C4
:10FFA0002410009F059061B903F18043013B0BEBE6
:10FFB0008303014653F8040D013C08390028F9D0A9
:10FFC000059105980092B7EE000AFFF7A1FD002CFD
:10FFD000009AB0EE407AC0F22281601C46AD5FED1F
:10FFE0003B6A81000BEB800305EB800073ED017A27
:10FFF000F8EEE77A5B4567EE877A27EE267A60EDC2
:020000040801F1
:10000000017AF3D10DF1C8080E1F2E44C646A4464E
:100010000025002F7DDBDFF85C92DFED957A30461E
:10002000002307E0F9EC016AB0EC017A9F42E6EEAA
:10003000877A03DBAB4203F10103F3DD0CF1FF3CF4
:10004000BCF1FF3FEEEC017A05F10105A6F10406D3
:10005000E1D1689B022B6ADC002B36DC0ED1DFED90
:10006000847A414431ED017A414577EE877AF9D1BE
:100070005346002B40F0C680C2ED007A19EE903A4C
:1000800003F007005BB0BDEC048BBDE8F08F791E78
:100090005BF8213003F07F0C4BF821C045E719EEE7
:1000A000903A002F03F1010309EE903AC8BF0222F3
:1000B0003FF70EAFF7EE007A37EEC88A022252E61B
:1000C00000234FF0080E0293AEE5DDED327A9FED8E
:1000D000687A414471ED016A414537EE267AF9D1DB
:1000E0005346002B40F0848077EEC77A82ED007A89
:1000F00064B133A90123B1EC017A01339C4277EE5C
:10010000877AF8DA53460BB1F1EE677AC2ED017ADD
:10011000B4E70CF1FF3C0023BCF1FF3F4EF8043B79
:1001200005F10105A6F104067FF473AF91E7689B22
:10013000032BA3D1002C00F08C8008EB840595EDF7
:10014000007AA0002B46294671ED017AF0EE476A4D
:1001500037EE277A414577EEC77A81ED007A77EE60
:10016000A67AC1ED017AEFD1012C72D095ED007A1B
:1001700008F1040173ED017AF0EE476A37EE277A51
:10018000994277EEC77A83ED007A77EEA67AC3EDCF
:10019000017AEFD1031DDFED367A434408F10808F8
:1001A00033ED017A984577EE877AF9D15346DDED44
:1001B000326A9DED337A73B9C2ED006A82ED017A3D
:1001C000C2ED027A5AE7FDEEC07A1C4617EE901A8D
:1001D0004BF82310F5E6F1EE666AB1EE477AF1EEE0
:1001E000677AC2ED006A82ED017AC2ED027A45E7D4
:1001F000F1EE476A77EEC77AC2ED006A002C7FF411
:1002000078AF81E7F1EE677A36E7012815D002284A
:100210007FF4B4AE0EF03F034BF82130AEE6689B9E
:10022000022B12DC002B17DC7FF428AFDFED107AF5
:100230001EE7039B4FEA830830E50EF07F03022A96
:100240004BF821307FF48FAD9BE6689B032B7FF446
:1002500015AFDFED077AA9E75346DDED327A1BB122
:100260004FF0004313604FE7002313604EE700BFD9
:1002700000000000DC24010810EE102AC2F3C7536E
:100280007F3B162B22F000411BDC002B10461EDBAF
:100290001A4919410A4223D0DFED197A70EE277A04
:1002A000F5EEC07AF1EE10FA1ADD002A04DA4FF406
:1002B000000242FA03F3184420EA010300EE103A68
:1002C0007047B1F1FF4F0BD330EE000A7047DFEDFE
:1002D0000C7A70EE277AF5EEC07AF1EE10FA00DCB7
:1002E0007047002A02DB9FED070A704711B99FEDA6
:1002F000060A7047BFEE000AF2E700BFFFFF7F006B
:10030000CAF249710000000000000080014B18682B
:10031000704700BF1C030020830730B546D0841807
:10032000844604E003F8011B9D0704D09C46A445C5
:100330006346F7D130BD013A0244A2EB0C02032A16
:1003400029D9CCB204EB04240F2A04EB04442FD99E
:10035000A2F1100C2CF00F0C03F11005AC44C3E912
:100360000044C3E9024410336345F8D112F00C0F86
:1003700002F00F0E18D02EF0030C9C44AEF10405D1
:100380001A4642F8044B6245FBD125F003040433BE
:100390000EF003022344002ACCD0C9B21A4403F859
:1003A000011B9342FBD130BD7246F4E70346C6E71A
:1003B0009646E0E711F0FF01034600F0030239D052
:1003C0008ABB026810B501EB012E0EEB0E4E8EEAD1
:1003D0000204A2F1013323EA0203A4F1013222EA6A
:1003E0000402134313F0803F0FD150F8044F84EA06
:1003F0000E0CA4F10133ACF1013223EA040322EA2A
:100400000C02134313F0803FEFD0037823B936E09A
:1004100010F8013F002B32D09942F9D110BD8A4229
:1004200028D09A0729D01A7818460133002AF6D125
:1004300010467047CAB90268A2F1013323EA0203E9
:1004400013F0803F08D150F8042FA2F1013323EAC2
:10045000020313F0803FF6D003785BB110F8013F40
:10046000002BFBD17047990705D0184613F8012BD4
:10047000002AF8D170471846DDE71846A1E718466C
:1004800010BD00BF024B58221A604FF0FF3070477A
:1004900068200020024B58221A604FF0FF3070474E
:1004A00068200020FEE700BF2DE9F047089D0F46B9
:1004B00004468C46002B48D18A42164661D9B2FACE
:1004C00082F34BB1C3F1200201FA03FC20FA02F2DD
:1004D0009E4042EA0C0C9C404FEA164EB7B2BCFB61
:1004E000FEF1220C0EFB11CC42EA0C4201FB07F09C
:1004F000904209D9B21801F1FF3C80F0EE809042A1
:1005000040F2EB8002393244121AA4B2B2FBFEF080
:100510000EFB102244EA024400FB07F7A74209D968
:10052000341900F1FF3280F0DA80A74240F2D78020
:100530003444023840EA0140E41B00211DB1DC4094
:100540000023C5E90043BDE8F0878B4206D90DB111
:10055000C5E9000100210846BDE8F087B3FA83F140
:10056000002948D1BB4202D3824200F20781841A9B
:1005700067EB030201209446002DE4D0C5E9004C4E
:10058000E1E7002A00F09280B2FA82F3002B40F0FB
:10059000A8808A1A4FEA164E1FFA86FC0121200C09
:1005A000B2FBFEF70EFB172240EA02420CFB07F0FB
:1005B000904207D9B21807F1FF3802D2904200F2F8
:1005C000E2804746121AA4B2B2FBFEF00EFB1022E4
:1005D00044EA02440CFB00FCA44507D9341900F19D
:1005E000FF3202D2A44500F2CB801046A4EB0C04EB
:1005F00040EA0740A2E7C1F120068B4022FA06FC40
:100600004CEA030C07FA01F420FA06F3F7404FEA2C
:100610001C49234300FA01F81FFA8CFEB7FBF9F0DE
:100620001C0C09FB107744EA074400FB0EF7A742B5
:1006300002FA01F20AD91CEB040400F1FF3A80F03F
:100640009B80A74240F2988002386444E41B9FB22A
:10065000B4FBF9F309FB134447EA044403FB0EFE21
:10066000A64509D91CEB040403F1FF3780F0828012
:10067000A6457FD9023B644443EA0040A4EB0E0444
:10068000A0FB02E7BC427346B94663D360D05DB1BC
:10069000B8EB030264EB090404FA06F622FA01F34C
:1006A0001E43CC40C5E9006400214CE762084808BD
:1006B00042EAC1710B0C43EA00438AB242EA0342A8
:1006C000B3FBF6F1E407B4463746B6461F23B0FB4A
:1006D000F6F0D21B41EA004161E7614614E710469B
:1006E00028E7C3F1200120FA01F29E4027FA01F128
:1006F0009F403A434FEA164E1FFA86FCB1FBFEF7C5
:100700000EFB1710110C41EA004107FB0CF888455D
:1007100004FA03F43AD9711807F1FF3001D2884581
:100720001FD8A1EB0801B1FBFEF808FB0CF70EFB8C
:10073000181192B242EA0142BA422FD2B21808F11D
:10074000FF31C6D2BA42C4D2A8F102013244C0E796
:10075000F0459CD2BEEB020367EB0C070138B946AB
:1007600095E7A6EB08084144B81EB1FBFEF808FB6C
:100770000CF7DCE73B467FE7504667E70846FBE6B9
:100780003444023832E7023F32441BE7A1EB080150
:100790003846B1FBFEF808FB0CF7C8E7414698E77E
:1007A00003685A004CBF43F0004323F00043184451
:1007B000704700BF2DE9F04759B301F1FF380546F6
:1007C000164647464FF0000A0AEB070101EBD171CC
:1007D000491005EBC1094846FFF7E2FF88454FEA9B
:1007E000C104034610D004F10800B342284407D8DE
:1007F000FFF7D6FF0138B04208D201F1010AE3E762
:100800008A4506D04F1EDFE7B042F9D84846BDE81A
:10081000F0874FF000094846BDE8F087012806D070
:10082000022802D028B90448704704487047044899
:1008300070470020704700BF0D0F01081D0F010811
:10084000150F010830B5224B83B004468D1E43B30B
:1008500001A92846AFF30080F0B101992A46FFF7BD
:10086000A9FF0146C0B1FFF79BFF4B68A064012BB5
:100870002BD0002B01F1040025DBFFF791FF0023B3
:1008800023650368E064002B12DBFFF789FF034652
:100890000020236103B030BD00230920236103B091
:1008A00030BD0C4B0C49C91AC91018460191D5E747
:1008B000C3F30360FFF7B2FF031E0CBF0920002043
:1008C000236103B030BD0123DAE700230520E0E710
:1008D0000000000044250108AC2601080368DA077F
:1008E00010B5044606D49B0700F1500009D5FCF76B
:1008F0007FF82368590709D51A070ED5DB0613D5EB
:1009000010BDFCF76DF823685907F5D404F1D80041
:10091000FCF776F823681A07F0D404F5AC70FCF7FE
:1009200077F82368DB06EBD404F5EC70BDE81040E3
:10093000FCF7B2B80346006800B11844704700BF26
:10094000704700BF70B504460E46316C2046FFF775
:1009500079FF054688B9326C6261236932462146C7
:10096000012098470828F0D0072806D12846316C86
:10097000FFF7E6FF301DFCF727F800F0E5FD00BFAC
:100980002DE9F04F0D1DD0F80C90D0F818A00746B7
:1009900014460FCDADF5777D0DF10C0CACE80F00D2
:1009A0000FCDACE80F000FCDACE80F0095E80F00BD
:1009B00002AE4FF0000E8CE80F000DF5F878C6F887
:1009C00000E021E0336C7B614FF4F4723146404625
:1009D000FBF7CAFE3B694246394658469847D8F865
:1009E0003830B3642146CDE9006A05463B46012014
:1009F0003A46C847044618BB4FF4F47241463046A5
:100A0000FBF7B2FE082D19D1316C3846FFF71AFFFB
:100A1000093405465FFA84FB0028D3D0B36BB36476
:100A20003A46CDE9006A3B464BF010010120C84729
:100A300030B928460DF5777DBDE8F08F072D05D03C
:100A4000092528460DF5777DBDE8F08F2046316CED
:100A5000FFF776FF03A8FBF7B7FF00BFF0B5CB6B3E
:100A6000FBB001F1040C0B640F460546BCE80F0017
:100A700001AC0FC4BCE80F000FC4BCE80F000FC4EA
:100A80009CE80F004FF0FF3E84E80F006E46CDF863
:100A900000E006E02B6932462946984708280446BC
:100AA00008D1316C2846FFF7CDFE0028F2D009208E
:100AB0007BB0F0BD3046FFF711FF062CF7D1394669
:100AC0002846FFF73FFF00BFC160D96B8261196400
:100AD00000221946FFF754BF70B5C66843690B641E
:100AE000AEB903690A4604460D46014602209847FE
:100AF000072805D008280FD129462046FFF722FFF6
:100B00003046296CFFF71CFF281DFBF75DFF012213
:100B1000FFF736FF00F018FD00F016FDC26808B5BB
:100B200032B1CA6B0A64BDE808400022FFF728BF53
:100B3000FFF794FF092008BD052915D8DFE801F06B
:100B40000A031403030501207047009A436C1360E5
:100B50000020704743B90F2A06D800EB820200201C
:100B60005368009A136070470220704700B585B043
:100B70000A46002303A900911946FFF7DDFF0398F9
:100B800005B05DF804FB00BF052915D8DFE801F0CA
:100B90000A031403030501207047009B1B6843648C
:100BA0000020704743B90F2A06D8009B00EB820251
:100BB0001B685360002070470220704710B584B056
:100BC000002303AC039200940A461946FFF7DCFFAA
:100BD00004B010BD2DE9F041D36BADF5107D02F1ED
:100BE000040C136407460E46BCE80F000DF15C0EC2
:100BF000AEE80F00BCE80F00AEE80F00BCE80F0045
:100C0000AEE80F009CE80F0016AC4FF0FF388EE8FE
:100C10000F006D46C4F8008010E0FFF7CFFF3146AB
:100C20002046B847034622460820294683B92B6947
:100C30009847052880460DD0092809D0216C284600
:100C4000FFF700FE03460C212A462046002BE4D085
:100C50004FF009082046FFF741FE40460DF5107D94
:100C6000BDE8F0812DE9F04F1646CA6C89B00D46FB
:100C700052F8041B069200F0030CE3B10C0C8DF843
:100C80001D400904E4B2059102EB840202218DF8B3
:100C90001C10296DBCF1020F08BFAA6B11F00108EE
:100CA0000FD005A9304600F0CFFA002839D108202E
:100CB00009B0BDE8F08F090205918DF81D300321C0
:100CC000E5E71768002FECD000F008010191E3463A
:100CD000CDF808809A46BAF1020F26D017885488BA
:100CE00002F10409AA6C24F001030F21304603EB42
:100CF0000208FFF73BFF804515D827F0010202EB01
:100D00000803834294BF00230123640004F002041B
:100D100007F001072743012F0BD0022F50D0002FDF
:100D200045D00920C4E70023EFE7546802F1080921
:100D3000D8E7BBF1000F73D1CBB1D9F80430D9F8A3
:100D40000020991C4FEAD272EBD005F15804013310
:100D5000049400F0CC8009F10400FFF7EBFD04AB34
:100D600001462846AFF30080002840F0978009F143
:100D700008021768002FAED105A93046DDF80880BB
:100D800000F062FA0028CCD1B8F1000F8FD00F210B
:100D90003046FFF7EBFE0E2102463046FFF70EFF0E
:100DA000594A0F213046FFF709FF072080E7BBF1C2
:100DB000000F02D0002B40F0878009F10402D8E731
:100DC000D9F8004024F00048BBF1000F0FD12BB13F
:100DD000019B002B3CD0B8F1000F39D0002C01DA78
:100DE00009F1040908F1010209EB8202C1E70D21B2
:100DF0003046FFF7BBFE2F6A8742EFD1AB6A9945B9
:100E0000ECD100240423C5E90B434B44C5F82880EA
:100E10006B63D9F80030A34270DB01230293E1E752
:100E20000D213046FFF7A2FE2C6A84429FD1AB6AA7
:100E300099459CD14846FFF7B3FC0F210246304646
:100E4000FFF7BCFE2A4600213046FFF7B7FEACE7AD
:100E500005F15803CDF80CB009F10407B34600249E
:100E60001E460BE038460496FFF764FD002201465B
:100E700004AB2846AFF300800437F8B9444504F1C9
:100E80000104EFD10D215846FFF770FE049BC5F811
:100E900028900246C5E90823062009E704460D21EB
:100EA0003046FFF763FE049E2862022C04BFEE6208
:100EB00005F12C06C5E909690620F9E65E46D9F870
:100EC0000040DDF80CB089E74846FFF769FC09F1FE
:100ED00004030446AB632846AFF3008000283FF4C8
:100EE00020AF22460F213046FFF768FE5DE730460F
:100EF0000D21FFF73BFE26462862DBE708F10102E1
:100F000009EB820097E700BF000000000023FFF715
:100F1000A9BE00BF0123FFF7A5BE00BF0223FFF754
:100F2000A1BE00BF2DE9F0410646C4B01446052914
:100F300008D8DFE801F016300773980B3A19102A29
:100F400040F2B780022044B0BDE8F081836B002CF2
:100F5000F8D153F8042B42648363002044B0BDE809
:100F6000F081002BEED1856B1FFA84FC012006F185
:100F7000040E00FA03F111EA0C0F2A4604D052F8CD
:100F8000041B4EF8231015460133102BF1D1A00499
:100F9000E3D4B563E1E7012B4FEA1447A4B2CDD007
:100FA000052BCFD107EB0408B8F1200FCAD80F2FBB
:100FB00040F2BD80002CD0D002685107A04600F15D
:100FC0001B81019302AC2046FBF71EFDD6F838C00A
:100FD000019B102F4FF0FF3239464FF0020E38BF01
:100FE000102118FB0E2E04EBC101843972466046B5
:100FF00050F8045B41F8045F013A551CF8D10CF13C
:10100000040C012B0CEB8E0200F0D5800F2FB26385
:1010100040F2FA802046FBF7F3FC9EE7032B91D1C8
:10102000A7B207EB1443102B4FEA14448AD8036885
:10103000190700F1A38022AD2846FBF70BFD7A00CB
:10104000B06B05EBC404531E42B1011B625844F857
:10105000042B013B5A1CF9D100EBC700B0632846B2
:10106000FBF7D6FC79E7002B7FF46CAF102C3FF632
:1010700069AF0368D80679D422AD2846FBF716FD80
:10108000B76B294600234FF0010C0CFA03F2224201
:10109000384603F1010303D050F8042B0A600746D9
:1010A000042B01F10401F0D1B7632846FBF7F4FCEF
:1010B00053E7102F3FF446AF0268D10708D53046FA
:1010C00022F0030240F8502B0193FBF78DFC019BAB
:1010D000019322AD2846FBF787FCD6F838C0002CD8
:1010E0006BD0019B4FF0000802214FF0FF3214FB40
:1010F000012E05EBC70104397246604650F8044BD7
:1011000041F8044F013A541CF8D10CF1040C0CEBDB
:101110008E0CB8F1000F39D1012B4ED00F2FC6F82D
:1011200038C03FF61AAF2846FBF762FC15E70268A5
:10113000B8F1100F02F001012AD851B1304622F067
:10114000010242F0020240F8502B0193FBF754FCDD
:10115000019B019322AD2846FBF74EFC019B002C1E
:10116000E1D0D6F838C04FF00008BDE723F01003F7
:10117000336006F5EC70FBF799FC7DE723F008037C
:10118000036000F5AC70FBF765FC54E702AC20E7A8
:10119000D1B9550726D422AD28460193FBF72CFC84
:1011A00002A8FBF731FCA8F11008D6F838C0019B63
:1011B000C7F1100498E7944622AD0CF10403B36321
:1011C0002846FBF70DFCC8E622F0010242F00202BD
:1011D00040F8502B0193FBF70FFC3268019B12F093
:1011E000040FD8D0304622F0040240F8D82B0193E7
:1011F000FBF70AFC019BCEE722F0040240F8D82B53
:101200000193FBF701FCDDE622A8FBF7F1FB01E708
:10121000027A03467AB9427AA2B14168013A10B41F
:101220004272086803220C1D1A7202025C60000EF2
:1012300010BC1A6070470068013A1A7202021A6004
:10124000000E7047B02070472DE9F043064685B088
:101250000D4600272846FFF7DBFFB028044600F0C4
:10126000218103065ED500F0F003A02B1DD033D8FA
:10127000802B00F08780902B2AD100F00D030D2BDE
:1012800026D00DF10808002300F00F021946CDF812
:1012900000803046FFF750FC0023CDF800800D227F
:1012A00019463046FFF770FCD4E7C34303F0070349
:1012B0004FF47F621A41010702F47F6201D542F4C4
:1012C0008042002319463046FFF72CFE0028C1D08B
:1012D000092005B0BDE8F083B02B68D0C02B3FD10A
:1012E000C62800F0CC80C72800F0DF8000F0F803AB
:1012F000C02B00F0EC80C82800F0F780C928E7D1A7
:101300002846FFF785FF020300F00F0002F4702269
:1013100001300243012105233046FFF703FE002878
:1013200098D0D5E78300DBB203F104080DF108097A
:1013300000231946CDF800900D223046FFF7FCFB44
:10134000029ACDF8009060064CBFA2EB080242441E
:101350000023029219460D223046FFF715FC79E76B
:1013600000F0F803D02BB3D100F0070201320523BF
:1013700042F4002201213046FFF7D4FD00283FF45B
:1013800069AFA5E72846FFF743FF24022043B0F5E5
:10139000004F9DD004010023A2B219463046FFF74A
:1013A000C1FD002894D1C4F3C030074352E7A0F137
:1013B000B103042B00F2B580DFE803F05729160CC7
:1013C000030003AA0023009219460D223046FFF7BE
:1013D000B3FB3FE700231A4605213046FFF7A2FD85
:1013E00000283FF437AF73E72846FFF711FF0203E9
:1013F00000F00F00013002F470220123024319466D
:101400003046FFF78FFD00283FF424AF60E700234C
:101410000DF108090D221946CDF800903046FFF76E
:101420008BFB2846FFF7F4FE0206029C4FF00208F1
:101430000CD500F07F0000FA08F00444284602941E
:10144000FFF7E6FE030608F10708F2D400FA08F0F9
:1014500004F50174204400230290CDF800900D2281
:1014600019463046FFF790FBF4E62846FFF7D0FE1A
:10147000431EDBB20E2B02467FF623AF28E7284639
:10148000FFF7C6FE020300F00F00013002F47022E5
:101490000323024319463046FFF744FD00283FF47A
:1014A000D9AE15E76FB3002013E72846FFF7B0FE6B
:1014B000431EDBB20E2B02463FF60AAF0023042187
:1014C0003046FFF72FFD00283FF4C4AE00E700F0E0
:1014D0000F020132032342F4202219463046FFF75F
:1014E00021FD00283FF4B6AEF2E62846FFF790FE55
:1014F00000F0F00200F00F031032013343EA023231
:1015000008E702AC3B46394600940E223046FFF70E
:1015100013FB0F2200943B4639463046FFF734FB5D
:10152000C1E700F0FC03B42B3FF4D2AE00F0070299
:101530000132012342F4002219463046FFF7F2FC43
:1015400000283FF487AEC3E608B5062000F004F893
:101550000120FEF7A7FF00BF38B5144B1F281D68F8
:101560001ED8D5F83821044662B152F820304BB16C
:10157000012B05D0591C0FD0002142F820109847AC
:10158000002038BD284600F029F8224601462846AA
:10159000BDE8384000F00CB816232B60012038BDA0
:1015A00016232B604FF0FF3038BD00BF1C03002016
:1015B00070B50C46084D03460026204611461C46D1
:1015C0002E60FEF767FF431C00D070BD2B68002B18
:1015D000FBD0236070BD00BF68200020FEF752BF23
:1015E00041455254313233343536373861626364A1
:1015F0006566676800524F4C4C3B50495443483B2A
:101600005941573B414C543B506F733B506F7352A1
:101610003B4E6176523B4C4556454C3B4D41473B1A
:1016200056454C3B00000000000000007A1F0108F6
:1016300000000000010000007F1F01080100000001
:1016400002000000861F01080200000003000000E5
:101650008F1F01080300000004000000951F01080F
:1016600005000000050000009A1F010806000000A8
:1016700006000000A41F010807000000070000008A
:10168000AD1F01080800000008000000B61F010897
:101690000900000009000000BF1F01080A00000047
:1016A0000A000000C91F01080B0000000B00000029
:1016B000D31F01080C0000000C000000DD1F010812
:1016C0000D0000000D000000E51F01080E000000E5
:1016D0000E000000ED1F01080F0000000F000000C9
:1016E000F51F01081000000010000000FE1F010897
:1016F0001100000011000000052001081200000088
:10170000120000000F200108130000001300000069
:101710001720010814000000140000002220010816
:101720001500000015000000292001081600000027
:10173000160000003020010817000000170000000C
:10174000382001081800000018000000402001089F
:101750001900000019000000482001081A000000CC
:101760001A000000522001081B0000001B000000AE
:1017700000000000FF000000010001020001030062
:101780000104000105000106000107000108000135
:101790000900010A00010B00010C01030D00010EFC
:1017A00000010F00011000011100011200011300DF
:1017B0000114000100080048004001020008004830
:1017C00000200102000800480080010200000048DB
:1017D0001000010200000048200001020000004843
:1017E00040000102C59500669C000000000000005A
:1017F00080250000004B00000096000000E1000082
:1018000000C201000084030090D0030000000040EB
:10181000000400480004081C01020A010000004006
:101820000004004800080C1C01020B0100000040ED
:10183000000000480200041C0102010100000040F9
:10184000000000480100001C01020001002C0140C2
:10185000000000480001001B000A0806DC1801080F
:10186000C8180108C6180108C41801080000803F04
:10187000000080BF0000803F000080BF0000803F6C
:10188000000080BF000080BF0000803F0000803F5C
:101890000000803F0000803F0000803F0000803F4C
:1018A0000000803F000080BF000080BF00040048AF
:1018B0000000004800000048000400480004004800
:1018C00000040048FFFFFFFF0003010302030303BE
:1018D00004010503060307030804FFFF00030103D7
:1018E00002030303040205030603070308040903B4
:1018F000FFFF000000A24A040001000001000000F8
:10190000071E01085C20010802010000F41D010807
:101910006C20010803020000F11D01087C20010871
:1019200004030000EC1D01088420010805040000E8
:10193000E71D01088720010806050000DE1D0108DB
:101940008E20010807060000DB1D01089D2001080C
:1019500008070000D81D0108AA2001080908000096
:101960008C190020000000000A090000D51D0108A4
:10197000B22001080C0A0000D01D0108B92001089E
:101980000D0B0000CB1D0108C92001080E0C000042
:10199000BC1D0108DE2001080F0D00008C1900207D
:1019A000000000000B0E0000B81D0108E92001082E
:1019B000100F0000B31D0108F7200108000000000F
:1019C00001020304010203040607080901000200E2
:1019D0000400060008000A000C001000200040006F
:1019E000800000010000000000000000000000482E
:1019F0000001000000000200000400480400000094
:101A00000000040000040048400000000000040042
:101A100000040048800000000000040000040048AA
:101A200000800000000004000004004800400000A6
:101A30000000040000040048002000000000040032
:101A400000040048001000000000040000000048EE
:101A5000100000000000020000000048002000000C
:101A600000000200000000480040000000000200EA
:101A700000040048100000000000040000040048BA
:101A800020000000000004000000004820000000CA
:101A900000000200000400480800000000000400EC
:101AA0000000004800800000000002000000004824
:101AB00008000000000002000000004804000000D0
:101AC00000000200516300084D63000855630008E0
:101AD0000A000000050000000000000005000000F2
:101AE00000040801E165000841650008756500080B
:101AF000B1650008F18D00089B650008F58D0008B0
:101B0000000000000000004F000000070007001464
:101B10007F147F14242A7F2A122313086462364913
:101B20005522500005030000001C22410000412204
:101B30001C0014083E081408083E08080050300035
:101B4000000808080808006060000020100804026F
:101B50003E5149453E00427F400042615149462185
:101B600041454B311814127F1027454545393C4AF1
:101B70004949300171090503364949493606494941
:101B8000291E003636000000563600000814224197
:101B900000141414141400412214080201510906FF
:101BA000324979413E7E1111117E7F494949363EC5
:101BB000414141227F4141221C7F494949417F09DE
:101BC0000909013E4149497A7F0808087F00417FA1
:101BD00041002040413F017F081422417F404040A6
:101BE000407F020C027F7F0408107F3E4141413E4E
:101BF0007F090909063E4151215E7F0919294646A0
:101C00004949493101017F01013F4040403F1F20C8
:101C100040201F3F4038403F63140814630708709A
:101C200008076151494543007F4141000204081003
:101C3000200041417F000402010204404040404036
:101C4000010204000020545454787F48444438383A
:101C500044444420384444487F3854545418087E3F
:101C6000090102064949493F7F0804047800447D80
:101C700040002040443D007F1028440000417F4048
:101C8000007C0418047C7C080404783844444438FC
:101C90007C14141408081414187C7C0804040848E4
:101CA00054545420043F4440203C4040207C1C209D
:101CB00040201C3C4030403C44281028440C5050EC
:101CC000503C4464544C44000836410000007F00FE
:101CD00000004136080002010204023E555541222F
:101CE000000000000000007900001824742E244831
:101CF0007E4942405D2222225D15167C16150000A9
:101D00007700000A555555280001000100000A0D12
:101D10000A0408142A1422040404041C00080808F5
:101D2000000101010101000205020044445F444436
:101D300000000402017E2020103E060F7F007F007D
:101D4000181800000040502000000A0D0A0022145C
:101D50002A14081708342A7D1708046A59304845A0
:101D6000402042004200427E420042007E7E00420D
:101D7000007E7E7E42007E7E7E7E007E7E7E7E7E39
:101D80005A0000005A5A4040405A7A6060607A7A9D
:101D90007070707A7A7878787A7A7C7C7C7A7A7EBD
:101DA0007E7E7A00000000000000000102030406AD
:101DB00007080900F50A05FF00640AFF0405040589
:101DC00008050F05080504050405FF140F2305FF8A
:101DD00005050505FF0A0AFF1932FF3202FF050556
:101DE0000F0505050F1EFF1E050505FF0F050F0555
:101DF000FF3232FF0A0A0A0A0A28280A280A282873
:101E00000A0A0A0A0A46FF140A140A140AFF444579
:101E100056207C00202020207C00525820207C006E
:101E20007C2041524D007C20202020002041434353
:101E30002043414C2000204D41472043414C20008D
:101E4000204C4F57204241542000205258204C4FE4
:101E500053532000202043524153482020004E4F2E
:101E600054205245414459002020524541445920B4
:101E70002000494E20464C4947485400202020204D
:101E80002020202020007C2025642E256400253081
:101E9000326C75203A002530326C750050203A20A3
:101EA00025642020200052203A2025642020200094
:101EB00059203A2025642020200070203A202564F3
:101EC0002020200054203A202564202020004C446B
:101ED000525F76616C7565000A004C616E646564E2
:101EE000004145545231323334004D41474953206B
:101EF0005632005052494D55532058322076310009
:101F0000323032352D31302D31330031303A3032EC
:101F10003A343900302E302E30000C010200050416
:101F200003005052494D55535F58325F7631004D92
:101F300041474953563200257320666F722025733E
:101F40000042792044524F4E412041564941544964
:101F50004F4E00302E32342E3000322E322E3000D2
:101F600046573A2573207C204150493A2573004258
:101F700075696C64203A2025730041524D3B004145
:101F80004E474C453B00484F52495A4F4E3B00424A
:101F900041524F3B004D41473B004845414446526A
:101FA00045453B004845414441444A3B0043414D7F
:101FB000535441423B0043414D545249473B004733
:101FC000505320484F4D453B0047505320484F4CFD
:101FD000443B0050415353544852553B0042454501
:101FE0005045523B004C45444D41583B004C454404
:101FF0004C4F573B004C4C49474854533B004341DE
:102000004C49423B00474F5645524E4F523B004FC2
:1020100053442053573B0054454C454D4554525969
:102020003B004754554E453B00534F4E41523B00F9
:10203000534552564F313B00534552564F323B00A9
:10204000534552564F333B00424C41434B424F584D
:102050003B004641494C534146453B004759524F8E
:102060005F43414C494252415445440052585F4CF1
:102070004F53545F4C414E44494E470052585F4CB9
:102080004F53540044495341524D494E4700415229
:102090004D494E475F4750535F46495800424154AF
:1020A0005F435249545F4C4F57004241545F4C4F7D
:1020B000570052585F534554004143435F43414CDE
:1020C0004942524154494F4E004143435F43414CC2
:1020D0004942524154494F4E5F4641494C00524596
:1020E0004144595F424545500044495341524D5F78
:1020F0005245504541540041524D454400000000B6
:10210000000000000000004B000000CB0000008039
:10211000DB0F4940DB0F49C0DB0F49BFE4CB164062
:10212000E4CB16C0000FC93F000F494000CB9640DA
:10213000000FC9400053FB4000CB164100ED2F417A
:10214000000F49410031624100537B41003A8A410E
:1021500000CB9641005CA34100EDAF41007EBC4145
:10216000000FC94100A0D5410031E24100C2EE415B
:102170000053FB4100F20342003A0A42008310423E
:1021800000CB164200141D42005C234200A52942E8
:1021900000ED2F4200363642007E3C4200C74242EC
:1021A000000F4942A2000000F90000008300000077
:1021B0006E0000004E00000044000000150000000A
:1021C00029000000FC00000027000000570000006C
:1021D000D1000000F500000034000000DD00000028
:1021E000C0000000DB00000062000000950000005D
:1021F000990000003C000000430000009000000037
:1022000041000000FE0000005100000063000000DB
:10221000AB000000DE000000BB000000C5000000B5
:1022200061000000B7000000240000006E00000004
:102230003A000000420000004D000000D200000003
:10224000E000000006000000490000002E00000031
:10225000EA00000009000000D10000009200000028
:102260001C000000FE0000001D000000EB0000004C
:102270001C000000B100000029000000A7000000C1
:102280003E000000E8000000820000003500000071
:10229000F50000002E000000BB000000440000001C
:1022A00084000000E90000009C00000070000000B5
:1022B00026000000B40000005F0000007E00000067
:1022C000410000003900000091000000D60000002D
:1022D00039000000830000005300000039000000B6
:1022E000F40000009C000000840000005F0000007B
:1022F0008B000000BD000000F90000002800000075
:102300003B0000001F000000F800000097000000E4
:10231000FF000000DE000000050000009800000043
:102320000F000000EF0000002F000000110000006F
:102330008B0000005A0000000A0000006D00000041
:102340001F0000006D000000360000007E0000004D
:10235000CF00000027000000CB00000009000000B3
:10236000B70000004F000000460000003F000000E2
:10237000660000009E0000005F000000EA00000010
:102380002D0000007500000027000000BA000000CA
:10239000C7000000EB000000E5000000F1000000B5
:1023A0007B0000003D000000070000003900000035
:1023B000F70000008A0000005200000092000000B8
:1023C000EA0000006B000000FB0000005F0000005E
:1023D000B10000001F0000008D0000005D00000043
:1023E000080000005600000003000000300000005C
:1023F00046000000FC0000007B0000006B000000B5
:10240000AB000000F0000000CF000000BC000000A6
:10241000200000009A000000F400000036000000D8
:102420001D000000A9000000E30000009100000072
:10243000610000005E000000E60000001B000000DC
:102440000800000065000000990000008500000001
:102450005F00000014000000A00000006800000001
:10246000400000008D000000FF000000D8000000C8
:10247000800000004D0000007300000027000000F5
:1024800031000000060000000600000015000000FA
:1024900056000000CA00000073000000A800000001
:1024A000C900000060000000E20000007B000000A6
:1024B000C00000008C0000006B0000006937AC31E8
:1024C00068212233B40F14336821A2333863ED3E00
:1024D000DA0F493F5E987B3FDA0FC93F0000C93FE2
:1024E0000000F0390000DA370000A2330000842E2B
:1024F0000000502B0000C2270000D0220000C41FA3
:102500000000C61B00004417040000000700000084
:0425100009000000BE
:10251400C9280181B0B0AF8100000000C930018139
:10252400B0B0AF8000000000C90A0181B0B0AF872D
:102534000000000008B10181B0B000840000000078
:102544007CDCFE7F0100000008E3FE7FB0AE098062
:10255400F8E8FE7F0100000010F1FE7FB4FFFF7F6A
:10256400F80DFF7F01000000040EFF7FB0AF0A806A
:10257400701DFF7F010000008023FF7FA0FFFF7F0D
:10258400CC3BFF7F01000000F83DFF7FB0A9028033
:10259400583EFF7F01000000EA40FF7FB0B0AC80EE
:1025A4006042FF7F01000000CC61FF7FB0B0A880D3
:1025B400E861FF7FA908B1801C62FF7FB0B0A880EA
:1025C4003862FF7F010000009468FF7FAB08B18090
:1025D400BC68FF7FA908B180226BFF7F0100000067
:1025E400DC8BFF7FAF08B1807C8CFF7F0100000093
:1025F4008C8DFF7FB0B0AA80AE8EFF7F01000000FB
:102604005C8FFF7FB0B0A880B48FFF7F0100000013
:1026140064A5FF7F14FFFF7F60C4FF7F01000000FB
:1026240020E2FF7FB0A90280B0E2FF7FB0B0A880B3
:1026340000E3FF7F0100000008E3FF7FB0B0AA8041
:102644003CE3FF7FAF76B28010E4FF7FAB3F3A807C
:1026540074E4FF7F010000007CE4FF7FB0B0AA8037
:10266400B8E4FF7FD0FEFF7FCCE4FF7F01000000D1
:1026740060E5FF7FAC0FB280E8E5FF7FB0AF088074
:1026840088E8FF7F0100000098E8FF7FAC3F0380EB
:102694007CEBFF7F01000000ACEBFF7FB0AD04805A
:0826A400A4EEFF7F010000001D
:0426AC007DEA0008BB
:1026B000F40100006400000001010100000000407E
:1026C0000201780014055300A08601000101FFFFFC
:1026D00001000001000000000001000000000000F7
:1026E00000000000C161000801010101FFFF0100BD
:1026F0000000803F0000000000000000000000001B
:102700000000803F0000000000000000000000000A
:102710000000803FCDCC4C3ECDCC4C3EAD7000088F
:1027200001FF0001800101FF0101000001FF010123
:102730004F0201FF0E01000301018401020A01039F
:10274000030104080105C801060301078D010808FB
:102750000109C6010A01010B02010C00010DD5019E
:102760000E18010F12011001011182011200011354
:10277000D501141801151301160301178601180A53
:10278000011909011A08011BC2011C03011D8F0157
:102790001E0A011F0601200101210201220001235E
:1027A000D5012418012522012601012782012800D4
:1027B0000129D5012A18012B0B012C28012D7801A4
:1027C0002E28012F9101300001310B01320001331D
:1027D0000B0134000135A10136000137A00138009A
:1027E000013904013A28013B30013C0C013D040150
:1027F0003E0F013F7901402801411E01422F014354
:102800008701440001450B01460001470B014800C8
:102810000149A7014A00014BA6014C00014D0401EA
:102820004E01014F00015000015180015209015336
:102830000801540101550001560F0157790158094B
:10284000015905015A00015B60015C05015DD10180
:102850005E0C015F3C0160000161D001620B01630D
:102860000301642801651001662A01673901680BBC
:10287000016902016A28016B10016C2A016D610176
:102880006E0C016F0001700F01717901720001730C
:102890000B01740001750B0176000177A10178002E
:1028A0000179A0017A00017B0401FF0401791D0177
:1028B0007B2701960E0197FE0198030199EF019A7B
:1028C00002019B4401730701700101FF0101000136
:1028D00001FF0000000001FF0101000001FF0001F5
:1028E00009000110000111000124010125FF0175FB
:1028F0000001FF01014E2C01480001302001FF00C2
:102900000130090154000131040132030140830107
:1029100046250160000127000150060151000152C7
:102920009601560801573001610001620001640000
:102930000165000166A001FF010122320147140177
:1029400049FF014A0001FF00017A0A017B0001787A
:102950002101FF010123340142000144FF0145260A
:10296000014605014040010E0601201A01434001C5
:10297000FF0001340301354401FF01013104014B23
:1029800009014C05014D0401FF00014400014520EF
:102990000147080148280167000170040171010125
:1029A00072FE01760001770001FF01010D0101FFB8
:1029B000000180010101F801FF01018E0101000108
:1029C00001FF000180000000000000002003002043
:1029D00000000000301F0020981F00200020002071
:1029E00000000000000000000000000000000000E7
:1029F00000000000000000000000000000000000D7
:102A000000000000000000000000000000000000C6
:102A100000000000000000000000000000000000B6
:102A200000000000000000000000000000000000A6
:102A30000000000000000000000000000000000096
:102A40000000000000000000000000000000000086
:102A50000000000000000000000000000000000076
:102A60000000000000000000010000000000000065
:102A70000E33CDAB34126DE6ECDE05000B0000002A
:102A80000000000000000000000000000000000046
:102A90000000000000000000000000000000000036
:102AA0000000000000000000000000000000000026
:102AB0000000000000000000000000000000000016
:102AC0000000000000000000000000000000000006
:102AD00000000000000000000000000000000000F6
:102AE00000000000000000000000000000000000E6
:102AF00000000000000000000000000000000000D6
:102B000000000000000000000000000000000000C5
:0400000508000000EF
:00000001FF
