:020000040800F2
:1000000000A0002055E90008BDE90008BDE900088E
:10001000BDE90008BDE90008BDE9000800000000D6
:10002000000000000000000000000000BDE9000822
:10003000BDE9000800000000BDE9000805810008D6
:10004000BDE90008BDE90008BDE90008BDE90008F8
:10005000BDE90008BDE90008BDE90008BDE90008E8
:10006000BDE90008FF800008BDE90008BDE90008FF
:10007000BDE90008BDE90008B5AF0008BDE900080A
:10008000BDE90008BDE90008BDE90008BDE90008B8
:10009000BDE90008BDE90008BDE90008BDE90008A8
:1000A00015B20008CDB1000825B20008BDB10008A6
:1000B000D1B10008E1B10008F1B10008BDE90008C4
:1000C000BDE90008BDE90008BDE90008BDE9000878
:1000D000BDE90008F5AF000801B00008BDE900085F
:1000E000F9800008BDE90008BDE90008BDE9000885
:1000F00011B20008BDE9000801B20008BDE900081E
:10010000000000000000000000000000BDE9000841
:10011000BDE90008BDE90008BDE90008BDE9000827
:10012000BDE90008BDE90008BDE90008BDE9000817
:10013000BDE90008BDE90008000000000000000063
:10014000BDE90008BDE90008BDE9000800000000A5
:10015000000000000000000000000000000000009F
:100160000000000000000000BDE90008BDE9000833
:10017000BDE90008000000000000000000000000D1
:0801800000000000BDE90008C9
:1001C00010B50F4B1A786A2A17D15A88B2F5AA6F60
:1001D00013D11A79BE2A10D193F84E25EF2A0CD1EB
:1001E000084C002213F8011BA342104682EA0102C8
:1001F000F8D1431A5842584110BD0020FCE700BF17
:1002000000F0030850F50308024A93680343936023
:10021000704700BF68040020024A936823EA000385
:100220009360704768040020044A0123B2F8501517
:1002300083400B43A2F85035704700BF680400208C
:10024000044A01238340B2F8500520EA0300A2F8D3
:10025000500570476804002010B50C4CB4F85205E6
:10026000B4F85435184380B260B9FFF7E9FFB4F829
:10027000500510F0010004D1D4F85805003818BF1B
:10028000012010BD0020FFF7CFFFF0E76804002039
:10029000704B71481A68596870B5D0F85C45A21A5D
:1002A0008A4215DB1A7A9AB190F86025B0F8506549
:1002B0000132D2B280F86025002101252E4208D1FA
:1002C00001316D000929ADB2F8D15A6822441A6093
:1002D00070BD89B20139072905D8DFE801F01BACF0
:1002E00090819D452E7064225A605D7A5B4A4FF47E
:1002F00080404FF4005190612DB111854FF40041C1
:100300001185002204E091614FF4004191610122C6
:100310005A72DAE75D7A64225A604FF480404F4A9D
:100320004FF4004125B1108591614FF40051E7E78A
:10033000906191614FF40051E8E790F861154748EA
:1003400021B364225A604FF4804282614FF400521C
:1003500082614FF400420285B7E74FF48042018585
:1003600002854FF40052F6E790F861153B4869B1F9
:1003700064225A60828A92B282F4005282824FF4DE
:10038000804282614FF4004282619EE702F00302E4
:100390007821022A59604FF40041DED0032A0AD0A6
:1003A000012A01854FF4804201D0826100E002857C
:1003B0004FF40052E8E781614FF48042F5E790F88E
:1003C0006125002A81D064225A60244A4FF480417A
:1003D00011854FF4004191614FF40051916174E730
:1003E0001E4964225A604FF480428A614FF40042F1
:1003F0008A618A8A92B282F400528A8265E7642214
:100400005A60164A4FF4804191614FF40041916166
:100410004FF40051118558E7104964225A604FF497
:1004200000528A618A8A92B282F480428A824FF4B0
:1004300000428A6149E7642112F0010F5960074ABE
:100440004FF480414FF4004001D11085C3E7906123
:10045000DDE700BF0000002068040020000800481D
:10046000FDEEC07A17EE903A2033402B43D8DFEDF3
:10047000237A9FED237AB4EEE70AF1EE10FA28DC36
:10048000DFED207A9FED1E7AB4EEE70AF1EE10FA66
:1004900022D4DFED1D7AB4EEE70AF1EE10FA1EDD8C
:1004A00030EE670A37EEC00A60EE007ADFED176AB9
:1004B0009FED177AA7EEA67ADFED166AE7EE876A58
:1004C0009FED157AA7EEA67A20EE276AA6EE070A18
:1004D000704730EE470ACEE730EE070AD4E79FEDCB
:1004E0000F7AB4EEC70AF1EE10FA44BF30EE270AD5
:1004F00037EE400AD8E79FED0A0A7047DB0F494004
:10050000DB0FC940DB0F49C0DB0FC93F9A7C2E3699
:10051000FAAF4FB93587083CA4AA2ABEDB0FC9BF82
:100520000000000003685A1C026019707047002325
:100530001B68FFDE30B5484BD3F86425B3F96E1560
:100540009578D278B3F98C05002A41D00A1A82EA4C
:10055000E274A4EBE274AC4223DD012012F5997F32
:1005600083F88E051ADD062092FBF0F2502AA8BF10
:100570005022B3F89005024412B2A3F8AA25A3F8BA
:10058000902593F8B025002A61D040F2DC529142C8
:100590005DDC4FF47A72A3F8AA2530BD6FF031020A
:1005A000E7E793F88E2532B1D3F89825C3F8942560
:1005B000002283F88E25D3F89C25D3F8A04510445B
:1005C00022889042D8DB62888242A8BF0246D3E7E5
:1005D00040F2DC529142214C23DDA1F2DC529542E3
:1005E00028DAA1F2DC52002ABCBF6FF4BB628A1881
:1005F0009210782AA8BF7822C3F8AC250122A272F3
:1006000083F88E25D3F89C25D3F8A0451044228882
:10061000904203DB62888242A8BF0246A3F8AA2563
:10062000AFE7521A954205DAB1F5896FD9DC6FF060
:100630006302E1E70022A27293F88E45C3F8AC256D
:10064000002CDFD0D3F89845C3F89445D8E70022B2
:1006500083F8B025A1E700BF680400200000002057
:10066000134BD3ED037A134BF5EE407AF1EE10FA0B
:100670004FF0000203F1040103F1080003D11A60F6
:100680000A6002607047F0EE086A86EEA77A80ED95
:10069000007A27EEA77A67EE877A86EE876AF7EE0A
:1006A000006A86EEA77A81ED006A83ED007A7047D2
:1006B000000000201C0A0020034BB3F8C0351D2B9E
:1006C00001D80420B0E5704768040020054B0022E3
:1006D000C3F8C425C3F8C82503F2CC5300221A601E
:1006E0005A60704768040020074B0022C3F8D425E5
:1006F000C3F8D825C3F8DC2503F5BC6300221A60D3
:100700005A609A60704700BF6804002010B5164C0C
:1007100094F8EC355A0706D523F00503042084F835
:10072000EC3507F0C7FE94F8ED25104B0AB1002216
:100730001A7401225A74782200215A82042040F24D
:1007400014529A8284F8EE1584F8EF1584F8F015A7
:10075000C4F8F415FFF774FD0520FFF771FD84F868
:10076000F81584F8B01510BD6804002000000020C2
:100770002DE9F047CC4C94F8F935B4F8FA2504EBA0
:100780004303B3F968359342C0F28181B4F8FC2584
:10079000934200F37C8194F8FE550DB994F8FF550F
:1007A00094F8023684F8005684F80156002B00F0C5
:1007B0000D81D4F80476D4F80836FB1AC72B40F222
:1007C000058194F80C86B8F1000F40F0F5804146A1
:1007D000404608F0D9FBB54BB548002D08BF184678
:1007E0000BF0E2FED4F8106694F8FE95022E40F06D
:1007F000A081B4F85035DA0740F14B81AD4BC4F815
:100800001436D4F81486B8F1000F06D00620002163
:1008100008F0BAFB40460BF0C7FE0021102001365D
:10082000C4F8106608F0B0FBB4F8C035A2480A213D
:10083000B3FBF1F201FB12339BB2A0490AF0C2FFF5
:100840009D480BF0B1FE0721002008F09DFBB9F197
:10085000000F40F0778194F8FF259948934B002AC8
:1008600008BF18460BF0A0FED4F82C66D4F85C350F
:1008700094F8302616F0010600F06681002A40F058
:100880006881C4F83426B4F85025D20504D5012275
:1008900084F83026C4F8383607210846D4F83436B0
:1008A0004FF47A724FF03C0AB3FBF2F808F06CFB9D
:1008B000B8FBFAF9834980484A460AF083FF7E482C
:1008C0000BF072FE07210C2008F05EFB7E497A488F
:1008D0000AFB19820AF076FF77480BF065FE1020BC
:1008E000072108F051FB7948794B002E08BF1846C4
:1008F0000BF05AFE002D5FD10221012008F044FBCD
:100900000A267449B4F93E266B4892FBF6F20AF0C7
:1009100059FF69480BF048FE0321012008F034FB21
:100920006D49B4F93C26644892FBF6F20AF04AFF9E
:1009300061480BF039FE0421012008F025FBB4F9D1
:10094000422666495C480AF03DFF5B480BF02CFEEE
:1009500002210B2008F018FBB4F96A2560495648BB
:100960000AF030FF54480BF01FFE03210B2008F063
:100970000BFBB4F9682558494F480AF023FF4E484D
:100980000BF012FE04210B2008F0FEFAB4F96C25DE
:10099000524949480AF016FF47480BF005FE052169
:1009A0000B2008F0F1FAB4F96E254E4942480AF0DE
:1009B00009FF41480BF0F8FD94F84436AB4201D0F2
:1009C0000BF0DBFD84F84456C4F80876002D00F0E7
:1009D0004D8107F09FFBD4F84836C31A002BC0F2B4
:1009E000CE80414DAB690344C4F848362B7FCBB170
:1009F0003E4B3F4800264FF40052C4F84C66C4F802
:100A000050662E729A614FF400429A614FF4804210
:100A10009A614FF47A71012208F09AF901232E7736
:100A200084F858364FF090434FF48072A4F8602653
:100A3000C4F85C361B8A4FF40032DB05C4F8642628
:100A400000F18D80D4F85C35D4F850269B1A002B29
:100A5000C0F2858094F8543633B1D4F85C25D4F8CC
:100A60004C361344C4F850366FF0950301252946DF
:100A70000220A4F8A635C4F86C3684F879560AF03A
:100A800021FA29460020BDE8F0470AF01BBA0025EC
:100A900086E6980701D5174BB1E6D90601D41A07A7
:100AA0002CD5154BABE600BF68040020E01C010804
:100AB000DA1C0108F81C0108800A0020521D0108F8
:100AC000E61C01085A1D0108621D0108EC1C010802
:100AD000F21C0108681D0108721D01087C1D010837
:100AE000861D0108901D0108000000200008004834
:100AF000B40A0020021D01080C1D0108980605D447
:100B0000B9F1000F04D194F8FF250AB9684B76E6D5
:100B1000590701D5674B72E65A0601D5664B6EE65A
:100B2000180601D5654B6AE6D9057FF56AAE644BB8
:100B300065E6052E01BF634BC4F81436C4F8108671
:100B400046465EE660488DE6002A3FF4A5AE84F88E
:100B50003066D4F838269B1AC4F834369CE6B4F9CB
:100B60006A35B3F5FA6FA8BF4FF4FA63B3F57A7F2D
:100B7000B8BF4FF47A73A3F2DC531BB276E7534A43
:100B80000023A2F1D401A2F110001578B5B1032B16
:100B900006D050F8235021F8135001330132F4E706
:100BA000D4F87436A4F86E3594F87C3613B100236B
:100BB000A4F87E36464E002301250CE00133042BB9
:100BC000ECD1F1E701200BF019FD002384F8813608
:100BD00084F88056012316F8012B002A42D0DBB29C
:100BE000013B042BEED8DFE803F0030D1B29330093
:100BF00001200BF0F5FC002384F8803684F8815640
:100C00000223E8E704200BF0F9FC40200BF0E8FC9D
:100C1000012384F88236002384F883360323DAE73D
:100C200040200BF0EBFC04200BF0DAFC012384F8ED
:100C30008336002384F882360423CCE708200BF0A7
:100C4000DDFC002384F8853684F884560523C2E74A
:100C500008200BF0C5FC002384F8855684F8843600
:100C6000BDE8F0870133062BB5D1F9E794F8583683
:100C7000002BF5D0174BC4F86856012284F878563B
:100C8000C4F86C5684F87956C4F8705684F87A56CD
:100C9000C4F8745684F87B5684F87C56C4F84C56D5
:100CA000C4F850561A721A7784F85856D8E700BF1D
:100CB000161D0108201D01082A1D0108341D010808
:100CC0003E1D0108481D0108E61C0108E00A00203D
:100CD000E80A002000000020224B93F8EC2512F0D7
:100CE000010F02F0040103D1D3F88806012833DC98
:100CF00093F88C0680B393F88D0668BB39B11A4A15
:100D00001346516843F8081BD2681A607047D3F83D
:100D10002C16480124D491071FD442F0040283F812
:100D2000EC2593F8EE2522B9012283F8EE25D3F8BD
:100D30005C250E4AB3F84216D183D3F85C25D3F86C
:100D40005C1593F88E214FF47A7012FB0012052087
:100D5000C3F8A02607F0AEBB11B9012007F0D0BB45
:100D6000704700BF68040020F80A0020000000203F
:100D700070B5104CD4F8A456284607F007FC287A22
:100D800004F5D56400226FF01806192112FB0263E6
:100D9000434303F6C41353430132072A93FBF1F391
:100DA00024F8023BF2D128460349BDE8704007F021
:100DB00009BC00BF68040020380500202DE9F84F69
:100DC0004FF4AA622DED028B0021C8489FEDC88A1E
:100DD0000FF006FAC54A02F5E4730021C2F8B836EE
:100DE00002F22A566A2303244FF40060154613705A
:100DF000547182F8BC16C2F8A466FFF705FA802089
:100E0000FFF702FA0220FFF7FFF94FF40060FFF747
:100E1000FBF94FF48070FFF7F7F9C823A5F8FA3013
:100E2000B44BDFF83CC3DFF83CE385F832414FF4C4
:100E30008037C5E93B73B04BC5F8F4304FF47A7393
:100E4000A5F8343142F22013C5E94AC34FF0A0633C
:100E5000C5F8C431A94B85F828154FF07E58C5E96F
:100E600051E340F64303A5F84C312A46A5F8E410B7
:100E700085F8E610C5F8FC10A5F80011C5F8E810D3
:100E800085F8F810C5F81081C5F81481C5F81881E7
:100E900085ED478A85ED488A85ED498AA5F83011A8
:100EA000A5F8B81185ED6F8A85ED708AA5F83E1119
:100EB0002B462C460329CCBF0122002201F101015F
:100EC00083F84E2114BF1E220522122983F84F21D8
:100ED00003F10203EED18A4BC4F84031834B002268
:100EE0004FF47A704FF4FA610132042AA3F87201C8
:100EF000A3F8741103F10403F6D1824A824B8349AB
:100F0000C4E96323824BC4F8D030A3F1FA73643B85
:100F1000C4F8D43003F5602303F5CB73C4F8D8309C
:100F20007C4B00274FF00109C4E9371384F8827124
:100F300084F894910AF014FD40F6AC53A381764BEB
:100F4000C4F8C83103F10343A3F51D23A3F29D7335
:100F5000C4F8CC317148724B724AC4F8F821C4E924
:100F60007403714BC4F8D8312D2384F8DD3141F678
:100F70001E63A4F8DE316D4BC4F8E031C4F8FC21E7
:100F800045F205336A4AA4F8E431C4F81422642314
:100F90004B2284F8E63184F8182240F201534FF4D2
:100FA000FA72A4F8E831A4F81A22624BC4F80432A9
:100FB00040F2DC52C4F80832A4F834255E4BC4F881
:100FC000F43144F25A125D4BA4F82A254FF07F51B8
:100FD0003222A773C4F81032C4F81C72C4F82C254E
:100FE000A4F8307584F83275C4F8EC11C4F8F01127
:100FF000C4F8008284ED838AA4F82272C4F82C32EB
:1010000042F62803A4F83032152384F834324C4BCE
:10101000C4F82472C4F838324A4F4B4B84F84492D7
:10102000DFF83891C4F83C3240F60822474BA4F868
:101030002822C4F84032BA4609F1080BB84617F81E
:10104000011B002943D14FF42053A4F8DE324FF4A2
:101050004873A4F8E2323E4BC4F88431C823A4F8A4
:101060008A3184F8DD1284F8E01284F8E41284F8FE
:1010700088110C23013B05F1100585ED008AF9D19B
:1010800034494FF4907288180BF0C4FA31494FF488
:10109000907201F510700BF0BDFAD4F82A35C4F83F
:1010A00036352D4A73685360B368D4F82A159360B7
:1010B000C4F842155361012384F84033716811610B
:1010C000022384F86034BDEC028BBDE8F88F23481E
:1010D0000FF0D4F80028B1D058453FBFA0EB09006D
:1010E0000019A8EB0A0880F83681A7E768040020F9
:1010F000000000002A005802FA0020006C07750367
:10110000001E0001000105960101C800B40532006F
:101110004C04D00750463200012828962828783CF5
:101120000A0A4600CDCCCC3E0002210A1E321E0027
:10113000000040408FC2F53C000020400000A0406D
:101140009A99193F9A1D0108F6287C3F1F856B3F2D
:101150000AC81405300600209E090020A8140108C2
:10116000190A0A2ADC054C042DE9F843FFF728F890
:1011700010B9032007F02FF9C14C07F0F3FA4FF430
:10118000AA62C04920460BF045FA94F82865022E61
:1011900088BF00264FF4907506FB05F504EB0502A9
:1011A00088BF84F8286592F82032022B84BF002380
:1011B00082F820320C2284F8BC3605F5E47702FB75
:1011C000034303F22A5308202744C4F8A436C4F882
:1011D000B876FFF721F84FF40050FFF71DF8012013
:1011E000FFF71AF84FF48040FFF716F8FFF70CF8F6
:1011F0004FF4907303FB0643002283F8452241F22B
:101200000302A3F84622A04AC3F8482202F1805202
:10121000A2F57E42C3F84C229C4A4FF4866CC3E987
:1012200094C2202283F85822052384F8F93540F22D
:10123000AA53A4F8FA3540F20E63A4F8FC35944B97
:10124000012283F82020A36846F209021A4203D142
:101250004FF40050FEF7D8FFA368D80703D54FF42A
:101260000050FEF7D9FFA368590409D50820FEF7FE
:10127000D3FF4FF40050FEF7CFFF0120FEF7CCFF65
:10128000A3681A0706D54FF40050FEF7C5FF0120EA
:10129000FEF7C2FFA3689B0402D54020FEF7BCFF07
:1012A000012384F8B93194F88C312BB194F8903142
:1012B00013B1002384F89031DFF8EC81C4F8C086C4
:1012C000002002464FF0FF0E04EBC003B3F89A1162
:1012D0004B0803F077334FEA910909F03339CB1A01
:1012E000A3EB09034FEAD10909F01139A3EB090374
:1012F00003EB231303F00F33B3FBFEF9C9EB09290A
:1013000001F0010CA3EB09036244012BD2B207DD0B
:10131000022B0BD1BCF1000F08D011F0BC0F05D08F
:1013200001300428D0D1013A012A01D90AF018FB72
:10133000FFF71EFD302200215648DFF870910EF0B5
:101340004FFF05F24520394620440AF037FB4FF4A1
:10135000907303FB0646C4F8F49696F8C80105F0AE
:10136000A1FA09F18E03C4F8F83694F88431DFED60
:101370004A6AC4F83C876421C82213FB0123B4F8ED
:10138000F210C4F800370023C4F80437C4F8083753
:10139000C4F80C37C4F81037C4F81437C4F8183739
:1013A000A4F81C37C4F82037C4F8243707EE901A85
:1013B00009F10603C4F82C37A9F11E03B4F8F410A0
:1013C000C4F83037F8EE677A09F19A03C4F8383771
:1013D00009F24A63C3ED017A07EE901AB6F82812B3
:1013E000A4F8401796F8441284F8421794F88F1125
:1013F00084F84C17B6F8E212C4F8503707EE101A0A
:10140000F8EE677AB8EEC77AC3ED027AC6EE877A4D
:1014100005F50C732344C4F8543705F2DD2509F2B1
:101420006263A9F126022544C4F83427C4F85C7726
:101430004FF07E519FED197A67EE877AC3ED007AFF
:1014400009F26A63C4F86455C4F8A025144A1A6006
:101450004FF07C5209F27E695A6000229A60D9608E
:101460001A61104BC9F80030C9F80410C9F80820F7
:10147000C9F80C10C9F81020BDE8F84307F08AB984
:101480006804002000F0030830010300100500107C
:10149000000000202C0B0020000061444C3D0F4454
:1014A0000AD7233CCDCCCC3D9E0500205E05002014
:1014B0002DE9F74F07F056F9434B6A221A704FF4A3
:1014C000AA625A80BE221A71EF22A3F84E2540F27A
:1014D000515100221846013955D13C4B80F84F2517
:1014E0001A69120604D53A4A5A6002F188325A60E3
:1014F000364C384E03254FF03409C4F80C900AF0EE
:101500001DFA0428DFF8C08038D1236943F00203B4
:101510002361314B6361236943F0400323610AF087
:101520000DFA2369042823F00203236126D14FF02A
:10153000000BDA4658F8047BCDF804A00AF0FEF957
:1015400004281BD1236943F0010323610BF10063DD
:1015500003F57C33BAB21A800AF0F0F9042816D1E8
:101560000BEB06030193019B3F0C1F800AF0E6F989
:101570002369042823F0010323610DD0013D15F0F8
:10158000FF05BAD10DE013F8014B6240A3E72369D0
:1015900023F001032361F1E70BF1040BBBF5AA6F04
:1015A000C8D10A4A1369042843F08003136102D1A9
:1015B000FEF706FE10B9042006F00DFF03B0BDE8EB
:1015C000F04F07F0E7B800BF680400200020024099
:1015D0002301674502F0030800F003082DE9F04FEE
:1015E000D54ED6F8A486B6F96EE5B8F80A202DEDEA
:1015F000048B9645A9B0C0F2B581BEF5FA6F98F894
:101600000740BDBFAEEB020313FB04F3C2F5FA6261
:10161000C4F16403BCBF93FBF2F3C3F16403019311
:10162000B6F844310393C54BD6F8B8B6069303F524
:101630000E7203F13C070592A3F5AD6503F23B2260
:1016400008F10403DA460492002064210793069B04
:1016500033F9022B029206931346039A9B1A03F264
:10166000F31240F2E634A24200F27E81002BB8BFB2
:101670005B42022800F07B819BF815211AB19A4247
:10168000B4BF9B1A0023B3FBF1FC05EB4C024FF6F1
:101690009C74B2F9A697B2F9A8271CFB043CA2EBF4
:1016A00009020CFB02F292FBF1F24A443A80079ADB
:1016B000125C12FB03F3A24A93FBF2F3019A643328
:1016C0009BB2534393FBF1F31AF8012F059C5A4345
:1016D00092FBF1F204F8012B9AF8162005945A4374
:1016E000049B92FBF1F203F8012B022804931EBF26
:1016F000944B019AC254DDE9023208BF85F8B6174F
:101700009342B8BF3B8800F10100BCBF5B423B8005
:10171000032807F102079AD1DFF83492D5F82C8616
:10172000B9F92230581C0DD018F0080F0AD0D5F89E
:101730009825323B934205DC40F2DC539E45C8BFFE
:10174000A5F86E3595F8EF351BB1B9F81430A5F84A
:101750006E35B5F96E35B5F846219342C0F2328147
:10176000B3F5FA6FA8BF4FF4FA639B1A4FF47A717E
:101770004B43C2F5FA626424B3FBF2F393FBF4F13A
:1017800005EB41026FF06307B2F9B807B2F9BA2767
:1017900007FB0133121A534393FBF4F30344A5F8F8
:1017A000AA35B5F8D037590639D5B5F84236B9F863
:1017B0001E20DFED657A9FED650A9B1A1BB205EED0
:1017C000903AF8EEE55A65EEA75A35EE800AFEF734
:1017D00047FEB0EE405AB0EE650AFEF741FEB5F99D
:1017E000A63506EE903AB5F9A43507EE103AF8EEB4
:1017F000E66AB8EEC77A67EE007A20EE660AE6EE91
:10180000857AA7EE050AFDEEE77ABDEEC00A10EE76
:10181000103AA5F8A43517EE903AA5F8A635D5F8F4
:10182000D4A71AF0020F00F0E280D5F8D827D5F837
:10183000DC3745F20721D31A8B4240F3D8800220CF
:10184000C5F8DC2709F0A4FBC2075EBFC0F3CF04D4
:101850001923B4FBF3F495F8E037D5F8E42705EB4A
:10186000430148BF4FF6FF74B1F8E807A1F8E84715
:10187000121A144401336422B3FBF2F102FB113358
:1018800085F8E03795F8B038C5F8E447632B9EBF7C
:101890000133DBB285F8B038B4FBF3F495F8B13816
:1018A000A7B2032BA5F8C07540F08E800A2F40F236
:1018B0009E8099F8241001EB810101EB8101002346
:1018C0004FEAC11B01EB01114FF416721FFA8BFB9B
:1018D000C90085F8B138282041F26803A5F8B2287C
:1018E000A5F8B438A5F8B818A5F8B6B806F064FDA0
:1018F0002A21B7FBF1F107EB8707013107EB8707D7
:1019000089B2BF000829BFB228BF0821A7EB0B0787
:101910004FF4167241F268037A43A3EB0B0389F884
:10192000241092FBF3F3A5F8BA38034AB2F8B8389A
:10193000A4B2633BA3420DE068040020D00900205C
:101940000CFEFFFF1C0C002035FA8E3CDB0FC93F5C
:10195000000000204BDD0123082082F8B13806F09A
:10196000A9FD44E064235AE64FF4FA7381E69BF83C
:1019700016211AB19A42B4BF9B1A0023B3FBF1FCA3
:1019800005EB4C024FF69C74B2F9A896B2F9AA2660
:101990001CFB043CA2EB09020CFB02F295F9EEC021
:1019A00092FBF1F2CCF1000C4A4412FB0CF2A5F8C8
:1019B000A82598F8062012FB03F3C14A93FBF2F323
:1019C000643381E61346D0E60A2F00F2A980032390
:1019D00085F8B138002389F82430A5F8B838A5F87F
:1019E000B638A5F8B438A5F8B238A5F8BA381AF45C
:1019F000006FB44C55D0D4F8D827D4F8BC3845F291
:101A00000721D31A8B424CDDD4F85C35C4F8BC28CE
:101A1000D4F8C028C4F8C0380120A3EB020B09F0A9
:101A2000B7FA00B2632840F3AC80642390FBF3F074
:101A300007EE900AF8EEE77AB2EE047AC7EE876A0C
:101A40009FEDA17AC6EE877AFCEEE77A17EE903A20
:101A5000B3F5803FAABF00221A461346C4F8C42833
:101A60009BB2DFF8749259E90272E3FB0B72924663
:101A70000023964A384651460AF0EEFEC317B0F5E9
:101A8000803F73F100032ABF002303461846C4F8C1
:101A9000D038B4F8BA3849E9027A1B1A9BB2C4F8B4
:101AA000D43818F4805F02D00A2006F003FDD4F881
:101AB000D898B9F1000F22D0D4F85C35D4F8DC28DE
:101AC0009A421CD894F8E238B4F8E078002B5AD146
:101AD000D9F80430012284F8E228DB5D3BB137B944
:101AE00099F80030053B934201D806F013FBD9F872
:101AF0000430DB5DFE2B4AD10023A4F8E03894F8D3
:101B0000EC154B074FF0080051D5FEF78DFB072071
:101B1000FEF796FB0620FEF793FB6D4F0023A7E030
:101B2000012B05D0022B1FD0002B3FF4FEAE5EE749
:101B300095F8EC3523F0020385F8EC35B5F8B638A6
:101B4000A4B2633BA34204DD022385F8B138072029
:101B500014E0B5F8B83864339C420EDD002385F8F4
:101B6000B138FEF7A9FD42E7B5F8B638A4B2643340
:101B70009C42ECDD012385F8B138082006F09AFC80
:101B8000EFE700236DE7002384F8E238AFE7FF2B8F
:101B900002D106F07DFCB2E7D4F85C250A2113FBE4
:101BA00001230137C4F8DC38A4F8E078A7E7FEF792
:101BB00047FB18F0010F10D194F8E3381F0702D546
:101BC00094F88C364BBB072021F0010184F8EC150A
:101BD000FEF736FB0620FEF727FBB4F8503594F8E5
:101BE000E478580724D56FB93A483A464FF49671CD
:101BF00007F0AEF8F0B1012384F8E438C4F8207798
:101C0000C4F8247794F8E3381B0713D50220FEF7B5
:101C100017FB002384F8E4380CE041F001010720B1
:101C200084F8EC15FEF700FB0620FEF709FBD4E76D
:101C3000002FE7D1B4F8C035222B11D9002303209F
:101C400084F88D36FEF7FCFAFEF706FB00283FF419
:101C500064AF94F8EC3523F0010384F8EC355CE7CD
:101C60000123032084F88D36FEF7DEFAECE7132318
:101C700097F84A800193B8F1010F40F0CC813B689E
:101C8000C4F8E878C4F8EC384FF005094FF0000BC1
:101C9000D4F8EC0803685B689847002800F07B8163
:101CA000D4F8EC080368DB689847D4F8E8A89AF8F9
:101CB0004830052B20D8DFE803F01118ADB2C1CBB6
:101CC0000CFEFFFF680400206F12033B80EE36001D
:101CD000540E0020880B0020380D0020242840F0EE
:101CE000CD8001238AF8483006E0A0F14D0148423A
:101CF000484140008AF848009AF84830062BC7D17E
:101D00009AF849307C2B00F2CC80002B00F015872C
:101D10005A1E7B2A00F20C87DFE812F0160123011D
:101D20008F019A01AF010A070A070A070A070A0783
:101D30000A070A070A070A070A070A070A070A071B
:101D40000A070A070A070A070A070A070A070A070B
:101D50000A070A070A070A070A070A070A075404B4
:101D60000A0798050A079D050A07BE050A07D00558
:101D70000A07D6050A070A070A070A070A072506F7
:101D80000A077B040A076C060A07AB050A071E034D
:101D90004D040A074F030A070A072C060A073E06E6
:101DA0000A070A07DA069106B1060A0759030A0765
:101DB000F4050A0702060A070A070A070A070A07BC
:101DC0000A070A070A070A070A070A070A070A078B
:101DD0000A070A070A070A070A070A070A070A077B
:101DE0000A070A07F201A6020A07DC02EF020A0745
:101DF0000A070603140323035E03A0030A0715055D
:101E00005A05A40440040A07EC040A070A070A0753
:101E1000F806FF063C2814BF0023032362E740288E
:101E200002D98AF848B067E78AF805008AF804B052
:101E30008AF807B08AF80600042353E79AF80630B8
:101E40008AF8490043408AF806308AF8489053E7F8
:101E50009AF804309AF805109AF80620994208D9A1
:101E600042408AF806205A1C53448AF8042018720B
:101E700042E790420CBF0623002333E794F8EC3589
:101E80005A073FF539AFD4F8F0381B7883427FF416
:101E900033AF8F4B8F4AC3F8FC2F8F4B8F4ADA60DA
:101EA0002AE7F02B00F0B1843CD8DD2B00F024862B
:101EB000DE2B00F02586A02B00F0B584C72B40F266
:101EC0003C86C83B2A2B00F23886DFE813F0B406C4
:101ED000360602073606DC07870891081A087F08CD
:101EE00036069B06AB06AF0636065F083606360694
:101EF0006D087A0836063606360636063606360683
:101F000036063606360636063606360636063606F1
:101F1000360636063606360636063606E106360636
:101F20003606AF06FE2B00F06384FF2B00F06881BD
:101F3000F22BC3D9FA2B40F0008694F8EC355B07FE
:101F400040F16B8600F0F9BD032006F008FC00208C
:101F500006F0A6FB002006F0A3FB182006F0A0FB6D
:101F60000FE0082006F0FBFBDFF880914FF000083F
:101F700019F8010B08F1010806F092FBB8F1080FFF
:101F8000F6D1D4F8E838987906F08AFBD4F8E83826
:101F9000002283F8482094F8B739002B3BD0D7F8BB
:101FA0000080D8F8003040465B699847002801F06F
:101FB0005581D4F8D4374A49D8044CBFD4F83037C7
:101FC000D4F8343794F8B8099B8800221BB25FFA22
:101FD00082FC8445C1F0478109F04CF8322006F0BC
:101FE000EBF9002394F8B8193E4A9C46D8B28842CF
:101FF000C1F03E81322006F0DFF9D4F8D43759031E
:1020000006D5A3685A0303D440F2DC5006F0D4F995
:10201000314B324ADA60019B132B07F14C077FF4F6
:1020200026AED4F88C3A002B01F043812E4829B01B
:10203000BDEC048BBDE8F04F1847032006F08FFB82
:10204000022006F02DFB022006F02AFB002085E787
:10205000102006F084FB0C2006F052FBDFF8909075
:102060004FF0000819F8010B08F1010806F018FB01
:10207000B8F10C0FF6D10020D4E01A2006F06FFB67
:10208000DFF870904FF0000819F8010B08F1010813
:1020900006F006FBB8F10B0FF6D1DFF85C904FF0BD
:1020A000000819F8010B08F1010806F0F9FAB8F177
:1020B000080FF6D1DFF844904FF0000819F8010B33
:1020C00008F1010806F0ECFAB8F1070FF6D158E76D
:1020D00000900020EFBEADDE00ED00E00400FA0548
:1020E000F00B0020240E0020FC0E0020A31D010890
:1020F000AC1D0108B91D0108C41D0108CD1D010852
:102100000B2006F02CFBB4F8500506F0F9FAD4F8D1
:10211000F428CB4B9A420CBFB4F8F808B4F8FA088C
:1021200080B206F0EDFAD6F8FC38C3F3C000C3F372
:102130008002800040EA4200C3F340021043C3F330
:10214000401240EAC200C3F3001340EA031000F05B
:102150001F0006F0D5FAB6F8D02796F8EC35D6F879
:102160002C1696F80089DFF8E0C2500000F002005B
:10217000C3F380030343C2F3400043EA800302F049
:1021800008000343C2F3800043EA0013C2F3801047
:1021900043EA401301F4E0701843C2F3001340EA2D
:1021A0004320C2F3401340EA8320C2F3002340EAF5
:1021B000C32001F47F23034301F480100343C2F3DF
:1021C000402043EA405301F00071C2F380220B43E8
:1021D000002043EA82634FF0010E0246424504D3D9
:1021E00006F097FA94F82805B8E61CF8011B0EFAD9
:1021F00001F119421CBF0EFA02F108430132EDE76A
:102200000023B4F85015A4F81C3901220A420CD15D
:1022100001335200092B92B2F8D1022006F09FFA46
:10222000B4F81C0906F06CFAABE69BB2013B072B35
:1022300005D8DFE803F0080A0C0F11131517012366
:10224000A4F81C39E9E70223FAE74023F8E74FF442
:102250008073F5E78023F3E72023F1E71023EFE70E
:102260000823EDE70423EBE7122006F078FA754B1C
:10227000B5F91E09DB8CB3F5806F88BF4FF00808F5
:1022800090FBF8F080B206F03BFAB5F9200990FB1C
:10229000F8F080B206F034FAB5F9220990FBF8F0B4
:1022A00080B206F02DFAB5F8240906F029FAB5F83F
:1022B000260906F025FAB5F8280906F021FAB5F83E
:1022C0002A0906F01DFAB5F82C0906F019FAB5F836
:1022D0002E09A7E7102006F042FADFF870914FF0C0
:1022E0000F0808F1FF3819F8010B5FFA88F806F0BB
:1022F000D7F9B8F1FF0FF4D143E694F83009DFF8CD
:102300005091400000F0FE0006F029FA4FF000085E
:1023100094F830399845BFF434AE39F8020B06F022
:10232000EFF908F10108F3E7062006F018FAB4F80F
:10233000320906F0E5F9B4F8340906F0E1F9B4F829
:1023400042066FE7062006F00AFAD4F8980506F070
:10235000E0F9B4F8380965E7042006F000FA002037
:1023600070E2072006F0FBF9B4F8C005FF28A8BF0B
:10237000FF20C0B206F094F9D4F8D4384FF6FF78B5
:102380004345A8BF434623EAE37080B206F0B8F99C
:10239000B4F83C0906F0B4F994F83331D4F8C40821
:1023A00043B10A2358434045A8BF404620EAE070A5
:1023B00080B237E700F30F00FAE7022006F0CFF90A
:1023C00094F88E0106F06CF994F88D01C6E50220B0
:1023D00006F0C5F9A08925E70B2006F0C0F9D5F86D
:1023E000A436187806F05CF9D5F8A436587806F0CB
:1023F00057F9D5F8A436187906F052F9D5F8A4366D
:10240000587906F04DF9D5F8A436987906F048F9D0
:10241000D5F8A436D87906F043F9D5F8A4369878DB
:1024200006F03EF9D5F8A436D87806F039F9D5F893
:10243000A436588906F064F9D5F8A436187A8DE5E3
:102440000054004000000020690D0020F00B002027
:10245000D00900200000C84200007A44212006F084
:102460007EF9D4F8B8361B78022B4FF000087DD1E6
:102470001FED089A5FED088AB2EE048AD6F8B836E6
:1024800003EB880393ED090A20EE080A0CF0C4FB65
:1024900080F30800C0B206F003F9D6F8B83603EBB3
:1024A000880393ED0C0A20EE090A0CF0B5FB80F3CB
:1024B0000800C0B206F0F4F8D6F8B83603EB88038B
:1024C00093ED0F0A20EE280A0CF0A6FB80F308001B
:1024D000C0B208F1010806F0E3F8B8F1030FCDD15E
:1024E000B8F1070FD4F8B8362AD193ED120A20EECE
:1024F000080A0CF091FB80F30800C0B206F0D0F897
:10250000D4F8B83693ED130A20EE080A0CF084FBD9
:1025100080F30800C0B206F0C3F8D4F8B83693F8D8
:10252000503000EE103AB8EE400A0CF075FBFF2870
:10253000A8BFFF20C0B206F0B3F84FF00808CFE7FD
:102540004344587806F0ACF8D4F8B8364344187BC6
:1025500006F0A6F8D4F8B836434408F10108D87D4F
:1025600006F09EF8B8F10B0FBAD10AE5D4F8B836E8
:102570004344587806F094F8D4F8B8364344187BAE
:1025800006F08EF8D4F8B836434408F10108D87D37
:1025900006F086F8B8F10B0FE8D1F2E42F2006F030
:1025A000DEF8DFF83C8418F8010B00283FF4E9ACB2
:1025B00006F076F8F7E7012006F0D1F8D4F8B8363F
:1025C0001878CBE4502006F0CAF8DFF818A44FF0D2
:1025D00000094FF00C0BD4F8B83603EB890809F169
:1025E000010998F87D300BFB03A393F8500006F027
:1025F00057F898F87E0006F053F898F87F0006F038
:102600004FF898F8800006F04BF8B9F1140FE2D1BA
:10261000B7E4482006F0A3F84FF000094FF0060A8F
:10262000D5F8B8360AFB093809F1010998F8D20043
:1026300006F036F898F8CD0006F032F898F8CE009B
:1026400006F02EF898F8CF0006F02AF898F8D00097
:1026500006F026F898F8D10006F022F8B9F10C0F30
:10266000DED18EE4022302934FF0000A4FF0010BFB
:10267000D949D94B94F80009CB1A83420CDB029B51
:10268000012B3FF47EAC5FFA8AF006F068F8012374
:1026900002934FF0000BEBE711F8010B00230C2223
:1026A00002FB03F8CD4A18F802C0844503D0013379
:1026B0001C2BF4D1DDE7C94B03919844D8F80400F2
:1026C0000AF05EF803990346BBF1000F10D0824474
:1026D000CFE7D8F8040010F80900CDE9031305F09E
:1026E000DFFFDDE9031309F101094B45F1DCC0E728
:1026F000D946FAE7DFF8ECA294F80009DFF8D8929F
:1027000006F02DF84FF000084FF00C0B0AF14802CC
:1027100094F800399845BFF434AC19F8010B002146
:102720000BFB01F313F802C0844505D001311C29CD
:10273000F6D108F10108EBE7534493F8500005F097
:10274000AFFFA64AF5E7162006F009F8B6F84401EF
:1027500005F0D6FFB6F8D00005F0D2FFB6F8D200EB
:1027600005F0CEFFB6F8D40005F0CAFFB6F8860132
:1027700005F0C6FF002005F093FF002005F090FF54
:10278000002005F08DFF96F8330105F089FF96F8DB
:10279000400105F085FF002005F082FFD6F8B8362D
:1027A000B3F95A000A2390FBF3F080B205F0A8FFBA
:1027B00096F8280105F074FF96F82C0105F070FFDB
:1027C00096F82B0105F06CFF96F82D01FFF7C6BBBC
:1027D000082005F0C4FF4FF001085FFA88F008F107
:1027E000010805F05DFFB8F1090FF6D1FFF7C9BB8D
:1027F000082005F0B4FF002005F082FF002005F05E
:102800007FFF002005F07CFF35E4042005F0A7FFE2
:10281000D4F8B836B3F85E0005F072FFD4F8B836D5
:10282000B3F85C00FEE4DFF8C0810C2005F097FFF0
:10283000D8F8AC0705F06DFFD8F8B00705F069FFD0
:10284000D8F8B40705F065FFFFF79BBB042005F03F
:1028500086FFA068F6E7062005F081FFB4F8E800DF
:1028600005F04EFFB4F8EA0005F04AFFB4F8EC00BA
:10287000D8E4042005F073FF94F8280105F010FF58
:1028800094F82C0105F00CFF94F82B0105F008FFDB
:1028900094F82D01FFF762BB072005F060FFB4F844
:1028A0002E0105F02DFFB4F8300105F029FF94F852
:1028B000320105F0F5FEB4F83401B3E4012005F06F
:1028C0004EFF6079FFF74ABB0C2005F048FF94F8F3
:1028D0003E0105F0E5FEB4F8480105F011FFB4F83B
:1028E000440105F00DFFB4F8460105F009FF94F826
:1028F0003F0105F0D5FEB4F84A0105F001FFB4F838
:102900004C018FE4042005F02AFF94F8840105F0BF
:10291000C7FE94F8850105F0C3FEB4F8860181E492
:1029200094F83009DFF8C48000EB4000C0B205F035
:1029300016FF4FF0000994F83039994508F1020864
:10294000BFF41FAB98F84C0105F0AAFE98F84D01B2
:1029500000EB800000EB800000F2EE2005F0D0FEDE
:1029600009F10109E7E7012005F0F9FE94F84001BB
:10297000FFF7F4BA082005F0F2FEDFF874904FF08C
:10298000000819F8010F08F1010805F089FEB8F1F7
:10299000080FF6D1FFF7F5BA102005F0E0FE6079D8
:1029A00005F07EFEA06805F0B4FE94F83E0105F047
:1029B00077FEB4F8E80005F0A3FEB4F8EA0005F0ED
:1029C0009FFEB4F8EC0005F09BFEB4F82E0105F074
:1029D00097FEB4F8300125E4690D0020F0140108D9
:1029E000BD140108A814010800F0FF1F68040020AE
:1029F0009D05002094F83E09DFF80084C0EBC0007C
:102A0000C0B205F0ACFE4FF0000908F5146A4FF0B3
:102A10000C0B98F9980100230BFB03F212F90A2022
:102A2000824200F02D840133042BF5D109F1010914
:102A3000B9F1040F08F10808EBD1FFF7A2BADFF8EB
:102A4000A8830D2005F08BFE09F0A0FC05F028FE00
:102A5000B8F8280005F05DFED8F8340005F059FEFE
:102A600094F8703994F87109834296BFC31AC3F180
:102A7000800300201844D4F874391844E2E605F0C5
:102A800065FE8046842005F06AFE404605F041FE62
:102A9000D54B5A6B08F1800393428CBFA2EB080917
:102AA0004FF0800909F09EFC4A46404608A909F00B
:102AB00037FD0DF1200881464FF0000ACA45BFF6E8
:102AC00060AA18F8010B05F0EBFD0AF1010AF5E721
:102AD000132005F044FEDFF828934FF0000819F8A2
:102AE000010B08F1010805F0DBFDB8F10B0FF6D181
:102AF000002005F00EFE32E405F01EFEFFF741BA9D
:102B000005F024FE05F022FEFFF73BBA022005F097
:102B100026FEB54B588CFFF785BB032005F01FFE42
:102B200094F8ED0505F0ECFDAF4B187CFFF716BAF5
:102B30004E2B3FF6C3A9222B03D808F03FFEFFF728
:102B400020BA233B4FF000082B2BF6D801A252F8F5
:102B500023F000BFBD2D00083B2B000833300008D8
:102B60003B2B0008413000083B2B00087D3000085B
:102B70003B2B00083B2B00083B2B00089F30000834
:102B80003B2B00083B2B00083B2B00083B2B00088D
:102B90003B2B0008533100083B2B00083D2E00085A
:102BA0003B2B0008CF3100083B2B00085B300008AE
:102BB0003B2B00083B2B0008C12C00083B2B0008D6
:102BC000A72C00083B2B00083B2B00085D310008B8
:102BD0003B2B00088D3100084D3200083B2B0008CC
:102BE0003B2B00083B2B0008093000083B2B00085A
:102BF000B92C00083B2B0008E33000083B2B0008F1
:102C0000FD30000894F8EC355B070FD405F08AFD21
:102C1000032828BF002084F82805FEF749FCFEF7AA
:102C2000A3FA03E005F088FDA4F87E06002005F075
:102C300096FDFFF7A6B99AF80580B8F1250F00F2C6
:102C4000D0800DF120094FEA5808CB464FF0000A1A
:102C5000C2450CD3654943460022084690450DDC29
:102C60000022122B10D1012384F89C39DEE705F0F5
:102C700063FD0AF1010A2BF8020BE9E739F802CBF0
:102C800021F802CB0132E9E720F813200133E8E70D
:102C900005F052FDD4F8B886A8F85E0005F04CFDAA
:102CA000A8F85C00C2E705F03DFD84F88E0105F050
:102CB00039FD84F88D01B9E705F03EFDA081B5E747
:102CC000D4F8B88605F02EFD88F8000003F0EAFD80
:102CD000ACE7D4F8B88698F80030022B5DD19FEDB0
:102CE000449ADFED448A08F1240908F1300AB2EE73
:102CF000048A05F017FD07EE900AF8EE677A87EE72
:102D0000887AA9EC017A05F00DFD07EE900AF8EE3D
:102D1000677A87EE897A89ED027A05F003FD07EE7E
:102D2000900AF8EE677ACA4587EEA87A89ED057AA7
:102D3000DFD108F104094FF0030ABAF1070F1FD1E0
:102D400005F0F0FC07EE900AF8EE677A87EE887AD5
:102D500088ED127A05F0E6FC07EE900AF8EE677A45
:102D600087EE887A88ED137A05F0DCFC88F850004D
:102D70000AF1010ABAF10B0F09F10109DDD155E79A
:102D800005F0D0FC89F8000005F0CCFC89F80B00B8
:102D900005F0C8FC89F81600EAE708F10B0905F010
:102DA000C1FC08F8010F05F0BDFC88F80B0005F028
:102DB000B9FCC14588F81600F1D137E705F0B2FC3F
:102DC000132880460DD8D4F8B89605F0ABFC0A4A13
:102DD0000023117A814215D001331C2B02F10C0221
:102DE000F7D108F0EBFC21E700000020E00D002007
:102DF0000000C84200007A44F01401086804002072
:102E0000B91D0108DC4A0C2101FB032309EB8808EA
:102E100093F8483088F87D3005F084FC88F87E000F
:102E200005F080FC88F87F0005F07CFC494688F8B6
:102E3000800009F17D0008F0C1FDF7E605F072FCA5
:102E40000B288146CDD8D4F8B88605F06BFC032852
:102E5000C7D8062303FB098888F8D20005F062FC76
:102E600088F8CD0005F05EFC88F8CE0005F05AFC2D
:102E700088F8CF0005F056FC88F8D00005F052FC29
:102E800088F8D100D2E69AF80530092BA9D9D5F8EF
:102E9000A48605F047FC88F8000005F043FC88F89C
:102EA000010005F03FFC6428A8BF642088F80400F6
:102EB00005F038FC6428A8BF642088F8050005F0F8
:102EC00031FC88F8060005F02DFC642828BF64203A
:102ED00088F8070005F026FC88F8020005F022FCBF
:102EE00088F8030005F028FCD5F8E838A8F80A00AF
:102EF0005B790A2B7FF69AAE05F014FC88F808007F
:102F000094E605F019FC6FF4AF6C00EB0C039BB278
:102F1000C62B98BFA4F8440105F00EFCA5F8D0001C
:102F200005F00AFCA5F8D20005F006FCA5F8D400CF
:102F300005F002FCA5F8860105F0F4FB05F0F2FBB4
:102F400005F0F0FB05F0EEFB85F8330105F0EAFB38
:102F500085F8400105F0E6FB05F0EEFBD5F8B83644
:102F600000EB80004000A3F85A0005F0DBFB85F879
:102F7000280105F0D7FB85F82C0105F0D3FB85F877
:102F80002B0105F0CFFB85F82D014FE6DFF8F0911E
:102F90004FF0000805F0D0FB08F10108B8F1080F68
:102FA00029F8020BF6D141E694F8EF35002B7FF4B7
:102FB0003DAE05F0C1FB714B84F8ED0501221A749A
:102FC00034E605F0B9FB6D4B58842FE694F8EC35E8
:102FD00058073FF52BAEFDF7F1FE1EE694F8EC35F1
:102FE00059073FF523AE4FF4C873A4F852351DE6D8
:102FF00094F8EC355A073FF519AE94F8E33843F0EE
:10300000040384F8E33811E645F2082009F0DCF9FE
:10301000062007F08FFF0123C72084F8B63907F098
:1030200089FF002384F8713984F87039C4F8743941
:10303000FCE5C4F8088005F089FBFDF7E5F8F5E547
:1030400005F07AFBA4F8E80005F076FBA4F8EA00A6
:1030500005F072FBA4F8EC00E8E505F063FB84F8EA
:10306000280105F05FFB84F82C0105F05BFB84F878
:103070002B0105F057FB84F82D01D7E505F05CFB2B
:10308000A4F82E0105F058FBA4F8300105F04AFB26
:1030900084F8320105F050FBA4F83401C6E505F0D0
:1030A00041FB84F83E0105F047FBA4F8480105F018
:1030B00043FBA4F8440105F03FFBA4F8460105F0EA
:1030C00031FB84F83F019AF80530082B7FF6AEAD4E
:1030D00005F032FBA4F84A0105F02EFBA4F84C01E0
:1030E000A4E505F01FFB84F8840105F01BFB84F8C0
:1030F000850105F021FBA4F8860197E59AF8058083
:10310000B8F1380F3FF66DAEDFF878904FF0000A57
:1031100040F6CA0B0323B8FBF3F8C24509F10209D4
:10312000BFF484AD05F0FEFA89F84C0105F004FB0C
:103130005845A8BF584640F2EE239842B8BF1846FB
:103140001922B0FBF2F01E3889F84D010AF1010A8C
:10315000E3E705F0E7FA84F8400167E5DFF8289037
:103160004FF0000805F0DEFA08F10108B8F1080F89
:1031700009F8010FF6D159E5A81401080000002054
:10318000060E0020680400209D05002005F0CAFA04
:10319000C4F8088005F0DAFAFDF736F805F0C2FA4F
:1031A00084F83E0105F0C8FAA4F8E80005F0C4FA76
:1031B000A4F8EA0005F0C0FAA4F8EC0005F0BCFAA7
:1031C000A4F82E0105F0B8FAA4F830012EE59AF81B
:1031D00005304FF00708B3FBF8F8C8EBC8029B1A9C
:1031E000DBB2002B7FF4FDAD5FFA88F808F1FF3801
:1031F0005FFA88F8B8F1FF0F3FF418AD05F092FAC6
:10320000D4F8F02840B20023911C11F933C0844552
:1032100003D00133042BF8D1E3E502EBC30989F8AD
:10322000020005F089FAA9F8040005F07BFA89F894
:10323000060005F077FA89F8070005F073FA89F8B7
:10324000090005F06FFA89F80800CFE71B4B4FF42F
:1032500080421A85012384F8B739E7E40A2005F093
:10326000ABF8FEF79EBE21F8023B0132FEF7AFBE7F
:1032700052F8040B00680133C0F800C0FEF7B6BE78
:10328000C0B205F00DFAB8F89A0105F039FA98F8CD
:103290009C0105F005FA98F89D0105F001FA98F8EF
:1032A0009F0105F0FDF998F89E0105F0F9F9FFF787
:1032B000BDBB29B0BDEC048BBDE8F08F0008004811
:1032C00008B5FEF7F5F8FDF74FFFBDE8084001200F
:1032D00005F016B92DE9F04FB44DD5F8D82795F87B
:1032E0009C6A02F59C4320338BB0C5F8983A002EB7
:1032F00000F0DF80D5F8A03A9A4202D9013E85F865
:103300009C6AAA4CD4F8D48718F48053019305D052
:10331000D4F82C36D80701D4FDF7F8F9D4F8C02634
:10332000937A23B304EB4303127BB3F966351AB1E6
:10333000C3F53B6308331BB2A3F57A73B3F57A7F09
:10334000A8BF4FF47A7323EAE37307EE903ADFEDF8
:10335000986AF8EEE77A87EEA67ADFED967A67EE5E
:10336000277AFCEEE77A17EE903AA5F83C3918F484
:10337000807F00F03081D4F8D8178F4A94F8FE3659
:10338000914240F2258113B9012384F8FE3694F866
:103390001D6794F8EC25D4F82CA6012E02F0040B3E
:1033A00014BF032700274FF00009A2E1072C98BFA4
:1033B000195D8248BB6B88BF21469847032C19D8FA
:1033C000C0B1D5F8C03603EB84039A8FDB8F801A27
:1033D0009B1A08FB00F090FBF3F040F2EE2300F59F
:1033E0007A709842B8BF184640F6CA039842A8BF00
:1033F000184680B205EB44040136A4F8A40A95F8F7
:1034000030B9D5F8C036F4B2A345CFD8D5F8D42713
:10341000D5F85C05019042F201010A40039208D000
:1034200095F8FF2585F8FE25654A92F83D1082F84B
:103430003C1095F8FE85B8F1000F04D0604A92F870
:103440003C8088F0010895F8C97A01995D4C0F22FB
:1034500085F8C82A0322B7FBF2F202EB420201F51B
:103460001671BA1AD2B20591A4F5AD61049204F2B4
:10347000625904F2AC5A2246002602915E451CDBDA
:103480004A4E96F8C83A0F2B6DD1D6F82C365B0110
:1034900069D4D6F85C35D6F80827C6F804379B1AE5
:1034A000C82B02D9012386F81D37013786F8C97A5F
:1034B00027E7434F4FF47A78A1E7B8F1000F33D0F4
:1034C000414931F91600998A80B281422ED8D98AB1
:1034D00081422BD30599CAF80010039900B2D9B1E3
:1034E000049929F81100029991F85C1B29B9022F5F
:1034F00012D90298012180F85C1BB9F80010B9F8C4
:1035000002000844B9F804100844304900B221F818
:103510001600032190FBF1F022F8020B013609F1AD
:1035200006090AF1040AA9E74046CCE7DAF80010D8
:103530000198814201D91088CFE7F0B2CDE9063277
:1035400005F040F9032EDDE90632C6DCDFF85CE069
:103550004FF0010C9EF8C81A0CFA06FC21EA0C0187
:103560008EF8C81AB9E7164B012283F83D2083F87C
:103570003C20D6F85C35D6F80427C6F808379B1AE5
:10358000D6F80027934202D9002386F81D374FF062
:10359000000807E05FFA88F005F014F924F8020B40
:1035A00008F10108C345F5DC7FE700BF680400208F
:1035B00000007A4400C07F44404B4C00980D00202E
:1035C00000000020D00900200C0F0020C60F0020B2
:1035D000002B7FF4DCAE019BB4F96E95002B00F05C
:1035E000E580B4F84431B4F8DE20991A494580F2F8
:1035F000E08013444B4540F3DC80FDF767F8FDF7AE
:1036000073F84FF0000AAC4B93F83EB094F8EC35E9
:10361000590740F1D58018F0100F00F0D18094F8D0
:10362000E338DA0600F1CC80BBF1000F00F01D8119
:1036300094F88E31BAF1000F40F006813BB1D4F816
:103640005C15D4F8A0365B1A002BC0F2B5801020B0
:1036500004F030FF012384F87C3BB1E0BBF1000FA4
:103660000DD0012E05D00520FCF7DEFD022384F8E5
:10367000ED35002FAFD0384604F01CFFABE71AF051
:10368000806F4FF4806005D008F0B8FF0023C4F8C5
:103690000C37EEE708F0A4FFF8E7012E29D1052149
:1036A00025E0012E04BF052184F81C17BBF1000F93
:1036B0000FD0D5F8781BB1F90E10A5F86A15A5F84A
:1036C0006C15A5F86815D5F8F8164988A5F86E1593
:1036D0006746D4F85C05D4F81017814202D3BBF1D9
:1036E000000F60D142F21071C4F81817032184F85A
:1036F0001C1794F81CC794F8EC05BCF1050FB8D85A
:1037000001A151F82CF000BF5D3600089B3600087F
:10371000A336000821370008513700088937000810
:1037200040F0020085F8EC05FCF7F0FFD5F85C05E9
:10373000D5F818170144C5F81417042185F81C178B
:103740004FF4806008F04CFF0520FCF779FDD0E7CE
:10375000012E11D1D4F85C35D4F81417994288D2CF
:10376000554991F83E1011B91AF0010F81D120F09E
:10377000020084F8EC0592E7D4F85C25D4F81837F9
:103780001344C4F8143774E7D5F8F806D5F85C1577
:10379000C08885F8FF96642303FB0011C5F80C1759
:1037A00085F81C97CCE7012EA3D062E7B4F8463128
:1037B00020E74FF0010A26E7FCF7A8FF84F87CAB6E
:1037C00094F88C31019394F88D01B4F846C1B4F8A3
:1037D00048E13A4900231E4631F9027BB6086745A5
:1037E000C4BF66F07F06F6B201337745B8BF46F036
:1037F0004006042BF0D194F87D3BB34239D194F8C4
:103800007E7BF92F03D80137FFB284F87E7B84F8E2
:103810007D6B08F00408BBF1000F40F0CC84D4F8B5
:103820002C36DB0738D5BAF1000F24D194F8EC35EB
:10383000D80706D5590702D4012384F8B035FDF71F
:103840004BFA142F53D140E03BB1D4F85C154FF440
:103850007A7013FB0013C4F8A03694F87C3B002B5D
:10386000AED004F015FE0023F5E6BAF1000FF4D156
:10387000EDE60027C9E7D4F888360A2BE1DCB4F876
:1038800050355A07DDD494F8EF35002BD9D1FCF729
:103890001DFFFCF729FFD2E794F8EC355B07D0D584
:1038A00094F8FE35002BCCD010B1FCF72FFFC8E701
:1038B000BAF1000FC5D1F8E700000020D0090020C0
:1038C000019B13B17D2E00F0808494F8EC355F07E6
:1038D0000DD4572E40F0CD80D4F8FC384FF47A72D6
:1038E00013F00803A4F8542501D1A4F84236B8F126
:1038F000000F40F0E480D4F8B8660023C4F82C36FA
:1039000006F17F0706F1CF084FF0010917F8010C07
:10391000394604F015FE40B117F8023CD4F82C26C5
:1039200009FA03F31343C4F82C3604374745EDD1A5
:10393000B24F06F1CE0B4FF00C0806F58B764FF028
:1039400000094FF0010A1BF8010C594604F0F8FD7C
:10395000E8B19BF804109BF8023008FB0140013BE2
:10396000D0F8C82603EB43033B4493420FD09BF8A7
:103970000320C0F8C83694F8853B80F8C4260AFABC
:1039800001F123EA0103C0F8CC9684F8853B0BF1E2
:10399000060B5E45D7D1D4F85C35019394F8FE351B
:1039A0000293019BD4F8A4B6954F03F5FA73002651
:1039B00003937968002900F0388191F800A0BAF1EA
:1039C000000F00F03281BA68019B9A1A002A0ADBC4
:1039D000039B94F8852BBB60012303FA06F022EACF
:1039E000000284F8852B029B002B00F01E813A78A0
:1039F000487894F8858B0432D2B2002840F088834E
:103A000004EB4202B2F96805B4F8442102F1C80C93
:103A1000604540F3F98091F8029048FA06F1CA0730
:103A200000F10381B9F1000FCCBF0220012004F0A6
:103A300067FD0AF1FF31132900F28081DFE811F000
:103A4000710185019001A001B801C0011E02790237
:103A5000E0020E033A037E01A001AD01C0011E0287
:103A60007902E40141029E020B2004F023FD84F858
:103A70007E7BB8F1000F01D05A2E17D0A6F1560365
:103A8000082B57D8DFE803F05456565656525605C1
:103A900050000123DEB2013B84F82835FDF708FD14
:103AA000FDF762FB304604F02BFD20E794F87F3BE6
:103AB0004BB1002384F87F3B012384F8803B94F8CA
:103AC000813B53B91FE094F8813B83F0010384F8F4
:103AD000813BABB10C2004F0EDFC94F8EC355807B9
:103AE00011D5B4F846314B450DDAD4F82C3613F025
:103AF000010302BF3222A4F8822B84F8813B02E04A
:103B00000D2004F0D7FCD4F82C36D90366D594F8F0
:103B1000843B2BB994F87F3B13B93223A4F8823B42
:103B2000012384F8843BE6E60323B3E70223B1E7ED
:103B3000FFF7C6FB334B93F83E3043B16F2E02D1F3
:103B4000FDF7CAF8D3E6019B0BB17E2EF8D0972E75
:103B500004D14FF4C873A4F85235C8E6A72E06D195
:103B600094F8E33843F0040384F8E338BFE6002315
:103B7000B73E0993072E3FF6BAAE01A353F826F0DD
:103B8000D73B0008EF380008EF380008EF3800088E
:103B9000A13B0008EF380008CF3B0008A73B000816
:103BA0000223002201E000230222D5F8B816B1F862
:103BB0005C000244A1F85C20B1F85E201344A1F837
:103BC0005E30FFF77DFB002385F87E3B8FE6002308
:103BD0006FF00102E9E76FF00103E2E794F87F3B41
:103BE000002B3FF488AE94F8EC3513F0040302BFC9
:103BF00084F87F3B012384F8803B7CE64016010873
:103C00002C0B002000000020C83A904203DA8A788A
:103C1000C2F1000901E70123B34028EA030384F855
:103C2000853B019B03F5FA73BB600136042E07F157
:103C30000C077FF4BEAED4F82C56AB0706D4D4F8EC
:103C4000D437DF0507D594F8FF3623B1D4F8FC3814
:103C50009E0700F19682012008F0C2FC012369074B
:103C600040F19A82002B00F09782012008F0B8FC06
:103C7000B4F8D0379A0704D40220FCF727FD08F0E7
:103C8000BDFC94F8EC355B0708D4B4F8D03703F0EA
:103C900044031BB1B4F84236A4F87E36D4F8FC389D
:103CA00013F00A0F2AD0EF0640F17A82B4F8D03729
:103CB0005E0706D4042008F0A1FCB4F84236A4F84C
:103CC0007E36A80640F17082B4F8D037590602D487
:103CD000402008F093FC6A0642BFC54AB4F8423659
:103CE000D38315F0080307D094F8F83533B9C04AE8
:103CF000B4F84236D383012384F8F8352B054FF40A
:103D0000807040F1558208F079FC6379082B02D06D
:103D10000E2B40F0618240200BB0BDE8F04F08F060
:103D20005FBC9BF800304B44FA2BA8BFFA2323EA70
:103D3000E3738BF80030584604F028FC0123B340AD
:103D400048EA030884F8858B6FE79BF801304B4401
:103D5000642BA8BF642323EAE3738BF80130EAE7FE
:103D60009BF803304B44642BA8BF642323EAE3731E
:103D70008BF80330D4F8881B584604F023FCDDE7A9
:103D80009BF8051049446429A8BF642121EAE17128
:103D9000BAF10D0F8BF80510D0D09BF804304B44CE
:103DA000642BA8BF642323EAE3738BF80430C5E7D0
:103DB0009BF806304B4483F308038BF80630BDE7CD
:103DC000D4F88C0B0178022943D107EE909AF8EED3
:103DD000E76AF2EE047A86EEA77AD0ED0A7A37EE39
:103DE000277AB5EEC07AF1EE10FA2FD4DFED827AA1
:103DF000B4EEE77AF1EE10FAD8BFF0EE477AC0EDF4
:103E00000A7ABAF10F0F99D0D4F88C1B0B78022BD9
:103E10002BD107EE909AF8EEE76AF2EE047A86EE7E
:103E2000A77AD1ED097A37EE277AB5EEC07AF1EEAE
:103E300010FA17D4DFED707AB4EEE77AF1EE10FAEB
:103E4000D8BFF0EE477AC1ED097A77E7DFED6B7AFC
:103E5000D5E781784944C829A8BFC82121EAE17182
:103E60008170CEE7DFED657AEDE74B784B44C82BE8
:103E7000A8BFC82323EAE3734B705FE7D4F88C0B29
:103E80000178022940D107EE909AF8EEE76ADFED5B
:103E90005A7A86EEA77AD0ED0D6A37EE267AB5EE1D
:103EA000C07AF1EE10FA2CD4B4EEE77AF1EE10FA03
:103EB000D8BFF0EE477AC0ED0D7ABAF1100F3FF49B
:103EC0003DAFD4F88C1B0B78022B29D107EE909ACA
:103ED000F8EEE76ADFED487A86EEA77AD1ED0C6A54
:103EE00037EE267AB5EEC07AF1EE10FA15D4B4EEBC
:103EF000E77AF1EE10FAD8BFF0EE477AC1ED0C7A0E
:103F00001CE7DFED3E7AD6E7417B4944C829A8BFCC
:103F1000C82121EAE1714173CFE7DFED387AEDE79F
:103F20000B7B4B44C82BA8BFC82323EAE3730B7356
:103F300004E7D4F88C0B0178022944D107EE909A5B
:103F4000F8EEE76ADFED2B7A86EEA77AD0ED107AED
:103F500037EE277AB5EEC07AF1EE10FA30D4DFED05
:103F6000267AB4EEE77AF1EE10FAD8BFF0EE477A8F
:103F7000C0ED107ABAF1110F3FF4E0AED4F88C1B0B
:103F80000B78022B2BD107EE909AF8EEE76ADFED63
:103F9000197A86EEA77AD1ED0F7A37EE277AB5EE49
:103FA000C07AF1EE10FA17D4DFED137AB4EEE77AA7
:103FB000F1EE10FAD8BFF0EE477AC1ED0F7ABDE608
:103FC000DFED0E7AD4E7017E4944C829A8BFC82195
:103FD00021EAE1710176CDE7DFED087AEDE7CB7DEF
:103FE0004B44C82BA8BFC82323EAE373CB75A5E6CF
:103FF0000000002000007A440000C84200000000D9
:10400000D4F88C1B0B78022B1FD107EE909AF8EE98
:10401000E76AF2EE047A86EEA77AD1ED0B7A37EEF4
:10402000277AB5EEC07AF1EE10FA0BD45FED0E7A76
:10403000B4EEE77AF1EE10FAD8BFF0EE477AC1EDB0
:104040000B7A7BE65FED137AF9E7CB784B44C82B0C
:10405000A8BFC82323EAE373CB706FE6D4F88C1BA8
:104060000B78022B1DD107EE909AF8EEE76A5FED10
:104070001E7A86EEA77AD1ED0E6A37EE267AB5EE75
:10408000C07AF1EE10FA09D4B4EEE77AF1EE10FA44
:10409000D8BFF0EE477AC1ED0E7A4FE65FED297A90
:1040A000F9E78B7B4B44C82BA8BFC82323EAE373F3
:1040B0008B7343E6D4F88C1B0B78022B1FD107EED1
:1040C000909AF8EEE76A5FED357A86EEA77AD1ED41
:1040D000117A37EE277AB5EEC07AF1EE10FA0BD4EA
:1040E0005FED3B7AB4EEE77AF1EE10FAD8BFF0EE6E
:1040F000477AC1ED117A21E65FED407AF9E74B7E10
:104100004B44C82BA8BFC82323EAE3734B7615E6BC
:1041100001287FF413AEBAF10C0F7FF40FAE04EB5D
:1041200042028978B2F9680540F633029042A8BF8E
:104130001046B0F5617FB8BF4FF46170A0F56170B3
:104140004FF49662B2FBF1F2B0FBF2F094F8BC26A9
:10415000C0B282423FF4F2AD032894BF024602226D
:1041600085F8BC260AFB025202F22A520490C5F8D6
:10417000A426FCF7FDFD04980130C0B204F0C0F99C
:10418000DCE5B4F8D037D80704D40120FCF79EFA58
:1041900008F034FA002362E5022008F021FA70E505
:1041A000042008F01DFA8CE5402008F019FA92E589
:1041B00008F016FAA9E5142F7FF499AB94F8EC7582
:1041C0005F2E07F004077FF47BAB002F3FF44CAC6D
:1041D000FCF79CFAFFF779BB0BB0BDE8F08F1649EE
:1041E000D1F8883043F47003C1F88830134B1A6853
:1041F00042F001021A605868114A02405A601A6877
:1042000022F0847222F480321A601A6822F480222A
:104210001A605A6822F4FE025A60DA6A22F00F022B
:10422000DA62186B074A02401A6300229A604FF064
:1042300000638B60704700BF00ED00E0001002409B
:104240000CC07FF8CCFC00FF80EAE073A3EBE073C6
:104250008B4206DB002801DD401A704702D008447B
:104260007047002070472DE9F041824CD4F8903B14
:10427000A0EB030842F20F7398452DED048B40F23A
:10428000EB8044F6206398457B4DC4F8900B81BFCA
:104290000023C4F89C3BC4F8A03BC4F8A43B95F8A9
:1042A0003F3043B394F8EC2512F0040223D1734B52
:1042B000C4F89C2B0021196040F2DC50C4F8A02BFC
:1042C000C4F8A42B85F83F20C4F8AC2BC4F89C2577
:1042D000A3F58962A3F23443694EA4F88C054FF02C
:1042E0007E50106056609160D060116118605E6011
:1042F0009960D8601961D4F8B06BD4F8B43BB3427C
:104300006ED0F31A08EE903ADFED5E7A5E4BF8EE6F
:10431000688A68EEA78AD3ED007AF5EEC07AF1EEEE
:1043200010FA40F29D8013ED017AB5EEC07AF1EEFD
:1043300010FA40F2958087EE270AB5EEC00AF1EE3A
:1043400010FA40F28D80DFED517A93ED018A38EE5C
:10435000278A0AF08FFBDFED4E7A28EE000A20EE66
:10436000270ADFED4C7A20EE270AF6EE007AF4EE0B
:10437000E78AF1EE10FA31DCB4F9B83B0F2B72D1B9
:10438000B4F9BA3B444A02EB830201331BB20F2B50
:1043900008BF0023A4F8BA3BD2ED007A0E23A4F89C
:1043A000B83B3E4B93ED017A77EE877A30EE670AA1
:1043B00083ED000AB4F93239002BB8BF5B429BB2DF
:1043C0001E2B07D8B4F93439002BB8BF5B429BB21F
:1043D0001E2B4CD9324BEB60FCF742F9C4F8B46B9E
:1043E000D4F8A03B002BC9BFD4F89C2B9FED2D9A8D
:1043F00007EE902AB8EEE77AC4BF07EE903AF8EEDF
:10440000E77A294BC8BF87EE279A9FED287AA3EC5D
:10441000019AD3ED007A69EE277AF4EEC77AF1EECD
:1044200010FA08D49FED227AF4EEC77AF1EE10FA72
:10443000D8BFB0EE677AB4F9103C1E4E0027052BAA
:1044400086ED007AC4F89C7BC4F8A07BC4F8A47BFA
:1044500036DC0133A4F8103CBDEC048BBDE8F081E0
:104460009FED100A81E7144BD3ED007A99E74FF0E6
:104470008043B0E7680400200000002010100020F6
:10448000CDCCCC3D6F12833AFC0A00203393884395
:104490008E2BEA410000C842241000206410002046
:1044A0000000A040000000006C100020000048C484
:1044B000000048447410002060100020002474495B
:1044C00007EE908A1FED036A16ED190A56ED039A5E
:1044D00056ED058AF8EE677AA6F5CB63C7EE866AD5
:1044E000A6F5CA6216ED046AD3ED005AD6ED027A3B
:1044F00066EE255AA6F25463E5EEA67AD3ED005A8D
:10450000C6ED027A66EE255A77EE877AA5EEA60A00
:10451000D2ED005A26EE256A67EEA67AE6EE269AD6
:10452000B0EE407AB6EE006AA7EE867A30EE270A41
:10453000E7EE268A06ED190A46ED039A46ED058A4E
:104540000AF06AFB39EEA80A08EE100A0AF064FBCA
:10455000B4F9B81BB5F840200E2902F1010207EEAC
:10456000900A12B2A6F1500300F3F2800E2ACCBFDB
:104570003A46174603EB82030131A5F84070C3EDBC
:10458000008AA4F8B81B834F97ED036A97ED007A71
:10459000D7ED016A97ED020A57ED045A36EE076A25
:1045A000B8EEC88A76EE266A38EE408A86EE267A1B
:1045B000F7EE006AA7EE080A87ED047A36EEC77AAE
:1045C00017ED038A87ED020A27EE067A17ED056AD2
:1045D00087ED037A17ED027A37EE067AF8EEE77A7E
:1045E00077EE255A77EEC87A87EE256AA6EE278AF7
:1045F00076EEC66A07ED016A66EE876A07ED038A02
:1046000047ED026A0AF008FBB0EE480A0646C4F815
:10461000180C0AF001FBB4F93C36C4F89805002BDD
:10462000B8BF5B429BB2B3F5487F07F5956780F052
:10463000AE80B4F93E36002BB8BF5B429BB2B3F5F7
:10464000487F80F0A48094F8EC25AB7A97ED007A4F
:10465000D4F85C8712F0040208BFC4F89405002B5C
:1046600040F08E80D4F89435181AB0F5FA7F4A4B92
:10467000A8BF4FF4FA709842B8BF18460521FFF75B
:10468000E3FD98F80430454943438B427BDB002B24
:10469000B8BF7F33DB11B3F5967FA8BF4FF4967395
:1046A000991B98F80A303E484B4383426DDB002B40
:1046B000B8BF1F335B11B3F5967FA8BF4FF4967355
:1046C0002AB198F81500D4F8AC2B01FB0022B2F502
:1046D000161F3449A8BF4FF416128A42B8BF0A46C3
:1046E000C4F8AC2B002ABCBF02F5FF521F3203EB0B
:1046F000623398F8202007EE902A37EE097AF8EE18
:10470000E77A6FF0950167EE877A9FED277A67EE7B
:10471000877AFDEEE77A17EE902A962AA8BF9622AE
:104720008A42ACBF9B1A5B1A30460521C4F89C35FF
:1047300087ED009AFFF788FD002EB8BF7642C82E9D
:10474000C8BF0123C4F83809C8BF85F83F3083E6E5
:10475000B4F8BA1BA5F8402001310F2A09B206D1DE
:10476000A5F84070C3ED008AA4F8BA1B0BE703EB71
:1047700082030F29C3ED008AF6D1A4F8BA7B02E7C1
:10478000D4F8AC358CE7094B8AE7084B98E700234F
:10479000CAE700BFDC0B00200CFEFFFF8169FFFFB2
:1047A00061DAFFFF0080DAFF0000003BD4FEFFFF6C
:1047B000D0ED005A9FED2B4A08B535EE840AFBF781
:1047C0004FFEF0EE403AB0EE650AFBF749FE90ED81
:1047D000015AF0EE404A35EE040AFBF741FEF0EED6
:1047E000405AB0EE450AFBF73BFE90ED023AB0EEC0
:1047F000405A33EE040AFBF733FEB0EE404AB0EE07
:10480000430AFBF72DFE65EEC07A20EE236A24EE04
:10481000847AC1ED017AF0EE467AE5EE077A24EE6D
:10482000233A64EE806AC1ED037AF0EE437AE5EE56
:10483000667AA5EE067AE5EE436A24EE254A64EE32
:10484000E54A65EEA35A81ED004A81ED025AC1EDB9
:10485000047AC1ED054AC1ED066A81ED077AC1ED22
:10486000085A08BDDB0FC93F2DE9F04F2DED028B33
:10487000B1B04FF00009FBF7A3FC18B9FCF79EFAA2
:10488000FCF716FEBA4DBB4CFCF76EFC95F8208C7D
:1048900048F0010385F8203CB74B4FF47002C3F891
:1048A00088200023049305930693236843F4803300
:1048B0002360236803F400330593049B01330493BE
:1048C000059B1BB9049BB3F5A04FF2D1236813F4E9
:1048D000003318BF01230593059B012B40F0018392
:1048E00002230693A54B12221A6063686360636813
:1048F0006360636843F480636360636823F47C13DC
:104900006360636843F4E8136360236843F0807373
:10491000236023689F01FCD5636823F00303636071
:10492000636843F002036360636803F00C03082BC1
:10493000FAD1069B904EC5F8243C914BF360636A14
:10494000636A43F080736362636943F4FC031CAFE2
:10495000636103238DF87230394641F6FF734FF0DF
:104960009040ADF8703006F0D3FC4FF6FF738548E9
:10497000ADF87030394606F0CBFC8348394606F076
:10498000C7FC8248394606F0C3FC8148394606F028
:10499000BFFC39467F4806F0BBFC384603F0D8FF21
:1049A0001C9B7D4AB3FBF2F3C5F8283C7B4B7C4A49
:1049B000DFF8FCC14FF0000EC5F82CECC3F804E0A2
:1049C0004FF0E0230DF1740A5A61F02286F823209B
:1049D0000722C3F818E01A61BCE80F003E460FC674
:1049E000BCE80F000FC69CE80F00D5F808B0C5F86A
:1049F000D4B786E80F00636943F4002363616369F9
:104A000043F400236361636943F4002363616369D2
:104A100043F4003363614FF0904310221A85202243
:104A20001A8540221A85584A4FF4804393614FF407
:104A3000005393614FF40043936176465AF8040C97
:104A40005146013606F064FC062E0AF1080AF5D13B
:104A5000544B1C936369DFF85CA14A4843F48023FC
:104A60006361394606F054FC9AF820200823002A96
:104A700040F03A82434A93614B48C5F8F00804235A
:104A80003022002100F2AA7085F83E3901260BF091
:104A9000A7FB1422002117A885F84C6948F00508E7
:104AA0000BF09EFB1BF4802F08BF85F8346C85F853
:104AB000208CE369334E43F48043E361236943F47C
:104AC00080432361636943F480236361736A23F441
:104AD00070037362736A43F4A0037362736A23F012
:104AE00070637362736A43F0A0637362736A23F046
:104AF00070437362736A43F0A0437362336A23F4B2
:104B000070033362336A43F4A0033362736A23F49D
:104B100070237362736A43F4A023736240F2023B12
:104B20004FF4604339463046CDE91C3B06F0AEFBFE
:104B300020220123394630464FF480581C928DF8CC
:104B4000743006F0A3FB39463046CDF8708006F08D
:104B50009DFB236943F480432361236923F480434D
:104B60002361124B998821F480510904090C23E038
:104B7000680400200010024000ED00E00020024028
:104B80000005FA050004004800080048000C004831
:104B9000001000480014004840420F00941000200C
:104BA0003F19010008000102FE0500200038004006
:104BB0007C160108000000209980998889B241EA9A
:104BC00008019980198801F4415141F4437141F081
:104BD00003011980998821F470610904090C41F4DA
:104BE000E0619980998B21F400610904090C998393
:104BF00007211982198889B2202241F040011980C9
:104C0000B261C6F818806369DFF8B883C5F8F48824
:104C100043F480236361E36943F40013E361236B8E
:104C200023F010032363236B43F010032363736AA1
:104C300023F00F037362736A43F004037362736AB1
:104C400023F0F0037362736A43F0400373623946E2
:104C50004FF480733046CDE91C3B06F017FB4FF450
:104C60000073394630461C9306F010FBD8F800302C
:104C7000B5F9E81023F00103C8F80030D8F8002097
:104C8000C24B1340C8F80030C14BC8F81030D8F8F8
:104C90000030B5F9EA20002043F00103C8F80030E5
:104CA000C8F80800C8F80C00C8F80800D8F80830A0
:104CB00043F40043C8F80830D8F80030C8F8003092
:104CC000D8F8043023F0784323F40043C8F80430C4
:104CD000D8F8003043F00103C8F80030B5F9EC30E3
:104CE00041EA02041C431FD007EE901A9FEDA97AF7
:104CF0008AF84200F8EEE77AA74967EE877A3846E5
:104D0000CDED1C7A07EE902AF8EEE77A67EE877A07
:104D1000CDED1D7A07EE903AF8EEE77A67EE877AE6
:104D2000CDED1E7AFFF744FD9C4EB5F8F0300393AD
:104D30004FF0000B10225946A6F5EE70C5F860BC86
:104D400095F8EF4095F8F78085F85CBCC6E901BBA3
:104D50000BF046FA2320C5F870BCA5F86CBCC6E978
:104D600005BBC5F87CBC03F027FB0BAA012175200D
:104D700004F0D0F9002840D0894AC5F8742C894A3B
:104D8000C5F8782C43F64332A5F8702C01210FAA00
:104D9000584604F0BFF99DF83C20002800F0A78099
:104DA000EA2A40F0A48042F63352594606267F2074
:104DB000A5F8702C85F86C6C04F0FBF80A2003F061
:104DC000FBFA7821032004F0F4F80A2003F0F4FA47
:104DD0000121304604F0EDF80A2003F0EDFA3F21FE
:104DE000072004F0E6F8142003F0E6FA59460720FD
:104DF00004F0DFF80A2003F0DFFA95F86C3C00229B
:104E0000062B85F8802C40F0DF80674BC5F8843A8C
:104E1000664BC5F8883A664B6649D960D5F8FC38C8
:104E20000A2C43F00101C5F8FC1828BF144640F2D3
:104E3000FD2121FA04F212F0010240F05681012C0A
:104E400040F051819E0785F8812C00F15B81D5F8F7
:104E5000843A03989847002385F8823CB8F1000F04
:104E600040F054814FF00008002422467F21682042
:104E70008DF8704004F079F832220F21682004F098
:104E800074F822460321682004F06FF801223B46A3
:104E900011460C2004F0BBF89DF87030092B40F04F
:104EA0003E81454BC5F8843C444BC5F8883C0723FC
:104EB00085F8823CD5F8FC3843F00803C5F8FC3887
:104EC00095F8E4300BB185F8803C95F8E5300BB1EE
:104ED00085F8813C95F8E630002B78D085F8823C47
:104EE00075E00123069324E5354A1385C4E502F0F5
:104EF0007E028DF83C2040B1682A06D1012385F856
:104F00006C3C1D2385F8703C77E79DF82C3003F04E
:104F10007E03682B8DF82C3032D1062102233A46CD
:104F2000084685F86C3C04F0F5F89DF875309DF85E
:104F300073209B00520002F0020203F004031343AB
:104F40009DF8712002F0010213430CD0012B03D114
:104F5000002385F86D3C50E7022B01D10123F8E7CF
:104F6000022003F038FA13AA01210C2004F0D2F831
:104F70009DF84C3013F00F03F2D0042BEED1E7E78D
:104F8000702B04BF042385F86C3C36E7FFE0CF00AC
:104F90007A25E00035FA8E3CA0100020C8100020D1
:104FA00015910008B38F00080DB40008F1620008E5
:104FB000EC0E00202D23FA3BBB8F00082B9100083C
:104FC0000004004800540040022385F85C3C95F83A
:104FD000F830052B7DD8012404FA03F313F0160FE3
:104FE00040F0A58013F0290F73D00A2003F0E4F9F4
:104FF0004CF6EF030FA90220ADF83C3006F018FE86
:10500000002800F09480204603F0D6F913A902206E
:105010008DF84C908DF84D9006F0F0FC002800F0D3
:105020008680BDF84C305BBA03F03F03082B7ED17D
:10503000424B9DF84C90D3F8040293F808321C9030
:1050400039463B7105209DF84DB006F0F1FD002872
:105050006DD03B4C4FF2C77804F110060FA9022027
:10506000ADF83C8006F0E4FD002860D0012003F09C
:10507000A3F913A902208DF84C908DF84DB006F0DD
:10508000BDFCBDF84C309DF84C909DF84DB05BBA1E
:105090009BB200284BD007EE903AF8EEE77AE4ECAA
:1050A000017AA642DAD1274BC5F8B03C264BC5F8A9
:1050B000B83C264B00221A606223C5F8C03CD5F8E4
:1050C0005C35C5F8C43C0320002385F8C83C06F0D5
:1050D00003FED5F8FC3843F00403C5F8FC381C4C3B
:1050E00049F6117647E01446A3E6002285F8812CA4
:1050F000184AC5F8602C43F00303174AC5F8642C1E
:10510000C5F8FC38D5F8603C9847A0E6A8F1020342
:10511000032B7FF6A9AEB8F1010F04D1D0E6B8F1A8
:10512000000F3FF4CDAE002385F8823C9AE695F857
:105130005C3C43F0200385F85C3CD0E7A8140108F0
:10514000F4100020D9BC000895BA000824110020F2
:1051500000080048F9B30008BD620008A38A9BB2AA
:1051600083F40053A382A38A9BB283F48043A38277
:10517000642003F021F93B46022200214020ADF8D3
:10518000706003F0FFFD0028E8D0D5F8243C012B27
:1051900002BF95F85C3C43F0400385F85C3C95F811
:1051A0005C0C00287FF4DDAE95F8203CC24C43F047
:1051B000020385F8203C4FF4005323854FF48043CD
:1051C000A3610F26A38A9BB283F40053A382A38A10
:1051D0009BB283F48043A382A38A9BB283F40043EF
:1051E000A382192003F0E8F8013E192003F0E4F847
:1051F00016F0FF06E6D14FF48043A3614FF400534D
:10520000A3614FF40043A361D5F8FC381C0705D512
:10521000D5F8843C9847012385F8C93CD5F8503728
:10522000DFEDA66A1B7BA5F8CA3CBAF82630A44875
:1052300007EE103AB8EEC77A1A22C6EE877AFF2137
:105240009FEDA07A67EE877AC0ED007AA0F2063073
:105250000AF0C6FFD5F8FC1801230022880785F85C
:10526000003985F8012907D585F80239032385F827
:105270000039022385F803394A0708D595F8003923
:105280005A1C2B4485F80029032283F8012995F83C
:10529000003911F00A0F03F10102D2B210D0E9185F
:1052A0002A44042081F80109052182F80119DA1C39
:1052B000023355FA83F385F80029062283F8012981
:1052C000D5F8D477BB0608D595F800395A1C2B447D
:1052D00085F80029072283F801296B79082B01D072
:1052E0000E2B08D195F800395A1C2B4485F800295B
:1052F0000B2283F8012995F80029A918531C0C20CA
:105300007C07DBB281F8010905D52B44023210215C
:1053100083F80119D3B2E91812205A1CD2B281F8CD
:105320000109780585F8002909D595F8B81131B13A
:1053300002332A4485F80039132382F80139B9056C
:1053400008D595F800395A1C2B4485F800291522F8
:1053500083F80129FA0508D595F800395A1C2B4421
:1053600085F800291A2283F801299822002156483D
:10537000564C0AF035FF012003F08AF94FF04C0B30
:1053800000286AD1D5F8EC39B5F944C1C5F8EC3834
:105390004F4BC5F8783B0022A5F8FC2685F8FE2681
:1053A000C5F82027C5F82427C5F8C03685F8C92ACE
:1053B000D5F8B816B5F8440103F23246624603F652
:1053C000DE13F82526F8022B0135D4F85C25EDB262
:1053D00002F516720A2D43F8042B65D1FB0454BF65
:1053E000B4F84A310346A4F86E3501F1500591F83E
:1053F0007D30ABB991F87F2091F880309A420FD27E
:10540000002A6BD0013A02EB820202EB820202F523
:10541000617293B291F87E2004EB4202A2F87035DB
:1054200004318D42E3D13E076DD594F83E21062A22
:1054300063D8DFE812F05B002D04300458047904CF
:10544000930493040BFB06FA04EB0A0999F8368AD5
:10545000B8F1000F04D00136F6B2022EF2D191E776
:1054600002791C4B90F90000CDF8048003EB820315
:1054700003220092D3F80C324246012106F0D4FEFA
:10548000039068B114484822414650440AF0A8FEEF
:10549000039BC9F8EC3901231E4489F8363AF6B269
:1054A000012003F0CFF86BE7022D9DBFB4F8462131
:1054B000643212B2624685E7000800480AE81C41DF
:1054C000701000200000C842540E00206804002024
:1054D0009E050020A8140108580E0020013303EB9C
:1054E000830303EB830303F5617393E745F2F05302
:1054F000A4F8CC3C06F0D0FE28B90820FAF78CFEC0
:10550000C34BC44A9A6317F4804F18BF1223C04D8F
:105510001EBF84F83039C04BAB6342F201031F4217
:1055200011D044F62063A4F8CC3CBB0441BF08234F
:1055300084F83039B94BAB63FE0741BF0C2384F8C4
:105540003039B74BAB6394F83039B64F043B84F82D
:10555000313932209F234FF480580DF14C091CAE95
:10556000139302F029FF0023A7F82880042249465C
:1055700030468DF8713006F0D9FE9DF87130C7F8CD
:1055800018809DF872201B0443EA02239DF87320C3
:105590001343A54A934200F0228400F31984A2F534
:1055A0001A42033A934200F0218402F51A42023271
:1055B000934200F047840023C5E90C33AB6202F04C
:1055C000A9FD6379C4F8200D052B04BF4FF4C873FF
:1055D000A4F85235FBF744F84FF47A73DFF874827D
:1055E000A4F854350320D4F8B03C9847DFED8F7A07
:1055F00047460837C8ED007A4FF0650AB0EE677A83
:10560000B0EE678AB5EE407AF1EE10FAC7ED007A97
:1056100040F03F84BAF1010A40F0268494F8E33860
:1056200043F0080384F8E33894F8EC3523F00203E0
:1056300084F8EC35D4F8D43740F602021A4222D06E
:105640000027032384F8B13839460123784885F8C8
:105650002430C822A4F8B478A4F8B878A4F8B678AE
:10566000A4F8BA780AF0BCFDD4F85C35C4F8C038A8
:10567000704BC4F8E4770020002143E9020184F86C
:10568000E07784F8B078012384F8343C94F8203C27
:10569000694FD4F80880C4F8D48763F07F0384F896
:1056A000203C3B464FF0804243F8042B634A1A608B
:1056B000634BBB604FF49663A4F87235614BAB61EA
:1056C0000021614D084605F04AFE95E80F000DF1F6
:1056D0001C0A8AE80F0005F110030FCB0DF12C0E08
:1056E0008EE80F0005F120030FCB0DF13C0C8CE888
:1056F0000F0005F130030FCB89E80F0005F14003DF
:105700000FCB86E80F009AE80F0007F10C0585E83B
:105710000F009EE80F0007F11C0A8AE80F009CE8C2
:105720000F0007F12C0E8EE80F0099E80F0007F12B
:105730003C0C8CE80F0096E80F0007F14C0C8CE84D
:105740000F004FF4967002F037FE4FF48C7207F1A1
:105750005C0000210AF044FD3C4BDA6942F007028C
:10576000DA619A6942F4A5229A615A6942F4C02228
:105770005A6100200F27AA7B696895F80FC002F0D4
:105780000703D20801EB82029B00116A0CFA03FCAA
:1057900007FA03F321EA03031362136A04304CEAA5
:1057A00003031428136205F11005E4D16279D4F8DB
:1057B000F018182A9DBF264BD34003F001030023A5
:1057C0008DF866300022881C10F93250022D00F04E
:1057D00092830132042AF7D100228DF86120C8F3A8
:1057E00040028DF86220C8F380128DF86420C8F35F
:1057F00040328DF85C20C8F3C0328DF85F2018F479
:10580000006229D094F83221D51E6A426A4123E011
:1058100000000020F960000815610008FD60000824
:10582000096100080004004818BA200000000000C8
:10583000500C0020380D00208C110020ABAAAA3F8C
:1058400026B4973EA0860100D4160108001002403D
:1058500000410001F80A00208DF86020C8F30042E2
:105860008DF8652008F001028DF85D20C8F3C002B4
:105870008DF85E20C8F3804218F4805FB4F8D4102D
:105880008DF86320B4F8E020ADF86A101CBFB4F8BE
:10589000DC10ADF86A10B2F5FA7FADF8682094BF5D
:1058A000BDF86A200022ADF86A2094F8822184F8BD
:1058B000982E00225B0018F0090FA4F8992ECB4A0D
:1058C00018BF013302EB83034FF6FF79D3F87C3224
:1058D000A3F102080833039338F8020F484500F09B
:1058E000C880030A022B00F0C080C14AC0B2012B5D
:1058F0004FEA001B02EB001040F085839DF85D30FD
:10590000002B00F0B28004EB0B07002384F89C3ED0
:10591000C4F8A03EC4F8A43EC4F8A83EC4F8DC3ED7
:1059200084F8E43E97F83D3DB7F8382DC4F8F00E02
:1059300031468DF87230D7F8340DADF8702002235F
:10594000C4F8E09E8DF8733005F0E2FC94F8982ED0
:10595000D7F8305D97F83AAD012A18BF00212A6ABE
:1059600008BF0321BAF1000F40F0CC8222F00102FF
:105970002A62AA69286A22F0F30242EA011220F0A0
:105980000A0042F0010240F00100AA612862AA69FF
:1059900022F00C02AA61AA69AA610122002128460C
:1059A00005F0BCFB2A88934F92B242F00102BB443F
:1059B0002A809BF83BBD584606F0E8FABBF11B0F66
:1059C00002D1192006F0E2FA8B4AC7F8F42E4FF004
:1059D000000B8A4AC7F8F82E2846C7F8FCBE05F027
:1059E00015FB062841D80A214143854A01EB9A015B
:1059F00007EB810C131DCCF8802DCCF8903D4FEABD
:105A00009A0C0223E96803FA0CF39BB20B43EB6098
:105A100028234343A2F5BA7203F120011144EFF3A6
:105A2000128C4FF0500E8EF312880C33134453F83F
:105A3000042F0AB10A60111D0BF1010BBBF1040F19
:105A4000F5D100230B605FFA8CFC8CF311882823BE
:105A500003FB0077D7F8A03D002B40F0D082EB6825
:105A600023F001031B041B0CEB60039B43457FF4F5
:105A700033AF644E644D042384F8B8390FCE0FC59C
:105A80000FCE0FC50FCE0FC596E80F0085E80F00AB
:105A9000D4F8D437D4F83467D4F8300703F48052FC
:105AA000A5F256650023002A00F0E082818825F8DF
:105AB000021B01330C2BF6D1544B0F934FF0904344
:105AC000CDE913334FF44173ADF82C30504B514DA9
:105AD00021954FF0A041CDE91C1301204FF08053D8
:105AE000002713AC0BAE05F10D094FF0020B0DF1C1
:105AF0001C080DF13C0ACDE91E0303F558531CA800
:105B00002093ADF81C70CDF89490CDF89CB0CDF8F2
:105B10008880CDF88CA02494269606F00DF93E4A94
:105B20003E490F922022ADF8402007C984E80700C3
:105B30003B4ADFF808C111889278ADF82C10B2709A
:105B4000384AADF81C704FF08053CDE91CC21F934A
:105B50000DF1700C03F5585303202093279005F1A5
:105B60000E0360462193CDE9228A8DF81E70CDF890
:105B700078B0CDF894902494269606F0DDF84FF492
:105B80000053ADF83C30284B13930523DFF8B0E009
:105B90008DF82C30254B8DF81C70CDE91CE3244B7F
:105BA000CDF878B04FF00052CDE91F2305F1140273
:105BB0002192012227921CAA1046CDE9228ACDF813
:105BC00094902494269606F0B7F81A4A13490F9237
:105BD0004FF48052ADF8402001F10C0207CA84E86E
:105BE0000700154A124B118892782BE0A81401087F
:105BF00098110020680400206563000855630008C0
:105C00005C130020341701082C1400200800040045
:105C100008000240EC140020040010007417010872
:105C2000D31D010808040240000400485804024043
:105C30000036001000800040D71D01080001005010
:105C400000040050ADF82C104FF00050CDE91F03B8
:105C5000BA49B2700320BA4A279016351CA8CDE97C
:105C60001C12CDE9228AADF81C708DF81E70CDF89B
:105C700078B02195CDF894902494269606F05CF89F
:105C80001E2031B0BDEC028BBDE8F04F02F094BB9A
:105C900042F6F8232CE442F6F823AA4AA4F8CC3CB6
:105CA00000010A23B0FBF3F00023A0F5B06001333C
:105CB000122B42F8040BFAD1A34AA4499163402065
:105CC00084F8303902F0E4FC00283FF416AC0123DC
:105CD000072590F900009E4ACDE9003540219D4BF3
:105CE00006F0A2FA08E442F6F823A4F8CC3C964B5E
:105CF000994A9A634020102384F8303902F0C8FC96
:105D000000283FF4FAAB01230021944A90F90000E7
:105D1000CDE900314FF4E133402106F085FA003837
:105D200018BF0120FFF7E8BB42F6F823A4F8CC3CEB
:105D3000854B8B4A9A634020082384F8303902F05F
:105D4000A7FC00283FF4D9AB0123002290F9000002
:105D5000CDE90032834A4FF4E133DDE742F6F82320
:105D6000062AA4F8CC3C4FF00C0318BF052284F897
:105D7000303984F81C3D744B84F81D2D4FF000051C
:105D80000CBF21211B21784A08BF784E84F8185D8A
:105D90004FF0400018BF4FF4E13684F8195D84F8E5
:105DA0001A5D84F81B1D9A6302F072FC00283FF410
:105DB000A4AB012390F900006D4A0093019533468E
:105DC000402106F031FA401B18BF0120FFF794BBB9
:105DD000684A934236D0013293427FF4ECAB4FF0E5
:105DE0000123AB624FF40052634B04E0634BAB62A0
:105DF000614B4FF400421A85AB8D2F8D1B025F4320
:105E00002B6301236F6384F8B639002F3FF4D7ABBF
:105E1000FF0A4FF0000ABA450DDA0AEB070808EB53
:105E2000D8784FEA6808102231464FEAC82006F0B9
:105E300077FB0F280CDCFF0206F0D4FAC4F8747963
:105E4000FFF7BDBB4E4BAB624FF480424A4BD2E7EB
:105E50003246002352F8041B013140F0098101331E
:105E6000042BF7D14746D6E74FF0230B02F052F947
:105E700005F0E0F90A2002F09FFABBF1010B414B5B
:105E8000F4D193ED007AD3ED027A88ED007AFFF732
:105E9000B9BB88ED008A87ED008A4FF00F0B4FF0F9
:105EA0000A0A02F037F905F0C5F90A2002F084FA6F
:105EB000BAF1010A334BF4D1D8ED007A93ED007AB0
:105EC000D7ED006A37EE277AD3ED027A88ED007AB3
:105ED00077EEA67ABBF1010BC7ED007ADFD1F2EEC7
:105EE0000E6A87EE266A87EEA67A88ED006A87ED4D
:105EF000007AFFF793BB01EBC2018A88003A18BF12
:105F000001226AE4BAF1040F3ED122F01002120419
:105F1000120C2A62AA69286A20F0A00022F47342B7
:105F2000000442EA0132000C42F4807240F010009A
:105F3000AA612862AA6922F440622BE5000500509C
:105F40001C040240381100200000002021610008DC
:105F500049810008A0860100516100089D81000868
:105F600061610008558200084562000890D0030076
:105F7000ED8200081740EF000008004820000001F3
:105F800080000001FC0A0020BAF1080F1DD122F4A4
:105F900080721204120C2A62EA69286A92B222F014
:105FA000F30242EA01124FF2FF51014042F00102B6
:105FB00041F48071EA612962EA6922F00C0212045C
:105FC000120CEA61EA69EA61E7E422F48052120401
:105FD000120C2A62EA69286A22F440721205120D34
:105FE00042EA013245F6FF71014042F4807241F409
:105FF0008051EA612962EA6922F44062DFE7EB68D6
:1060000043F0010330E5032B7FF42FAD94F89A3E63
:106010009DF863209D0052B100234FF6FF720821C6
:1060200005F024FA6319C3F8BC09134B11E0BDF85D
:106030006810BDF86A30B1F5FA7F11D90F4AB2FB8A
:10604000F1F2122192B205F011FA6319C3F8BC09FA
:106050000B4BC36094F89A3E013384F89A3E04E5F2
:10606000084AB2FBF1F2012192B2D9E7B1881EE5EC
:1060700008F1010AB846F5E64563000880A8120158
:106080002563000840420F00F0B50124B0FBF4F591
:106090008D4203D200261CB91C70F0BD4C43F5E7BD
:1060A000B0FBF4F5B4FBF1F704FB15002EB9002D9D
:1060B00003DC8C420CD33C46EDE7092D08DD002AB9
:1060C0000CBF572437242C4403F8014B0136F2E768
:1060D0003024F8E738B5074D044600236A6895F97F
:1060E000001003B138BD002AFCD0A142FAD190477C
:1060F0000123F3E79410002000207047014B33F890
:1061000011007047FA150020014B33F81100704759
:10611000FA150020014B33F811007047E00D002004
:10612000094BDFED0A7A03EB810393ED007AB8EEB9
:10613000477AF6EE046AE7EE267AFCEEE77A17EE87
:10614000903A98B2704700BF3811002000005C44BC
:10615000024B33F81100C008704700BFA0150020A3
:1061600007299ABF024B33F821000020704700BF77
:10617000D815002003788B420AD9064B53F821002A
:10618000054B1B7803B1400800F5777080B270476B
:10619000002070472C1500205C18002000222549A3
:1061A00070B5134641F2210684180C44647883EAE2
:1061B000042308241DB2002DB4BF86EA45055B0008
:1061C00004F1FF34B4BFABB29BB214F0FF04F1D1C1
:1061D0000132192AE8D100F119020A44547800F179
:1061E0001A020A44527802EB042292B29A420CD16B
:1061F000114B124C1A7800EB4202D2B24FF4AF6549
:10620000904203D10E4B01221A7070BD461CF3B2AE
:10621000013351FA86F60B4476785B7803EB06235C
:106220009BB26B431B1303F54873023024F8023B07
:10623000C0B2E5E75C180020841100207E18002021
:106240008011002003788B4283BF034B03EB410393
:10625000588C0020704700BF5C180020084BDA689B
:10626000D10709D4DA68D20608D4DB6813F0040F2A
:106270000CBF0420032070470120704702207047A4
:10628000002002408161704701857047838A9BB27C
:106290004B408382704702464FF08043934202D8BE
:1062A000002013B970479B08F8E7C11891424FEAE4
:1062B00050009CBFC018521A9B08F2E737B50B4B31
:1062C00004465D6858786A460621A84758B1BDF86B
:1062D00000305BBA2380BDF802305BBA6380BDF842
:1062E00004305BBAA38003B030BD00BFD8100020DB
:1062F00037B50B4B04465D6818786A460621A847F7
:1063000058B1BDF800305BBA2380BDF802305BBAEB
:106310006380BDF804305BBAA38003B030BD00BF1A
:10632000D8100020064B53F820301A681B89A1F5BD
:106330007A7159434FF47A7391FBF3F1116070470E
:10634000240E0020024B53F820301B681960704760
:10635000240E0020024A136C01330B44136470476F
:1063600004130020324B186C9A680144F0B48A1A66
:106370009960596040F68C218A42DA603CD91978DC
:1063800093F9452093F90040914229D10A1F082A28
:1063900026D893F84620182A03D8013283F84620DD
:1063A00001E083F8444093F9442091420FD193F8DF
:1063B000471061B11F48204D002106468A4211DC7A
:1063C00000210C2A14D11D490A7801320A700122D9
:1063D00083F84720002283F845401A70F0BC7047CC
:1063E0000022DBE755F8047F20F8027B0131E5E766
:1063F00026F812100132E4E793F847100029EDD097
:10640000A2F2EF2040F2DA51884208D819780B291D
:1064100005D8081D013143F820201970DEE700215E
:10642000F0BC074883F84710302209F0D9BE00BFFE
:1064300004130020FA15002010130020F815002086
:1064400014130020836A8169426B1944D160416A48
:106450008B422BBF0169CB1AC91A536028BF516008
:106460004FF0000380F84430136828BF002143F048
:106470000103816213607047036B10B502464BB194
:10648000046C59680B1B8C42D8B202D9D3681844EB
:10649000C0B210BDD0E907408442C1B238BFD06855
:1064A000E3B236BFC018581A401AF1E7D0E9091212
:1064B0000369914238BFC9188A1A416B581E19B135
:1064C0004B681A44904202D9801AC0B2704700202B
:1064D0007047436B13B190F844007047D0E909034B
:1064E0001B1A584258417047034610B51C6B40694F
:1064F000D96844B11A6C8C1A013A005D18BF114674
:10650000C0B2196410BD1A6A805C01328A4238BF79
:106510001446C0B21C62F5E710B4426A8469A15403
:10652000426A016901328A4228BF00224262426BFC
:106530002AB11368DB0707D45DF8044B82E7026DCC
:10654000136843F0800313605DF8044B7047026DDD
:10655000036B70B5D569044633B9A90604D5C36A7F
:10656000DBB1908C80B29847616B81B92A060ED559
:10657000A26A606A236D82421CD0501CA669A06288
:10658000B25CD2B21A852369984200D3A1622B076C
:1065900042BF236D08221A6270BDE169928C406986
:1065A0004E1CD2B2E6614254E169E268914228BFD2
:1065B000E361D9E71A6822F080021A60E7E72DE963
:1065C000F0410669C3681E40F70704460D4621D412
:1065D000B0072ED4710707D56FF0040323616868F4
:1065E000A16B036889B29847320707D56FF008039B
:1065F0002361A868E16B036889B29847F30621D547
:106600006FF010032361E868216C0368BDE8F04176
:1066100089B218476FF001030361C16A2F6A1FFA3C
:1066200081F8002FD4D03B683846414698477F68B0
:10663000F7E76FF0020323612868616B036889B292
:106640009847C7E7BDE8F081036823F001031B0406
:106650001B0C03600023036043608360C360294B0D
:10666000984204D1284A536843F00F0326E0274B91
:10667000984204D1244A536843F0F0031EE0244BAF
:10668000984204D1204A536843F4706316E0214BCA
:10669000984204D11C4A536843F470430EE01E4BE9
:1066A000984204D1184A536843F4702306E01B4B08
:1066B000984205D1144A536843F4700353607047FD
:1066C000174B984204D1104A536843F07063F5E7C2
:1066D000144B984201D1144AC5E7144B984201D19A
:1066E000114AC8E7124B984201D10F4ACBE7114B30
:1066F000984201D10C4ACEE70F4B9842DFD10A4AAB
:10670000D1E700BF08000240000002401C00024028
:106710003000024044000240580002406C00024039
:106720008000024008040240000402401C040240B1
:10673000300402404404024058040240002A70B56C
:106740000CBF202530251C4614F8016B0A46013980
:106750000EB1002AF8DC114604E00468661C0660ED
:10676000013925700029F8DC22EAE27219460C464C
:1067700014F8015B15B9D31AC81870BD01684E1C16
:1067800006600D702146F2E7F0B54FF0FF33CF08F9
:10679000136001F007013D460026052D00D806B123
:1067A000F0BD435DAF4203BF0B41DBB20C46344644
:1067B00013F0010604D004EBC50414600135ECE7C6
:1067C0000134082C4FEA5303F2D1F7E7044B984207
:1067D0000CBF044A044A138801339BB213807047EC
:1067E00000540040600D0020620D002038B590ED8F
:1067F000010AD0ED027A2DED028B20EE000A90ED19
:10680000008AA8EE080A04460D46A7EEA70A08F07B
:1068100061F9B7EE007AC7EE007A1F4BB3F840205B
:106820000132A3F8402093ED0F7A37EE277A83EDFB
:106830000F7AB0EE007AF4EEC77AF1EE10FA21D5B5
:10684000B6EE007AF4EEC77AF1EE10FA06DC9FEDB0
:10685000137AF4EEC77AF1EE10FA1ADD28EE278AE1
:10686000012085ED008A94ED017A27EE277A85EDE7
:10687000017A94ED027A67EE277AC5ED027ABDECD3
:10688000028B38BD9FED067AF4EEC77AF1EE10FA6E
:10689000E4D40020F3E700BF5C180020BD37863544
:1068A000002474490138042810D8DFE800F00307F9
:1068B000090B0D00064B074A13607047064BFAE7B9
:1068C000064BF8E7064BF6E7064BF4E7064BF2E714
:1068D000517E000870000020AD6C0008B572000801
:1068E00099750008D1780008E56F00082DE9F0439C
:1068F000964E974BD6ED007A964AB3F90030B2F92E
:1069000000209FED957A954D2DED088BF1EE677A7D
:106910008DB0CDED007AD6ED017A9B1AF1EE677A53
:10692000CDED017A07EE903A8D4BB3F90020F8EEE9
:10693000E77A09EE902AB3F90220B3F9043067EE42
:10694000877A08EE102A044603A96846B8EEC88A7A
:1069500009EE103ACDED027AFDF72AFF9DED060A09
:10696000DDED037A9DED07AA7E4B9DED057A1B6850
:10697000F8EEE99A28EE000AB8EEC99AA9EEA70A3D
:106980009B78DDED097A28EE0AAAA9EE270A012BE9
:10699000DDED047AA9EEA7AADDED0A7AA9EE27AA11
:1069A000DDED087A68EE277AE9EE877A9DED0B7ABD
:1069B000E9EE077A40F0C7806B4B1B785B0715D474
:1069C0006A490A6892B16B6C002B1846B8BFD81D93
:1069D000A3EBE00307EE103AB8EEC77A013A37EEC0
:1069E000277A0A60BDEEC77A85ED117A6B6C002BB1
:1069F000B8BF0733DB1007EE103AB8EEC77A5C4F2A
:106A000077EEC78A08F008F95A4BD3F8009099F846
:106A100000804146FDF718FC3B68B0EE4A0A03448B
:106A20003B6008F0F9F84146FDF70EFC7B68B0EEDC
:106A3000680A03447B6008F0EFF899F80190494632
:106A4000FDF702FC96ED01AABB68D6ED008A03446F
:106A5000B0EE4A0ABB6008F05FF8F0EE40AAB0EE74
:106A60004A0A08F099F8B0EE40BAB0EE680A08F0A9
:106A700093F8B0EE40AAB0EE680A08F04DF86BEE5D
:106A80000A5ADFED3D6AF0EE657AE0EE667A41463D
:106A90002BEE006AF0EE408AE5EEA68AF0EE464A5A
:106AA000EAEE264A68EE277AF0EE4A5A2AEE8AAAD9
:106AB0002AEEA65AE9EEAA7A68EE288A28EE0A8A11
:106AC000D6EE265AE9EE858AABEE698AE9EE247A9B
:106AD0002AEE807AE9EE258AA9EE078AC5ED127AB8
:106AE000FDEEE77AC5ED138A85ED148A17EE900A5C
:106AF000224DFDF7A9FBFDEEE87A2B6841460344E1
:106B000017EE900A2B60FDF79FFB6B68FDEEC87ACD
:106B10000344494617EE900A6B60FDF795FBAB689E
:106B2000174A0344AB60136823441360154A136883
:106B300001331360144A1368013313600DB0BDECC8
:106B4000088BBDE8F083114B1B8854E7F416002036
:106B5000AA0A00201E00002035FA8E3C5C18002096
:106B6000860D0020B80B0020540A0020C009002028
:106B7000FC0F0020BC0B0020000000004818002083
:106B80000C100020081000205418002026000020BF
:106B900008B52DED068BF0EE409AB0EE600AF0EEEF
:106BA00041AAF0EE608A07F0B7FFB0EE408AB0EE7F
:106BB000680A07F0F1FFB0EE409AB0EE690A07F0FC
:106BC000EBFFF0EE408AB0EE690A07F0A5FFB0EEE9
:106BD00040AAB0EE6A0A07F0DFFFF0EE409AB0EE8E
:106BE0006A0A07F099FF1A4B28EE007A29EE286A04
:106BF00083ED007A29EECA7A69EE0A6AA6EE007A77
:106C000060EE687A83ED017A28EEA97A68EE288A28
:106C1000A6EE807AB1EE499A83ED027A28EE297ABF
:106C200028EE0A8A83ED037A2AEE007AE6EEA97A44
:106C3000A6EE297A83ED069AC3ED078A83ED088ACA
:106C4000BDEC068B83ED047AC3ED057A08BD00BF69
:106C50004400002006EE901A9FED116A114B9FED43
:106C6000127A1B88F8EEE66AF7EE005A66EE866A3C
:106C700007EE903A85EEA66AF8EE677A67EE877AB5
:106C800090ED007A76EE276A87EEA66A70EE477A74
:106C9000A6EE277AB0EE470A80ED007A704700BF73
:106CA000DB0FC9406C170020BD3786352DE9F04F4A
:106CB0002DED048B87B0DFEDB47A0593B34B0392CF
:106CC0001B8808EE103AB24B1B880093B8EE488A36
:106CD00013F0020328EE278A05460493F7EE009A84
:106CE00000F01381149BDA89AA4BB3F90000801AD3
:106CF00000F2F31740F2E634A74200F203810028C5
:106D0000B8BF4042B3F902309A1A02F2F31440F2CB
:106D1000E6339C429CBF82EAE273A3EBE27395F8F0
:106D2000502088BF4FF4FA73002A00F0F1808342AC
:106D3000B8BF0346C3F5FA7307EE903ADFED966AE3
:106D4000F8EEE77A642387EEA67AB3FBF2F307EE58
:106D5000903A37EE697AF8EEE77AF0EE698AE7EE74
:106D6000278AF5EEC08AF1EE10FA00F1D180F4EE38
:106D7000E98AF1EE10FAC8BFF0EE698ADFF858B27E
:106D8000DFF85892DFF858A29FED849ACB1C02934B
:106D9000834B019305F124060BF10C080BF1180746
:106DA0000024029A022C12F8013F0292F2EE044AE9
:106DB00040F0B180BAF80410DFED7A6A0A3311FBB3
:106DC00003F107EE901AB8EEE77AC7EE267A764B13
:106DD00095F8551033F9143007EE103A734BB8EEAE
:106DE000C77AD3ED036A019BE7EE667A13F8012BAD
:106DF000019303EE902AB0EE675AF6EC017AF8EEB2
:106E0000E33A67EE857A67EEA37A87EE894A41B165
:106E1000674800EB8400B0EE440AFFF71BFFB0EEBA
:106E2000404AD6ED027A28EE057A27EE277AD9ED88
:106E3000007AE7EE247ADFED5F4AF4EEE47AF1EED1
:106E400010FA08D4DFED5C4AF4EEE47AF1EE10FAC1
:106E5000D8BFF0EE674A89EE887ADBED007AD8ED8C
:106E6000006AE9EC014A75EE677AABEC015A27EE4D
:106E7000277AD7ED007AA8EC017AE7EC016A76EE82
:106E8000A77A95F8541037EE870A21B14B4800EBEA
:106E90008400FFF7DFFEB0EE087AC0EE077A96EDC9
:106EA000057A67EE877A67EEA37A87EE897ADFED57
:106EB000447AB4EEE77AF1EE10FA08D4DFED417AC5
:106EC000B4EEE77AF1EE10FAD8BFF0EE477A34EE7E
:106ED000240A30EE270A07F09FFE3B4BB0F57A7F7D
:106EE000A8BF4FF47A709842B8BF1846374B23F8C2
:106EF00014000134032C7FF454AF07B0BDEC048BB5
:106F0000BDE8F08F4FF4FA70FCE6F0EE698A35E7E1
:106F1000DFED2F8A32E7039A3AF914005142884292
:106F20004FEA440C03DB82421146A8BF0146294ABE
:106F300032F90CC0059AA1EB0C0132F914C0009A89
:106F4000614407EE901AF8EEE77AD207C7EEA46A1A
:106F500004D5D5ED127A66EEA77A38E7143313FB21
:106F600000F307EE903A9FED0F6A049BB8EEE77AC4
:106F7000C7EE067A002B3FF42AAF95ED137A66EE42
:106F8000876AE6EEA87A22E7BD3786356C170020BF
:106F9000380C0020D00900200000FA430000C8424D
:106FA0001C0C0020000048428C0D0020EC0E00203C
:106FB000D418002000007AC300007A43E0180020B3
:106FC000000096C30000964318FCFFFFA0170020A6
:106FD000000000009A0D0020B0180020480A002090
:106FE0000C0A00202DE9F04F89B0CDE90623A34A11
:106FF000DFF8B492B2F90030B2F90210DFF8ACA2B7
:10700000DFF8AC820192002BB8BF5B420029B8BF09
:1070100049429BB289B28B4238BF0B46B3F5FA7F27
:1070200028BF4FF4FA73029309F10803059309F19D
:1070300014030493924B0393002600F10C030746BC
:107040000093354634468F4B1B8803F0010003F054
:10705000020C9B073FD0022C36D0019B069AB3F955
:1070600000305242B2EB430F4FEA430103DC069A71
:107070008A42A8BF0A46844BBD7F33F91430D21A26
:10708000079B33F914301A443B7A6421534393FB32
:10709000F1F3C5EB8571C5EB81059D4203DC6D42C3
:1070A0009D42A8BF1D46DAF800301A4442F2107320
:1070B0009A42A8BF1A46754B9A42B8BF1A46CAF8F8
:1070C0000020FE7C5643361328B1BCF1000F02D1DC
:1070D000022C40F0CF80019BB3F900E0009B0EEB47
:1070E0008E0213F80B3C120192FBF3F2039BB3F9EF
:1070F00000B0BBF1000F5B46B8BF0BF10303A2EB7E
:10710000A303D8F800201344B3F57A5F604AA8BF00
:107110004FF47A539342B8BF1346BBF1000FB8BF88
:10712000CBF1000B1FFA8BFBBBF5206F7146C8F843
:1071300000300AD8022C0BD1504AB2F90420002AA0
:10714000B8BF524292B2642A02D90023C8F8003074
:107150007D2293FBF2F3009A12785A4348BF3F32E4
:107160009211BCF1000F7DD0022C11D0029B02992C
:107170000298C3F5FA7311FB0EF142434FF4FA7C07
:1071800005FB031106FB032291FBFCF192FBFCF2D1
:10719000039B404833F902BB005D0393BBF1000F32
:1071A0005B46B8BF0BF103039B1013FB00F36FF0BA
:1071B0004F0093FBF0F30B4497F8551005EE103A8F
:1071C00041B13548B8EEC50A00EB8400FFF742FD37
:1071D000BDEEC05A059B39F9021B1868049B29F8BB
:1071E00002BC1B68BBEB010148BF033103444FEAFB
:1071F000A10C03EBA103049941F8040B0491059938
:1072000041F804CB059197F8541061B107EE903A1C
:107210002248B8EEE70A00EB8400FFF71BFDFDEE05
:10722000C07A17EE903A15EE100A104402461C4838
:10723000005D434348BF1F336100A2EB6312194B4B
:107240005A52019B02330193009B01340133032CFA
:107250000AF1040A08F1040800937FF4F4AE09B0BF
:10726000BDE8F08F002893D0022C1ABF3246294681
:1072700071468DE7324629468AE700BF0C0A002096
:107280008C0D0020380C00209A0D0020F0D8FFFF54
:1072900080C1FFFF080C0020D4180020E018002057
:1072A0000B0C0020A0170020EC1800202C0A002056
:1072B0003C0A00202DE9F04F8BB0CDE9072109935E
:1072C000A44B1B88049313F00203044614D0A24A73
:1072D000B2F90030B2F90220002BB8BF5B42002A9D
:1072E000B8BF52429BB292B2934238BF1346B3F535
:1072F000007F28BF4FF400730293984B984F01937F
:10730000984B0693DFF8848204F10B0307F104091C
:1073100007F10C0B039300258F4B33F915C0924BEB
:1073200033F91560002E3046B8BFF01C831005936A
:10733000019B1A460432019286EAE672A2EBE672DB
:1073400092B2B2F5206F4FEA4C0100F2FC80059A30
:107350001B688A1A1A44B2F57A5F844BA8BF4FF4AF
:107360007A529A42B8BF1A46019B039843F8042CFC
:1073700010F8013F0390D2115A4310F80B3C4B43D5
:10738000049989074FEAA2124FEAA31346D007993E
:107390004942B1EB4C0F4FEA4C0E03DC07997145A3
:1073A000A8BF7146DFF8E8C109983CF915C0A1EB08
:1073B0000C0130F915C08C44D8F8001042F2107E50
:1073C00061447145A8BF7146DFF8C8E17145B8BF97
:1073D0007146C8F8001094F808A00CFB0AFA94F85B
:1073E0001EC00CEB8C0CCCF1000EBEEBEA1F4FEA7A
:1073F000EA1003DC6045A8BF6046864694F813C0D7
:1074000001FB0CFC0299A2EB2C324A43A3EB0E03C6
:1074100052124B4302EB2C320EEB63235449059876
:10742000495D11FB00F1A3EBA11A94F8551061B16D
:1074300007EE90AA4F48B8EEE70A00EB8500FFF789
:1074400009FCFDEEC07A17EE90AA37F9020BDBF8C3
:10745000001027F8026C301A48BF0330D9F80060DA
:107460004BF8046B831049F8043B314401EBA00155
:1074700000EE101A94F8541041B13F48B8EEC00A1B
:1074800000EB8500FFF7E6FBBDEEC00A069911F898
:10749000013B069110EE101A59430AEB0203374ADA
:1074A000A3EB611322F815306B1C022B08F10408C2
:1074B0004FF001057FF430AF089B9A79264B9B88EB
:1074C0000F3213FB02F3284AB2F904201B11002AE1
:1074D000B8BF0332002BA3EBA201B8BF5B42322B33
:1074E0001E4A32DCA07B936801FB003324488342B0
:1074F000A8BF034623488342B8BF03469360E2789F
:107500004A432149097803294FEAA2120AD9B4F85B
:107510005210B1F5FA7F05D24842904217DC8A42F8
:10752000A8BF0A465B13B3F5807FA8BF4FF48073F2
:107530006FF0FF018B42ACBFD21852180F4B9A80EC
:107540000BB0BDE8F08F00220EE70023D6E702461D
:10755000E8E700BF380C00200C0A00203C0A00209D
:107560000C1900200B0C00208C0D002080C1FFFFA7
:10757000080C0020D4180020E0180020A0170020DC
:10758000FEFFFF0F020000F0200E00202C0A00205A
:107590009A0D0020F0D8FFFF2DE9F04F89B0CDE91A
:1075A0000521BA4A0793B2F90030B2F90220DFF898
:1075B0001083DFF810A3DFF8F8920090002BB8BF1B
:1075C0005B42002AB8BF52429BB292B2934238BF8C
:1075D0001346B3F5FA7F28BF4FF4FA73019308F10D
:1075E0000C0300270393AA4B0293054608F1040BF2
:1075F0003C463E46A74B1A8802F001030493A34B76
:1076000002F00200920733F9163038D0059A524240
:10761000B2EB430F4FEA430403DC059AA242A8BF32
:1076200022469D4C34F91670D71B079A32F9162062
:1076300017442A7A64247A4392FBF4F2AC7FC4EBB9
:10764000847CC4EB8C04944203DC64429442A8BF63
:107650001446DAF80020174442F210729742A8BF8D
:1076600017468E4A9742B8BF1746CAF80070EA7CA0
:107670005743049A3F1312B1002800F0FF80029A8A
:10768000B2F9002082EAE27CACEBE27C1FFA8CFCCF
:10769000BCF5206F00F2E980002A0099B8BF0332E0
:1076A00003EB830E91F801C04FEA0E1E9EFBFCFC1B
:1076B000ACEBA20CD9F800206244B2F57A5FDFF897
:1076C00008C2A8BF4FF47A526245B8BF6246C9F8F3
:1076D00000204FF07D0C92FBFCFC009A127B61466F
:1076E0004A4348BF3F329211002800F0C080019801
:1076F000019910FB03F3C1F5FA7104FB01334FF458
:10770000FA7C93FBFCF0019B5A4307FB012292FB9E
:10771000FCF20299DFF8B4C131F9023B1CF806C053
:107720000291002B1946B8BFD91C891011FB0CF12E
:107730006FF04F0C91FBFCF1014405EE101A95F827
:10774000551051B156480493B8EEC50A00EB8600B7
:10775000FFF780FA049BBDEEC05A38F9020B03997B
:1077600028F8023C181A0968DBF8003048BF0330DB
:10777000194401EBA00100EE101A03994FEAA00C86
:1077800041F8043B4BF804CB039195F8541041B1F8
:107790004448B8EEC00A00EB8600FFF75BFABDEE86
:1077A000C00A15EE103A13443F4A10EE101A925DCB
:1077B00051430A4648BF1F32A3EB621370003B4A95
:1077C0001352009A731C0132022B0AF1040A09F1C8
:1077D000040900924FF001067FF40CAF069B9A79E2
:1077E0002A4B9B880F3213FB02F3294AB2F904207B
:1077F0001B11002AB8BF0332002BA3EBA201B8BFB4
:107800005B42322B2A4A3CDCA87B936801FB0033A5
:1078100028488342A8BF034627488342B8BF03468F
:107820009360EA784A432549097803294FEAA2126E
:107830000AD9B5F85210B1F5FA7F05D24842904204
:1078400021DC8A42A8BF0A465B13B3F5807FA8BF3C
:107850004FF480736FF0FF018B42ACBFD218521807
:10786000124B9A8009B0BDE8F08F00222FE70499EF
:10787000002916BF3A46184620464AE73A462046AF
:1078800047E70023CCE70246DEE700BF0C0A0020F2
:107890008C0D0020380C00209A0D0020F0D8FFFF3E
:1078A000D4180020E01800200B0C0020A0170020A6
:1078B0003C0A0020FEFFFF0F020000F0200E002017
:1078C000201900202C0A002080C1FFFF080C002096
:1078D0002DE9F04F2DED088B87B00446059390F805
:1078E000543004910292002B00F01082322BA8BF7A
:1078F000322307EE903ADFEDDA6AF8EEE77A86EEA9
:10790000A77AD84B1B88012B38BF012307EE903A8A
:107910009FEDD5AAD54BF8EEE78AB3F800A028EE84
:107920008AAA1AF0020337EE0A7A0393CAEE079A7C
:1079300000F0EF81CE49B1F90020B1F90210002A20
:10794000B8BF52420029B8BF494292B289B28A42B6
:1079500038BF0A46B2F5E17F28BF4FF4E17207EE67
:10796000902A9FEDC47AF8EEE77AC7EE87AAC24B59
:10797000DFF858930193DFF85883C04BC04F009352
:1079800009F1080B04F10C0600259FEDBEBAB0EE1C
:107990004B9ABD4BB64933F9150031F9153007EE56
:1079A000900AB8EEE75AF5EE047A25EE275A00EE73
:1079B000103ABDEEC55ADFEDB57AB8EEC55A1AF0E9
:1079C000030F25EE275AB8EEC00A6CD070EE007A8D
:1079D000029BFDEEE77A594217EE90CA8C4503DB15
:1079E00063451946A8BF6146A94B9FEDAA6A33F9C2
:1079F00015C0059BA1EB0C0133F915C0A37F06EE62
:107A0000903A237AF8EE666A6144B1EE047A07EEA2
:107A1000901A66EE876A07EE103AF8EEE77AB8EE4B
:107A2000477AB1EE669A27EE277ABDEEC99A27EE1D
:107A3000067A19EE103ABDEEC77A17EE101A99427F
:107A400008DBFDEEE66A16EE903A8B42A8BF0B46C5
:107A500009EE103A98ED007AAAEE277AFBEE0E7A3C
:107A6000B4EEE77AF1EE10FAB8EEC99A08D4F3EE64
:107A70000E7AB4EEE77AF1EE10FAD8BFF0EE477A5C
:107A8000C8ED007AE37C08EE103AB8EE488A1AF0A6
:107A9000010F28EE278ADFED807A28EE278AB0EEE4
:107AA00048BA40F03C810028B8BF404280B2B0F5EF
:107AB000206F00F2318116F80B3CDFED786A07EE9B
:107AC000103A60EE266AB8EE477AC6EE877A97EDEE
:107AD000007A77EEC57AAAEE277ADFED717AB4EEF6
:107AE000E77AF1EE10FA08D4DFED6E7AB4EEE77AB9
:107AF000F1EE10FAD8BFF0EE477AC7ED007A33788E
:107B000008EE103AB8EE488A039B28EE278ADFED8C
:107B1000667A28EE278A5BB170EE497AB0EE490AA0
:107B2000A7EEAA0A78EE4B7AB0EE4B8AA7EEAA8AA5
:107B3000009B94F8551013F8012B9FED5C7A00938D
:107B400007EE902AF8EEE77A65EE677AA7EE870AE5
:107B500021B1574800EB8500FFF77CF899ED007ADA
:107B6000A9EC015A35EE475ADBED007A019B85EE10
:107B70000A7A13F8012B019308F10408043701363F
:107B800030EE080A37EE677AE7EE297A07EE102A18
:107B9000B8EEC77AEBEC017A67EEC77A9FED457ACB
:107BA000A7EE870A07F038F8691C434B022923F82F
:107BB00015004FF001057FF4ECAEFDEEE88ADFED35
:107BC0003F7A94F857703E4D18EE903A23F0030335
:107BD00008EE903A264BB3F90480049B9E792A4B19
:107BE000B3F90430F8EEE88A00EE103A88EEA79A6E
:107BF000BAEECF0A002F00F0BC8088EAE879E77877
:107C0000A9EBE87907F008F81FFA89F92D4BDFEDA9
:107C10002E6A06FB09F696FBF3F6643607EE100AA9
:107C20007E43642396FBF3F307EE903AB8EEC77AEF
:107C3000F8EEE77A80EAE07367EE877AA3EBE07309
:107C400087EEA67AB3F5207F07EE908AB8EEE70AB2
:107C500030EE470A3EDCB9F1640F63D93AE000BF69
:107C600083F9223E6C170020BD378635380C002082
:107C70000C0A00200000E1430B0C0020080C00203F
:107C8000480A0020000000008C0D0020CDCC4C40A4
:107C90009A0D00206F12033C0AD7A33D0000A043B9
:107CA000000040C3000040430AD7233CA69B443B4E
:107CB000D4180020F7CC9238A017002000803B4554
:107CC0003C0A00200CFEFFFF0000A04234190020F7
:107CD000340A00200023AB6094F8551011B15448C9
:107CE000FEF7B8FF30EE080ABDEEC00A10EE103AFB
:107CF0001BB200EE103AB8EEC00A06F08DFF4D4BF5
:107D0000988007B0BDEC088BBDE8F08F9FED4A7AF4
:107D1000F7E5DFED4AAA2AE6DFED487AEDE6B0EEB8
:107D2000490A05E708EB88031B0193FBF7F31B1ACD
:107D300007EE903AF8EEE77AAA6867EE897AFDEEE8
:107D4000E77A17EE903A1344B3F57A5F3C4AA8BF3E
:107D50004FF47A539342B8BF1346AB607D2293FB36
:107D6000F2F3A27B53439B1107EE903AB8EEE78AF9
:107D7000B2E7760006F050FF283616FB08F67611BB
:107D8000301A002E07EE900AB8BF7642322EF8EE77
:107D9000E77A16DCA37BAA6807EE103AB8EE477ABA
:107DA00027EE277A27EE097ABDEEC77A17EE103A4A
:107DB0009F18244A9742A8BF1746234A9742B8BF44
:107DC00017467B13B3F5807FA8BF4FF480736FF025
:107DD000FF029342FDEEE77AB8BF1346AF6007EEAD
:107DE000103AE27817EE903A53439B1100EE103AA6
:107DF000164B1B78032BB8EEC78AB8EEC00A7FF685
:107E00006BAFB4F85220B2F5FA7FBFF465AFFDEE68
:107E1000C07A534217EE901A994203DB91420B4607
:107E2000A8BF134607EE903AB8EEE70A54E700BF42
:107E3000DC180020A0170020AF4C593C00000000C7
:107E400080C1FFFFFEFFFF0F020000F0200E0020A8
:107E50002DE9F04F8BB004460893984B06921B888F
:107E6000029313F00203079300F0F180149BD8896A
:107E7000934BB3F90020121A02F2F31640F2E635E2
:107E8000AE4200F2DE80002AB8BF5242B3F902309F
:107E90001B1A03F2F31540F2E630854200F2D4805B
:107EA000002BB8BF5B429342B8BF1346C3F5FA73C9
:107EB0000522B3FBF2F3A27F643BD21053430A22A4
:107EC00093FBF2F3643323EAE3735BB27D4D7E48A8
:107ED00003930268D5F8E830DFED7C7AD31A05EE1B
:107EE000103AB8EE455A0368C5F8E83025EE275A2F
:107EF000CB1C774A0593774B049285ED3B5A05F1ED
:107F0000F00B05F1F80AA14605F5827800220598E4
:107F1000022A10F801EF059040F09B806E49898895
:107F20000EF1140011FB00F14911C5F80C116B4959
:107F300058F8046B31F91270002F3946B8BFF91C9C
:107F4000A6EBA106049911F8010B049119F8011F81
:107F5000019071434143642091FBF0F1C91100EE9F
:107F6000101A94F8551051B15D480993B8EEC00A43
:107F700000EB8200FEF76EFE099BBDEEC00A594978
:107F800099F80BC0098818687143C912019E0CFB4F
:107F900001F171434FF0640C91FBFCF10144B1F528
:107FA000001F5148A8BF4FF400118142B5EEC05ADE
:107FB000B8BF0146F1EE10FA43F8041B4FEA6131F5
:107FC00016DDBBF90000DAED006A381A07EE900AF8
:107FD000F8EEE77AB1EE087A77EEE67AB2EE046A66
:107FE00067EE877A87EE867A77EE267ACAED007A90
:107FF0002BF8027B99F81600BAEC017ADFED3B6AA8
:1080000007EE900AF8EEE77A67EE877A9DED017A3F
:10801000B8EEC77A67EE877A87EEA67ABDEEC77AA2
:1080200017EE100AA1EBA01110EE100A014430481F
:1080300020F812100132032A7FF469AF0BB0BDE8BB
:10804000F08F4FF4FA7221E74FF4FA732BE76423B1
:108050003CE7214830F9126006984042B0EB460FE9
:108060004FEA42074FEA460C03DC06986045A8BF7A
:1080700060462049CF5F0899C01B31F91270029900
:10808000C907384416D40EF1140111FB06F1079EFE
:108090000911C8F80010002E3FF449AFE67C704388
:1080A000039E7043642690FBF6F001EB2011C8F8A4
:1080B00000103CE7217A41430911F8E7380C002011
:1080C000D00900205C180020C40900206F12833AF8
:1080D0001C0C00203C0A00200C0A00208C0D002003
:1080E000D41800206C1700200000E0FF0000C842F8
:1080F000A01700209A0D00202820FDF7EBBF0920D3
:10810000FDF7E8BF024A136801331360704700BFF0
:10811000C409002010B50A4B4FF0E02019688469AB
:1081200000BF1A688A42F9D1064B19684FF47A7079
:1081300000FB01F31B1BB3FBF1F300FB023010BD8E
:10814000C40900209010002010B50446FFF7E2FF9C
:108150000F4AD2F8103140F6AC51C31A8B42C4BF5B
:10816000002382F8143192F814310A49CC541BB917
:108170000F2C0BD1C2F810010133DBB282F814319D
:10818000192B054B0CBF012200221A7010BD00BF35
:108190005C1800205D1500205C15002010B5044619
:1081A000FFF7B8FF264AD2F81831C2F81801C31AEF
:1081B000B3F57A6F84BF002382F81C3192F81C312A
:1081C00043B9A82C30D11F490B701F490B801F49A0
:1081D000CC5406E0022B02D11D490C70F7E7242B8A
:1081E000F5D91B4909780133DBB20231B3EB410FFA
:1081F00082F81C314FEA410017DA1349088880EAF7
:10820000042080B2082341F2210402B2002AB4BF44
:1082100084EA4202400003F1FF33B4BF90B280B25F
:1082200013F0FF03F1D1088010BD411C8B42FBD13C
:10823000002382F81C31034B01221A70F4E700BFBF
:108240005C18002076150020781500207A15002093
:108250007715002010B50446FFF75CFF0D4BD3F8EF
:108260002021C3F82001821A41F288318A4284BF5A
:10827000002283F8242193F824210749142A8C54DE
:108280000BBF064B0132012283F8242108BF1A706C
:1082900010BD00BF5C180020C1150020C0150020D3
:1082A00010B50446FFF736FF0D4BD3F82821C3F86D
:1082B0002801821A41F288318A4284BF002283F861
:1082C0002C2193F82C2107490F2AE4B28C540BBFC0
:1082D000054B0132012283F82C2108BF1A7010BD12
:1082E0005C1800201915002011150020F8B52D4C40
:1082F0002D4E2E4F0546FFF70DFFD4F83031C4F850
:108300003001C31AB3F5FA5F82BF002333703B70AC
:10831000337853B9A12D08D101223A70E218013304
:10832000EDB2DBB25570337002E03A78002AF5D135
:108330001F4D2A789A4208D11E4B1B78052B05D079
:10834000062B06D000233B703370F8BD0020FDF7EC
:1083500025FFA3781E2BF5D195F800C000250CF160
:10836000FF3C2846654507DB644463789842E9D1C1
:108370000320FDF713FFE5E7631908225B78DBB202
:1083800080EA030141F3000121F07301013A81EA1F
:10839000530312F0FF02DBB24FEA5000F0D1013577
:1083A0001846DFE75C1800208211002081110020B0
:1083B000831100208511002038B50446013C00D20D
:1083C00038BDFFF7A7FE0546FFF7A4FE431BB3F534
:1083D0007A7FF9D3F2E72DE98848064600F0400895
:1083E0002A4C4FF01E0B052502273FE0B8F1000F85
:1083F00004D0A38A9BB283F40053A382BAF1000F86
:1084000004D0A38A9BB283F48043A382B9F1000F06
:1084100004D0A38A9BB283F40043A3825846FFF79B
:10842000CBFFB8F1000F04D0A38A9BB283F40053B2
:10843000A382BAF1000F04D0A38A9BB283F48043D5
:10844000A382B9F1000F04D0A38A9BB283F4004346
:10845000A3825846FFF7B0FF85B1013DC6D14FF466
:10846000FA70FFF7A9FF4FF0960B002557EA0503B6
:1084700006D006F0200A06F00209B7E7013FF4E74C
:108480004FF47A70FFF798FFAAE700BF0008004892
:10849000044A00231370044A1360044A1380044AF8
:1084A000136070474A0D0020440D0020480D002045
:1084B000400D00200E4B30B500220C2404FB02F1CD
:1084C000CD5C854203D00132102AF7D130BD094A74
:1084D000106820B15C18407864788442F6D20B446E
:1084E0001360054A00231380044A1360EEE700BFBF
:1084F000A0180108400D0020480D0020440D002068
:108500004300142B0C4A30B4A8BF142300210225C9
:108510001424023199421570547002F10202F8DB02
:10852000064A002808BF02231344FF2283F834219F
:1085300030BC0F20BEE700BF901900205C1800205F
:1085400010B50A784B789A421BD20F49043019248F
:1085500031F9100040F633018842A8BF0846B0F553
:10856000617F40F28331B8BF4FF4617012FB041297
:10857000904206DD13FB04139842CCBF002001207B
:1085800010BD0020FCE700BFD00900200C4970B5E9
:1085900000226FF0180640F6C414437812FB0265FF
:1085A0006B4303F6C413057853430132072A05FBD6
:1085B00003F393FBF4F321F8023BEED170BD00BF4F
:1085C0000E0C00202DE9F0411D4C00220A264FF42C
:1085D0007A758778A2EB070E0FFA8EFEBEF1000FB8
:1085E000BC462ADDC7F16407FFB290F803800EFB9A
:1085F0000EF308FB03F3C8F1640817FB07F70CEB55
:108600008C0C93FBF7F343440EFB03F393FBF6F35D
:1086100003EB4C031BB22380B1F800C04F880A3231
:10862000A7EB0C0792B27B43782A93FBF5F39C44AB
:1086300024F802CBCDD1BDE8F08108BF0127D4E7F3
:10864000200C0020F0B5104B104C1B6894F84A1118
:1086500000251E1DCAB2032A04D90DB184F84A218F
:1086600000200EE036F831C010EA0C0F01F10107CE
:108670004FF0010506D003EBC1002A44023084F814
:108680004A21F0BD3946E5E7580D00205C1800206E
:10869000024B002283F84A21D4E700BF5C18002077
:1086A000064B10B504461868036821461B689847B6
:1086B000034B1B689A7954409C7110BD540D0020E7
:1086C000500D002038B5054624200C46FFF7E8FF82
:1086D0004D20FFF7E5FF002D084D0CBF3E20212067
:1086E000FFF7DEFF2B68002220469A71FFF7D8FFC4
:1086F0002B6893F84900BDE83840D1E7500D0020C1
:1087000010B50446C0B2FFF7CBFF200ABDE8104009
:10871000C6E710B5044680B2FFF7F2FF200CBDE8B3
:108720001040EDE7034B1B68DA79511CD9711344F3
:10873000187A7047500D002010B5FFF7F3FF04467C
:10874000FFF7F0FF04EB002080B210BD10B5FFF77B
:10875000F3FF0446FFF7F0FF04EB004010BD0146B5
:108760000020AFE708B5FFF7D5FC074B00F5B710C1
:1087700000F558701860054B02221A70044A93687D
:1087800003F2DC53936008BD080F0020040F0020A3
:10879000640B002008B5FFF7BDFC064B1860064BC4
:1087A00002221A70054B1A68054B9A60012283F861
:1087B000212008BD080F0020040F0020C40900205C
:1087C000640B0020104B1B6803EB4002117E29B1A3
:1087D00002290DD00D4B33F810007047022805D93F
:1087E0000328F7D10A4A1268D20409D5D8897047FC
:1087F000507E00EB800000EB800000F2EE2070471E
:108800004FF49660704700BF280B0020D00900206D
:108810003C0C002038B52DED048B4A4B0C4601680A
:10882000C3F84C118188A3F85011023A062A05D8E2
:10883000DFE802F05259606773798000B3F84C2189
:108840002280B3F84E216280B3F950313E4AA380B2
:108850001278002A3DD1B4F900203C4D09EE102ACF
:10886000B4F9022095ED030AD5ED007A08EE902ABE
:10887000F8EEE88AB8EEC99A28EE800AA7EE890ACF
:1088800007EE903AB8EEE78AD5ED067AA7EE880AA9
:1088900006F0C2F995ED040AD5ED017A208028EEA4
:1088A000800AA9EE270AD5ED077AA8EE270A06F076
:1088B000B3F9D5ED057A608028EEA70AD5ED027AE6
:1088C000A9EE270AD5ED087AA8EE270A06F0A4F942
:1088D000A080BDEC048B38BDB3F84E212280B3F8E4
:1088E0004C215242AFE7B3F84C2152422280B3F8F8
:1088F0004E21F6E7B3F84E2152422280B3F84C21C4
:10890000A1E7B3F84C2152422280B3F84E21628095
:10891000B3F850315B421BB298E7B3F84E21228086
:10892000B3F84C21F3E7B3F84C212280B3F84E2181
:108930005242ECE7B3F84E2152422280B3F84C2168
:10894000F6E700BF5C18002042000020A0100020C5
:108950009F4B5A6802F00C02082A2DE9F04140F0C2
:10896000AB8059685A68D60349BFDA6A994A9A4C6B
:1089700002F00F02C1F3834148BF013201F102014D
:1089800048BFB4FBF2F251430C4604605A68DFF86A
:108990004CE2C2F30312724492F8C0205FFA82FCE8
:1089A00024FA02F242605D68C5F30225754495F829
:1089B000C06022FA06F686605D68C5F3C22575447C
:1089C00095F8C050EA40C260D3F82C80EFB2C8F3EB
:1089D00003150EEB450518F4807FB5F8D050ADB205
:1089E0006DD0002D6BD0B1FBF5F50561D3F82C806F
:1089F000C8F343250EEB450E18F4005FBEF8D050C7
:108A0000ADB25ED0002D5CD0B1FBF5F54561D3F879
:108A100030E0714D1EF0100F0CBFAE46A646C0F8F8
:108A200018E0D3F830E01EF0200F0CBFAE46A6468B
:108A3000C0F81CE0D3F830E01EF0400F18BF254608
:108A400005621D6BED053ED5A1423CD1BC453AD136
:108A50004D0045621D6BED0437D5A14235D1BC45B3
:108A600033D14D0085621D6BAD0530D5A1422ED1AD
:108A7000BC452CD14D00C5621D6B6D0529D5A142A9
:108A800027D1BC4525D14D0045641D6B2D0522D550
:108A9000A14220D1BC451ED14D0085641D6BAD04A3
:108AA0001BD5A14219D1BC4517D16100C164196B16
:108AB000890714D1026318E0474C002165E7254679
:108AC00093E72546A2E71546C3E71546CAE71546CC
:108AD000D1E71546D8E71546DFE78264E7E71A6B6A
:108AE00002F00302012A16D104631A6B12F4403F0C
:108AF00020D146631A6B12F4402F35D186631A6B6E
:108B000012F4401F4AD1C6631A6B12F4400F67D1AA
:108B10000664BDE8F0811A6B02F00302022A02D15A
:108B20004FF40042C6E71A6B02F00302032ADCD1BD
:108B3000294ABFE71A6B02F44032B2F5803F01D1F7
:108B40004463D7E71A6B02F44032B2F5003F03D119
:108B50004FF400424263CDE71A6B02F44032B2F5A3
:108B6000403FC7D11C4AF5E71A6B02F44022B2F528
:108B7000802F01D18463C2E71A6B02F44022B2F560
:108B8000002F03D14FF400428263B8E71A6B02F45E
:108B90004022B2F5402FB2D10F4AF5E71A6B02F42A
:108BA0004012B2F5801F01D1C463ADE71A6B02F425
:108BB0004012B2F5001F03D14FF40042C263A3E795
:108BC0001A6B02F44012B2F5401F9DD1024AF5E73C
:108BD0000010024000093D0000127A00A0180108B0
:108BE0001A6B02F44002B2F5800F01D1046490E7E1
:108BF0001A6B02F44002B2F5000F03D14FF40043A8
:108C0000036486E71B6B03F44003B3F5400F80D188
:108C1000004BF5E700127A002DE9F041046DD0F821
:108C20000880236823F0010394B023608679477994
:108C3000206820F0010020606068330320F4405079
:108C400003F4005303436360236807F00105310216
:108C500023F4B05317F0020701F480614FEA850254
:108C600023F00C0318BF42F008020B431A432260A2
:108C7000A36823F44073A3606846FFF769FE224BA4
:108C80009C4231D10C9A23681B0448BF5200B2FBAE
:108C9000F8F308FB1322B2EB580F226828BF013308
:108CA000100406D5C3F3420223F00F031B041B0C70
:108CB00013439BB2A38163682D04F10745EA07457E
:108CC0004BBF1D43AB4365606360A36832074CBF75
:108CD00043F0080323F00803A360236843F0010373
:108CE000236014B0BDE8F081084B9C4201D10D9A7D
:108CF000C9E7074B9C4201D10E9AC4E7054B9C4241
:108D00000CBF0F9A109ABEE70038014000440040A3
:108D100000480040004C004081607DE741717BE7E6
:108D2000084B0C2202FB003030B40D4607C8064C3D
:108D300084E80700054901EB8501D1F8F030A188EE
:108D400030BC1847BC170108C40A0020A01801084D
:108D500010B504680A4B02721CB91C6801602144FA
:108D6000416019684468091B002906DB1AB11A68BA
:108D7000036813444360012010BD0020FCE700BFDE
:108D8000C40900204000F8B5C5B23B48006849F668
:108D9000FF74866936040BD5013CA71CF9D1374B0B
:108DA0004FF0FF32C3F85421FDF710FD0020F8BD4D
:108DB000446824F07F7424F4593424F47F7424F03C
:108DC00003042C4344F0807444F4903444602B4CEE
:108DD0004FF42046C4F854618669B60707D4D4F826
:108DE0005461771EC4F85471002EF5D1DCE781621E
:108DF00049F6FF718669370605D4C4F85411013964
:108E00008E1CF7D1D0E7416821F07F7121F45931F0
:108E100021F47F7121F00301294341EA024141F02D
:108E2000007141601A449A420DD14FF42043C4F8B6
:108E30005431002281698D0616D4013B591C4FF034
:108E40000102F7D109E049F6FF718569AF0707D440
:108E500001398E1CF9D14FF0FF33C4F85431A3E728
:108E600013F8011B8162DEE70AB1C4F854312023F4
:108E7000C36101209BE700BF5C0D00205C1800204F
:108E800000232DE9F74306460D461F4615F80380DB
:108E9000B8F1000F00D01FB1384603B0BDE8F08331
:108EA0005C1CB8F1FF0F15F8049029D19C1C2A5DB9
:108EB000B9F1030F3AD8DFE809F0020B131B1C1DB0
:108EC0002B44DB7803EB0223A6F834312346DDE79D
:108ED0001C1D2B44DB7803EB0223A6F83631F5E7A3
:108EE0001C1D2B44DB7803EB0223A6F83831EDE799
:108EF0001C1D2B44DB7803EB0223A6F83C31E5E78D
:108F0000B8F1040F12D89C1C2919424601A803F09D
:108F100081FB96F85C0101AB42464946FFF732FF00
:108F20000028444408BF6FF01307CFE76FF0030732
:108F3000CCE707B552BAADF8042001AB0222FFF727
:108F400021FF00280CBF6FF01300002003B05DF874
:108F500004FB08B506220B46B021FFF713FF0028DB
:108F60000CBF6FF01300002008BD07B58DF8072077
:108F70000DF107030122FFF705FF03B05DF804FBC5
:108F8000024680213C20F0E710B50446A1F15000D4
:108F9000C0B2FFF7F5FF04EB4400400004EB4404CB
:108FA00000F00E00FFF7ECFFE0081030BDE81040C5
:108FB000E6E70A4601466820D7E708B501223221D4
:108FC0000C20FFF7D2FF4FF47A70FFF7F5F901227A
:108FD00031210C20FFF7C9FF0120FFF7EDF9012037
:108FE00008BD08B5FFF7C1FF00280CBF6FF01300E4
:108FF000002008BD38B504460D4601F07F0290F808
:1090000060018A21FFF7EDFF84F8605138BDF8B5A3
:109010003E4D4000C6B2286849F6FF7487693F0498
:109020000CD5013CA71CF9D1394B4FF0FF32C3F8E6
:109030005421FDF7CBFB00210846F8BD446824F01D
:109040007F7424F4593424F47F7424F003043443EB
:1090500044F4903444602E4C4FF42047C4F85471CB
:109060008769BF0708D4D4F8547107F1FF3CC4F8EE
:1090700054C1002FF4D1DCE7816249F6FF718769A2
:109080007F0605D4C4F8541101398F1CF7D1D0E7FD
:10909000416821F07F7121F4593121F47F7121F071
:1090A0000301314341EA024141F0007141F41051A2
:1090B0004160013B0021914228680DD14FF42043CB
:1090C000C4F8543100228569AE0618D4013B5D1CFA
:1090D0004FF00102F7D109E049F6FF7687697F0773
:1090E00007D4013EB71CF9D14FF0FF33C4F8543117
:1090F0009FE7406A03F8010F0131C9B2DBE70AB10B
:10910000C4F854312023C36196E700BF5C0D0020F2
:109110005C18002008B513460A4601466820FFF790
:1091200076FF003818BF012008BD13B500230446A0
:109130008DF8003001226B4610210C20FFF767FFED
:10914000D0B19DF80030DB0716D56B460722112100
:109150000C20FFF75CFF78B1BDF800302380BDF82C
:1091600002306380BDF80430A380012231210C203D
:1091700002B0BDE81040F8E6002002B010BD2DE9B5
:10918000F04F85B0DFF8BCB00E9D109F01950646EC
:10919000894610461C464FF000084FF0010A0F9B0D
:1091A000984523D13D6096F85C012146FFF7D1FE3A
:1091B0000546002842D102AB062296F85C01B02198
:1091C000FFF725FF002804F1FF3208BF6FF01305F9
:1091D00002AB053413F8011B12F8010F88420DD1C0
:1091E000A242F7D1284605B0BDE8F08F01AA294672
:1091F000FDF7CAFA019A531C03D13D606FF03105A7
:10920000F0E702F1B40189090BEB8101D1F8FC1000
:10921000003918BF01214945EFD14FEAD20C2F2A5E
:1092200002F007059FBF14F80C100AFA05F5294350
:1092300004F80C10551C08F10108B0E76FF0130595
:10924000D0E700BFA018010813B5144601AB0422F3
:10925000FFF7DDFE019B00281BBA0CBF6FF0130067
:109260000020236002B010BD13B5144601AB0222EA
:10927000FFF7CDFEBDF8043000285BBA0CBF6FF0DD
:1092800013000020238002B010BDF7B590F8DA304B
:10929000013B022B04462AD890F85C01154F0DF1D2
:1092A00006020E21FFF7E0FFBDF8065007EA45452C
:1092B000B8B994F85C010DF106020C21FFF7D4FF58
:1092C000B5F57F0FBDF8066004D807EA4646B6F547
:1092D0007F0F0CD958B90849204603B0BDE8F040CB
:1092E000CEE5B5F57F0F02D86FF01300EFE703B0BE
:1092F000F0BD00BF0000FE1F74000020F7B514464B
:109300001F4601220DF1070305460E46FFF77FFEBB
:1093100018B96FF0130003B0F0BD9DF8073004EAF0
:1093200003023A4331462846FFF71FFE0028F0D0DB
:109330000020F0E708B513460122FFF768FE002879
:109340000CBF6FF01300002008BD13B500230C46BE
:1093500090F85C018DF807300DF107020121FFF74D
:10936000E9FF78B99DF80730C3F300122270C3F308
:10937000C002A270C3F380026270C3F38012DB09E3
:10938000E270237102B010BD37B5044644F6206583
:1093900094F8DA3094F85C01042B0DF1070211D136
:1093A0001321FFF7C7FF9DF8073013F0180F03F0E4
:1093B000070203D06FF0050003B030BD68B16FF055
:1093C0001300F9E71421FFF7B5FF0028F7D19DF846
:1093D0000730DB0703D50020EEE7042AFBD0013D70
:1093E00003D00A20FEF7E8FFD2E76FF00600E3E7BC
:1093F000F7B50646002290F85C018321FFF7F1FDE6
:109400000546E0B944F6206796F85C010DF10702C5
:109410008321FFF78FFF9DF8073004462BB970B901
:109420000135BD42F0D16FF0060496F85C010122CF
:109430008321FFF7D6FD204340B203B0F0BD6FF0AB
:109440001304F2E713B50129144614BF502170210B
:1094500090F85C010DF10702FFF76CFF30B99DF841
:10946000073001335B00237002B010BD6FF01300B2
:10947000FAE7F0B585B000240229074615468DF8B5
:109480000240ADF8064024D10DF103022146FFF75A
:10949000D9FFD8B997F85C010DF102024621FFF718
:1094A00049FF4C4B9DF803409DF802205C4304F5B6
:1094B000FA744FF47A73B4FBF3F402FB044404F53A
:1094C000FA74B4FBF3F42C6005B0F0BD6FF0130038
:1094D000E7E703292FD121460DF10302FFF7B2FF81
:1094E0000146002872D10DF103023846FFF7AAFFAA
:1094F000F0B997F85C010DF106025121FFF7B4FEB7
:10950000BDF806309DF80640324A1B0A9C409DF883
:10951000033001345343A4B24FF47A7203F5FA7363
:10952000B3FBF2F35C4304F5FA74B4FBF2F4CAE75C
:109530006FF01300E4E702A9FFF707FF9DF80B3077
:10954000002B3DD00DF1030221463846FFF77AFF8C
:10955000C0BB97F85C010DF106025121FFF784FEB4
:10956000BDF806309DF806401B0A9C400134A4B2A9
:1095700040BB0DF1030201213846FFF763FF08BB32
:1095800001AA97F85C017121FFF76EFEBDF8042077
:109590009DF80430120A934001339BB20D499DF8A7
:1095A00003201B1B4A439BB24FF47A7102F5FA72F7
:1095B000B2FBF1F2534303F5FA73B3FBF1F482E724
:1095C0001C46D6E700236FF01300E7E76FF01300A7
:1095D00079E700BF002F3A002DE9F047037C86B001
:1095E0000B7004460D4690F85C0103AAF821002692
:1095F000FFF73AFE28B16FF01306304606B0BDE81B
:10960000F08794F85C0104AA0421FFF71DFE0028EE
:10961000F1D1BDF80C201AB1049BB3FBF2F3AB609F
:10962000AB68A36100232B7394F85C0104AA20218A
:10963000FFF71AFE0028DED1BDF810304BBB226ABE
:109640002A6194F85C01237704AA2821FFF70CFE15
:109650000028D0D1BDF81030C3F30B0213F4006F13
:1096600018BFA2F58052FA2312FB03F36B6104F1D9
:10967000270805F117074FF0000A05F124091FFA22
:109680008AF3013B042B09D8DFE803F00C1C1E20F1
:109690002000DB002B6123620123D2E7636B49F8D2
:1096A0002A3023E094F85C0104AA4421FFF7DCFD92
:1096B0000028A0D1BDF8102053029AB1AB62A36379
:1096C000012311E0E36BEAE7236CE8E794F85C011F
:1096D00004AA6421FFF7C8FD00288CD1BDF8103022
:1096E0005B02DCE7A26BAA6284F829300AF1010A66
:1096F00018F8013F07F8013FBAF1060FBFD194F8FF
:109700005C0104AA0121FFF715FE00287FF473AF66
:109710009DF8103084F83031DB0985F83C3084F84E
:109720004C304FF4FA63CDE9023040F636336B60CB
:1097300004A920468DF811608DF81260FFF705FE30
:10974000064600287FF457AF9DF811709DF81280EF
:109750009DF8109047EA080359EA03031AD002AAB9
:1097600002212046FFF785FE00287FF444AFB9F1BF
:10977000000F05D0029B03F24E226B6813446B600E
:10978000B8F1000F1DD0029B03F2B2226B6803EB0D
:1097900042036B609DF81330DBB99DF814306BB158
:1097A00001AA04212046FFF764FE019B03F2262252
:1097B0006B6813446B6000287FF41DAF6B686361B6
:1097C0001BE7002FE6D0029B03F525726B6813445C
:1097D000DFE703AA03212046FFF74BFE039B03F5B7
:1097E00025726B6813446B600028D6D003E702290A
:1097F0007FB5044615462DD10DF105020021FFF776
:1098000021FE18B16FF0130004B070BD9DF8053053
:10981000554A94F85C014FF47A71534303F5FA7397
:109820004FF4FA62B3FBF2F2B3FBF1F301FB052252
:10983000B2FBF3F293B2B3F5807F9ABF02F1FF322D
:10984000D2B2FF224621A4F8D82004B0BDE870406F
:10985000FFF7C7BB032935D10DF105020021FFF742
:10986000F1FD414B9DF805204FF47A715A4302F502
:10987000FA724FF4FA63B2FBF3F3B2FBF1F201FBBD
:109880000533B3FBF2F39AB242B1531E0022FF2B11
:1098900002F1010113D803EB02239AB2ADF80620BE
:1098A000A4F8D8200028ADD194F85C015121FFF72D
:1098B00040FB0028A6D1C4F8E4500020A4E75B08D0
:1098C0000A46E4E702A9FFF740FD9DF80B60C6B128
:1098D0000DF1050200212046FFF7B4FD002891D1CB
:1098E00094F85C010DF106025121FFF7BDFC002840
:1098F00088D1BDF806309DF806601B0A9E400136EF
:10990000B6B20DF1050201212046FFF79BFD0028AC
:109910007FF478AF144A9DF805304FF47A715343C1
:1099200003F5FA734FF4FA62B3FBF2F2B3FBF1F30F
:1099300001FB0522B2FBF3F2921907D0013AFF2A8C
:1099400000F101030DD802EB002292B294F85C0101
:109950007121FFF7EEFA00287FF454AFC4F8DC5011
:10996000ABE752081846EAE7002F3A002DE9FF4717
:109970004FF4FA620023CDE9003244F61F629142AF
:1099800006460F4605D86FF00305284604B0BDE82B
:10999000F08702A98DF809308DF80A30FFF7D5FC61
:1099A000054610B16FF01305EFE79DF809809DF8AB
:1099B0000A909DF808A049EA08035AEA0303A7F6AB
:1099C00036341BD001AA02213046FFF752FD002891
:1099D000E8D1BAF1000F05D0019B03F24E239C425F
:1099E000D1D9E41AB9F1000F25D0019B03F2B223BB
:1099F000B4EB430F4FEA4302C5D9A41A9DF80B30CC
:109A000063B16A4603213046FFF733FD009B03F53F
:109A100025739C42B7D90028C4D1E41A9DF80C30B4
:109A2000002BB2D0A4F2262204213046FFF7DFFE3D
:109A300077610546A9E7B8F1000FDFD0019B03F578
:109A400025739C429FD9E41AD8E773B506460025D2
:109A500001220B2196F85C01FFF7C3FA00220446AD
:109A60000B2196F85C01FFF7BCFA0DF107020443E5
:109A7000132196F85C01FFF75DFC9DF8073064B296
:109A8000044301355B0760B2EDB207D0032D0AD065
:109A90000028DDD06FF0130002B070BD032D08BFA9
:109AA0006FF00B00F8E76FF00B00F5E72DE9F04FD2
:109AB0009BB090F830310E910546002490F85C017F
:109AC0000593C02201212746FFF78BFA002840F0BA
:109AD0003D830122802195F85C012C74FFF781FA07
:109AE0000122FF2195F85C01FFF77BFA224621460F
:109AF00095F85C01FFF775FA95F83A2195F85C0145
:109B00009121FFF76EFA0122214695F85C01FFF7DB
:109B100068FA2246FF2195F85C01FFF762FA2246B7
:109B2000802195F85C01FFF75CFA214695F85C010D
:109B30000122FFF756FA0146002840F0078301236F
:109B40008DF84C30064644F620689DF84C30DB0713
:109B500006F101060BD5002940F0F582464508D0F4
:109B600095F85C0113AAFFF7E5FB0146EDE74645D2
:109B700005D16FF0060630461BB0BDE8F08F002916
:109B800040F0E4822846FFF7FFFB06460028F2D1AA
:109B9000032385F8323195F85C0110AB0C221421B7
:109BA000FFF735FA002800F0D182BDF84230039368
:109BB0005BBABDF84660ADF832309BB2BDF84A8062
:109BC0000293B5F8523195F8312176BA98FA98F89F
:109BD000B6B2B3F57A7F1FFA88F84FEA46260DD061
:109BE00008FB03F34FF47A7103F5FA73B3FBF1F357
:109BF000297F002940F09B801FFA83F8002A00F09B
:109C0000A1804FEA8813DBB206934FEA98089DF8CB
:109C10004020BDF84830C2F3C302002101925BBA74
:109C2000ADF84C109BB201995B024FF2A102CA4001
:109C3000079395F82830049302F001020D92002B4F
:109C400000F0C6812C7F002C00F088802A6A029BDD
:109C50005A438032140A06EB122295F8E0104FF4B2
:109C60007A7A0AFB02F9082909F500490CBF4FF07E
:109C7000020B4FF0030B5FEA194073D1384BC5F864
:109C800040319A466B6B84B2002B00F0A48153459F
:109C90002CBF4FF0000B4FF0010B95F82A90B9F153
:109CA000000F00F0AC8195F85C01D5F83CA00122D2
:109CB000FF21FFF796F9002800F08F816FF0130065
:109CC000BDF84C205202C5F84821BAF1000F00F04F
:109CD0009481524594BF00220122002840F0128254
:109CE00095F82B10002900F08E81039B002B00F0CB
:109CF000888102983302B3FBF0F3286C83422CBFB7
:109D0000002301230D98002840F0018201980138BA
:109D1000092800F2EC81DFE810F078017801780181
:109D2000EA01EA01FC01EA01FE01FC01FE010298E0
:109D3000298C4143B6EB212F4FEA212005D152B99E
:109D400048F6E0280023069361E79BB27343311A7B
:109D5000B3FBF1F350E742F2B82852E732467CE712
:109D6000AE878F02DFF8D4C3D5F8DC3008930CFB44
:109D700001F101F5FA730A93D5F8E430099395F8E7
:109D8000E83009990CFB03F303F5FA734FF4FA6C0E
:109D9000B3FBFCFE0AFB01EE0A99B1FBFCFC08993F
:109DA000B3FBFAF30AFB01CCBEFBF3F30A99B1FB58
:109DB000FAF1BCFBF1FC63440BFB03F340F2776167
:109DC000DB0203F5FA73B3FBFAF34B4303F5FA73C3
:109DD000B3FBFAF102F180030A931A0A079B0F9171
:109DE0004A4302F1800C0AFB03F2CD4B1A40B2FB4E
:109DF000F0F2CC484FEA1C2C824228BF0246BCF14C
:109E0000010F4FF4167038BF4FF0010C00FB02F346
:109E10000C2000FB0CF00B93FCF73DFAC04B0AFB47
:109E200004F4B4F5481F09EA030928BF4FF44814A5
:109E300009F5FA79A9EB4404BB4BB9FBFAF9B4FB79
:109E4000FAF42402B4FBF9F42402C4F5803441F29C
:109E50005C2203FB08F3B3FBF2F35C4304F500441C
:109E6000640C04F5004464434FF44873A40B5C4352
:109E70000B9B04F5004403F50049240C64434FEAAE
:109E800019494FEA400B09FB0940FCF704FA0304A7
:109E90006422323341F2883AB3FBF2F340F6B53232
:109EA000B3FBFBF302FB03AAA04B0F990F919A455A
:109EB0009CBF42F21073BAFBF3FADDE90832134497
:109EC00003F5FA734FF47A7B4FF4FA62B3FBFBF0BD
:109ED000B3FBF2F202F5C812B2FBF0F088BF4FF408
:109EE000704AFCF7D8F9000200F5FA70B0FBFBF0FD
:109EF00040430AFB0A00FCF7CEF98D4B0F990BFB90
:109F000000FA9A45B5F854B128BF9A46D5F85831A9
:109F1000C5F840A103FB0BF380331B0A03FB0BFBCB
:109F2000002E53D0834B0A9A03EA822303EB560395
:109F3000B3FBF6F303EB43035B4303F500431B0C56
:109F4000062009F10309B9FBF0F9C9EBC909B9F514
:109F5000803F37BF0B9A784A0332B2FBF0F23FBF23
:109F6000C2EBC20202F50042120C524304EB510450
:109F700014440BF12000B4FBF1F4A403FE227F345F
:109F80008009B4FBF2F45C4304F5FA744FF47A737D
:109F9000B4FBF3F4FCF77FF9240104F5FA74B4F58B
:109FA0007A7F814623BF4FF4FA604FF47A73B4FB93
:109FB000F0F0002022BF5844B4FBF3F4B0FBF4F0FF
:109FC000FCF769F9484528BF48465BE63346B7E7E2
:109FD000DDF810B061E69B465FE613AA95F85C01D8
:109FE000B621FFF741F9024600287FF467AE95F8E5
:109FF0005C01FF21FEF7F5FF62E652466DE64A4638
:10A000006EE6039B79E60B467CE60527049895F8F7
:10A0100029C0002808BF4BF0010B019885F82EB02D
:10A0200004281ABFBCFA8CF040090120B9F1000FD6
:10A0300008BF42F00102002908BF43F0010385F880
:10A040002F0085F8302085F8313005F1500CBCE840
:10A050000F000DF14C0EAEE80F009CE80700002346
:10A060008EE807001493079B1793BDF83230ADF8C4
:10A070006030069B16968DF863308DF8647013AED1
:10A08000ADF85640ADF854800FCE05F150040FC422
:10A090009EE807008CE807002846FFF7D6FC064636
:10A0A00000287FF468AD95F85C010122FF21FEF7DE
:10A0B00098FF00284AD10E9A95F85C01B621FFF767
:10A0C000D3F8002842D195F85C013246FF21FEF713
:10A0D00088FF00283AD1059A95F85C010121FEF726
:10A0E00080FF064690BB059B85F8303143E5012A89
:10A0F00011D00198042810D07BB9BBF1000F1FD1FB
:10A100000F465A46394600273B463C467EE7FF2726
:10A110007CE704277AE7032778E7022776E700BF82
:10A120000000FFFF666666009A9906000F279F24CD
:10A13000AE878F020000FCFF0000F0FF002F3A0006
:10A140005F461A4662E746453FF413AD6FF01306CB
:10A1500011E510B541F001020446002190F85C01C0
:10A16000FEF73FFF78B92046FFF70EF968B92046A1
:10A17000FFF76BFC48B90246014694F85C01BDE864
:10A180001040FEF72EBF6FF0130010BD2DE9F3470E
:10A190004FF0000A0546884690F85C019DF828704B
:10A1A0008DF807A0FF21164601229946FEF719FFF8
:10A1B00052460446514695F85C01FEF712FF52469E
:10A1C0000443FF2195F85C01FEF70BFF64B20443E2
:10A1D00064B2B9F1000F07D095F85C014246CB217B
:10A1E000FFF7A8F8044364B247B195F85C010DF19C
:10A1F0000702EE21FFF79EF8044364B295F85C0174
:10A200000122FF21FEF7EDFE01220443002195F813
:10A210005C01FEF7E6FE64B20443002295F85C019F
:10A22000FF21FEF7DEFE64B29DF80730204323F0E5
:10A23000100340B2337002B0BDE8F0872DE9FF474C
:10A240001546012290F830710446884690F85C016A
:10A250004FF0000A11461E468DF80FA0FEF7C1FE12
:10A260008146B0BB40212046FFF773FF60BB012E43
:10A2700034D1009033460DF10F0241462046FFF7DE
:10A2800085FF40BB94F85C0102220121FEF7A9FE84
:10A29000804658BB01462046FFF75BFF08BB012EF6
:10A2A00022D1034600962A460DF10F012046FFF702
:10A2B0006DFF80B994F85C013A460121FEF791FEEA
:10A2C00048B984F8307101E088F8009004B0BDE826
:10A2D000F08788F800A06FF01300F7E788F8000017
:10A2E000D0E785F80080F1E72870E3E700232B70C2
:10A2F000F1E72DE9F04F002391B0CDE90712B0F856
:10A300003C61C0F82431A0F8283101220446FF2125
:10A3100090F85C018DF82D30CDE90C338DF82C30A0
:10A32000FEF75FFE024628B16FF01305284611B014
:10A33000BDE8F08F94F85C014F21FEF752FE002833
:10A34000F2D12C2294F85C014E21FEF74AFE02461F
:10A350000028E9D194F85C01FF21FEF742FE0028B5
:10A36000E2D1B42294F85C01B621FEF73AFE02462F
:10A370000028D9D194F85C018021FEF732FE034613
:10A380000028D1D10BAA0DF12D012046FFF756FF71
:10A3900005460028CAD104F59573059304F5927714
:10A3A00003230DF13408CDE900030146CDF8088000
:10A3B0003B4604F595722046FEF7E1FE054600286F
:10A3C000B4D10DF12E012046DDF83490FFF76EFB7D
:10A3D00005460028AAD1BDF82E20B24253D96149C2
:10A3E000C4F82401A4F8280109F1B402920901EB90
:10A3F0008202D2F8FC2012B9B9F12B0F40D94FF0EC
:10A40000030ACDE9009A059ACDF808803B46012160
:10A410002046FEF7B4FE002840F0A1800DF12E0189
:10A420002046DDF83490FFF741FB002840F097808C
:10A43000BDF82E20B24200F289804FF0010B964207
:10A4400040F28780921B82EAE273A3EBE2730693E9
:10A450000323049304F592735FFA8BF80993099B25
:10A4600093E803000CAA0E90ADF83C1005984946FD
:10A47000FCF78AF90C9B5A1C08D16FF031006EE092
:10A4800009F10109B0E74FF0000BD8E7354903F1B6
:10A49000B402920901EB8202D2F8FC20003A18BF04
:10A4A00001225A453AD1049A2F2B02F1010A4FEAB0
:10A4B000D30C03F00701E0D80120884017F80C10F6
:10A4C000014307F80C10394694F85C0103F10109C7
:10A4D000FEF73FFD002840D10DF12E012046FFF789
:10A4E000E5FA00283BD1BDF82E00811B0029B8BF3A
:10A4F0004942B04226D9069B8B4211D20EAE31465C
:10A5000094F85C01FEF725FD034696E80300C4F8C5
:10A510002401A4F82811002B7FF406AFDDF810A069
:10A52000079BC3F800A0089B83F80080012384F8F0
:10A530001531079B1B6884F81331089B1B7884F83E
:10A540001431F3E6CDF810A0069188E74FF001082A
:10A55000E6E74FF00008C246E2E76FF01300054659
:10A56000E4E600BFA01801082DE9F04F804B00255C
:10A5700004469DB02A46C0F86031061D8821292076
:10A58000FEF72FFD4FF47A73A4F856314FF4C873D9
:10A59000A4F85831774BC4F85C31774B84F8F45009
:10A5A0006562C4F8D8300CA930468DF830508DF86B
:10A5B0003150FFF711F8054690B9ADF830000DF1B4
:10A5C000300CBCE80F0004F114070FC7BCE80F0003
:10A5D0000FC7BCE80F000FC79CE80F0087E80F000B
:10A5E000664BC4F838314FF4FA730127A4F83C31B4
:10A5F0004FF42063A4F840313A46802194F860017A
:10A6000084F85471FEF7EDFC3A468046FF2194F839
:10A610006001FEF7E6FC002248EA0008114694F8C3
:10A620006001FEF7DEFC45EA08056DB20DF1280871
:10A6300005434246912194F86001FEF77BFE6DB21E
:10A640009DF8283084F83E3105433A46002194F8BD
:10A650006001FEF7C6FC6DB205430022FF2194F8AD
:10A660006001FEF7BEFC6DB20543002294F8600164
:10A670008021FEF7B6FC6DB205436DB24FF00009C4
:10A6800004F12C0A002D46D11FFA89F3013B042B5B
:10A6900004D8DFE803F0435054586000012384F8E5
:10A6A0002C300AF8097009F10109B9F1060FE9D156
:10A6B0008DBB94F86001E5850223FE226021FEF740
:10A6C0001DFE40BB94F8600184F830501023EF2247
:10A6D0006021FEF713FEF0B94FF49013A36394F8D2
:10A6E0002D3084F83150CBBB4FF480454FF40C1320
:10A6F000C4E90F530023FF2594F86001636484F8D4
:10A7000034512A460121FEF76CFC4FF0010B84F80E
:10A7100036B18246A0B36FF0130955E1E26B94F8AD
:10A720006001C2F34F224421FEF703FC0028B8D099
:10A730006FF01305B7E7012384F82E30B1E701234A
:10A7400084F82F30ADE70023FE2294F860016021E9
:10A75000FEF7D4FDEAE70023EF22F6E794F8600164
:10A7600020224421FEF7E5FB0028BDD0D3E700BF3F
:10A7700029019001856B0100A47009006400840325
:10A780009C4F84F8190187F85801014640220CA813
:10A7900005F026FD94F8F490ADF81EA0B9F1070F6E
:10A7A0008DF81BA08DF81CA0CDF820A000F0FA8039
:10A7B0005A46802194F86001FEF713FC2946059063
:10A7C0005A4694F86001FEF70CFC059B03435BB20C
:10A7D0005246514694F860010593FEF702FC059B32
:10A7E00003435BB22946062294F860010593FEF705
:10A7F000F8FB059B03435BB20DF11D02832194F826
:10A8000060010593FEF796FD059B9DF81D2003430F
:10A810005BB242F00402832194F860010593FEF7D5
:10A82000E0FB059B03435BB22946072294F86001D5
:10A830000593FEF7D6FB059B5A4643EA00058121A6
:10A8400094F86001FEF7CDFB6DB205430A20FDF7D9
:10A85000B3FD94F860015A468021FEF7C2FB6DB249
:10A86000054319F001036DB2059340F0B1806B22EE
:10A87000942194F86001FEF7B4FB82463046FEF75F
:10A88000B7FD09AA4AEA000A902194F86001FEF790
:10A89000DBFC45EA0A05099B6DB22422942105439D
:10A8A00094F86001C3F3062AC3F3C03BFEF799FB9B
:10A8B0006DB205433046FEF79BFD6DB2054309AA14
:10A8C000902194F86001FEF7BFFC099A6DB212BAAC
:10A8D000942105430A9294F860012522FEF781FB3A
:10A8E0006DB205433046FEF783FD6DB2054309AAFC
:10A8F000902194F86001FEF7A7FC099A6DB2110E41
:10A900000543120C6DB28DF82C108DF82D2000220D
:10A91000812194F86001FEF764FB06220543FF21C4
:10A9200094F86001FEF75DFB6DB205430DF11D0269
:10A93000832194F86001FEF7FDFC9DF81D206DB2A7
:10A94000054302F0FB02832194F86001FEF749FB06
:10A950006DB205430122FF2194F86001FEF741FB2F
:10A960006DB205430122002194F86001FEF739FB26
:10A970006DB205430022FF2194F86001FEF731FB20
:10A980006DB20543002294F860018021FEF729FB97
:10A990006DB205436DB22DB9059BDBB149F00109DC
:10A9A00084F8F49094F81851012D05D894F817A163
:10A9B0001CD1BAF1200F1FD907AA08A93046FFF70A
:10A9C00098FC8146002857D00A4B83F8589195E1AE
:10A9D000D3469CE70A98B8F8043084F817A184F8A5
:10A9E00018B1C4F82E01A4F83231D7E7BAF10C0F30
:10A9F000E1E700BF5C180020012294F86001FF210C
:10AA0000FEF7EFFA0246C8B994F860014F21FEF74D
:10AA1000E8FA98B92C2294F860014E21FEF7E1FA89
:10AA2000024658B994F86001FF21FEF7DAFA28B916
:10AA300094F86001B422B621FEF7D3FA0023C4F8DB
:10AA40002831A4F82C31002D40F03C812B46009396
:10AA5000CDE901A804F5947304F5977229463046B0
:10AA6000FEF78DFB81460028AED1012384F8193111
:10AA700084F817A184F8185194F85431002B40F051
:10AA80002381D4F850113046FEF7FAF981460028A8
:10AA90009AD102460A2194F86001FEF7A2FA034611
:10AAA00000287FF438AE94F86001EF228421FEF78D
:10AAB00025FC00287FF42FAE84F8DE003046FEF738
:10AAC000C4FF814600287FF47FAF0122FF2194F864
:10AAD0006001FEF786FA0DF11E020546842194F806
:10AAE0006001FEF7C1FB4A460543FF2194F860016F
:10AAF000FEF777FA6DB205436DB2002D7FF40BAE11
:10AB0000BDF81E301B01C4F8D8300CA93046FEF742
:10AB100063FD00287FF4FFAD94F860010DF11B0286
:10AB20000921FEF707FC00287FF4F5AD9DF81B30E6
:10AB30000CAD03F0010384F835318DF81B300FCDD7
:10AB400004F1140CACE80F000FCDACE80F000FCDF2
:10AB5000ACE80F0095E80F008CE80F000DF11B0228
:10AB600094F860010121FEF7E5FB00287FF4D3ADE6
:10AB70009DF81B308DF8280084F8343194F860017A
:10AB800042460121FEF7D6FB00287FF4C4AD9DF8B4
:10AB90002850E80610D505F0EF0594F860012A4624
:10ABA0000121FEF71EFA00287FF4B5ADA16984F8F3
:10ABB00034513046FEF7DAFE002394F860018DF838
:10ABC000283042460121FEF7B5FB00287FF4A3ADF3
:10ABD0009DF82850690710D505F0FB0594F8600131
:10ABE0002A460121FEF7FDF900287FF494ADA16902
:10ABF00084F834513046FEF7B9FE032584F8365107
:10AC000009AA00213046FEF71DFC00287FF483AD21
:10AC10009DF8243084F8EC3009AA01213046FEF773
:10AC200011FC00287FF477AD9DF8243084F8E430DF
:10AC3000424629463046FEF71CFC00287FF46BADE7
:10AC40000A9BC4F8E830424604213046FEF711FC66
:10AC500000287FF460AD0A9BC4F8E03008AA09A977
:10AC60003046FFF746FB87F85801002846D10123FC
:10AC70000DF11D020DF11E013046FFF7DFFA87F8D6
:10AC8000580100283AD1E26B94F86001012525753E
:10AC900084F82C50C2F34F224421FEF74AF9A8B1A0
:10ACA000EC2387F8583129E0013303F1B40292090B
:10ACB00001EB8202D2F8FC20002A7FF4C8AE2C2BD4
:10ACC000F2D1C4E67C49F0E77C49DCE694F8600107
:10ACD00084F82D500C224421FEF72BF90028DFD1F7
:10ACE0004FF4701341F69912C4E90E3244F6206114
:10ACF0003046FEF73BFE87F8580110B11DB0BDE8A5
:10AD0000F08F5022572194F86001FEF76AF994F809
:10AD1000600108225621FEF764F90028C0D10AAA72
:10AD200003213046FEF7A5FB18B1122384F8EC305E
:10AD3000B6E70CAA02213046FEF79BFB0028F4D1AF
:10AD400094F8600108225021FEF74BF90028ECD15D
:10AD50000A9A03213046FEF74AFD0028E5D10C9AF5
:10AD600002213046FEF743FD122384F8EC30002820
:10AD700096D1A169DFF848813046FEF7F7FD70B93A
:10AD8000012194F8600194F834510222FEF729F968
:10AD90000146002884D13046FFF7DBF910B188F86E
:10ADA0005801ABE794F860012A460121FEF719F932
:10ADB000814600287FF474AF4822114684F834514C
:10ADC00088F8580194F86001FEF70BF90822472132
:10ADD00094F86001FEF705F903220546322194F844
:10ADE0006001FEF7FEF807220543302194F8600168
:10ADF000FEF7F7F86DB205430122FF2194F86001D8
:10AE0000FEF7EFF86DB205432022302194F860017F
:10AE1000FEF7E7F86DB205434A4694F86001FF215A
:10AE2000FEF7DFF86DB205436DB225B16FF0130583
:10AE300088F8585162E70CAA04213046FEF719FB46
:10AE400018B10E2384F8E430F0E794F8600106228C
:10AE50007021FEF7C6F80028F3D10C9A0421304681
:10AE6000FEF7C5FC0E2384F8E4300028DED1A1698A
:10AE70003046FEF77BFD05460028D9D194F86001E5
:10AE800094F8347102220121FEF7ABF80028CDD1ED
:10AE900029463046FFF75DF905460028C8D194F8E9
:10AEA00060013A460121FEF79CF805460028BDD115
:10AEB00084F83471BCE700BFA01801082A02002002
:10AEC0005C180020012803D0022813D008B3704773
:10AED000174A19B94FF4804393617047012903D190
:10AEE0004FF4804313857047938A9BB283F4804369
:10AEF000938270470E4A11B94FF40053ECE70129D1
:10AF000002D14FF40053EDE7938A9BB283F40053D0
:10AF1000EEE7074A11B94FF40043DDE7012902D1FA
:10AF20004FF40043DEE7938A9BB283F40043DFE7EC
:10AF300000080048134B4FF480521A85124A40F221
:10AF4000E933118989070BD510730F4A40F2E933B1
:10AF50001189C90714D4013B9BB2002BF8D103E03F
:10AF6000013B9BB2002BECD1084AB2F85A310133B5
:10AF70009BB2A2F85A31034B4FF480529A6170474A
:10AF8000137BF8E700040048003800405C180020FC
:10AF900007B5014601AB02224020FEF738F830B178
:10AFA000BDF8040040BA80B203B05DF804FB4FF670
:10AFB000FF70F9E70D4B0E484FF400525A605A6C7F
:10AFC0004FF6FE710A405A64D0F8902113680B4086
:10AFD0001360D0E960239A4203D000F5AE70FBF70E
:10AFE00031BA012380F8A031704700BF0000024051
:10AFF0005C1800200148FBF7AABA00BFB81900206E
:10B000000148FBF7A4BA00BF0C1A0020184AB2EBA3
:10B01000902F4FEA902323D3083A93420FD8493A0E
:10B0200093421FD0013293421ED0B3F5801F4FF0E0
:10B03000FF3018BF002080F0FE00C0B27047A3F5BB
:10B0400080134B3B072B0BD8DFE803F0100A040AF0
:10B050000A060A080420704705207047062070473A
:10B06000FE20704702207047032070470020704781
:10B07000520010002DE9F84F234D244FDFF8948043
:10B0800000242E78E0B2864211D8214B1B685B0366
:10B090000BD500241D4DDFF88080224650274FF04D
:10B0A0002809A246E3B29E420CD8BDE8F88F57F8B3
:10B0B00020302BB10B2803D8DB6838F810109847E4
:10B0C0000134DEE72B6859689142AB4612D008463E
:10B0D000FFF79CFFEFF3128387F312884A6A09FB9C
:10B0E0000080013242624A6942F001024A61DBB2E9
:10B0F00083F31188DBF800301B680435C3F800A027
:10B1000001340A46CEE700BF200E0020240E0020A6
:10B110003C0C0020F00B0020E8110020224B10B561
:10B12000224C5343224AB2FBF3F203880139013A1D
:10B13000A04289B292B29BB206D123F070039BB2B7
:10B1400023F440739BB214E01A4CA042F5D0B0F146
:10B15000804FF2D0A4F59834A042EED004F580647C
:10B16000A042EAD0144CA04203D004F58064A0426F
:10B17000E6D103800D4BC162984202850FD003F5E2
:10B18000006398420BD003F54063984207D003F563
:10B190008063984203D003F58063984201D1002375
:10B1A00003860123436110BD40420F00002C014083
:10B1B00000A24A0400340140001000400149024846
:10B1C000FBF7FDB9E8110020002C0140FFF7F6BFA6
:10B1D00002494FF08040FBF7F2B900BF1012002087
:10B1E00001490248FBF7EBB9381200200004004087
:10B1F00001490248FBF7E3B9601200200008004053
:10B2000001490248FBF7DBB98812002000340140F5
:10B21000FFF7F6BF01490248FBF7D1B9B012002091
:10B220000040014001490248FBF7C9B9D81200208B
:10B230000048014070B50F4E0F4C4FF47A73B0FBCD
:10B24000F3F596F804322BB963690320984701237C
:10B2500086F80432E369094A09492846984740B10B
:10B26000084B1A68084B03201A606369BDE87040F8
:10B27000184770BD5C18002004110020040B00204A
:10B28000FC0A0020C4090020181000202DE9F0411C
:10B290000022012603250B6806FA02FE3EEA03039C
:10B2A00031D10C795700631E05FA07FC012B6FEAB8
:10B2B0000C0C17D8836803EA0C0383604B79D0F831
:10B2C0000880BB4043EA0803836083889BB223EA7B
:10B2D0000E0383808B79B0F804E0934043EA0E03B9
:10B2E0009BB28380036803EA0C0303600368BC40DD
:10B2F0001C430460C46805FA07F324EA0304CB790D
:10B30000BB402343C3600132102AC4D1BDE8F081A1
:10B3100073B50C4600250126228806FA05F31A4269
:10B3200018D00093A37803F003028DF80420E2788C
:10B33000022A02D0032A18BF01228DF8052069468F
:10B34000C3F30112C3F381038DF806208DF8073093
:10B35000FFF79CFF0135102DDED102B070BD104A01
:10B36000104B13B50C460C2101FB002007C883E8E5
:10B37000070002218DF807109988ADF804100A49DA
:10B380000A48214491F80C118DF8061041691143C7
:10B390004161186801A9FFF7BBFF02B010BD00BFF3
:10B3A000BC170108C40A0020A018010800100240C0
:10B3B00013B50E4C94F80532B3B90D4B1B689BB115
:10B3C0001A681AB10B49486902434A619A88986819
:10B3D000ADF8042001A94FF40072ADF80620FFF784
:10B3E00097FF012384F8053202B010BD5C180020DD
:10B3F000E41000200010024008B5FFF7D9FF024B0F
:10B400004FF480521A8008BD2600002010B5164C5B
:10B41000FFF7CEFFA36820217F2098471420FCF778
:10B42000CBFFA3681F21012098470A20FCF7C4FF27
:10B430000021A368084698470A20FCF7BDFFA368CF
:10B440003521142098470A20FCF7B6FFA368002195
:10B45000102098470A20FCF7AFFFA3680021BDE841
:10B4600010401120184700BFD81000202DE9F74FD9
:10B47000824D04689A4695F80632074690465A1C53
:10B4800085F8062220460A4605F5027941464FEA2C
:10B49000031B09EB0319FFF741FE3B89ADF80430AC
:10B4A000786840F2022301A9ADF80630FFF730FFBB
:10B4B000BE7A082E00F0A28022D8002E41D0042EA1
:10B4C00074D03B7B1BB1636C43F4004363642388FB
:10B4D0009BB243F00103082E238000F0CA8000F2E3
:10B4E000B480002E00F0B980042E00F0BD805D44D1
:10B4F0004846A5F81082C5F80C4203B0BDE8F08FAD
:10B500000C2EDED1236A5E4823F480532362226A24
:10B510006168E369844223F4E64343F4E04342F480
:10B52000405203D000F50060844201D141F48041D3
:10B530006160E361C4F840A02262E36943F4006300
:10B5400078E0236A4E4823F001032362236A61688E
:10B55000A26922F4803222F07302844242F0700227
:10B560001BD000F50060844217D000F54060844293
:10B5700013D000F5806084420FD000F580608442D3
:10B580000BD043F003036160A261C4F834A02362CE
:10B59000A36943F00803A36193E723F00C0321F4AC
:10B5A000407143F0030341F48071ECE7236A3448AF
:10B5B00023F010032362236A6168A26922F080727B
:10B5C00022F4E642844242F4E0420ED000F50060EC
:10B5D00084420AD043F030036160A261C4F838A00D
:10B5E0002362A36943F40063D5E723F0C00321F489
:10B5F000406143F0300341F48061EDE7236A204964
:10B6000023F480732362206A6268E3698C4223F02A
:10B61000730343F070030FD001F500618C420BD02F
:10B6200040F440706260E361C4F83CA02062E369CA
:10B6300043F00803E36144E720F4406022F4405201
:10B6400040F4407042F48052ECE70C2E7FF44FAF90
:10B6500005EB0B0304F1400203E005EB0B0304F1DF
:10B660003402C3F8082242E705EB0B0304F1380269
:10B67000F7E705EB0B0304F13C02F2E75C1800204E
:10B68000002C0140154A0023136053609360144A54
:10B69000136053609360134A136053609360124ABF
:10B6A000136053609360114B93ED000AB4EE400AAF
:10B6B000F1EE10FA0AD693ED021AB4EE411AF1EE49
:10B6C00010FA03D6D3ED010AFBF762BA9FED081A10
:10B6D000F0EE410AB0EE410AF6E700BFC0160020C6
:10B6E000D8160020E4160020CC160020F416002006
:10B6F0000000000010B5304CD4ED013A94ED046A1E
:10B7000094ED003A94ED037A94ED024AD4ED056A83
:10B7100063EE867AF6EE005AE3EE077A8AB02146A7
:10B72000B0EE635AE4EE267A07A8F0EE444A67EEDC
:10B73000A57AF0EE435AA6EE675AE6EEE74AA3EE84
:10B74000E76AE7EE675AE4EE676AA3EE677A66EEA9
:10B75000647ACDED066AE5EE267A66EEE56A8DED51
:10B76000047AE4EE876A27EE457ACDED075AA5EE16
:10B77000867A8DED085ACDED094A8DED056ACDED3D
:10B78000017ACDED026A8DED037AFBF72FF818B937
:10B790000AB0BDE8104075E704F10C0104A8FBF7FE
:10B7A00025F80028F4D004F1180101A8FBF71EF8D1
:10B7B0000028EDD00AB010BD440000200021012077
:10B7C000FCF780BF0EB42DE9F04386B00DAC5A4BA8
:10B7D00054F8045BCDE9013400264FF00A092B78B8
:10B7E0002BB3252B05D00135019A511C0191137003
:10B7F0004AE06B78302B08BFAB78A3F1300219BF59
:10B8000002354FF0000803354FF00108092A4FF0C8
:10B81000000721D96C2B2BD115F8013B0121642B9A
:10B8200069D033D8252BDFD024D8002BD7D1019B6A
:10B83000002230461A7006B0BDE8F04303B07047EE
:10B84000A3F14102052AE5D8A3F137020A2A0FD154
:10B8500015F8013B09FB0727A3F13002D1B20929F2
:10B86000F6D9A3F16102052AEAD8A3F15702EDE760
:10B870000021D4E7582B4BD0632BB0D1019B14F897
:10B88000042B1A70591C01910136A8E7A3F16E022E
:10B89000D0B20A28A3D80A2AA1D801A050F822F0D1
:10B8A0002FB90008DFB70008DFB70008DFB70008CE
:10B8B000DFB7000827B90008DFB70008CDB80008D7
:10B8C000DFB70008DFB7000811B9000854F8040B0F
:10B8D00003AB59B100220A21FAF7D6FB03AB42466B
:10B8E000394601A8FAF72AFF064478E70A460A21F2
:10B8F000FAF7CAFBF2E754F8040B0028BFBF2D2368
:10B900008DF80C3040420DF10D03A8BF03ABE1E709
:10B91000583B5A425A4154F8040B03AB09B1102169
:10B92000DAE71021E4E754F8043B0022D8E754F8A2
:10B93000043B1E6053E700BF800A002010B5FAF7F1
:10B940008DFC4FF43024012806D10CB9052010BD20
:10B95000FAF784FC013CF6E7002C08BF0520F6E767
:10B96000F8B5222200211248124D04F039FC124B86
:10B9700000221946052401201646013215F9017BE3
:10B9800083F89871042A83F89C4183F89D0183F819
:10B990009F6183F89E4103F10803EED10223A1F8D1
:10B9A000A231522381F89631A1F89A01F8BD00BF67
:10B9B000FE0500209C180108680400200B4B0C4A6F
:10B9C0001A600C4B196000F1500302781AB98178A3
:10B9D000C278914208D304309842F6D10023064A37
:10B9E00083F00103137070470123F8E7F00F002084
:10B9F00038050020F40F00203E00002070B5224CD6
:10BA000025686B6823F07F7323F4593323F47F7325
:10BA100023F0030343EA004302461C4818436860CE
:10BA20000023206849F6FF758669760717D5406AB6
:10BA3000C8540133D8B28242F3D1154920684FF47B
:10BA40002042C1F8542100248569AE0614D4013A7D
:10BA5000551C4FF00104F7D1C1F8542107E0013D16
:10BA6000AE1CE1D10A4B4FF0FF32C3F85421FAF774
:10BA7000ADFE0023184670BD0CB1C1F85421202240
:10BA8000DBB2C261F6E700BF5C0D0020C6240002F5
:10BA90005C180020F0B5544E377885B00D4614463A
:10BAA000002F67D1514B1B68C01A514B1B6898423D
:10BAB00061D301A90920FFF7A1FF00285BD0002D69
:10BAC00056D0002C54D0BDF80430DFED4A6ADFEDCB
:10BAD0004A7A4A4ADFED4A5A9FED4A6A9FED4A4A3E
:10BAE000DFED4A4A9DF807709DF808009DF80A109E
:10BAF0005BBA9BB207EE103AB8EE477A444BE7EEDA
:10BB0000267ADFED446AC2ED007ADFED437A93EDE9
:10BB1000035A37EE677AD3ED007A67EE277A67EE3D
:10BB2000877AE7EEA56AD3ED017A67EE277A67EEAA
:10BB3000877A67EEA57AE5EE067A93ED026A9FEDC5
:10BB4000375A27EE066A26EE077A9FED356AA7EE8A
:10BB5000256A66EE845AE6EE245AE7EE855AF5EE3B
:10BB6000405AF1EE10FA09D100232B6013682360CC
:10BB7000012333700127384605B0F0BD27EE867AE1
:10BB800066EEA73A27EE047A26EE866AA3EEA47A3A
:10BB9000030243EA07430B43A6EE057A9FED216AB1
:10BBA00087EE255A9FED207ADFED205A27EE677A3F
:10BBB00076EEE77AA6EE867A76EE856AA5EE657A67
:10BBC000C7EE275A07EE903A36EE656AF8EEE77A46
:10BBD00026EE266A77EE857A86EE277A77EE257A44
:10BBE000C5ED007AC2E700BF301100202C11002003
:10BBF0002811002000002F3B000034C22411002037
:10BC000000008033000000450050C3C600B808C7DC
:10BC1000F41000200000604A0000004700606A47FE
:10BC20000000384B00C82F4700409C4700B8084729
:10BC3000254A38B50346106849F6FF728469250421
:10BC40000BD5013A941CF9D1204B4FF0FF32C3F8C9
:10BC50005421FAF7BBFD002038BD44681C4D1D4A35
:10BC60002C402243426042682A4042EA034242F0AA
:10BC7000007242F0C602426049F6FF728469A5076D
:10BC800003D4013A941CF9D1DEE7013B11F8012BF2
:10BC9000826213F0FF03EFD10C494FF42042C1F848
:10BCA00054218469A50607D4013A541C4FF00103BE
:10BCB000F7D1C1F85421CCE70BB1C1F854212023AE
:10BCC000C3610120C8E700BF5C0D00205C180020A4
:10BCD000009800FCC6200101022813B518D00328E3
:10BCE0001AD0E8B1072246F625030F4C5BBA01A92A
:10BCF00002202260ADF80430FFF79AFF0B4B20685A
:10BD000000221A700A4B1A680A4B1A6002B010BD62
:10BD1000182247F2DF03E8E7622247F66603E4E70A
:10BD2000032246F29C03E0E7281100203011002096
:10BD3000C40900202C1100202DE9F74340F2032311
:10BD40004FF6FF71CDE900134FF000080446464658
:10BD500094F82C505FFA88F7BD426CD82269130F13
:10BD6000844BD96A14BF21F4785121F4F871D96257
:10BD7000D96A0A43DA62D4E90202596902430A43E2
:10BD800060685A61FAF760FC026823686169012EF5
:10BD900094BF4FF0000C4FF0010C6FF30E1242EA0B
:10BDA000CC1242F4145242F0200203F14007026028
:10BDB00046608760C1600268B3F1A04F42F00102A3
:10BDC00002606D4802D06D4A934248D16C498A683E
:10BDD000024042F468328A60D9686A4A0A4042F4F2
:10BDE0000052DA601A6B013E22F00F0216431E6306
:10BDF00000200121382707264FF01F0CC2B29542C0
:10BE00002FD89A6842F001029A601A68D207FCD5CE
:10BE1000DA6822F00202DA60DA6842F00202DA60DE
:10BE2000DA6842F00102DA609A6842F004029A602D
:10BE300003B0BDE8F083A369DB5D6BB1E36933F860
:10BE400017300093236A694653F82700FFF71EFA5C
:10BE5000626A731CD655DEB208F1010878E74A49D8
:10BE6000B5E7A269125C4AB3A26A0429125C27D81A
:10BE700001EB410ED3F830804FEA4E0E0CFA0EF96A
:10BE800028EA090802FA0EFE4EEA080EC3F830E06E
:10BE9000092A58D90A3AD3F818E0D3F818E002EB87
:10BEA000420206FA02F22EEA020EC3F818E0D3F8B4
:10BEB00018E042EA0E029A610131C9B201309DE7F1
:10BEC000092914D8A1F1050E0EEB4E0ED3F83480DB
:10BED0004FEA4E0E4FF01F0909FA0EF928EA090839
:10BEE00002FA0EFE4EEA080EC3F834E0D0E70E293F
:10BEF00014D8A1F10A0E0EEB4E0ED3F838804FEA9B
:10BF00004E0E4FF01F0909FA0EF928EA090802FA45
:10BF10000EFE4EEA080EC3F838E0B9E7A1F10F0EA5
:10BF20000EEB4E0ED3F83C804FEA4E0E4FF01F0939
:10BF300009FA0EF928EA090802FA0EFE4EEA080E7E
:10BF4000C3F83CE0A4E7013AD3F814E0D3F814E0D6
:10BF500002EB420207FA02F82EEA080EC3F814E0D8
:10BF6000D3F814E0033206FA02F242EA0E025A61F2
:10BF7000A2E700BF00100240E010FCFF00010050EB
:10BF80000003005007C0FFFD000700500B4B0C4999
:10BF9000DB68DB43C3F302230122C3F1040310B5C2
:10BFA00002FA03F30C181B01DBB284F800334309D7
:10BFB00000F01F00824041F8232010BD00ED00E09A
:10BFC00000E100E02DE9F3411D468F4B9DF8207004
:10BFD00098428846164640F0B9808C4C8C4BC4F889
:10BFE0005C3104F53273C4F8703104F57273C4F82F
:10BFF00074314FF48073C4E95A33864BC4F89031DE
:10C00000A3F54843203BC4F8A8310433C4F8A43155
:10C0100003F55743D833C4F864219A69C4F8AC01D6
:10C0200042F480429A615A6942F001025A6140F238
:10C030000233ADF8043000239F428DF806300CBF68
:10C0400001230223012D8DF807300FD04FF09040CF
:10C050004FF400730093436A23F0F0034362436A92
:10C0600043F0700343626946FFF710F94FF09040C8
:10C070004FF480630093436A674C23F47063436218
:10C08000436A43F4E06343626946FFF7FFF80E201A
:10C09000FFF77CFF2520FFF779FF012384F8443068
:10C0A00000232046C4E90733C4E90933C4F82C80CF
:10C0B0006571A660A771FCF7AFFD206B002800F04A
:10C0C0009380E76CE1686669FAF7BEFA0368226D4F
:10C0D0006FF30E1343F4855389B2036041608760A8
:10C0E000C660036843F001030360936843F04003B4
:10C0F000936043689BB22364012D1ED0606B0028BF
:10C100007AD0A56C2169FAF79FFA03686FF30E13D2
:10C1100043F4845343F01003036089B20023416069
:10C120008560C360026842F002020260226D4360D3
:10C130004360936843F080039360226D136843F07B
:10C1400001031360204602B0BDE8F081334B9842F2
:10C1500058D12E4C2E4BC4F8B0314FF48073C4E943
:10C160006F33C4F8B82104F599632D4AC4F8C4317B
:10C1700004F5B963C4F8C831D369C4F8000243F4C4
:10C180000033D36140F20233ADF8043000239F4204
:10C190008DF806300CBF01230223012D8DF80730E6
:10C1A0000ED04FF0904004230093036A23F4706391
:10C1B0000362036A43F4E06303626946FFF766F8CB
:10C1C0004FF0904008230093036A164C23F4704309
:10C1D0000362036A43F4E04303626946FFF756F8DB
:10C1E0002620FFF7D3FE58E7236D20221A621A6833
:10C1F00042F020021A607FE7226D136843F080034B
:10C2000013609AE700249DE7003801405C18002085
:10C21000B019010844000240B81900200044004051
:10C22000001002400C1A00202DE9F341DFF864C031
:10C230009DF824700E4611461A469DF8203004469B
:10C240004FF00C08002008FB00FE0EEB0C051CF95B
:10C250000EE0A64504D001300428F4D1002005E00A
:10C2600028890028FAD124B1012C0CD002B0BDE8F5
:10C27000F08106480097FFF7A5FE0028F6D004716C
:10C280002E816860F2E702480097F4E70038014029
:10C2900000440040A80D002007B51B4B1B4A1A6044
:10C2A0001B4B93F83E3123B3012B09D119490320CD
:10C2B000087019490720087018490B700C23137077
:10C2C000174B184A1A604020FCF7E2F970B10123BD
:10C2D000002290F900004021CDE90032124A4FF4CB
:10C2E000E133FFF7A1FF003818BF012003B05DF86C
:10C2F00004FB084902200870074903200870074919
:10C300000B700723DBE700BF14150020980D0020F9
:10C310006804002012150020181500205C18002069
:10C320003800002075610008A182000870B5154D25
:10C33000AB894FF47A73E2B169B111F8016B2C89C2
:10C34000A4070AD52E732C89E40713D45C1EA4B26B
:10C3500043B12346F7E7FF26F1E75C1EA4B20BB119
:10C360002346ECE7084AB2F85A3101339BB2A2F8EF
:10C370005A3170BD2C7BE4B208B100F8014B013A90
:10C38000D9E700BF003800405C18002073B50C4CA2
:10C39000207880B10B4D05234FF48056ADF8003066
:10C3A00001A82E8502226946FFF7C0FFAE619DF805
:10C3B000050000F00100207080F0010002B070BDA7
:10C3C0001E0E00200004004870B5054D2E6804467E
:10C3D000FFF7DCFF18B92B689B1BA342F8D970BD8F
:10C3E000C40900202DE9F04F464BDFF82C911C7852
:10C3F00099F800309C4289B015D0434A434FDFF88A
:10C400001CB104EB0201CDE9041296BF1C1BC4F160
:10C4100080040023CDE906431C443CB9394A00237B
:10C4200089F80030137009B0BDE8F08F3B683A8896
:10C4300054FA83F1B1F5807FDBF80C10DEB28CBFCB
:10C44000C6F5807626468B4252BAE7D202211B0CF3
:10C4500006208DF80C108DF80D30ADF80E20FFF78A
:10C46000B3FF0620FEF766FD294B01221A70294B07
:10C470004FF480521A8503A904220020FFF756FFCB
:10C48000069D6DB3B542DDF810802BD22A46414699
:10C490000020FFF74BFF721B0023454404950693D1
:10C4A000079DA5B1AA42DDF8148020D805AB0DF197
:10C4B0001C0A41460020CDE90023FFF737FF009A10
:10C4C000019B08EB0201AA1A1960CAF80020114B5F
:10C4D0004FF480529A613B683344A41B3B609CE755
:10C4E0003246DDE7324604AB0DF1180AE1E741467A
:10C4F0002A460020FFF71AFF08EB050100230591EB
:10C500000793E4E7D80D0020C5170020DC0D0020BC
:10C510001E0E002000040048D90D00202800002035
:10C52000F7B503238DF80430030C40BAADF80600CC
:10C5300006200D4614468DF80530FFF745FF90B1F3
:10C540000A4E04224FF480570DEB0201002037857C
:10C55000FFF7ECFE224600212846FFF7E7FEB76111
:10C56000204603B0F0BD0446FAE700BF00040048CF
:10C57000024640213C20FCF7F8BC10B5B020FCF787
:10C58000FFFC4020FCF7FCFC0020FCF7F9FC10202D
:10C59000FCF7F6FC4FF40064013C0020A4B2FFF766
:10C5A000E7FF002CF8D110BDF8B50C4F461E16F869
:10C5B000013F03B9F8BD03EB8303A3F1A1043C449D
:10C5C0000025013514F8010FEDB2FFF7D1FF052D5D
:10C5D000F7D10020FFF7CCFFE9E700BFCC19010835
:10C5E000054A138823EA00008342108002D001200C
:10C5F000FBF786BF704700BF380C0020044A138841
:10C6000018438342108002D00120FBF779BF7047A6
:10C61000380C0020844641EA000313F003036DD177
:10C62000403A41D351F8043B40F8043B51F8043BF5
:10C6300040F8043B51F8043B40F8043B51F8043BFC
:10C6400040F8043B51F8043B40F8043B51F8043BEC
:10C6500040F8043B51F8043B40F8043B51F8043BDC
:10C6600040F8043B51F8043B40F8043B51F8043BCC
:10C6700040F8043B51F8043B40F8043B51F8043BBC
:10C6800040F8043B51F8043B40F8043B51F8043BAC
:10C6900040F8043B51F8043B40F8043B51F8043B9C
:10C6A00040F8043B403ABDD2303211D351F8043B3C
:10C6B00040F8043B51F8043B40F8043B51F8043B7C
:10C6C00040F8043B51F8043B40F8043B103AEDD2EB
:10C6D0000C3205D351F8043B40F8043B043AF9D23C
:10C6E000043208D0D2071CBF11F8013B00F8013B0F
:10C6F00001D30B8803806046704700BF082A13D31C
:10C700008B078DD010F003038AD0C3F10403D21A33
:10C71000DB071CBF11F8013B00F8013B80D331F867
:10C72000023B20F8023B7BE7043AD9D3013A11F8E7
:10C73000013B00F8013BF9D20B7803704B78437052
:10C740008B78837060467047000000000000000096
:10C7500000000000000000000000000000000000D9
:10C7600000000000000000000000000000000000C9
:10C7700000000000000000000000000000000000B9
:10C7800030B490F800F020F007016FF0000C10F0CA
:10C79000070491F820F040F048804FF000046FF05B
:10C7A0000700D1E9002391F840F000F1080082FA77
:10C7B0004CF2A4FA8CF283FA4CF3A2FA8CF34BBB42
:10C7C000D1E9022382FA4CF200F10800A4FA8CF2BB
:10C7D00083FA4CF3A2FA8CF3E3B9D1E9042382FA89
:10C7E0004CF200F10800A4FA8CF283FA4CF3A2FA9E
:10C7F0008CF37BB9D1E9062301F1200182FA4CF2D6
:10C8000000F10800A4FA8CF283FA4CF3A2FA8CF33C
:10C81000002BC6D0002A04BF04301A4612BAB2FA5E
:10C8200082F200EBD20030BC7047D1E9002304F063
:10C830000305C4F100004FEAC50514F0040F91F898
:10C8400040F00CFA05F562EA05021CBF63EA050335
:10C8500062464FF00004AAE753B94AB9002908BF5D
:10C8600000281CBF4FF0FF314FF0FF3000F0E2B85E
:10C87000ADF1080C6DE904CE03F07AFDDDF804E0BB
:10C88000DDE9022304B0704700F1340191E838007B
:10C890009C46A6464CF8045D90E8FF0FE54600BDB7
:10C8A00090EC210B704700BF80EC210B704700BF5C
:10C8B00090EC200B704700BF80EC200B704700BF4E
:10C8C000D0EC200B704700BFC0EC200B704700BFBE
:10C8D000F0EC0201F0EC0211F0EC0221F0EC02317C
:10C8E000F0EC0241F0EC0251F0EC0261F0EC02716C
:10C8F000F0EC0281F0EC0291F0EC02A1F0EC02B15C
:10C90000F0EC02C1F0EC02D1F0EC02E1F0EC02F14B
:10C91000704700BFE0EC0201E0EC0211E0EC022104
:10C92000E0EC0231E0EC0241E0EC0251E0EC0261AB
:10C93000E0EC0271E0EC0281E0EC0291E0EC02A19B
:10C94000E0EC02B1E0EC02C1E0EC02D1E0EC02E18B
:10C95000E0EC02F1704700BFB0FC0181B0FC019136
:10C96000B0FC01A1B0FC01B1704700BFA0FC018187
:10C97000A0FC0191A0FC01A1A0FC01B1704700BF87
:10C98000EC4600B52DE900502DE9FF1F4FF00003E4
:10C990002DE90C0001A903F0C5FFDDF840E012B05D
:10C9A000704700BFEC4600B52DE900502DE9FF1F90
:10C9B0004FF000032DE90C0001A903F0F1FFDDF8B1
:10C9C00040E012B0704700BFEC4600B52DE90050C2
:10C9D0002DE9FF1F4FF000032DE90C0001A904F021
:10C9E00001F8DDF840E012B0704700BFEC4600B53A
:10C9F0002DE900502DE9FF1F4FF000032DE90C0039
:10CA000001AB03F0C5FFDDF840E012B0704700BF96
:10CA1000EC4600B52DE900502DE9FF1F4FF0000353
:10CA20002DE90C0001AA04F039F8DDF840E012B05D
:10CA3000704700BF704700BF2DE9F04F2DED108B00
:10CA40008BB0F7F711FF3A4D3A4C94F80236002BB1
:10CA50003FD0D4F85C3555F8582CC4F804369B1AEE
:10CA6000B3F5FA6F5CD200210220FCF78DFA324B4D
:10CA7000324A334904F5C360FEF7A4FE04F5C360EF
:10CA8000FFF792FD02210846FCF77EFA2D48FFF7DA
:10CA90008BFD04210020FCF777FA2B4B2B4A2C4905
:10CAA00004F5C360FEF78EFE04F5C360FFF77CFD5E
:10CAB00006210220FCF768FA264A274904F5C360DC
:10CAC000FEF780FE04F5C360FFF76EFD012384F8D6
:10CAD0000C3694F8FE35D4F8D8674BB155F8543C71
:10CAE000F31A002BA2BF002384F8FE3584F8FF352B
:10CAF000D4F8D42742F20103134008BF05F8503C94
:10CB0000100768D5D4F8C0361B7A062B63D8DFE847
:10CB100013F025002500A10148027B02AB02AB0205
:10CB200094F80C36002BD4D0FFF727FD0023CEE776
:10CB30006015002068040020DB1D0108E81D0108C5
:10CB4000F01D0108FA1D01080C1E0108131E010842
:10CB5000191E0108B91D0108281E010815F84F3CCF
:10CB6000CBB3002305F84F3C55F84C3C15F84ECCA0
:10CB700093F800E015F8488C0221681810F8473C3B
:10CB800043FA0CF303F00F0373450FD20B2B0DD8B0
:10CB900010F8477C481C284405EB830310F8470C29
:10CBA00007EA080700EB072043F8340C023110298C
:10CBB000E3D10123012105F8501C9F49C3F3400331
:10CBC00081F83C3083F0010384F8FE3506F5C33369
:10CBD000A03345F8543C530419D594F89C39002BE4
:10CBE00000F04B82012105F8501C84F8FE15924993
:10CBF000002384F89C3981F83C3006F5F42303F5D2
:10CC0000907345F8543C94F8FE3584F86135D707A5
:10CC100017D595F8981095F899308B420DD00123CF
:10CC200084F8FF35844B85F89910002083F83D0087
:10CC300006F5C333A03345F8543C94F8FF3584F827
:10CC40006135900409D57D4A002332F8021B002982
:10CC500041F0678601330C2BF7D1F3F719FB15F878
:10CC6000508CB8F1000F05D1D4F8983AF31A002B84
:10CC7000C0F20682F6F72EFB012385F8B23095F854
:10CC8000B3305BB1D4F8FC38590707D5D4F82C364B
:10CC90001A0700F109820820FFF7A2FCFBF73AFA15
:10CCA000A389C4F8D8072BB1D5F8D820821A002A56
:10CCB000FFF6CAAE0344C5F8D8306148D4F8883AC4
:10CCC000D4F8B8769847002879D05D4994F8802C3C
:10CCD0000846FBF79FFDB4F85485B8F1000F59D012
:10CCE000D4F8F436574E1B78DFF854B1DFED568A8E
:10CCF00008EE103A06F13C0A06F144090022B8F5A4
:10CD00007A7F02BF0023C9F800303361BBF900000D
:10CD1000D9F8003007EE900A0344306949F8043B23
:10CD2000411C0129F8EEE77A316140F0B882C6ED86
:10CD3000017AB0EE687AB8F1010F2BF8022B2AF8CD
:10CD4000022BC6ED007A86ED027A40F0C9820129F5
:10CD5000C6BF07EE900A96ED037A9FED3B0A029359
:10CD6000C4BFF8EEE77A87EE270A01F0B3FE029B14
:10CD7000002218EE101A002900F0AA82F8EEC87AF4
:10CD8000F4EEC07AF1EE10FA40F1A2824FF47A7319
:10CD9000A4F85435B4F82439B5F818219B1AA4F82E
:10CDA0002439B5F81A21B4F826399B1AA4F8263983
:10CDB000B5F81C21B4F828399B1AA4F82839FBF7D8
:10CDC000A9F9D5F82C319FED217ADFED21AAC5F81C
:10CDD0002C01C31A07EE903AF8EE677AC7EE878AFD
:10CDE000F4EEEA8AF1EE10FA40F3A4820023C5F8CB
:10CDF0003031FBF78FF9D4F8203DC4F8D807C31AB7
:10CE0000A5F80C3294F8EC35C4F8200D13F00403A7
:10CE100001F09D83D4F8F435002B01F08980013BAB
:10CE2000062B01F28580DFE813F06D080A0A550A27
:10CE3000CA0AE60A050B6D0B00000020FA15002057
:10CE40008C0D00203C1600200000000000247449D6
:10CE5000CDCC4C3E15F8043C002B3FF4BCAE15F88D
:10CE6000010C002305F8043C15F8023C00F0070112
:10CE700043EA01232978C4F8D03C01F03F035B0169
:10CE800043EAD003C4F8D43C6B789B0043EA911387
:10CE9000A97801F0010043EA8023E878C4F8D83C7F
:10CEA00000F00F03DB0143EA51032979C4F8DC3CAD
:10CEB00001F07F031B0143EA1013C4F8E03C6B79D7
:10CEC000A8795B0043EAD11300F0030143EA412350
:10CED000E979C4F8E43C01F01F039B0143EA9003A5
:10CEE000C4F8E83C2B7AA87ADB0043EA5113C4F873
:10CEF000EC3C6B7A00F0070143EA0123E97AC4F8BD
:10CF0000F03C01F03F035B0143EAD003C4F8F43C7A
:10CF10002B7B9B0043EA9113697B01F0010043EAFC
:10CF20008023A87BC4F8F83C00F00F03DB0143EA40
:10CF30005103E97BC4F8FC3C01F07F031B0143EA89
:10CF40001013C4F8003D2B7C687C5B0043EAD113CE
:10CF500000F0030143EA4123A97CC4F8043D01F039
:10CF60001F039B0143EA9003C4F8083DEB7CDB0000
:10CF700043EA5113297DC4F80C3D11F0010F40F232
:10CF800014730CBFAD20184611F0020F08BFAD237B
:10CF90000907C4F8100DC4F8143D7FF50AAE032349
:10CFA00008E6A97D00293FF416AEE87D2F8B00210D
:10CFB000A97505EB400191F81DC0897F41EA0C215C
:10CFC0008F427FF408AEE97E01290BD081297FF4DE
:10CFD00002AE102801D91020E875CB49002701F1D5
:10CFE000260E0AE00B46F4E791F8018091F802C0A2
:10CFF0004CEA082C2EF802CB01375FFA87FC60451B
:10D0000001F10201F0D8D5E595F86030002B3FF42E
:10D01000E2AD002385F8603095F86130A82B7FF4ED
:10D02000DAAD95F87430002B7FF4D5ADB7499FED9C
:10D03000B86ADFEDB86A01F1170791F803C0087903
:10D0400000EB0C2007EE900AB8EEE77A0133C7EE4A
:10D05000067A082B01F1020177EEE67AFCEEE77A18
:10D06000E7EC017AE9D1A4E594F8183D002B3FF4F0
:10D07000B2AD002384F8183D9BE505F8503CC2E5AD
:10D08000D5F8B4707B1C012FC5F8B43000F0F180E6
:10D09000022F00F0F780EFB1D5F8B430042BC4BFF5
:10D0A0000023C5F8B430F9E5B4F8D06716F00806E7
:10D0B0007FF4F4AD0820FFF7A1FAD4F89835C4F84E
:10D0C000943540F2DC53A4F88C35C4F8AC6BC4F84A
:10D0D0009C65E3E5D4F8FC381B07DDD5D5F8B830FE
:10D0E000F31A002BD8DB07EE906A9FED8B7AD4F809
:10D0F000883C8A48C5F8BC60F8EE677A77EE877A94
:10D10000FCEEE77AC5ED2E7A9847844994F8822C94
:10D110000846FBF77FFB94F8E3385E071ED5D5F889
:10D12000B820C5F8C0207E4A85F8C4701760978083
:10D13000B4F92A29A5F8C620A5F8CC20B4F92C29E1
:10D14000A5F8C820A5F8CE2023F00403B4F92E29B1
:10D15000A5F8CA20A5F8D02084F8E338D5F8C02077
:10D16000DAB1D5F8B8309B1A6E4A93424FF00003FB
:10D1700044D86D4A694E901D36F9021B32F9027B84
:10D18000B94230F9027BB8BF22F8021C0133B94220
:10D19000C8BF20F8021C032BEED194F8C93C002B29
:10D1A0003FF47AAFB4F82C39B4F80421B4F82A1952
:10D1B0009B1AB4F80A2112FB03F210B2B4F806313C
:10D1C000B4F82E29D21AB4F80C3113FB02F3B4F8D8
:10D1D0000221891AB4F8082112FB01F21BB20A21BC
:10D1E00012B293FBF1F392FBF1F2A4F82E39A4F8FA
:10D1F0002A2990FBF1F2A4F82C294DE74A484B4F1D
:10D20000C5F8C03000F1060C00F10C0630F902EB55
:10D210003CF9022B0EEB020101EBD171A2EB0E02E5
:10D220000133491002EB8202032B27F8021F26F874
:10D23000022BEBD1B5F9D210B5F9D420B5F9D6004F
:10D240008B1803440A26734300EB400001EB4101B5
:10D2500002EB420293FBF1F193FBF2F2A4F8081106
:10D2600093FBF0F3A4F80A21A4F80C31F6F728F8A0
:10D2700093E7D4F8FC3858077FF50EAF3046FDF73A
:10D28000D9FF09E7F2F7E8FF30B93046F6F7EBFFD0
:10D29000012384F88C36FFE684F88C86FCE696ED54
:10D2A000007A06EE901A37EEC76AF8EEE65AC6EE36
:10D2B000256A76EE876A96ED027AC6ED016A77EE08
:10D2C000E67AA6EE277AF0EE667A86ED037A32E504
:10D2D00003F5FA734FF47A7093FBF0F32AF8023CEB
:10D2E000134B1436B3427FF40AADB8F1010F05D1E8
:10D2F0004046FBF7DFF86423C4F8583508F1FF38DF
:10D30000A4F8548546E500BF7A150020C115002019
:10D31000CDCCCC400080BB43003EC647920D0020E0
:10D320006A0500207FC3C901261600206805002079
:10D3300078160020D4F8FC3813F0020300F0DA85E8
:10D34000D4F8643C50489847002800F0DB804E49F0
:10D3500094F8812C0846FBF75DFAB4F85265002E6C
:10D360003ED0D4F82C174948A1F1020CA0F1080EC8
:10D3700001F104090022B6F5C87F08BF0260036806
:10D38000BEF900802EF8022B434440F8043B2CF8F1
:10D39000022FE145EFD1012E1FD1D5F83C314FF4DA
:10D3A000C870C83393FBF0F30B80D5F84031C83315
:10D3B00093FBF0F34B80D5F84431C83393FBF0F383
:10D3C0003348C08C1B1A8B80A7F85C20A7F85E201E
:10D3D000F5F776FF6423C4F85835013EA4F852658A
:10D3E000D4F8D437590779D5B4F8828BD4F82C67A0
:10D3F000B8F1320F50D13388A5F848317388A5F8B9
:10D400004A31B388A5F84C31B7F85C30A5F84E31F5
:10D41000B7F85E30A5F850311E4AB01EA2F1200CBC
:10D4200006F104090021B8F1320F08BF116013683A
:10D43000BCF900E02CF8021B734442F8043B20F8CE
:10D44000021F8145EFD1B8F1010F17D10C2084F8EC
:10D45000841B84F87F8BFBF72DF8B5F848313380B7
:10D46000B5F84A317380B5F84C31B380B5F84E3118
:10D47000A7F85C30B5F85031A7F85E3008F1FF33FB
:10D48000A4F8823B0BE000BF941600209C160020FD
:10D4900000000020B4160020B8F1000FBCD194F8B1
:10D4A000803BDBB13221D5F8543193FBF1F333806B
:10D4B000D5F8583193FBF1F37380D5F85C3193FBC9
:10D4C000F1F3F449C98C00225B1AB380A7F85C2001
:10D4D000A7F85E2084F8802BF5F7F2FED4F82C270D
:10D4E000B5F8343111885B1AA5F834315188B5F894
:10D4F000363192885B1AA5F83631B5F838319B1A67
:10D50000A5F83831B4F926399FEDE36AD5ED587A9C
:10D51000E04E9FEDE2BA96ED162AD6ED134A96ED4F
:10D52000193A96ED11AA96ED140AD6ED182AD6ED01
:10D53000171A96ED124A9FEDDACA07EE103AB4F9BF
:10D54000283905EE903AB4F9243906EE903AF8EE0F
:10D55000E66AB8EEC77AE6EE867AD5ED596AC5ED89
:10D560005B7AE7EE066AF8EEE55A95ED5A7AC5ED74
:10D570005C6AA5EE867A95ED5E6A85ED5D7A77EE5A
:10D58000867A95ED616AD6ED155A77EE867A95ED35
:10D590005F6A76EE866A95ED626A76EE866A95ED4A
:10D5A000606A37EE067A95ED636A66EEA86A37EE32
:10D5B000067A67EEA87A27EE287A64EEE63A22EE3B
:10D5C000665A23EE666AE7EE043AA7EE255AA7EEFE
:10D5D000226A6AEE479A60EE470A25EEE71A21EEC4
:10D5E000C77AE7EEA49AE7EE820AA7EE837A24EEE2
:10D5F000678AA6EE801A62EEE77AA6EE8A8AE6EEDF
:10D60000A17A72EE016A73EE8A3A34EE294A74EE18
:10D61000884A35EE005A75EEA05A32EE877A73EEDC
:10D62000277AC6ED166A76EE216AC6ED113A86EDC6
:10D63000124AC6ED134A86ED145AC6ED155AC6EDC8
:10D64000176A86ED187AC6ED197AFEF753F8D5F801
:10D65000BC20D5F89031DFED939A9FED93AA9A42C2
:10D6600040F0C7829FED917AD5ED617A67EE877AB7
:10D67000C5ED617AD5ED627A67EE877AC5ED627A9B
:10D68000D5ED637A67EE877AC5ED637AB5F9343103
:10D6900096ED15EAD6ED12EAD6ED14FAD6ED18DAC3
:10D6A00096ED11FA96ED17DAD6ED16AA96ED137AE5
:10D6B00096ED199AD5ED4C5A8DED057A5B4207EE41
:10D6C000903AB5F936315B4208EE103AB5F9383187
:10D6D0005B42F8EEE76AB8EEC88A07EE903AB8EE19
:10D6E000E76A68EE0E7A6EEE88CAE6EEAF7A28EE4A
:10D6F0002D8AEFEE26CAA6EE8D8AE6EE2A7AE7EEAE
:10D7000006CAA6EE098A9FED6A6AC5ED6B7A67EED6
:10D71000867AC5ED6ACA27EEA75A6CEE86CAB0EEC5
:10D72000450AACEEAC0A85ED6C8A28EE068AB4EEAA
:10D730006A7A78EEA55AF1EE10FAA8EE080A6CBFE4
:10D7400001270027C5ED4C5ACDED045ACDED037AE3
:10D750008DED025A01F0BEF9CCEE80BA9DED025A71
:10D76000ABEEAB5AB0EE450AA8EE080A01F0B2F9EA
:10D77000DDED037AC7EE80CA2CEEAC0AABEEAB0A45
:10D78000A8EE080A01F0A6F9C8EE007AF0EE6B4A9E
:10D79000E7EEA94AB0EE6C5A97EEE95A2EEE248ACB
:10D7A00069EEEC7A6AEEA4AA6FEEA4CA9DED057A42
:10D7B00095ED5C0AEBEEA97AEFEE05CAAEEE858A2E
:10D7C000E7EE05AAEDEE27CAADEEA78AE9EE27AA95
:10D7D00020EE000AD5ED5B7AC5ED72CAA7EEA70A66
:10D7E000D5ED5D7A85ED738AA7EEA70AC5ED74AA1B
:10D7F000CDED07CA8DED088ACDED09AA01F06AF9D1
:10D8000096ED1B5ADDED045AB4EECB5AF1EE10FA48
:10D81000B4EECA0A44BF9FED215A86ED1BBAF1EE61
:10D8200010FA00F10883DFED237AB4EEE70AF1EE97
:10D8300010FA00F30383C0EE0A7A6CEEA77AB4EE16
:10D84000CA0A27EE856AF1EE10FA85ED5E6A00F1EC
:10D85000F882DFED187AB4EEE70AF1EE10FA00F381
:10D86000F382C0EE0A7A68EE277AB4EECA0A27EE8F
:10D87000857AF1EE10FA85ED5F7A00F1E882DFED4E
:10D880000D7AB4EEE70AF1EE10FA00F3E382C0EE8F
:10D890000A7A19E000000020487D8B3ACDCC4C3D3F
:10D8A000C2B8B23E00000000F3665F3FEC51783F23
:10D8B0000000803958A00B41728A0E3C4C3D0F4449
:10D8C0000000E144DB0F4940D4F82C36DB076AEE58
:10D8D000A77A67EE857AC5ED607A0DD4B2EE005A6C
:10D8E00026EE056A27EE057A67EE857A85ED5E6A93
:10D8F00085ED5F7AC5ED607AB4EECC0AF1EE10FAF0
:10D900001FD55FED137A95ED6D7A95ED756A6CEE26
:10D91000A7CA28EE278AA5EEAC7A6AEEA7AA85EDFB
:10D920006D7AD5ED6F7A95ED6E7AE5EEAA7AA5EE71
:10D93000887A75EE865A85ED6E7AC5ED6F7AC5EDFB
:10D94000755AD5ED757AB1EE047AF4EEC77AF1EE38
:10D9500010FA4FDB95ED767A95ED6D6A67EE877A72
:10D96000B1EE677AB4EEC76AF1EE10FA00F1758293
:10D97000F4EEC67AF1EE10FA54BFF0EE465AF0EE2D
:10D98000675A95ED6E6AB4EEC67AF1EE10FA00F3BE
:10D990006782F4EEC67AF1EE10FA48BFB0EE676A1D
:10D9A00095ED6F5AB4EEC57AF1EE10FA08DCF4EE9C
:10D9B000C57AF1EE10FA54BFB0EE457AB0EE677A50
:10D9C000D5ED587AC5ED6D9A77EEA57AC5ED6E9ACC
:10D9D000C5ED587AD5ED597AC5ED6F9A77EE867A0E
:10D9E000C5ED759AC5ED597AD5ED5A7A77EE877AF5
:10D9F000C5ED5A7AB4EE6EFAF1EE10FAF4EE4EFA84
:10DA000068BF47F00107F1EE10FAB4EE6DDA68BFB7
:10DA100047F00107F1EE10FAC5ED4C9A07D6B4EEC7
:10DA2000499AF1EE10FA02D6002F00F01C82FDF7A1
:10DA300029FEB36C96ED170AC5F8E031F36C96ED4C
:10DA400011BA96ED14AAD6ED18AA96ED19CAC5F822
:10DA5000E431B4EE400A736DC5F8EC31F1EE10FA22
:10DA6000B36D85ED77BA85ED7AAAC5F8F03185ED0D
:10DA70007D0AC5ED7EAA85ED7FCA80F11282F7EEA0
:10DA8000007AB4EEE70AF1EE10FA80F20D82FFEEB2
:10DA9000007AB4EEE70AF1EE10FA40F2088200F0E4
:10DAA000BBFFB1EE408AF0EE4C0AB0EE6A0A85ED9B
:10DAB000668A00F0DDFFF0EE4B0AF0EE40AA85ED3D
:10DAC000650AB0EE4A0A00F0D3FF1FED84BA85ED77
:10DAD000670AB0EE40AA2AEE8B0A01F09DF828EE04
:10DAE0000B0A07B2A4F83C7601F096F85FED8C7A49
:10DAF000A4F832792AEE67AA5FED8E7A8AEE270AB9
:10DB00000FFA80F8A4F83E86A4F83489F2EE047A7D
:10DB100030EE290A80EE270A01F07EF803B2002BCE
:10DB200002DA00F5B47003B2A4F84236D4F85037E4
:10DB3000B6F826C0E14E93F80090DFF8B4E3002277
:10DB400006F1CC001146B7EE007A36F9023BB9F186
:10DB5000000F18D007EE909AF8EEE77AC7EE276A22
:10DB600007EE903AF8EEE77A37EE666A67EEA67A45
:10DB7000D0ED006AE6EE867AC0ED007AFDEEE77A37
:10DB800017EE903A1BB20131C9B203292EF8023BBD
:10DB900000F1040003FB03F393FBFCF31A44D4D11C
:10DBA000DFEDC77A68EEA78A6423FCEEE87A534378
:10DBB00017EE900A93FBFCF3C4F88836F8F796FE4C
:10DBC00088EAE870B4F9CA2C94F8E338A0EBE8705E
:10DBD00080B2904280F26E81002FB8BF7F42BFB208
:10DBE000BA4240F3678143F0080384F8E338FFF753
:10DBF00000B9D31A0CEE903AB4F92C399FEDB17AF2
:10DC0000D6ED170AD6ED197AD6ED186AC5F8902127
:10DC100008EE103AB4F92E390DEE903AB4F92A39DB
:10DC2000F8EE6CCA0EEE103A95F8C4306CEE87CA66
:10DC3000B8EEC88AF8EEEDDAB8EECEEA83BB26EE8F
:10DC4000ED0AB7EE007AA8EE270A6DEEA77AA0EEED
:10DC5000E07AE8EE267AB1EE400A60EEE70AE7EEF7
:10DC60000E0A00F005FF9FED981AB4EEC10AF1EE1E
:10DC700010FA08D49FED951AB4EEC10AF1EE10FA2D
:10DC8000D8BFB0EE401AD5ED660A95ED650AF8F7F3
:10DC90007FFF0123C5ED619AC5ED629A85F8C43016
:10DCA00096ED12DAD6ED117A28EE0DDAA7EE8EDABD
:10DCB000D6ED137AA7EEADDAD6ED157A85ED68DAF2
:10DCC00028EE278AD6ED147AA7EE8E8AD6ED167A3C
:10DCD000A7EEAD8A28EE08EA85ED698AB0EE4E0A15
:10DCE000ADEE0D0A00F0F6FECDEE00DAB0EE4E0A13
:10DCF000ADEEAD0A00F0EEFE9FED757AF0EEED7A36
:10DD0000F4EE477AF1EE10FA00F38C80C8EE007A58
:10DD1000F0EEE76AF4EE476AF1EE10FA00F3828063
:10DD2000DDEEA97AB0EE67DA95ED5C0AD5ED5B7AA7
:10DD3000D6ED19DA20EE000A6DEE2DDAA7EEA70A6D
:10DD4000D5ED5D7AA7EEA70A00F0C4FE96ED1A7A2B
:10DD5000B4EECB7AF1EE10FAB4EECA0A44BF9FEDEE
:10DD60005D7A86ED1ABAF1EE10FAB0EE40EA5CD4B4
:10DD7000DFED597AB4EEE70AF1EE10FA58DCC0EEA6
:10DD80000A7A6DEEA77A95ED6B0A27EE878A20EE68
:10DD9000000AD5ED6A7AA7EEA70A00F09BFEF1EE25
:10DDA000007AB4EEE70AF1EE10FA9ABFF1EE027AC9
:10DDB00037EEC00A9FED490AD4F82C3698BF20EE02
:10DDC0002A0ADA0768EE007A58BFB2EE007AC5ED8B
:10DDD000637A5CBF67EE877AC5ED637AF0EE007A0E
:10DDE000F4EEE7CAF1EE10FA0ED5B4EECCEAF1EE9D
:10DDF00010FA09D5DFED3A7A6DEEA7DAD5ED6F7A34
:10DE0000ECEEAD7AC5ED6F7A95ED707AB5F8C43168
:10DE1000F0EECD7A77EE877A0133C5ED707AA5F80A
:10DE2000C43133E49FED2FDA7EE7F7EE007AA8E7FE
:10DE3000F2EE047AA5E7F7EE007AFEE4F2EE047A59
:10DE4000FBE4F7EE007A0EE5F2EE047A0BE5F7EE6E
:10DE5000007A39E5F2EE047A36E5F0EE475A90E5BD
:10DE6000B0EE476A9CE5F7EE007AB4EEE7DAF1EE41
:10DE700010FA07D5FFEE007AB4EEE7DAF1EE10FA09
:10DE80003FF7D7ADFDF736FCD6ED177AB2EE047A40
:10DE9000F0EEE77AF4EEC77AF1EE10FA7FF7C9AD4B
:10DEA000C5E59FED100AFCE59FED0F0AF9E59FED32
:10DEB0000F0AF6E523F0080397E600BF941600204A
:10DEC00000247449BD3786359A9949C09A994940CA
:10DED000FFFF7F7FCDCC4C3D58A00B41CDCCCC3D3E
:10DEE0000AD7233C00000000DB0FC93FDB0FC9BF8E
:10DEF000860D0020A5F83431A5F83631A5F8383163
:10DF0000FEF777BFD5F81022D4F85C35D4F82C662C
:10DF10009B1A40F69802934240F2528146F008065E
:10DF200000230120C4F82C66C4F8F435FEF766FB24
:10DF3000D4F8B89699F85630002B40F01283F3F7D6
:10DF40004DFB94F84331002B52D0B5F80C32C74842
:10DF5000B4F8CC6C00EE103A0121B8EE400AF8F7A4
:10DF600079FEBCEEC00A95F8B22010EE103A9BB2D2
:10DF7000B6FBF3F0411CB5F92C3209B2002A00F0CF
:10DF80000B83BB4EDFF8088306F1080C002738F935
:10DF900002EBBCF90090B6F900202CF802EBAEEBD6
:10DFA000090901375A43042F92FBF1F24A4426F83B
:10DFB000022BECD1002385F8B23003B2002B40F3E2
:10DFC000EE82AC4FDFF8C8C2A5F82C32A7F1080EDC
:10DFD000002037F9026B3EF9022B013013FB02F2ED
:10DFE000042892FBF1F2A6EB02022CF8022BF0D1EE
:10DFF000F2F7BEFBD4F8FC280123160785F8B330EE
:10E000004FD5B4F96C3540F2DC518B42CCBFA3F252
:10E01000DC53CB1AB3F5967F80F2CE82B4F8D037BA
:10E0200003F04403002B00F0C78295F83E3273B131
:10E03000B4F92839032B40F3B6829B10452B30DC12
:10E04000002385F83E32B4F84236A4F87E36B4F8A0
:10E050007E16B4F842365B1A99B21BB213F1B30FB5
:10E0600002DA01F5B4710BB2B32BC4BFA3F5B473DC
:10E070001BB213F11E0FC0F29C821E2BA8BF1E23E1
:10E08000D4F8B816497A11FB03F31BB2B3F5C87F75
:10E090007949A8BF4FF4C8738B42B8BF0B46A4F8A8
:10E0A000A83512F0140F13D0B4F8D03703F402736C
:10E0B00073B194F8E338D80640F18682B4F8A635F7
:10E0C00094F99421B4F99C1501FB0233A4F8A63508
:10E0D000DFF8C08198F83E3043B1B4F84631B4F966
:10E0E0006E259A42DCBF0023A4F8A835D4F8B87690
:10E0F00097F81C6166B3B4F8D037990728D09FED24
:10E100005F0A80EE000A00F05BFC5D4BD3ED007A05
:10E1100020EE270A00F080FD07EE906AB0F5617FDF
:10E12000A8BF4FF46170F8EEE75A07EE900AB8EE18
:10E13000E70ADFED547A80EE270AF2F791F925EE2F
:10E14000800A00F069FDB4F8AA351844A4F8AA05BD
:10E150004D4B0093D8F87060B4F8FA20D4F8A416A8
:10E1600007F15C033846B04794F8B839D4F838C79B
:10E170000293032B16D9BCF80210B1F5FA7F11D225
:10E18000B4F9A825B5F94402002AB8BF524292B2A8
:10E190004B429B1A834203DC8B188342A8BF034681
:10E1A000A5F84432394AB4F9AA85B5F94292B5F9CD
:10E1B00040A2B5F944E2A2F63C031E46002032E23A
:10E1C0000120FEF71BFAD4F8A47644F64B33BB804B
:10E1D000D4F8183C86F00806632BC4F82C6604DCDF
:10E1E0004FF4FA63A4F86E35A2E60120FEF7F8F9C1
:10E1F00095F814226E2362B97B714FF47A73A4F8F8
:10E200006A350223C4F8F435D4F85C35C5F8183201
:10E210008EE6012A06D17B714FF4FA63A4F86A35C1
:10E220000523EFE7032A3B7104D14FF47A73A4F876
:10E230006835E6E74FF4FA63A4F86835F0E7D4F8F8
:10E240002C36012083F00803C4F82C36FEF7C8F9F9
:10E2500095F814324FF47A72F3B9B4F93E36A4F853
:10E260006A25B3F5E17F1BDD0323CBE78817002088
:10E270008E1700209617002070FEFFFF00000000A0
:10E28000C00B0020EFB6B0449E0500202C140020E7
:10E290000C0A002000000020032BA4F8682513D0EE
:10E2A0000223C4F8F435D4F85C35D5F818229B1A4B
:10E2B000B3F5FA6FFFF43CAE0023C4F8F435C5F8AB
:10E2C0001832F2F723FA33E6B4F93C26B2F5E17FCF
:10E2D000E6DD97E795F8143293B9B4F93E36B3F515
:10E2E000E17F51DDD4F82C36012083F00803C4F817
:10E2F0002C36FEF775F940F27E43A4F86A35D2E772
:10E30000032B7FF415AEB4F93C36B3F5E17F19DD8C
:10E31000D4F82C36012083F00803C4F82C36FEF71D
:10E320005FF94FF48363A4F86835D4F85C35D5F809
:10E3300018229B1AB3F5FA6FFFF4FAAD0023C4F864
:10E34000F43563E79BB2B3F5E17F3FF6F1ADB4F886
:10E350003E36FA339BB2B3F5FA7F3FF6E9ADD4F817
:10E360002C36012043F00803C4F82C36FEF746F99A
:10E370004FF48363A4F86835D4F85C35C5F81832D7
:10E380000423C4F8F435D3E59BB2B3F5E17F3FF63F
:10E39000CFADB4F83C36FA339BB2B3F5FA7F3FF613
:10E3A000C7ADD4F82C36012043F00803C4F82C364E
:10E3B000FEF724F940F20143A4F86A35DCE7D4F80B
:10E3C0002C36012043F00803C4F82C36FEF716F96A
:10E3D0004FF4FA63A4F86E35D4F8A43644F64B3201
:10E3E0009A80D5F81822D4F85C359B1A40F2DC529A
:10E3F0009342A3D8C4E70120FEF7F2F895F814324F
:10E40000012B0AD14FF4FA63A4F86A35B4F93E3609
:10E4100013F5E17F07DA0623F4E640F2B772022B28
:10E42000A4F8682503D00523C4F8F4357DE7B4F9D2
:10E430003C36EDE795F81402012811D1B4F93E36C7
:10E4400013F5E17F42DAD4F82C3683F00803C4F8E0
:10E450002C36FEF7C5F840F23A73A4F86A3564E743
:10E4600002287FF465ADB4F93C3613F5E17F0BDA91
:10E47000D4F82C36012083F00803C4F82C36FEF7BC
:10E48000AFF840F2B7734EE703F5E1739BB2B3F513
:10E49000C87F3FF64DADB4F83E36FA339BB2B3F5C4
:10E4A000FA7F3FF645ADD4F82C36012043F008033F
:10E4B000C4F82C36FEF7A2F840F23A73A4F8683597
:10E4C000D4F85C35C5F8183207235AE703F5E17331
:10E4D0009BB2B3F5C87F3FF62BADB4F83C36FA33A8
:10E4E0009BB2B3F5FA7F3FF623ADD4F82C3643F058
:10E4F0000803C4F82C36FEF781F840F2B773A4F88D
:10E500006A35DDE7D4F82C36012043F00803C4F85F
:10E510002C36FEF773F895F81432012B1CBF4FF41C
:10E52000AF63A4F868354FF4FA63A4F86E35D4F8F5
:10E53000A43644F64B329A80D5F81822D4F85C35CC
:10E540009B1A40F2DC5293423FF6F8AEBCE7C4F8A7
:10E55000F435C5F81832D4F8A43644F64B329A8014
:10E56000E6E4DFF80083BB4F0026B8F9003099F8E5
:10E57000561000EE103A3846B8EEC00AF8F76AFBBB
:10E58000BDEEC00A013610EE103A032E28F8023B09
:10E5900007F10407E9D1D2E4013B1BB20EE50023E9
:10E5A000A5F82C3224E5002BB8BF03339B105B4247
:10E5B00044E56FF01D0363E5012385F83E32B4F8AE
:10E5C0004236A4F87E366CE5F1F7B4FF80E507EE3D
:10E5D000908AB8EEE77A07EE909A52ED026A9CF9BB
:10E5E0000110F8EEE77A494267EEA67A52ED046A26
:10E5F000E7EE267A0EFB01F1013007EE10AA52ED8C
:10E60000036AB8EEC77AE7EE267A07EE101A52EDE3
:10E61000016AB8EEC77AE7EE267AFDEEE77A17EEE2
:10E62000901A26F8021B0299884202F11002CED3FA
:10E6300094F8EC25520740F1E18094F8FF2604920B
:10E64000B4F9882718460121029E8E4273D8D4F867
:10E650003417D4F8D4A74888B4F96E658242C4BF91
:10E66000121A1FFA82FB0AF480520592D4F830077E
:10E67000D4F83C270392D8BF4FF0000B4FF00009AD
:10E68000029A4A455ED8744E96F8343C0BB1FCF7BA
:10E69000F1FC94F8EC355F072FD5B4F8D037D807E4
:10E6A0002BD5B4F93C36002BB8BF5B429BB2B3F517
:10E6B0002F7F1AD8B4F93E36002BB8BF5B429BB20D
:10E6C000B3F52F7F11D8B4F91E39002BB8BF5B42C8
:10E6D0009BB242F6E062934207D8B4F92039002B8E
:10E6E000B8BF5B429BB2934207D9D6F8F43523B941
:10E6F0000220F1F799FDF2F709F896F8ED75022F6F
:10E7000000F0B280032F00F0F880012F7EF49CA966
:10E71000DFF8488198F81030002B3EF495A996F860
:10E72000EC4514F0040475D04C4A002386F8ED350E
:10E730001374FEF789B930F9026FB242B8BF32469E
:10E74000013181E71A88059FA2EB0B0212B21A80F1
:10E7500077B3039F9CF80080B7F80EE0B8F1000F84
:10E7600008D1B0F80680AEEB0807B74202DAF044F1
:10E77000B04517DC76450EDDB0F802E0964504DCC6
:10E78000B1F802E09645A8BF9646A3F800E009F16B
:10E790000109023374E7B1F804E09645F5DCB0F8FE
:10E7A00000E0EFE77645CCBF428802881A80EEE7AA
:10E7B000049FB1F8028047B1B1F804E09645E4DC6B
:10E7C0004245A8BF42469646DFE7B1F800E09645CD
:10E7D00003DC4245A8BF42469646039AA3F800E0F0
:10E7E000128A9642D3DA1AF0100F01D08A88DDE738
:10E7F0009CF80020002ACAD10A88D7E7184BA3F258
:10E80000162203F1100153F8040B42F8040B8B425B
:10E81000F9D138E7D6F82C36D9077EF515A9F1F7E6
:10E8200055FFF1F761FFF2F757FA96F8F035C5E9B1
:10E830009244C5E99544002B7EF406A9B8F812303D
:10E84000D6F8982586F8F0751344C6F89435FEF787
:10E85000FBB800BF7C1700206804002000000020E7
:10E86000060E00208C0D0020354F3B7C002B3EF423
:10E87000EBA8012386F8EF357B7C43B1D6F85C35F5
:10E8800003F5EA433033C5F8603200237B74D4F8D3
:10E890005C25D5F86032D21A002A09DBF1F736FF81
:10E8A00000233B7484F8EF3501237B74FEF7CCB86A
:10E8B000B5F93821002AB8BF524292B242F234115F
:10E8C0008A4206D900243C74F1F720FF86F8EF4510
:10E8D000EAE7D4F85C25D21A002AD4F85C25CCBF2C
:10E8E000D31A9B1A46F6605293423EF7ADA8D6F86B
:10E8F000183C0733FEF6A8A8E4E7D6F8F435002B59
:10E900007FF412AFB6F8D02752077FF50DAF85F828
:10E9100014320123C6F8F435D6F85C35C5F8103248
:10E9200002E7012384F8FF35054B002283F83D20E0
:10E9300006F5C333A03345F8543CFEF78EB900BF4B
:10E9400000000020014B024A1A607047381700206F
:10E950005B82183911481249026800608A4218D057
:10E96000002103E00F4B5B58435004310E480F4B1E
:10E9700042189A42F6D30E4A02E0002342F8043BC2
:10E980000C4B9A42F9D3F5F72AFCFEF755F870477D
:10E99000FEE70948D0F800D040680047FC9F0020FF
:10E9A000EFBEADDE40250108000000206804002015
:10E9B000680400206420002000D8FF1FFEE700004C
:10E9C00008B52DED028BB0EE408A00F03FFAB4EEB0
:10E9D000488AF1EE10FAF0EE408A0AD6B0EE480A04
:10E9E00000F0D2F8F7EE007AB4EEE70AF1EE10FA92
:10E9F00004DCB0EE680ABDEC028B08BD01F0EAFB56
:10EA0000BDEC028B034621221A600248BDE8084093
:10EA100000F0FCB8B81F010808B52DED028BB0EE70
:10EA2000408A00F037FBB4EE488AF1EE10FAF0EEBF
:10EA3000408A0AD6B0EE480A00F0A6F8F7EE007A4F
:10EA4000B4EEE70AF1EE10FA04DCB0EE680ABDECB1
:10EA5000028B08BD01F0BEFBBDEC028B03462122F8
:10EA60001A600248BDE8084000F0D0B8B81F01089D
:10EA700000F00ABC08B52DED028BB0EE408A00F024
:10EA8000A9FCB4EE488AF1EE10FA0FD6B5EEC08AB2
:10EA9000F1EE10FA0ADCB5EE408AF1EE10FA08D178
:10EAA00001F098FB22239FED090A0360BDEC028B65
:10EAB00008BD01F08FFBBDEC028B034621221A60DA
:10EAC0000348BDE8084000F0A1B800BF000080FF87
:10EAD000B81F010808B52DED028BB0EE408A00F09A
:10EAE000E7F8B4EE488AF1EE10FA06D6DFED098AAF
:10EAF000B4EEE88AF1EE10FA02D4BDEC028B08BD48
:10EB000001F068FB88EEA80ABDEC028B21230360AC
:10EB100008BD00BF0000000010EE103A184923F0B5
:10EB200000428A421AD9B2F1FF4F02D330EE400AB6
:10EB3000704700B583B0684600F046FD00F0030062
:10EB400001289DED000ADDED010A10D0022809D050
:10EB500090B900F0B1F803B05DF804FBDFED090AED
:10EB600000F0AAB800F0A8F8B1EE400AF3E700F010
:10EB700025F9B1EE400AEEE7012000F01FF9EAE7BF
:10EB8000D80F493F0000000010EE103A23F0004378
:10EB900000EE103A704700BF10EE103A194923F00A
:10EBA00000428A421BD9B2F1FF4F02D330EE400A35
:10EBB000704700B583B0684600F006FD00F0030022
:10EBC00001289DED000ADDED010A13D002280BD0CB
:10EBD00098B9012000F0F2F803B05DF804FBDFED16
:10EBE0000A0A002000F0EAB8012000F0E7F8B1EED0
:10EBF000400AF1E700F060F8EEE700F05DF8B1EEF2
:10EC0000400AE9E7D80F493F000000009FED010AE4
:10EC1000704700BF0000C07F10B485B08DED010AC1
:10EC2000019BC3F3C752A2F17F011E2931DC1629D3
:10EC30004FEAD37425DC1D4BDDED017A03EB840331
:10EC400093ED007A77EE277ACDED037ADDED037A46
:10EC500077EEC77A17EE903A33F000400DD0C3F349
:10EC6000C7507F381FD4C3F3160343F40003C0F129
:10EC7000170023FA00F004B1404205B05DF8044BE0
:10EC80007047C3F3160343F40003963A03FA02F005
:10EC9000F1E7DDED017AFDEEE77A17EE900A05B0B7
:10ECA0005DF8044B70470020E5E700BFBC1F01087A
:10ECB000B1EEC00A704700BF10EE103A23F00043D7
:10ECC000B3F1485F2CD2FDEEC07A17EE903A002BDC
:10ECD00060D060EE007A9FED317A9FED315ADFED22
:10ECE000315A9FED316ADFED316AA7EE875A9FED09
:10ECF000307AE7EE855AA7EEA56AA7EE867AE7EEA8
:10ED0000876A67EEA66A60EEC00AB6EE007AE7EEA2
:10ED1000A60AB7EE000AD7EE870A30EE600A7047FF
:10ED200060EE007A9FED1D7A9FED1D5ADFED1D5AB2
:10ED30009FED1D6ADFED1D6A1E4AA7EE875A9342BA
:10ED40009FED1B7AE5EE275AA5EEA76AA6EE277A75
:10ED5000E7EE276A66EEA76AD5D9174A934214D818
:10ED600003F17F4307EE103AB7EE006A36EE476ACA
:10ED700060EEC00AF6EE005A97EEA57AE7EEA60A14
:10ED800037EE607A36EE470A7047B6EE076AB5EEA0
:10ED9000027AEDE7B7EE000A704700BF4ED747ADE5
:10EDA000F6740F317CF293B4010DD037ABAA2A3D33
:10EDB000610BB6BA9999993E0000483F10EE103A9F
:10EDC00023F00043B3F1485F04D2FDEEC07A17EEA2
:10EDD000903A5BB360EE007A9FED157ADFED155A3D
:10EDE0009FED156ADFED156AE7EE875A9FED147AFD
:10EDF000A5EEA76A20EE275AE6EE276AA6EEA77AC6
:10EE000030B9DFED106AE7EE876AA6EE850A704733
:10EE100027EE457AF6EE006AA0EEA67ADFED0A6AE2
:10EE2000D7EE270AE5EE260A30EE600A704700BFEB
:10EE3000D3C92E2F342FD7B21BEF3836010D50B95E
:10EE40008988083CABAA2ABEABAA2A3E08B510EEB8
:10EE5000102A22F00043B3F17E5F2DED028B12D019
:10EE60000AD8B3F17C5F16D2B3F10C5F67D8BDEC62
:10EE7000028B9FED770A08BD70EE407A87EEA70AF5
:10EE8000BDEC028B08BD002A40F3DD80BDEC028B97
:10EE90009FED700A08BD002AC0F28E80F7EE008A4E
:10EEA00038EEC00AF6EE007A20EE278AB0EE480A65
:10EEB000FFF7FEFEDFED687A9FED687ADFED686AA6
:10EEC000DFED685A9FED686AA8EE277ADFED677A72
:10EED000E7EE086AE8EE067AE6EE885A9FED646A85
:10EEE0009FED647ADFED646AA5EE886AA7EE887A02
:10EEF000DFED627AE6EE087A10EE103AE7EE086A85
:10EF00006FF30B03B0EE677A07EE903AF0EE485AD3
:10EF1000E7EEE75AE6EE888A30EE276A27EE087AAF
:10EF2000C5EE866A87EE286ABDEC028BB0EE667A83
:10EF3000A0EE067A37EE870A30EE000A08BD20EE12
:10EF4000007ADFED457A9FED456ADFED456A9FED7A
:10EF5000465ADFED445AA7EE276ABDEC028BE6EE77
:10EF6000076ADFED427A9FED436AE7EE057AE6EE47
:10EF7000875AA7EE876A9FED3E5ADFED3F7ADFEDB5
:10EF80003F6AA5EE875AE6EE077AE5EE076AF7EEE6
:10EF9000005AE7EE875A26EE877A9FED396ADFED51
:10EFA000397AC7EE256AB0EE467AA0EE667A30EE80
:10EFB000470A37EEC00A08BDB7EE007A30EE070AFE
:10EFC000F6EE007A60EE277ADFED236A9FED236A82
:10EFD000DFED234ADFED245A9FED225A9FED278A69
:10EFE000A7EEA66ADFED216AE6EE274AE7EEA56AFC
:10EFF000DFED205A9FED1E6AA4EEA75AE6EEA75A4F
:10F00000DFED1D6AA5EE276AE5EEA76AA6EE278A60
:10F01000A6EEA77A28EE278AF0EE478AB0EE670AB6
:10F02000FFF746FE88EE286A9FED177ADFED177A24
:10F03000A0EE067AF0EE006A37EE007AE7EE667A26
:10F04000B0EE670A1CE7BDEC028B9FED110A08BD0C
:10F05000DB0FC93F0000000008EF1138047F4F3A72
:10F06000461124BDA80A4E3E2EC69D3D613330BFD9
:10F0700090B0A6BE2D57014039D119C0ABAA2A3E87
:10F080006821A233DA0FC93F6821A2B3DA0F4940E1
:10F09000DB0F494038B510EE105A25F00044B4F1AA
:10F0A0007E5F2DED048BF0EE407A7FD077D8B4F1FF
:10F0B0007C5F0ED2B4F1485F80F090809FED627A61
:10F0C00030EE077AF7EE006AB4EEE67AF1EE10FA67
:10F0D00062DCB0EE670AFFF757FDF7EE007A37EE15
:10F0E000C08AB6EE007A28EE078ADFED586A9FEDF7
:10F0F000587A9FED586A9FED585ADFED585ADFED68
:10F10000588AE8EE076A9FED577AA8EE067AA6EECF
:10F11000885A9FED556ADFED556AA7EE086AE5EE5D
:10F12000085A9FED537AA6EE087AE5EE886AE7EE74
:10F13000087AE6EE888AB0EE480AB0EE679AFFF7E2
:10F14000B7FD4C4B68EE888A9C4288EE896A38D8B5
:10F1500010EE103A6FF30B0306EE903AA6EEE68A35
:10F1600070EE267A9FED447AC8EE274AF0EE005AF8
:10F17000A4EEE57ADFED417A30EE000AB0EE675A90
:10F1800090EE067AA6EEE55A37EE457A37EEC70AD4
:10F19000002D01DCB1EE400ABDEC048B38BDBDECA6
:10F1A000048B70EE407A87EEA70A38BDBDEC048B65
:10F1B0009FED310A9FED327A27EE800AA7EE870A8B
:10F1C00038BDA0EE060A9FED2F7ADFED2D7AF0EE26
:10F1D000006AA0EE267A37EEC70AD9E720EE007A59
:10F1E000DFED1B6A9FED196ADFED1B5A9FED195A7F
:10F1F000DFED1A4AA7EE266ABDEC048BE6EE075A4D
:10F20000DFED186A9FED186AE7EE056AE5EE874ABA
:10F21000A6EE876A9FED155ADFED155ADFED106AED
:10F22000A4EE875AE6EE075AE5EE076AB7EE006AE3
:10F23000A5EE876A26EE877AC7EE066AE0EE267AA2
:10F24000B0EE670A38BD00BFCAF24971047F4F3A79
:10F2500008EF11382EC69D3D461124BDA80A4E3E2A
:10F26000ABAA2A3E613330BF2D57014090B0A6BEF5
:10F2700039D119C09999793F2EBD3BB3DB0F493F76
:10F28000DB0FC93F2EBD3B3310B582B0CDED010A77
:10F29000019B23F00042B2F1FF4FF0EE407A30D8EC
:10F2A00010EE100A20F00041B1F1FF4F29D8B3F160
:10F2B0007E5F3ED09C1704F0020444EAD07431B360
:10F2C0007AB3B2F1FF4F3FD0B1F1FF4F29D0891A85
:10F2D000B1F1F45F4FEAE15233DA002B41DA3C320C
:10F2E0003FDA9FED330A012C4DD0022C42D064B19D
:10F2F0009FED307ADFED307A30EE070A30EE670AA4
:10F3000003E09DED017A37EE270A02B010BD022C12
:10F310000CD09FED2A7A032C08BFB0EE470A02B04A
:10F3200010BD00280ADB9FED260AEEE79FED220ABA
:10F33000EBE702B0BDE8104000F07CBA9FED210A77
:10F34000E3E79FED1F0ACEE7B1F1FF4F04F1FF3471
:10F3500020D0022C26D81C4B03EB840393ED000A2B
:10F36000D3E79DED017A87EE870AFFF70DFC00F0E9
:10F3700061FAB8E79FED0F7ADFED0F7A30EE070AFA
:10F3800037EEC00AC1E710EE103A03F1004300EE79
:10F39000103ABAE7022C08D80C4B03EB840393ED28
:10F3A000000AB2E79FED020AAFE79FED090AACE75A
:10F3B000000000002EBDBB33DB0F4940DB0F49C00E
:10F3C000DB0FC93FDB0FC9BFC41F0108D01F0108F5
:10F3D000DB0F493F10EE102A32F000432FD0002AF5
:10F3E000134633DBB2F1FF4F40DAB2F5000F34DBE6
:10F3F0004FF0000C6448C3F31601084400F4000207
:10F4000082F07E520A43DB1500EE102A7F3B5F4AF2
:10F41000634401F10F0CF7EE007A0CEA020230EEC1
:10F42000670A03EBD05322BBB5EE400AF1EE10FAA7
:10F4300062D1002B40F090809FED550A70479FED00
:10F44000557ADFED537A87EE270A704770EE407ADF
:10F450009FED4F7A87EE870A7047DFED4F7A60EEB7
:10F46000277A6FF0180C17EE903AC3E730EE000AD7
:10F470007047F0EE007A70EE277A07EE103A80EED1
:10F48000274A4648C1F55712084402F52272024342
:10F49000002A9FED433ADFED434ADFED435ADFEDAB
:10F4A000433A9FED435ADFED437ADFED436A24EEA2
:10F4B000046AF8EEC72A26EE067AE7EE034AA7EEBC
:10F4C000235AE4EE875AE5EE076AE5EE877A67EE9F
:10F4D000867AE6EE877A2ADDB6EE007A20EE077AA3
:10F4E00027EE007A77EE877A67EE847A3BBB37EEB9
:10F4F000677A30EE470A70479FED307AF6EE007A71
:10F50000E0EE477A20EE007A27EE277A002BF0D043
:10F5100007EE903A9FED2A6ADFED2A6AF8EEE77A65
:10F52000A7EEC67A37EE400A97EEA60A704770EE4D
:10F53000677A67EE847AE3B930EE670A70479FED29
:10F54000206ADFED206AE2EE867A37EE677A37EEE0
:10F55000400A92EEA60A704707EE903A9FED180A0D
:10F560009FED187AF8EEE77A27EE800AA7EE870A71
:10F570007047DFED136A9FED137AE2EEE67A37EE1D
:10F58000C00A92EE870A704720FB4A00F0FF7F0016
:10F5900000000000000000CC0000004C305CCFFFF9
:10F5A0009788173E25333A3E2549923E4FD01C3E60
:10F5B000298E633EABAA2A3FCDCCCC3EABAAAA3E55
:10F5C000D1F717378071313F70B510EE103A8B4A82
:10F5D00023F00044944286B0054671D9884A94428B
:10F5E0001E4624D823F00042002BDFED867A8649A0
:10F5F00022F00F02B0EE407A40F3E6808A4270EECD
:10F60000677A09BF9FED817ADFED816ADFED816A5C
:10F6100077EEC77A37EEE67A77EEC77A80ED007A32
:10F6200077EEE67AC0ED017A012006B070BD7A4A25
:10F63000944253D9B4F1FF4F49D2E215863AA4EB74
:10F64000C25307EE903ABDEEE77ADFED746AB8EE8A
:10F65000C77A77EEC77A8DED037A67EEA67ABDEEAC
:10F66000E77AB8EEC77A77EEC77A8DED047A67EE5F
:10F67000A67AF5EE407AF1EE10FACDED057A40F07B
:10F680008E80B5EE407AF1EE10FA40F08A800123C8
:10F69000634901910221009103A8294600F00AFA6A
:10F6A000002EC2DA95ED007AD5ED017AB1EE477AF7
:10F6B000F1EE677A85ED007AC5ED017A4042B4E754
:10F6C000002285ED000A4260002006B070BD70EE99
:10F6D000407AC0ED017AC0ED007AF5E7FFF754FA01
:10F6E0009FED507A9FED476AF6EE007AE0EE077ADA
:10F6F0009FED477AFDEEE77AF8EEE76A17EE900A9B
:10F70000A6EEC60A1F2866EE877AB1EE666A30EE6C
:10F71000677A1EDC444A411E26F0004352F821203D
:10F7200023F0FF03934214D085ED007A30EE470AB0
:10F73000002E30EE670A85ED010ABFF676AFB1EE16
:10F74000477AB1EE400A85ED007A85ED010A404224
:10F750006BE717EE103AC3F3C753C3EBD453082B30
:10F760004FEAE452E0DD9FED297A9FED2A5AF0EE50
:10F77000405AE6EE075A70EE657AE6EE077AD6EE64
:10F78000857A35EEE77A17EE103AC3F3C753D21AEB
:10F79000192A08DCB0EE650A85ED007AC6E7032376
:10F7A00076E7022374E79FED217A9FED215AB0EEB0
:10F7B000650AA6EE070A75EEC07AE6EE077AD6EE7F
:10F7C000857A30EE677AAFE78A4270EE277A09BF12
:10F7D0009FED0E7ADFED0E6ADFED0E6A77EE877A27
:10F7E00037EEA67A77EEC77A80ED007A77EEA67AC2
:10F7F000C0ED017A4FF0FF3017E700BFD80F493F47
:10F80000E3CB1640800FC93FD00FC93F00443537C6
:10F810004344353708A3852E800F494300008043B9
:10F820005C20010884F9223FDC1F010800A3852E1B
:10F8300032318D2438B510EE105A25F00044B4F161
:10F84000A14FF0EE407A07D3B4F1FF4F55D8002D09
:10F8500077DD9FED4E0A38BD4D4B9C425CD8B4F12C
:10F86000445F4DD34FF0FF3327EEA76A9FED495A0F
:10F870009FED497ADFED495ADFED494A66EE066AA7
:10F880005A1CA6EE857AE6EEA54A9FED465ADFEDB4
:10F89000465AA7EE265AE4EEA65A9FED447ADFEDCB
:10F8A000444AA5EE267AE5EEA64A9FED425ADFEDE0
:10F8B000425AA7EE265A9FED417AA4EEA67AE5EECB
:10F8C000265A27EE267AA5EE867A27EE877A3BD04F
:10F8D0003B493C4A01EB8301D1ED006A37EE667A81
:10F8E00002EB8303D3ED006A37EE677A002D36EE24
:10F8F000C70AB0DAB1EE400A38BD30EE000A38BDB2
:10F900009FED317A30EE077AF7EE006AB4EEE67AD0
:10F91000F1EE10FAA6DD38BDFFF736F92B4B9C420D
:10F9200015D8A3F5D0039C4226D8F0EE007ABFEE9E
:10F93000007AA0EE277A002330EE270AC7EE007A7D
:10F9400092E79FED230A38BD37EEC70A38BD214B39
:10F950009C420BD8F7EE087AB7EE007AA0EE277A31
:10F96000022330EE670AC0EE077A7DE7BFEE007A29
:10F97000C7EE007A032377E7F7EE007A30EE677A76
:10F9800030EE270A0123C7EE007A6DE7DB0FC93F8F
:10F99000FFFFDF3ED769853C59DA4B3D21A215BDFB
:10F9A0006BF16EBD356B883D95879DBD6E2EBA3D62
:10F9B000388EE3BD2549123EABAAAA3ECDCC4CBE43
:10F9C0007423010884230108CAF24971FFFF973F9D
:10F9D000DB0FC9BFFFFF1B4010EE103A33F00041B0
:10F9E0001A4625D0B1F1FF4F1FD213F0FF4F20D19F
:10F9F000DFED297A294A60EE277A904217EE903A95
:10FA000031DB4CF2503CC3F3C75160451A46A1F1BB
:10FA1000190114DD002BDFED227A9FED210AB8BF1A
:10FA2000DFED207A27EE800A704730EE000A70473B
:10FA300070474CF2503C60454FEAD151EADC01443A
:10FA4000FE29E7DC002915DC11F1160F19DB19314D
:10FA500022F0FF4242EAC15207EE902A9FED120ABD
:10FA600027EE800A7047DFED117A07EE103A27EE95
:10FA7000270A704722F0FF4242EAC15300EE103AD3
:10FA80007047002BDFED097A9FED080AB8BFDFED64
:10FA9000087A27EE800A70470000004CB03CFFFF58
:10FAA000CAF24971CAF249F1000000336042A20D66
:10FAB0006042A28D2DE9F04F2DED048BDBB01C468A
:10FAC000944603930A46BA4B68991CF1040F53F805
:10FAD0002170824604F1FF39C0F25682BCF1030363
:10FAE00048BF0CF10403DB10029301334FEAC30E4D
:10FAF000ACEB0E030593029B17EB0900A3EB090384
:10FB000016D401309FEDAB7A699C18441EA9002BD6
:10FB1000A4BF54F8235007EE905A03F10103ACBF81
:10FB2000F8EEE77AF0EE477A8342E1EC017AEED123
:10FB3000002FC0F2E28203991EA800EB81004FEA79
:10FB400081087E18002346AD4C460AEB8101B9F1CD
:10FB5000000F80F2C8800134B44245F8043B00F144
:10FB60000400F4D10DF1280B0BEB8703CDE9062E31
:10FB7000043B9FED929ADFED908A059804930AEB7F
:10FB8000080446AE0BEB87080097CDF820C00DEBBC
:10FB90008703002F93ED460A4FEA870515DD731999
:10FBA0005A4660EE097AB0EE407AFDEEE77A73EDE0
:10FBB000016AF8EEE77AB342A7EEE87A37EEA60AD2
:10FBC000BDEEC77AA2EC017AEBD10190FFF704FFFA
:10FBD000F4EE007AB0EE408A20EE270A00F0B0FA88
:10FBE000F2EE007AA0EE678A01980028FDEEC89A2E
:10FBF000F8EEE97A38EE678A40F38280791EC0F128
:10FC000008035BF821E04EFA03FC0CFA03F3AEEBB9
:10FC1000030EC0F1070219EE903A4EFA02F2634465
:10FC2000002A09EE903A4BF821E000F3AF80B5EEE0
:10FC3000408AF1EE10FA74D1009B9F420ADD5D44C8
:10FC4000002355F8041D454543EA0103F9D1002B73
:10FC500040F00281009B013B5BF823207B1C9C460B
:10FC6000002A40F0F780049A012152F8045D013126
:10FC7000002DFAD03944029D039A05EB030E0EF1D4
:10FC8000804E699D0EF1FF3E3A4405EB8E0E1EAD8F
:10FC900006EB830705EB8205DEED017AF8EEE77AE5
:10FCA000B9F1000F0EF1040EE5EC017ADFED417AB7
:10FCB00009DB2A465346F3EC016A32ED017AA3428E
:10FCC000E6EE877AF7D10CF1010C8C45E7EC017A6E
:10FCD000E2DD0F465BE70134B442E5EC017A00F166
:10FCE00004003FF43FAFDFED337A83465346F3EC35
:10FCF000016A3BED017A8B42E6EE877AF7D1EAE7BB
:10FD000000F09180F6EE007AB4EEE78AF1EE10FA98
:10FD100080F22981B5EE408AF1EE10FA4FF0000230
:10FD20008AD09246DDE9062EDDF820C00197AEEBC1
:10FD30000C00B0EE480A009F0092FFF74DFEDFED89
:10FD40001E6AB4EEE60AF1EE10FADDE90023F0EEE9
:10FD5000407AC0F29C819FED197A059920EE077ACE
:10FD60000831BDEEC77A0591B8EEC77A5C1CE7EEA4
:10FD7000667ABDEEC77AFDEEE77A17EE901A4BF879
:10FD8000231017EE103A4BF824307EE00133002F99
:10FD900009EE903A40F39D8159464FF0000E51F81C
:10FDA000043B002B39D0C3F5807341F8043C0CE0D0
:10FDB000C023010800000000000080430000803BD9
:10FDC0000B68C3F1FF0341F8043B0EF1010E7745C8
:10FDD000F6DC01239E4600280BDD012800F0BB80E5
:10FDE000022806D1791E5BF8213003F03F0C4BF856
:10FDF00021C0022A7FF41BAFB7EE000A734630EE33
:10FE0000488A002B3FF413AF09920190FFF7E4FDFD
:10FE10000198099A38EE408A09E70EF1010E7745FC
:10FE2000BDDC9E46D7E77B1E5BF82320D211002A5B
:10FE30007FF7FDAE19EE903A002F03F1010309EEB2
:10FE4000903AA9DC022A7FF4F2AEF7EE007A37EEA0
:10FE5000C88AECE619460EE73B469246DDE90512F4
:10FE60005C1EA1F108005BF82410009F059061B9A9
:10FE700003F18043013B0BEB8303014653F8040D70
:10FE8000013C08390028F9D0059105980092B7EE99
:10FE9000000AFFF7A1FD002C009AB0EE407AC0F2F4
:10FEA0002281601C46AD5FED3B6A81000BEB800355
:10FEB00005EB800073ED017AF8EEE77A5B4567EEBB
:10FEC000877A27EE267A60ED017AF3D10DF1C80822
:10FED0000E1F2E44C646A4460025002F7DDBDFF80A
:10FEE0005C92DFED957A3046002307E0F9EC016A79
:10FEF000B0EC017A9F42E6EE877A03DBAB4203F176
:10FF00000103F3DD0CF1FF3CBCF1FF3FEEEC017AA5
:10FF100005F10105A6F10406E1D1689B022B6ADC1C
:10FF2000002B36DC0ED1DFED847A414431ED017ACD
:10FF3000414577EE877AF9D15346002B40F0C680D1
:10FF4000C2ED007A19EE903A03F007005BB0BDEC09
:10FF5000048BBDE8F08F791E5BF8213003F07F0C35
:10FF60004BF821C045E719EE903A002F03F1010349
:10FF700009EE903AC8BF02223FF70EAFF7EE007AC3
:10FF800037EEC88A022252E600234FF0080E029391
:10FF9000AEE5DDED327A9FED687A414471ED016A9C
:10FFA000414537EE267AF9D15346002B40F0848044
:10FFB00077EEC77A82ED007A64B133A90123B1EC00
:10FFC000017A01339C4277EE877AF8DA53460BB117
:10FFD000F1EE677AC2ED017AB4E70CF1FF3C002341
:10FFE000BCF1FF3F4EF8043B05F10105A6F1040604
:10FFF0007FF473AF91E7689B032BA3D1002C00F033
:020000040801F1
:100000008C8008EB840595ED007AA0002B462946EC
:1000100071ED017AF0EE476A37EE277A414577EEC7
:10002000C77A81ED007A77EEA67AC1ED017AEFD139
:10003000012C72D095ED007A08F1040173ED017A7C
:10004000F0EE476A37EE277A994277EEC77A83ED6A
:10005000007A77EEA67AC3ED017AEFD1031DDFEDCA
:10006000367A434408F1080833ED017A984577EE73
:10007000877AF9D15346DDED326A9DED337A73B953
:10008000C2ED006A82ED017AC2ED027A5AE7FDEE16
:10009000C07A1C4617EE901A4BF82310F5E6F1EEE5
:1000A000666AB1EE477AF1EE677AC2ED006A82EDD8
:1000B000017AC2ED027A45E7F1EE476A77EEC77A38
:1000C000C2ED006A002C7FF478AF81E7F1EE677A29
:1000D00036E7012815D002287FF4B4AE0EF03F03B6
:1000E0004BF82130AEE6689B022B12DC002B17DCAC
:1000F0007FF428AFDFED107A1EE7039B4FEA8308F9
:1001000030E50EF07F03022A4BF821307FF48FADEB
:100110009BE6689B032B7FF415AFDFED077AA9E719
:100120005346DDED327A1BB14FF0004313604FE7C9
:10013000002313604EE700BF000000009423010875
:1001400010EE102AC2F3C7537F3B162B22F000415A
:100150001BDC002B10461EDB1A4919410A4223D032
:10016000DFED197A70EE277AF5EEC07AF1EE10FA2B
:100170001ADD002A04DA4FF4000242FA03F31844AD
:1001800020EA010300EE103A7047B1F1FF4F0BD3A4
:1001900030EE000A7047DFED0C7A70EE277AF5EE4C
:1001A000C07AF1EE10FA00DC7047002A02DB9FED06
:1001B000070A704711B99FED060A7047BFEE000AA3
:1001C000F2E700BFFFFF7F00CAF2497100000000A4
:1001D00000000080014B1868704700BF200300201A
:1001E000830730B546D08418844604E003F8011B29
:1001F0009D0704D09C46A4456346F7D130BD013A23
:100200000244A2EB0C02032A29D9CCB204EB042449
:100210000F2A04EB04442FD9A2F1100C2CF00F0C80
:1002200003F11005AC44C3E90044C3E902441033B0
:100230006345F8D112F00C0F02F00F0E18D02EF01B
:10024000030C9C44AEF104051A4642F8044B624587
:10025000FBD125F0030404330EF003022344002AEB
:10026000CCD0C9B21A4403F8011B9342FBD130BD74
:100270007246F4E70346C6E79646E0E711F0FF0151
:10028000034600F0030239D08ABB026810B501EBC7
:10029000012E0EEB0E4E8EEA0204A2F1013323EA88
:1002A0000203A4F1013222EA0402134313F0803F57
:1002B0000FD150F8044F84EA0E0CA4F10133ACF1D5
:1002C000013223EA040322EA0C02134313F0803FB5
:1002D000EFD0037823B936E010F8013F002B32D07D
:1002E0009942F9D110BD8A4228D09A0729D01A78AC
:1002F00018460133002AF6D110467047CAB9026881
:10030000A2F1013323EA020313F0803F08D150F831
:10031000042FA2F1013323EA020313F0803FF6D049
:1003200003785BB110F8013F002BFBD170479907B0
:1003300005D0184613F8012B002AF8D1704718464B
:10034000DDE71846A1E7184610BD00BF024B582252
:100350001A604FF0FF30704760200020024B582297
:100360001A604FF0FF30704760200020FEE700BFAA
:100370002DE9F047089D0F4604468C46002B48D1D6
:100380008A42164661D9B2FA82F34BB1C3F1200218
:1003900001FA03FC20FA02F29E4042EA0C0C9C4057
:1003A0004FEA164EB7B2BCFBFEF1220C0EFB11CC8D
:1003B00042EA0C4201FB07F0904209D9B21801F160
:1003C000FF3C80F0EE80904240F2EB8002393244F4
:1003D000121AA4B2B2FBFEF00EFB102244EA024451
:1003E00000FB07F7A74209D9341900F1FF3280F06A
:1003F000DA80A74240F2D7803444023840EA014014
:10040000E41B00211DB1DC400023C5E90043BDE829
:10041000F0878B4206D90DB1C5E9000100210846DD
:10042000BDE8F087B3FA83F1002948D1BB4202D37B
:10043000824200F20781841A67EB0302012094468E
:10044000002DE4D0C5E9004CE1E7002A00F09280DD
:10045000B2FA82F3002B40F0A8808A1A4FEA164EB7
:100460001FFA86FC0121200CB2FBFEF70EFB1722BF
:1004700040EA02420CFB07F0904207D9B21807F19C
:10048000FF3802D2904200F2E2804746121AA4B22C
:10049000B2FBFEF00EFB102244EA02440CFB00FC0F
:1004A000A44507D9341900F1FF3202D2A44500F265
:1004B000CB801046A4EB0C0440EA0740A2E7C1F150
:1004C00020068B4022FA06FC4CEA030C07FA01F4E2
:1004D00020FA06F3F7404FEA1C49234300FA01F8DB
:1004E0001FFA8CFEB7FBF9F01C0C09FB107744EAED
:1004F000074400FB0EF7A74202FA01F20AD91CEBEF
:10050000040400F1FF3A80F09B80A74240F29880FB
:1005100002386444E41B9FB2B4FBF9F309FB1344B3
:1005200047EA044403FB0EFEA64509D91CEB04046C
:1005300003F1FF3780F08280A6457FD9023B6444F7
:1005400043EA0040A4EB0E04A0FB02E7BC42734662
:10055000B94663D360D05DB1B8EB030264EB090424
:1005600004FA06F622FA01F31E43CC40C5E9006402
:1005700000214CE76208480842EAC1710B0C43EACB
:1005800000438AB242EA0342B3FBF6F1E407B44601
:100590003746B6461F23B0FBF6F0D21B41EA0041B6
:1005A00061E7614614E7104628E7C3F1200120FA0D
:1005B00001F29E4027FA01F19F403A434FEA164E5E
:1005C0001FFA86FCB1FBFEF70EFB1710110C41EA77
:1005D000004107FB0CF8884504FA03F43AD9711876
:1005E00007F1FF3001D288451FD8A1EB0801B1FB0C
:1005F000FEF808FB0CF70EFB181192B242EA01421A
:10060000BA422FD2B21808F1FF31C6D2BA42C4D2D0
:10061000A8F102013244C0E7F0459CD2BEEB0203D0
:1006200067EB0C070138B94695E7A6EB080841448B
:10063000B81EB1FBFEF808FB0CF7DCE73B467FE792
:10064000504667E70846FBE63444023832E7023F8B
:1006500032441BE7A1EB08013846B1FBFEF808FB6A
:100660000CF7C8E7414698E703685A004CBF43F0CF
:10067000004323F000431844704700BF2DE9F047C2
:1006800059B301F1FF380546164647464FF0000AB8
:100690000AEB070101EBD171491005EBC10948468E
:1006A000FFF7E2FF88454FEAC104034610D004F18A
:1006B0000800B342284407D8FFF7D6FF0138B042FC
:1006C00008D201F1010AE3E78A4506D04F1EDFE7B1
:1006D000B042F9D84846BDE8F0874FF000094846D7
:1006E000BDE8F087012806D0022802D028B90448C6
:1006F000704704487047044870470020704700BFA7
:10070000D50D0108E50D0108DD0D010830B5224BBE
:1007100083B004468D1E43B301A92846AFF3008081
:10072000F0B101992A46FFF7A9FF0146C0B1FFF7D2
:100730009BFF4B68A064012B2BD0002B01F1040020
:1007400025DBFFF791FF002323650368E064002B9E
:1007500012DBFFF789FF03460020236103B030BDA1
:1007600000230920236103B030BD0C4B0C49C91A8A
:10077000C91018460191D5E7C3F30360FFF7B2FF34
:10078000031E0CBF09200020236103B030BD0123EC
:10079000DAE700230520E0E700000000FC23010861
:1007A0003C2501080368DA0710B5044606D49B0708
:1007B00000F1500009D5FCF77BF82368590709D5EB
:1007C0001A070ED5DB0613D510BDFCF769F82368B0
:1007D0005907F5D404F1D800FCF772F823681A071A
:1007E000F0D404F5AC70FCF773F82368DB06EBD4A7
:1007F00004F5EC70BDE81040FCF7AEB803460068A5
:1008000000B11844704700BF704700BF70B5044680
:100810000E46316C2046FFF779FF054688B9326CE9
:100820006261236932462146012098470828F0D0AA
:10083000072806D12846316CFFF7E6FF301DFCF78C
:1008400023F800F0E5FD00BF2DE9F04F0D1DD0F8B5
:100850000C90D0F818A0074614460FCDADF5777D63
:100860000DF10C0CACE80F000FCDACE80F000FCD74
:10087000ACE80F0095E80F0002AE4FF0000E8CE8D8
:100880000F000DF5F878C6F800E021E0336C7B61CD
:100890004FF4F47231464046FBF7BCFE3B694246DA
:1008A000394658469847D8F83830B3642146CDE9E0
:1008B000006A05463B4601203A46C847044618BB35
:1008C0004FF4F47241463046FBF7A4FE082D19D1CF
:1008D000316C3846FFF71AFF093405465FFA84FB8E
:1008E0000028D3D0B36BB3643A46CDE9006A3B46E7
:1008F0004BF010010120C84730B928460DF5777D2F
:10090000BDE8F08F072D05D0092528460DF5777D28
:10091000BDE8F08F2046316CFFF776FF03A8FBF7A8
:10092000B3FF00BFF0B5CB6BFBB001F1040C0B645F
:100930000F460546BCE80F0001AC0FC4BCE80F0031
:100940000FC4BCE80F000FC49CE80F004FF0FF3E3F
:1009500084E80F006E46CDF800E006E02B693246D1
:10096000294698470828044608D1316C2846FFF7E5
:10097000CDFE0028F2D009207BB0F0BD3046FFF755
:1009800011FF062CF7D139462846FFF73FFF00BF7D
:10099000C160D96B8261196400221946FFF754BF08
:1009A00070B5C66843690B64AEB903690A4604466C
:1009B0000D46014602209847072805D008280FD188
:1009C00029462046FFF722FF3046296CFFF71CFF1F
:1009D000281DFBF759FF0122FFF736FF00F018FD35
:1009E00000F016FDC26808B532B1CA6B0A64BDE8F2
:1009F00008400022FFF728BFFFF794FF092008BD39
:100A0000052915D8DFE801F00A03140303050120C6
:100A10007047009A436C13600020704743B90F2A57
:100A200006D800EB820200205368009A13607047DA
:100A30000220704700B585B00A46002303A9009143
:100A40001946FFF7DDFF039805B05DF804FB00BF12
:100A5000052915D8DFE801F00A0314030305012076
:100A60007047009B1B6843640020704743B90F2AFE
:100A700006D8009B00EB82021B6853600020704781
:100A80000220704710B584B0002303AC0392009499
:100A90000A461946FFF7DCFF04B010BD2DE9F0410E
:100AA000D36BADF5107D02F1040C136407460E46BE
:100AB000BCE80F000DF15C0EAEE80F00BCE80F00C3
:100AC000AEE80F00BCE80F00AEE80F009CE80F0096
:100AD00016AC4FF0FF388EE80F006D46C4F800806A
:100AE00010E0FFF7CFFF31462046B84703462246C5
:100AF0000820294683B92B699847052880460DD0E0
:100B0000092809D0216C2846FFF700FE03460C2176
:100B10002A462046002BE4D04FF009082046FFF774
:100B200041FE40460DF5107DBDE8F0812DE9F04F06
:100B30001646CA6C89B00D4652F8041B069200F0A6
:100B4000030CE3B10C0C8DF81D400904E4B20591CF
:100B500002EB840202218DF81C10296DBCF1020FFA
:100B600008BFAA6B11F001080FD005A9304600F0AC
:100B7000CFFA002839D1082009B0BDE8F08F09026A
:100B800005918DF81D300321E5E71768002FECD0A3
:100B900000F008010191E346CDF808809A46BAF1C9
:100BA000020F26D01788548802F10409AA6C24F099
:100BB00001030F21304603EB0208FFF73BFF80459E
:100BC00015D827F0010202EB0803834294BF0023EB
:100BD0000123640004F0020407F001072743012FFA
:100BE0000BD0022F50D0002F45D00920C4E700239E
:100BF000EFE7546802F10809D8E7BBF1000F73D1A1
:100C0000CBB1D9F80430D9F80020991C4FEAD27240
:100C1000EBD005F158040133049400F0CC8009F1C5
:100C20000400FFF7EBFD04AB01462846AFF300805C
:100C3000002840F0978009F108021768002FAED114
:100C400005A93046DDF8088000F062FA0028CCD112
:100C5000B8F1000F8FD00F213046FFF7EBFE0E21C9
:100C600002463046FFF70EFF594A0F213046FFF784
:100C700009FF072080E7BBF1000F02D0002B40F0F6
:100C8000878009F10402D8E7D9F8004024F0004831
:100C9000BBF1000F0FD12BB1019B002B3CD0B8F161
:100CA000000F39D0002C01DA09F1040908F1010222
:100CB00009EB8202C1E70D213046FFF7BBFE2F6A28
:100CC0008742EFD1AB6A9945ECD100240423C5E9F2
:100CD0000B434B44C5F828806B63D9F80030A3421E
:100CE00070DB01230293E1E70D213046FFF7A2FEFE
:100CF0002C6A84429FD1AB6A99459CD14846FFF744
:100D0000B3FC0F2102463046FFF7BCFE2A46002105
:100D10003046FFF7B7FEACE705F15803CDF80CB04D
:100D200009F10407B34600241E460BE0384604963A
:100D3000FFF764FD0022014604AB2846AFF30080B4
:100D40000437F8B9444504F10104EFD10D215846A8
:100D5000FFF770FE049BC5F828900246C5E90823FA
:100D6000062009E704460D213046FFF763FE049E86
:100D70002862022C04BFEE6205F12C06C5E9096960
:100D80000620F9E65E46D9F80040DDF80CB089E7A8
:100D90004846FFF769FC09F104030446AB632846A3
:100DA000AFF3008000283FF420AF22460F213046E9
:100DB000FFF768FE5DE730460D21FFF73BFE264654
:100DC0002862DBE708F1010209EB820097E700BF28
:100DD000000000000023FFF7A9BE00BF0123FFF7BA
:100DE000A5BE00BF0223FFF7A1BE00BF2DE9F04161
:100DF0000646C4B01446052908D8DFE801F01630CD
:100E00000773980B3A19102A40F2B780022044B0B9
:100E1000BDE8F081836B002CF8D153F8042B4264B9
:100E20008363002044B0BDE8F081002BEED1856BD8
:100E30001FFA84FC012006F1040E00FA03F111EA06
:100E40000C0F2A4604D052F8041B4EF82310154606
:100E50000133102BF1D1A004E3D4B563E1E7012BFA
:100E60004FEA1447A4B2CDD0052BCFD107EB04082D
:100E7000B8F1200FCAD80F2F40F2BD80002CD0D07F
:100E800002685107A04600F11B81019302AC204685
:100E9000FBF71AFDD6F838C0019B102F4FF0FF3238
:100EA00039464FF0020E38BF102118FB0E2E04EB0E
:100EB000C10184397246604650F8045B41F8045F12
:100EC000013A551CF8D10CF1040C012B0CEB8E02ED
:100ED00000F0D5800F2FB26340F2FA802046FBF776
:100EE000EFFC9EE7032B91D1A7B207EB1443102B25
:100EF0004FEA14448AD80368190700F1A38022AD91
:100F00002846FBF707FD7A00B06B05EBC404531EBF
:100F100042B1011B625844F8042B013B5A1CF9D121
:100F200000EBC700B0632846FBF7D2FC79E7002B43
:100F30007FF46CAF102C3FF669AF0368D80679D404
:100F400022AD2846FBF712FDB76B294600234FF070
:100F5000010C0CFA03F22242384603F1010303D0DC
:100F600050F8042B0A600746042B01F10401F0D16C
:100F7000B7632846FBF7F0FC53E7102F3FF446AF6A
:100F80000268D10708D5304622F0030240F8502B02
:100F90000193FBF789FC019B019322AD2846FBF7E7
:100FA00083FCD6F838C0002C6BD0019B4FF00008B2
:100FB00002214FF0FF3214FB012E05EBC70104396B
:100FC0007246604650F8044B41F8044F013A541CF5
:100FD000F8D10CF1040C0CEB8E0CB8F1000F39D1E8
:100FE000012B4ED00F2FC6F838C03FF61AAF284657
:100FF000FBF75EFC15E70268B8F1100F02F0010183
:101000002AD851B1304622F0010242F0020240F8E3
:10101000502B0193FBF750FC019B019322AD284616
:10102000FBF74AFC019B002CE1D0D6F838C04FF00A
:101030000008BDE723F01003336006F5EC70FBF702
:1010400095FC7DE723F00803036000F5AC70FBF727
:1010500061FC54E702AC20E7D1B9550726D422AD94
:1010600028460193FBF728FC02A8FBF72DFCA8F10A
:101070001008D6F838C0019BC7F1100498E79446D1
:1010800022AD0CF10403B3632846FBF709FCC8E664
:1010900022F0010242F0020240F8502B0193FBF7CC
:1010A0000BFC3268019B12F0040FD8D0304622F0BE
:1010B000040240F8D82B0193FBF706FC019BCEE716
:1010C00022F0040240F8D82B0193FBF7FDFBDDE68C
:1010D00022A8FBF7EDFB01E7027A03467AB9427AD0
:1010E000A2B14168013A10B44272086803220C1D93
:1010F0001A7202025C60000E10BC1A607047006831
:10110000013A1A7202021A60000E7047B02070474E
:101110002DE9F043064685B00D4600272846FFF727
:10112000DBFFB028044600F0218103065ED500F005
:10113000F003A02B1DD033D8802B00F08780902B9C
:101140002AD100F00D030D2B26D00DF10808002345
:1011500000F00F021946CDF800803046FFF750FC32
:101160000023CDF800800D2219463046FFF770FCB1
:10117000D4E7C34303F007034FF47F621A4101072A
:1011800002F47F6201D542F48042002319463046C2
:10119000FFF72CFE0028C1D0092005B0BDE8F08380
:1011A000B02B68D0C02B3FD1C62800F0CC80C72818
:1011B00000F0DF8000F0F803C02B00F0EC80C828BE
:1011C00000F0F780C928E7D12846FFF785FF020322
:1011D00000F00F0002F470220130024301210523C8
:1011E0003046FFF703FE002898D0D5E78300DBB236
:1011F00003F104080DF1080900231946CDF8009009
:101200000D223046FFF7FCFB029ACDF800906006F5
:101210004CBFA2EB080242440023029219460D2261
:101220003046FFF715FC79E700F0F803D02BB3D177
:1012300000F007020132052342F40022012130466A
:10124000FFF7D4FD00283FF469AFA5E72846FFF774
:1012500043FF24022043B0F5004F9DD0040100233A
:10126000A2B219463046FFF7C1FD002894D1C4F35D
:10127000C030074352E7A0F1B103042B00F2B58060
:10128000DFE803F05729160C030003AA002300929D
:1012900019460D223046FFF7B3FB3FE700231A46FD
:1012A00005213046FFF7A2FD00283FF437AF73E772
:1012B0002846FFF711FF020300F00F00013002F48F
:1012C00070220123024319463046FFF78FFD0028A4
:1012D0003FF424AF60E700230DF108090D22194601
:1012E000CDF800903046FFF78BFB2846FFF7F4FE61
:1012F0000206029C4FF002080CD500F07F0000FAB5
:1013000008F0044428460294FFF7E6FE030608F1BD
:101310000708F2D400FA08F004F501742044002311
:101320000290CDF800900D2219463046FFF790FB51
:10133000F4E62846FFF7D0FE431EDBB20E2B024632
:101340007FF623AF28E72846FFF7C6FE020300F02A
:101350000F00013002F47022032302431946304685
:10136000FFF744FD00283FF4D9AE15E76FB3002026
:1013700013E72846FFF7B0FE431EDBB20E2B0246F2
:101380003FF60AAF002304213046FFF72FFD002867
:101390003FF4C4AE00E700F00F020132032342F431
:1013A000202219463046FFF721FD00283FF4B6AE53
:1013B000F2E62846FFF790FE00F0F00200F00F037F
:1013C0001032013343EA023208E702AC3B463946A9
:1013D00000940E223046FFF713FB0F2200943B4689
:1013E00039463046FFF734FBC1E700F0FC03B42B6D
:1013F0003FF4D2AE00F007020132012342F4002292
:1014000019463046FFF7F2FC00283FF487AEC3E6EA
:1014100008B5062000F004F80120FEF7A7FF00BF82
:1014200038B5144B1F281D681ED8D5F8382104463E
:1014300062B152F820304BB1012B05D0591C0FD0AE
:10144000002142F820109847002038BD284600F0BF
:1014500029F8224601462846BDE8384000F00CB87D
:1014600016232B60012038BD16232B604FF0FF3070
:1014700038BD00BF2003002070B50C46084D034660
:101480000026204611461C462E60FEF767FF431CCF
:1014900000D070BD2B68002BFBD0236070BD00BF57
:1014A00060200020FEF752BF4145525431323334A0
:1014B00035363738616263646566676800524F4C41
:1014C0004C3B50495443483B5941573B414C543B9A
:1014D000506F733B506F73523B4E6176523B4C459D
:1014E00056454C3B4D41473B56454C3B00000000A8
:1014F00000000000331E0108000000000100000091
:10150000381E010801000000020000003F1E010813
:101510000200000003000000481E01080300000054
:10152000040000004E1E0108050000000500000038
:10153000531E010806000000060000005D1E0108A1
:101540000700000007000000661E010808000000F8
:10155000080000006F1E01080900000009000000DB
:10156000781E01080A0000000A000000821E01081F
:101570000B0000000B0000008C1E01080C00000096
:101580000C000000961E01080D0000000D00000078
:101590009E1E01080E0000000E000000A61E01089D
:1015A0000F0000000F000000AE1E01081000000038
:1015B00010000000B71E010811000000110000001B
:1015C000BE1E01081200000012000000C81E010823
:1015D0001300000013000000D01E010814000000DA
:1015E00014000000DB1E01081500000015000000BB
:1015F000E21E01081600000016000000E91E0108A6
:101600001700000017000000F11E0108180000007C
:1016100018000000F91E0108190000001900000060
:10162000011F01081A0000001A0000000B1F01082A
:101630001B0000001B00000000000000FF00000075
:101640000100010200010300010400010500010680
:1016500000010700010800010900010A00010B0058
:10166000010C01030D00010E00010F00011000012B
:1016700011000112000113000114000100080048CC
:101680000040010200080048002001020008004854
:101690000080010200000048100001020000004824
:1016A000200001020000004840000102C5950066CC
:1016B0009C0000000000000080250000004B00009E
:1016C0000096000000E1000000C201000084030059
:1016D00090D0030000000040000400480004081CF3
:1016E00001020A01000000400004004800080C1C30
:1016F00001020B0100000040000000480200041C31
:101700000102010100000040000000480100001C2F
:1017100001020001002C0140000000480001001BF4
:10172000000A0806A4170108901701088E1701087F
:101730008C1701080000803F000080BF0000803F40
:10174000000080BF0000803F000080BF000080BF1D
:101750000000803F0000803F0000803F0000803F8D
:101760000000803F0000803F0000803F000080BFFD
:10177000000080BF0004004800000048000000484E
:10178000000400480004004800040048FFFFFFFF79
:101790000003010302030303040105030603070317
:1017A0000804FFFF0003010302030303040205030F
:1017B0000603070308040903FFFF000000000048B8
:1017C00000010000000002000004004804000000C6
:1017D0000000040000040048400000000000040075
:1017E00000040048800000000000040000040048DD
:1017F00000800000000004000004004800400000D9
:101800000000040000040048002000000000040064
:101810000004004800100000000004000000004820
:10182000100000000000020000000048002000003E
:10183000000002000000004800400000000002001C
:1018400000040048100000000000040000040048EC
:1018500020000000000004000000004820000000FC
:10186000000002000004004808000000000004001E
:101870000000004800800000000002000000004856
:101880000800000000000200000000480400000002
:10189000000002000000000000A24A040001000055
:1018A00001000000D31C0108151F010802010000FF
:1018B000C01C0108251F010803020000BD1C01080F
:1018C000351F010804030000B81C01083D1F010872
:1018D00005040000B31C0108401F010806050000B4
:1018E000AA1C0108471F010807060000A71C0108E1
:1018F000561F010808070000A41C0108631F010807
:101900000908000090190020000000000A090000EA
:10191000A11C01086B1F01080C0A00009C1C010897
:10192000721F01080D0B0000971C0108821F01089F
:101930000E0C0000881C0108971F01080F0D000005
:1019400090190020000000000B0E0000841C01080C
:10195000A21F0108100F00007F1C0108B01F010822
:101960000000000001020304010203040607080945
:10197000010002000400060008000A000C0010002C
:101980002000400080000001000000000000000076
:1019900089620008856200088D6200080A00000064
:1019A0000500000000000000050000000004080120
:1019B0001965000879640008AD640008E96400084E
:1019C000198D0008D36400081D8D00080000000078
:1019D0000000004F00000007000700147F147F1470
:1019E000242A7F2A122313086462364955225000A4
:1019F00005030000001C2241000041221C001408C5
:101A00003E081408083E0808005030000008080886
:101A10000808006060000020100804023E5149459B
:101A20003E00427F400042615149462141454B31D1
:101A30001814127F1027454545393C4A4949300161
:101A4000710905033649494936064949291E0036B8
:101A50003600000056360000081422410014141409
:101A60001414004122140802015109063249794137
:101A70003E7E1111117E7F494949363E4141412246
:101A80007F4141221C7F494949417F090909013EA3
:101A90004149497A7F0808087F00417F4100204082
:101AA000413F017F081422417F404040407F020CAB
:101AB000027F7F0408107F3E4141413E7F090909B2
:101AC000063E4151215E7F0919294646494949315F
:101AD00001017F01013F4040403F1F2040201F3F48
:101AE0004038403F631408146307087008076151C9
:101AF000494543007F414100020408102000414154
:101B00007F00040201020440404040400102040002
:101B10000020545454787F48444438384444442086
:101B2000384444487F3854545418087E090102064A
:101B30004949493F7F0804047800447D4000204023
:101B4000443D007F1028440000417F40007C041881
:101B5000047C7C0804047838444444387C1414140D
:101B600008081414187C7C080404084854545420B1
:101B7000043F4440203C4040207C1C2040201C3C32
:101B80004030403C44281028440C5050503C4464A1
:101B9000544C44000836410000007F0000004136EC
:101BA000080002010204023E5555412200000000D7
:101BB0000000007900001824742E24487E49424019
:101BC0005D2222225D15167C161500007700000AA2
:101BD000555555280001000100000A0D0A0408149B
:101BE0002A1422040404041C00080808000101014E
:101BF0000101000205020044445F44440000040265
:101C0000017E2020103E060F7F007F001818000084
:101C10000040502000000A0D0A0022142A14081760
:101C200008342A7D1708046A59304845402042008C
:101C30004200427E420042007E7E0042007E7E7E66
:101C400042007E7E7E7E007E7E7E7E7E5A0000008A
:101C50005A5A4040405A7A6060607A7A7070707A5E
:101C60007A7878787A7A7C7C7C7A7A7E7E7E7A0042
:101C7000000000000000000102030406070809003C
:101C8000F50A05FF00640AFF0405040508050F05B1
:101C9000080504050405FF140F2305FF05050505C8
:101CA000FF0A0AFF1932FF3202FF05050F0505057D
:101CB0000F1EFF1E050505FF0F050F05FF3232FF42
:101CC0000A0A0A0A0A28280A280A28280A0A0A0ADE
:101CD0000A46FF140A140A140AFF444556207C00E1
:101CE000202020207C00525820207C007C20415263
:101CF0004D007C2020202000204143432043414CC4
:101D00002000204D41472043414C2000204C4F579C
:101D1000204241542000205258204C4F5353200061
:101D2000202043524153482020004E4F542052451A
:101D30004144590020205245414459202000494E39
:101D400020464C49474854002020202020202020B5
:101D500020007C2025642E2564002530326C7520FF
:101D60003A002530326C750050203A20256420203E
:101D7000200052203A2025642020200059203A20BB
:101D800025642020200070203A2025642020200097
:101D900054203A20256420202000414554523132FD
:101DA0003334004D41474953205632005052494D7B
:101DB000555320583220763100323032352D3130B3
:101DC0002D31330031303A30323A343900302E3050
:101DD0002E30000C010200050403005052494D55FD
:101DE000535F58325F7631004D41474953563200B8
:101DF000257320666F722025730042792044524F6C
:101E00004E41204156494154494F4E00302E323404
:101E10002E3000322E322E300046573A2573207C69
:101E2000204150493A2573004275696C64203A207C
:101E300025730041524D3B00414E474C453B004805
:101E40004F52495A4F4E3B004241524F3B004D4189
:101E5000473B0048454144465245453B00484541C3
:101E60004441444A3B0043414D535441423B0043AB
:101E7000414D545249473B0047505320484F4D4530
:101E80003B0047505320484F4C443B005041535374
:101E9000544852553B004245455045523B004C4545
:101EA000444D41583B004C45444C4F573B004C4C33
:101EB00049474854533B0043414C49423B00474F3C
:101EC0005645524E4F523B004F53442053573B0010
:101ED00054454C454D455452593B004754554E4589
:101EE0003B00534F4E41523B00534552564F313BFE
:101EF00000534552564F323B00534552564F333BE9
:101F000000424C41434B424F583B004641494C53E1
:101F10004146453B004759524F5F43414C4942526D
:101F2000415445440052585F4C4F53545F4C414E0E
:101F300044494E470052585F4C4F53540044495354
:101F400041524D494E470041524D494E475F47501F
:101F5000535F464958004241545F435249545F4CD5
:101F60004F57004241545F4C4F570052585F534502
:101F700054004143435F43414C4942524154494F0D
:101F80004E004143435F43414C4942524154494F03
:101F90004E5F4641494C0052454144595F424545D8
:101FA000500044495341524D5F5245504541540001
:101FB00041524D4544000000000000000000004B6D
:101FC000000000CB00000080DB0F4940DB0F49C060
:101FD000DB0F49BFE4CB1640E4CB16C0000FC93F6E
:101FE000000F494000CB9640000FC9400053FB4012
:101FF00000CB164100ED2F41000F494100316241F5
:1020000000537B41003A8A4100CB9641005CA341DA
:1020100000EDAF41007EBC41000FC94100A0D54199
:102020000031E24100C2EE410053FB4100F20342A5
:10203000003A0A420083104200CB164200141D42AF
:10204000005C234200A5294200ED2F4200363642B3
:10205000007E3C4200C74242000F4942A2000000FD
:10206000F9000000830000006E0000004E00000038
:10207000440000001500000029000000FC000000E2
:102080002700000057000000D1000000F50000000C
:1020900034000000DD000000C0000000DB00000094
:1020A0006200000095000000990000003C00000064
:1020B000430000009000000041000000FE0000000E
:1020C0005100000063000000AB000000DE000000D3
:1020D000BB000000C500000061000000B700000068
:1020E000240000006E0000003A00000042000000E2
:1020F0004D000000D2000000E000000006000000DB
:10210000490000002E000000EA0000000900000065
:10211000D1000000920000001C000000FE00000042
:102120001D000000EB0000001C000000B1000000DA
:1021300029000000A70000003E000000E8000000A9
:102140008200000035000000F50000002E000000B5
:10215000BB0000004400000084000000E900000013
:102160009C0000007000000026000000B400000089
:102170005F0000007E000000410000003900000008
:1021800091000000D600000039000000830000002C
:102190005300000039000000F40000009C00000023
:1021A000840000005F0000008B000000BD00000004
:1021B000F9000000280000003B0000001F000000A4
:1021C000F800000097000000FF000000DE000000A3
:1021D00005000000980000000F000000EF00000064
:1021E0002F000000110000008B0000005A000000CA
:1021F0000A0000006D0000001F0000006D000000DC
:10220000360000007E000000CF0000002700000024
:10221000CB00000009000000B70000004F000000E4
:10222000460000003F000000660000009E00000025
:102230005F000000EA0000002D00000075000000B3
:1022400027000000BA000000C7000000EB000000FB
:10225000E5000000F10000007B0000003D000000F0
:102260000700000039000000F70000008A000000AD
:102270005200000092000000EA0000006B00000025
:10228000FB0000005F000000B10000001F00000024
:102290008D0000005D0000000800000056000000F6
:1022A000030000003000000046000000FC000000B9
:1022B0007B0000006B000000AB000000F00000009D
:1022C000CF000000BC000000200000009A000000C9
:1022D000F4000000360000001D000000A90000000E
:1022E000E300000091000000610000005E000000BB
:1022F000E60000001B000000080000006500000070
:1023000099000000850000005F000000140000003C
:10231000A000000068000000400000008D000000E8
:10232000FF000000D8000000800000004D00000009
:1023300073000000270000003100000006000000CC
:10234000060000001500000056000000CA00000052
:1023500073000000A8000000C90000006000000039
:10236000E20000007B000000C00000008C000000C4
:102370006B0000006937AC3168212233B40F14338D
:102380006821A2333863ED3EDA0F493F5E987B3F08
:10239000DA0FC93F0000C93F0000F0390000DA370A
:1023A0000000A2330000842E0000502B0000C22742
:1023B0000000D0220000C41F0000C61B000044170C
:0C23C000040000000700000009000000FD
:1023CC00C9280181B0B0AF8100000000C930018183
:1023DC00B0B0AF8000000000C90A0181B0B0AF8777
:1023EC000000000008B10181B0B0008400000000C2
:1023FC00C4DDFE7F01000000D8F1FE7FC4FFFF7F2B
:10240C00B40EFF7F01000000C00EFF7FB0AF0A804A
:10241C002C1EFF7F010000004424FF7FB0FFFF7FD4
:10242C005C3CFF7F01000000883EFF7FB0A902806A
:10243C00E83EFF7F010000007A41FF7FB0B0AC8026
:10244C00F042FF7F010000004C62FF7FB0B0A8801B
:10245C006862FF7FA908B1809C62FF7FB0B0A88042
:10246C00B862FF7F01000000008CFF7FAF08B180D5
:10247C00A08CFF7F01000000B08DFF7FB0B0AA8060
:10248C00D28EFF7F01000000788FFF7FB0B0A88054
:10249C00D08FFF7F0100000094A5FF7F3CFFFF7FE2
:1024AC0098C4FF7F0100000058E2FF7FB0A90280B2
:1024BC00E8E2FF7FB0B0A88038E3FF7F01000000A6
:1024CC0040E3FF7FB0B0AA8074E3FF7FAF76B280A9
:1024DC0048E4FF7FAB3F3A80ACE4FF7F0100000093
:1024EC00B4E4FF7FB0B0AA80F0E4FF7FF8FEFF7F7A
:1024FC0004E5FF7F0100000098E5FF7FAC0FB28080
:10250C0020E6FF7FB0AF0880C0E8FF7F010000002D
:10251C00D0E8FF7FAC3F0380B4EBFF7F01000000ED
:10252C00E4EBFF7FB0AD0480DCEEFF7F0100000028
:04253C0045E9000865
:10254000F4010000640000000101010000000040EF
:102550000201780014050000A0860100010053006C
:102560000100FFFF01000001000000000001000069
:102570000000000000000000F960000801010101F6
:10258000FFFF01000000803F00000000000000008D
:10259000000000000000803F00000000000000007C
:1025A000000000000000803FCDCC4C3ECDCC4C3E26
:1025B000E56F000801FF0001800101FF010100003B
:1025C00001FF01014F0201FF0E010003010184011F
:1025D000020A0103030104080105C80106030107FB
:1025E0008D0108080109C6010A01010B02010C0056
:1025F000010DD5010E18010F120110010111820108
:1026000012000113D5011418011513011603011747
:102610008601180A011909011A08011BC2011C03CD
:10262000011D8F011E0A011F060120010121020167
:1026300022000123D50124180125220126010127AA
:10264000820128000129D5012A18012B0B012C2811
:10265000012D78012E28012F9101300001310B014D
:10266000320001330B0134000135A101360001377E
:10267000A0013800013904013A28013B30013C0C2B
:10268000013D04013E0F013F7901402801411E0137
:10269000422F01438701440001450B0146000147D9
:1026A0000B0148000149A7014A00014BA6014C005B
:1026B000014D04014E01014F000150000151800104
:1026C000520901530801540101550001560F0157E9
:1026D00079015809015905015A00015B60015C0547
:1026E000015DD1015E0C015F3C0160000161D00120
:1026F000620B01630301642801651001662A01670A
:102700003901680B016902016A28016B10016C2A0A
:10271000016D61016E0C016F0001700F0171790193
:10272000720001730B01740001750B0176000177D3
:10273000A10178000179A0017A00017B0401FF0466
:1027400001791D017B2701960E0197FE0198030177
:1027500099EF019A02019B4401730701700101FF87
:102760000101000101FF0000000001FF0101000064
:1027700001FF000109000110000111000124010105
:1027800025FF01750001FF01014E2C0148000130B9
:102790002001FF000130090154000131040132031E
:1027A0000140830146250160000127000150060118
:1027B0005100015296015608015730016100016233
:1027C000000164000165000166A001FF01012232E1
:1027D0000147140149FF014A0001FF00017A0A0183
:1027E0007B0001782101FF010123340142000144F3
:1027F000FF014526014605014040010E0601201A51
:1028000001434001FF0001340301354401FF010190
:102810003104014B09014C05014D0401FF00014445
:1028200000014520014708014828016700017004A4
:102830000171010172FE01760001770001FF0101C3
:102840000D0101FF000180010101F801FF01018E6E
:102850000101000101FF00018000000000000000F4
:10286000280300200000000000000000281F0020B6
:10287000901F0020F81F0020000000000000000052
:102880000000000000000000000000000000000048
:102890000000000000000000000000000000000038
:1028A0000000000000000000000000000000000028
:1028B0000000000000000000000000000000000018
:1028C0000000000000000000000000000000000008
:1028D00000000000000000000000000000000000F8
:1028E00000000000000000000000000000000000E8
:1028F00000000000000000000000000000000000D8
:1029000001000000000000000E33CDAB34126DE674
:10291000ECDE05000B0000000000000000000000DD
:1029200000000000000000000000000000000000A7
:102930000000000000000000000000000000000097
:102940000000000000000000000000000000000087
:102950000000000000000000000000000000000077
:102960000000000000000000000000000000000067
:102970000000000000000000000000000000000057
:102980000000000000000000000000000000000047
:102990000000000000000000000000000000000037
:0829A00000000000000000002F
:0400000508000000EF
:00000001FF
