:020000040800F2
:1000000000A0002065E80008CDE80008CDE8000861
:10001000CDE80008CDE80008CDE8000800000000A9
:10002000000000000000000000000000CDE8000813
:10003000CDE8000800000000CDE800089D80000821
:10004000CDE80008CDE80008CDE80008CDE80008BC
:10005000CDE80008CDE80008CDE80008CDE80008AC
:10006000CDE8000897800008CDE80008CDE800083A
:10007000CDE80008CDE80008E1AE0008CDE80008B2
:10008000CDE80008CDE80008CDE80008CDE800087C
:10009000CDE80008CDE80008CDE80008CDE800086C
:1000A00041B10008F9B0000851B10008E9B00008FA
:1000B000FDB000080DB100081DB10008CDE8000832
:1000C000CDE80008CDE80008CDE80008CDE800083C
:1000D000CDE8000821AF00082DAF0008CDE80008EA
:1000E00091800008CDE80008CDE80008CDE80008C0
:1000F0003DB10008CDE800082DB10008CDE80008AA
:10010000000000000000000000000000CDE8000832
:10011000CDE80008CDE80008CDE80008CDE80008EB
:10012000CDE80008CDE80008CDE80008CDE80008DB
:10013000CDE80008CDE80008000000000000000045
:10014000CDE80008CDE80008CDE800080000000078
:10015000000000000000000000000000000000009F
:100160000000000000000000CDE80008CDE8000815
:10017000CDE80008000000000000000000000000C2
:0801800000000000CDE80008BA
:1001C00010B50F4B1A786A2A17D15A88B2F5AA6F60
:1001D00013D11A79BE2A10D193F84E25EF2A0CD1EB
:1001E000084C002213F8011BA342104682EA0102C8
:1001F000F8D1431A5842584110BD0020FCE700BF17
:1002000000F0030850F50308024A93680343936023
:10021000704700BF68040020024A936823EA000385
:100220009360704768040020044A0123B2F8501517
:1002300083400B43A2F85035704700BF680400208C
:10024000044A01238340B2F8500520EA0300A2F8D3
:10025000500570476804002010B50C4CB4F85205E6
:10026000B4F85435184380B260B9FFF7E9FFB4F829
:10027000500510F0010004D1D4F85805003818BF1B
:10028000012010BD0020FFF7CFFFF0E76804002039
:100290006F4B70481A68596870B5D0F85C45A21A5F
:1002A0008A4213DB90F86025B0F850650132D2B273
:1002B00080F86025002101252E4208D101316D0012
:1002C0000929ADB2F8D15A6822441A6070BD89B2CA
:1002D0000139072905D8DFE801F01BAC90819D4565
:1002E0002E7064225A601D7A5B4A4FF480404FF4AE
:1002F000005190612DB111854FF40041118500220C
:1003000004E091614FF40041916101221A72DAE731
:100310001D7A64225A604FF480404F4A4FF40041E6
:1003200025B1108591614FF40051E7E7906191612B
:100330004FF40051E8E790F86115474821B3642273
:100340005A604FF4804282614FF4005282614FF450
:1003500000420285B7E74FF48042018502854FF4E1
:100360000052F6E790F861153B4869B164225A6083
:10037000828A92B282F4005282824FF48042826179
:100380004FF4004282619EE702F003027821022AC4
:1003900059604FF40041DED0032A0AD0012A0185BA
:1003A0004FF4804201D0826100E002854FF4005298
:1003B000E8E781614FF48042F5E790F86125002A73
:1003C00081D064225A60244A4FF4804111854FF451
:1003D000004191614FF40051916174E71E4964221C
:1003E0005A604FF480428A614FF400428A618A8ADF
:1003F00092B282F400528A8265E764225A60164AF9
:100400004FF4804191614FF4004191614FF40051EC
:10041000118558E7104964225A604FF400528A61EE
:100420008A8A92B282F480428A824FF400428A61C0
:1004300049E7642112F0010F5960074A4FF48041E7
:100440004FF4004001D11085C3E79061DDE700BFA4
:10045000000000206804002000080048FDEEC07A7B
:1004600017EE903A2033402B43D8DFED237A9FEDEF
:10047000237AB4EEE70AF1EE10FA28DCDFED207AF9
:100480009FED1E7AB4EEE70AF1EE10FA22D4DFED0A
:100490001D7AB4EEE70AF1EE10FA1EDD30EE670ABF
:1004A00037EEC00A60EE007ADFED176A9FED177A2B
:1004B000A7EEA67ADFED166AE7EE876A9FED157A5A
:1004C000A7EEA67A20EE276AA6EE070A704730EE5E
:1004D000470ACEE730EE070AD4E79FED0F7AB4EE75
:1004E000C70AF1EE10FA44BF30EE270A37EE400A91
:1004F000D8E79FED0A0A7047DB0F4940DB0FC94080
:10050000DB0F49C0DB0FC93F9A7C2E36FAAF4FB9DB
:100510003587083CA4AA2ABEDB0FC9BF0000000033
:1005200003685A1C02601970704700231B68FFDEC5
:1005300030B5484BD3F86425B3F96E159578D27869
:10054000B3F98C05002A41D00A1A82EAE274A4EBBE
:10055000E274AC4223DD012012F5997F83F88E0509
:100560001ADD062092FBF0F2502AA8BF5022B3F801
:100570009005024412B2A3F8AA25A3F8902593F897
:10058000B025002A61D040F2DC5291425DDC4FF48C
:100590007A72A3F8AA2530BD6FF03102E7E793F82D
:1005A0008E2532B1D3F89825C3F89425002283F81C
:1005B0008E25D3F89C25D3F8A0451044228890427C
:1005C000D8DB62888242A8BF0246D3E740F2DC5201
:1005D0009142214C23DDA1F2DC52954228DAA1F2AE
:1005E000DC52002ABCBF6FF4BB628A189210782AD2
:1005F000A8BF7822C3F8AC250122627283F88E2549
:10060000D3F89C25D3F8A04510442288904203DB00
:1006100062888242A8BF0246A3F8AA25AFE7521A11
:10062000954205DAB1F5896FD9DC6FF06302E1E735
:100630000022627293F88E45C3F8AC25002CDFD0FF
:10064000D3F89845C3F89445D8E7002283F8B0253D
:10065000A1E700BF6804002000000020134BD3ED89
:10066000037A134BF5EE407AF1EE10FA4FF00002E8
:1006700003F1040103F1080003D11A600A6002606B
:100680007047F0EE086A86EEA77A80ED007A27EED2
:10069000A77A67EE877A86EE876AF7EE006A86EEBB
:1006A000A77A81ED006A83ED007A70470000002090
:1006B0001C0A0020034BB3F8C0351D2B01D80420C1
:1006C000B2E5704768040020054B0022C3F8C4253A
:1006D000C3F8C82503F2CC5300221A605A60704751
:1006E00068040020074B0022C3F8D425C3F8D8259E
:1006F000C3F8DC2503F5BC6300221A605A609A60D7
:10070000704700BF6804002010B5164C94F8EC3513
:100710005A0706D523F00503042084F8EC3507F0CA
:1007200095FE94F8ED25104B0AB100221A740122AF
:100730005A74782200215A82042040F214529A827C
:1007400084F8EE1584F8EF1584F8F015C4F8F41564
:10075000FFF776FD0520FFF773FD84F8F81584F8A0
:10076000B01510BD68040020000000202DE9F047FE
:10077000C24C94F8F935B4F8FA2504EB4303B3F905
:1007800068359342C0F25281B4F8FC25934200F3DD
:100790004D8194F8FE550DB994F8FF5594F8023642
:1007A00084F8005684F80156002B00F00D81D4F82F
:1007B0000476D4F80836FB1AC72B40F2058194F86A
:1007C0000C86B8F1000F40F0F5804146404608F035
:1007D000A9FBAB4BAB48002D08BF18460BF07EFEC3
:1007E000D4F8106694F8FE95022E40F07981B4F8A2
:1007F0005035DA0740F11C81A34BC4F81436D4F805
:100800001486B8F1000F06D00620002108F08AFBFC
:1008100040460BF063FE002110200136C4F810663C
:1008200008F080FBB4F8C03598480A21B3FBF1F218
:1008300001FB12339BB296490AF05EFF93480BF01E
:100840004DFE0721002008F06DFBB9F1000F40F0CC
:10085000508194F8FF258F48894B002A08BF18461D
:100860000BF03CFED4F82C66D4F85C3594F83026B6
:1008700016F0010600F03F81002A40F04181C4F8E3
:100880003426B4F85025D20504D5012284F8302648
:10089000C4F8383607210846D4F834364FF47A7253
:1008A0004FF03C0AB3FBF2F808F03CFBB8FBFAF956
:1008B000794976484A460AF01FFF74480BF00EFE4D
:1008C00007210C2008F02EFB744970480AFB19829E
:1008D0000AF012FF6D480BF001FE1020072108F00E
:1008E00021FB6F486F4B002E08BF18460BF0F6FD3A
:1008F000002D5FD10221012008F014FB0A266A496D
:10090000B4F93E26614892FBF6F20AF0F5FE5F4824
:100910000BF0E4FD0321012008F004FB6349B4F966
:100920003C265A4892FBF6F20AF0E6FE57480BF0D6
:10093000D5FD0421012008F0F5FAB4F942265C49FE
:1009400052480AF0D9FE51480BF0C8FD02210B2095
:1009500008F0E8FAB4F96A2556494C480AF0CCFE8A
:100960004A480BF0BBFD03210B2008F0DBFAB4F979
:1009700068254E4945480AF0BFFE44480BF0AEFDDD
:1009800004210B2008F0CEFAB4F96C2548493F4801
:100990000AF0B2FE3D480BF0A1FD05210B2008F046
:1009A000C1FAB4F96E25444938480AF0A5FE374823
:1009B0000BF094FD94F84436AB4201D00BF077FD78
:1009C00084F84456C4F80876002D00F0218107F021
:1009D0006DFBD4F84836C31A002BC0F2A380374E03
:1009E000B3690344C4F84836337F93B1002501222C
:1009F0004FF47A713248C4F84C56C4F8505608F097
:100A000075F92946284608F057F90123357784F807
:100A10005836D4F85C35D4F850269B1A002B75DA7A
:100A20000021BDE8F047002008F046B90025B5E6F2
:100A3000980701D5234BE0E6D90601D41A0701D562
:100A4000214BDAE6980605D4B9F1000F04D194F8E9
:100A5000FF250AB91D4BD0E6590701D51C4BCCE642
:100A60005A0601D51B4BC8E6180601D51A4BC4E639
:100A7000D9057FF5C4AE194BBFE600BF680400205E
:100A8000EC1B0108E61B0108041C0108800A002079
:100A90005E1C0108F21B0108661C01086E1C01089F
:100AA000F81B0108FE1B0108741C01087E1C0108CC
:100AB000881C0108921C01089C1C010800000020F1
:100AC000B40A00200E1C0108181C0108221C010891
:100AD0002C1C0108361C0108401C01084A1C010896
:100AE000052E01BF5A4BC4F81436C4F8108646468A
:100AF00085E65848B4E6002A3FF4CCAE84F8306668
:100B0000D4F838269B1AC4F83436C3E694F8543621
:100B100033B1D4F85C25D4F84C361344C4F85036BD
:100B200001217EE74C4A0023A2F1B501D01D1578C2
:100B300015B3032B06D050F8235021F8135001337E
:100B40000132F4E7D4F86C36A4F86E3594F87036B8
:100B500013B10023A4F87236404E0023012516F885
:100B6000012B002A50D0DBB2013B042B08D8DFE870
:100B700003F0111B293741000133042BE0D1E5E7D5
:100B800001200BF0D5FC002384F8753684F87456E8
:100B90000123E4E701200BF0BDFC002384F8743648
:100BA00084F875560223DAE704200BF0C1FC4020DC
:100BB0000BF0B0FC012384F87636002384F87736F6
:100BC0000323CCE740200BF0B3FC04200BF0A2FC85
:100BD000012384F87736002384F876360423BEE7B1
:100BE00008200BF0A5FC002384F8793684F87856A9
:100BF0000523B4E708200BF08DFC002384F8795618
:100C000084F87836BDE8F0870133062BA7D1F9E7E1
:100C100094F85836002BF5D0114BC4F860560122D9
:100C200084F85956C4F8645684F85A56C4F868567D
:100C300084F85B56C4F86C5684F85C5684F8705699
:100C4000C4F84C56C4F850561A7784F85856D9E769
:100C5000541C0108F21B0108C10A0020DC0A002014
:100C600000000020224B93F8EC2512F0010F02F057
:100C7000040103D1D3F87C06012833DC93F8800605
:100C800080B393F8810668BB39B11A4A134651689C
:100C900043F8081BD2681A607047D3F82C16480135
:100CA00024D491071FD442F0040283F8EC2593F872
:100CB000EE2522B9012283F8EE25D3F85C250E4AF1
:100CC000B3F84216D183D3F85C25D3F85C1593F8BA
:100CD0008E214FF47A7012FB00120520C3F894267F
:100CE00007F0B4BB11B9012007F0D6BB704700BFB5
:100CF00068040020EC0A00200000002070B5104CB1
:100D0000D4F89856284607F00DFC287A04F29C6423
:100D100000226FF01806192112FB0263434303F609
:100D2000C41353430132072A93FBF1F324F8023B27
:100D3000F2D128460349BDE8704007F00FBC00BF60
:100D400068040020380500202DE9F84F4FF4AA620E
:100D50002DED028B0021C8489FEDC88A0FF0C8F91D
:100D6000C54A02F5E4730021C2F8AC3602F22A56F5
:100D70006A2303244FF4006015461370547182F8FF
:100D8000B016C2F89866FFF73FFA8020FFF73CFAEA
:100D90000220FFF739FA4FF40060FFF735FA4FF4FD
:100DA0008070FFF731FAC823A5F8FA30B44BDFF8AA
:100DB0003CC3DFF83CE385F832414FF48037C5E9A6
:100DC0003B73B04BC5F8F4304FF47A73A5F8343167
:100DD00042F22013C5E94AC34FF0A063C5F8C431FD
:100DE000A94B85F828154FF07E58C5E951E340F628
:100DF0004303A5F84C312A46A5F8E41085F8E6101F
:100E0000C5F8FC10A5F80011C5F8E81085F8F81031
:100E1000C5F81081C5F81481C5F8188185ED478A99
:100E200085ED488A85ED498AA5F83011A5F8B811F5
:100E300085ED6F8A85ED708AA5F83E112B462C460C
:100E40000329CCBF0122002201F1010183F84E21C8
:100E500014BF1E220522122983F84F2103F1020339
:100E6000EED18A4BC4F84031834B00224FF47A70A4
:100E70004FF4FA610132042AA3F87201A3F8741145
:100E800003F10403F6D1824A824B8349C4E9632308
:100E9000824BC4F8D030A3F1FA73643BC4F8D43069
:100EA00003F5602303F5CB73C4F8D8307C4B0027DF
:100EB0004FF00109C4E9371384F8827184F89491E2
:100EC0000AF0E8FC40F6AC53A381764BC4F8C83175
:100ED00003F10343A3F51D23A3F29D73C4F8CC31A2
:100EE0007148724B724AC4F8F821C4E97403714B1B
:100EF000C4F8D8312D2384F8DD3141F61E63A4F8FF
:100F0000DE316D4BC4F8E031C4F8FC2145F2053305
:100F10006A4AA4F8E431C4F8142264234B2284F80A
:100F2000E63184F8182240F201534FF4FA72A4F823
:100F3000E831A4F81A22624BC4F8043240F2DC52C1
:100F4000C4F80832A4F834255E4BC4F8F43144F2F6
:100F50005A125D4BA4F82A254FF07F513222A77315
:100F6000C4F81032C4F81C72C4F82C25A4F83075EB
:100F700084F83275C4F8EC11C4F8F011C4F800829A
:100F800084ED838AA4F82272C4F82C3242F6280336
:100F9000A4F83032152384F834324C4BC4F8247250
:100FA000C4F838324A4F4B4B84F84492DFF83891FA
:100FB000C4F83C3240F60822474BA4F82822C4F873
:100FC0004032BA4609F1080BB84617F8011B002950
:100FD00043D14FF42053A4F8DE324FF44873A4F801
:100FE000E2323E4BC4F88431C823A4F88A3184F835
:100FF000DD1284F8E01284F8E41284F888110C23DE
:10100000013B05F1100585ED008AF9D134494FF413
:10101000907288180BF098FA31494FF4907201F5EC
:1010200010700BF091FAD4F82A35C4F836352D4AF1
:1010300073685360B368D4F82A159360C4F84215F6
:101040005361012384F8403371681161022384F8ED
:101050006034BDEC028BBDE8F88F23480FF096F8A2
:101060000028B1D058453FBFA0EB09000019A8EBFC
:101070000A0880F83681A7E7680400200000000015
:101080002A005802FA0020006C077503001E0001B8
:10109000000105960101C800B40532004C04D007D8
:1010A00050463200012828962828783C0A0A460033
:1010B000CDCCCC3E0002210A1E321E000000404072
:1010C0008FC2F53C000020400000A0409A99193FD3
:1010D000A61C0108F6287C3F1F856B3F0AC8140533
:1010E000300600209E090020B8130108190A0A2AB8
:1010F000DC054C042DE9F843FFF762F810B9032032
:1011000007F035F9C14C07F0F9FA4FF4AA62C0496B
:1011100020460BF019FA94F82865022E88BF0026A5
:101120004FF4907506FB05F504EB050288BF84F8C3
:10113000286592F82032022B84BF002382F82032E7
:101140000C2284F8B03605F5E47702FB034303F282
:101150002A5308202744C4F89836C4F8AC76FFF721
:101160005BF84FF40050FFF757F80120FFF754F8F1
:101170004FF48040FFF750F8FFF746F84FF49073B4
:1011800003FB0643002283F8452241F20302A3F841
:101190004622A04AC3F8482202F18052A2F57E42BC
:1011A000C3F84C229C4A4FF4866CC3E994C22022B7
:1011B00083F85822052384F8F93540F2AA53A4F89D
:1011C000FA3540F20E63A4F8FC35944B012283F803
:1011D0002020A36846F209021A4203D14FF40050BE
:1011E000FFF712F8A368D80703D54FF40050FFF7B4
:1011F00013F8A368590409D50820FFF70DF84FF438
:101200000050FFF709F80120FFF706F8A3681A0756
:1012100006D54FF40050FEF7FFFF0120FEF7FCFF5C
:10122000A3689B0402D54020FEF7F6FF012384F853
:10123000B93194F88C312BB194F8903113B100236B
:1012400084F89031DFF8EC81C4F8B48600200246BF
:101250004FF0FF0E04EBC003B3F89A114B0803F0F4
:1012600077334FEA910909F03339CB1AA3EB09031D
:101270004FEAD10909F01139A3EB090303EB23135A
:1012800003F00F33B3FBFEF9C9EB092901F0010CA0
:10129000A3EB09036244012BD2B207DD022B0BD171
:1012A000BCF1000F08D011F0BC0F05D001300428AC
:1012B000D0D1013A012A01D90AF0ECFAFFF71EFD5C
:1012C000302200215648DFF870910EF011FF05F230
:1012D0004520394620440AF00BFB4FF4907303FB82
:1012E0000646C4F8E89696F8C80105F0A7FA09F191
:1012F0008E03C4F8EC3694F88431DFED4A6AC4F802
:1013000030876421C82213FB0123B4F8F210C4F81B
:10131000F4360023C4F8F836C4F8FC36C4F80037B5
:10132000C4F80437C4F80837C4F80C37A4F81037E9
:10133000C4F81437C4F8183707EE901A09F10603F9
:10134000C4F82037A9F11E03B4F8F410C4F8243708
:10135000F8EE677A09F19A03C4F82C3709F23E6374
:10136000C3ED017A07EE901AB6F82812A4F83417E4
:1013700096F8441284F8361794F88F1184F84017C1
:10138000B6F8E212C4F8443707EE101AF8EE677A9E
:10139000B8EEC77AC3ED027AC6EE877A05F50C730C
:1013A0002344C4F8483705F2DD2509F25663A9F154
:1013B00026022544C4F82827C4F850774FF07E5100
:1013C0009FED197A67EE877AC3ED007A09F25E63C2
:1013D000C4F86455C4F8A025144A1A604FF07C5232
:1013E00009F272695A6000229A60D9601A61104B42
:1013F000C9F80030C9F80410C9F80820C9F80C1061
:10140000C9F81020BDE8F84307F090B9680400203F
:1014100000F0030830010300100500100000002058
:10142000200B0020000061444C3D0F440AD7233CB0
:10143000CDCCCC3D9E0500205E0500202DE9F74F68
:1014400007F05CF9434B6A221A704FF4AA625A8083
:10145000BE221A71EF22A3F84E2540F2515100220C
:101460001846013955D13C4B80F84F251A691206B0
:1014700004D53A4A5A6002F188325A60364C384EE6
:1014800003254FF03409C4F80C900AF0F1F9042850
:10149000DFF8C08038D1236943F002032361314B68
:1014A0006361236943F0400323610AF0E1F9236992
:1014B000042823F00203236126D14FF0000BDA4603
:1014C00058F8047BCDF804A00AF0D2F904281BD107
:1014D000236943F0010323610BF1006303F57C33BF
:1014E000BAB21A800AF0C4F9042816D10BEB06032D
:1014F0000193019B3F0C1F800AF0BAF9236904286D
:1015000023F0010323610DD0013D15F0FF05BAD191
:101510000DE013F8014B6240A3E7236923F00103B8
:101520002361F1E70BF1040BBBF5AA6FC8D10A4A9E
:101530001369042843F08003136102D1FEF740FED3
:1015400010B9042006F013FF03B0BDE8F04F07F018
:10155000EDB800BF68040020002002402301674569
:1015600002F0030800F003082DE9F04FD54ED6F83D
:101570009886B6F96EE5B8F80A202DED048B9645ED
:10158000A9B0C0F2B581BEF5FA6F98F80740BDBFAB
:10159000AEEB020313FB04F3C2F5FA62C4F1640379
:1015A000BCBF93FBF2F3C3F164030193B6F844317B
:1015B0000393C54BD6F8ACB6069303F50B7203F153
:1015C0003C070592A3F5AD6503F22F2208F1040351
:1015D000DA460492002064210793069B33F9022B1C
:1015E000029206931346039A9B1A03F2F31240F2F7
:1015F000E634A24200F27E81002BB8BF5B42022893
:1016000000F07B819BF815211AB19A42B4BF9B1A56
:101610000023B3FBF1FC05EB4C024FF69C74B2F9CE
:101620009A97B2F99C271CFB043CA2EB09020CFB25
:1016300002F292FBF1F24A443A80079A125C12FBE2
:1016400003F3A24A93FBF2F3019A64339BB2534330
:1016500093FBF1F31AF8012F059C5A4392FBF1F228
:1016600004F8012B9AF8162005945A43049B92FB28
:10167000F1F203F8012B022804931EBF944B019A48
:10168000C254DDE9023208BF85F8AA179342B8BFF9
:101690003B8800F10100BCBF5B423B80032807F19F
:1016A00002079AD1DFF83492D5F82C86B9F92230A6
:1016B000581C0DD018F0080F0AD0D5F89825323BE9
:1016C000934205DC40F2DC539E45C8BFA5F86E3559
:1016D00095F8EF351BB1B9F81430A5F86E35B5F9AA
:1016E0006E35B5F846219342C0F23281B3F5FA6FF8
:1016F000A8BF4FF4FA639B1A4FF47A714B43C2F5BB
:10170000FA626424B3FBF2F393FBF4F105EB4102BC
:101710006FF06307B2F9AC07B2F9AE2707FB0133EC
:10172000121A534393FBF4F30344A5F8AA35B5F812
:10173000C437590639D5B5F84236B9F81E20DFED61
:10174000657A9FED650A9B1A1BB205EE903AF8EE9A
:10175000E55A65EEA75A35EE800AFEF77FFEB0EE39
:10176000405AB0EE650AFEF779FEB5F9A63506EEE9
:10177000903AB5F9A43507EE103AF8EEE66AB8EEFD
:10178000C77A67EE007A20EE660AE6EE857AA7EE63
:10179000050AFDEEE77ABDEEC00A10EE103AA5F894
:1017A000A43517EE903AA5F8A635D5F8C8A71AF0D3
:1017B000020F00F0E280D5F8CC27D5F8D03745F2FB
:1017C0000721D31A8B4240F3D8800220C5F8D027D6
:1017D00009F074FBC2075EBFC0F3CF041923B4FB4A
:1017E000F3F495F8D437D5F8D82705EB430148BF73
:1017F0004FF6FF74B1F8DC07A1F8DC47121A144465
:1018000001336422B3FBF2F102FB113385F8D437C4
:1018100095F8A438C5F8D847632B9EBF0133DBB2D7
:1018200085F8A438B4FBF3F495F8A538A7B2032BD8
:10183000A5F8C07540F08E800A2F40F29E8099F87E
:10184000241001EB810101EB810100234FEAC11B50
:1018500001EB01114FF416721FFA8BFBC90085F8DA
:10186000A538282041F26803A5F8A628A5F8A838CD
:10187000A5F8AC18A5F8AAB806F06AFD2A21B7FBAE
:10188000F1F107EB8707013107EB870789B2BF004A
:101890000829BFB228BF0821A7EB0B074FF4167227
:1018A00041F268037A43A3EB0B0389F8241092FBFF
:1018B000F3F3A5F8AE38034AB2F8AC38A4B2633BF0
:1018C000A3420DE068040020D00900200CFEFFFFB9
:1018D000100C002035FA8E3CDB0FC93F00000020C1
:1018E0004BDD0123082082F8A53806F0AFFD44E067
:1018F00064235AE64FF4FA7381E69BF816211AB175
:101900009A42B4BF9B1A0023B3FBF1FC05EB4C02D7
:101910004FF69C74B2F99C96B2F99E261CFB043CCF
:10192000A2EB09020CFB02F295F9EEC092FBF1F278
:10193000CCF1000C4A4412FB0CF2A5F8A82598F84B
:10194000062012FB03F3AF4A93FBF2F3643381E604
:101950001346D0E60A2F00F2AD80032385F8A538A0
:10196000002389F82430A5F8AC38A5F8AA38A5F8E2
:10197000A838A5F8A638A5F8AE381AF4006FA24C1E
:1019800059D0D4F8CC27D4F8B03845F20721D31A6F
:101990008B4250DDD4F85C35C4F8B028D4F8B428B4
:1019A000C4F8B4380120A3EB020B09F087FA00B2A7
:1019B000632840F3B080642390FBF3F007EE900AB5
:1019C000F8EEE77AB2EE047AC7EE876A9FED8F7A77
:1019D000C6EE877AFCEEE77A17EE903AB3F5803FD1
:1019E000AABF00221A461346C4F8B8289BB2DFF8F3
:1019F0002CA2D4F8C078DAF80420E3FB0B729146ED
:101A00000023834A384649460AF0A6FEC317B0F5BC
:101A1000803F73F100032ABF002303461846C4F831
:101A2000C838B4F8AE38C4F8C0781B1A9BB2CAF8EC
:101A30000490C4F8CC3818F4805F02D00A2006F075
:101A400005FDD4F8D098B9F1000F22D0D4F85C3558
:101A5000D4F8D4289A421CD894F8DA38B4F8D87854
:101A6000002B5AD1D9F80430012284F8DA28DB5D42
:101A70003BB137B999F80030053B934201D806F0E5
:101A800015FBD9F80430DB5DFE2B4AD10023A4F806
:101A9000D83894F8EC154B074FF0080051D5FEF7F5
:101AA000C3FB0720FEF7CCFB0620FEF7C9FB594F0E
:101AB0000023B6E0012B05D0022B1FD0002B3FF4F2
:101AC000FAAE5AE795F8EC3523F0020385F8EC35C9
:101AD000B5F8AA38A4B2633BA34204DD022385F81B
:101AE000A538072014E0B5F8AC3864339C420EDD0D
:101AF000002385F8A538FEF7DDFD3EE7B5F8AA38E6
:101B0000A4B264339C42ECDD012385F8A53808209B
:101B100006F09CFCEFE7002369E7002384F8DA383D
:101B2000AFE7FF2B02D106F07FFCB2E7D4F85C25CB
:101B30000A2113FB01230137C4F8D438A4F8D8785C
:101B4000A7E7FEF77DFB18F0010F10D194F8DB3802
:101B50001F0702D594F880364BBB072021F0010106
:101B600084F8EC15FEF76CFB0620FEF75DFBB4F87D
:101B7000503594F8DC78580724D56FB926483A4692
:101B80004FF4967107F0B2F8F0B1012384F8DC3815
:101B9000C4F81477C4F8187794F8DB381B0713D50A
:101BA0000220FEF74DFB002384F8DC380CE041F006
:101BB0000101072084F8EC15FEF736FB0620FEF73E
:101BC0003FFBD4E7002FE7D1B4F8C035222B11D961
:101BD0000023032084F88136FEF732FBFEF73CFB3E
:101BE00000283FF464AF94F8EC3523F0010384F847
:101BF000EC355CE70123032084F88136FEF714FB03
:101C0000ECE700BF0CFEFFFF680400206F12033BEF
:101C100080EE36004C0E00207C0B0020280D0020AA
:101C2000132397F84A800193B8F1010F40F0BE8169
:101C30003B68C4F8E078C4F8E4384FF005094FF089
:101C4000000BD4F8E40803685B689847002800F0AC
:101C50006D81D4F8E4080368DB689847D4F8E0A8FD
:101C60009AF84830052B12D8DFE803F0030A9FA446
:101C7000B3BD242840F0CD8001238AF8483006E027
:101C8000A0F14D014842484140008AF848009AF8C6
:101C90004830062BD5D19AF849307C2B00F2CC8005
:101CA000002B00F016875A1E7B2A00F20D87DFE812
:101CB00012F0160123018F019A01AF010B070B07E8
:101CC0000B070B070B070B070B070B070B070B0784
:101CD0000B070B070B070B070B070B070B070B0774
:101CE0000B070B070B070B070B070B070B070B0764
:101CF0000B070B0755040B0799050B079E050B07F0
:101D0000BF050B07D1050B07D7050B070B070B0703
:101D10000B070B0726060B077C040B076D060B074A
:101D2000AC050B071F034E040B0750030B070B07F3
:101D30002D060B073F060B070B07DB069206B206C4
:101D40000B075A030B07F5050B0703060B070B07D9
:101D50000B070B070B070B070B070B070B070B07F3
:101D60000B070B070B070B070B070B070B070B07E3
:101D70000B070B070B070B070B07F301A7020B075A
:101D8000DD02F0020B070B070703150324035F03B3
:101D9000A1030B0716055B05A50441040B07ED0421
:101DA0000B070B070B07F90600073C2814BF00239D
:101DB000032362E7402802D98AF848B067E78AF827
:101DC00005008AF804B08AF807B08AF806000423F0
:101DD00053E79AF806308AF8490043408AF80630FB
:101DE0008AF8489053E79AF804309AF805109AF860
:101DF0000620994208D942408AF806205A1C5344CA
:101E00008AF80420187242E790420CBF0623002390
:101E100033E794F8EC355A073FF539AFD4F8E83892
:101E20001B7883427FF433AF8F4B904AC3F8FC2F6B
:101E30008F4B904ADA602AE7F02B00F0B2843CD84E
:101E4000DD2B00F02586DE2B00F02686A02B00F08F
:101E5000B684C72B40F23D86C83B2A2B00F2398658
:101E6000DFE813F0B506370603073706DD078808F5
:101E700092081B08800837069C06AC06B006370699
:101E80006008370637066E087B08370637063706C0
:101E9000370637063706370637063706370637065A
:101EA000370637063706370637063706370637064A
:101EB0003706E20637063706B006FE2B00F06484CC
:101EC000FF2B00F06981F22BC3D9FA2B40F0018679
:101ED00094F8EC355B0740F16C8600F0FABD032006
:101EE00006F009FC002006F0A7FB002006F0A4FB8A
:101EF000182006F0A1FB0FE0082006F0FCFBDFF83D
:101F000084914FF0000819F8010B08F1010806F060
:101F100093FBB8F1080FF6D1D4F8E038987906F0C1
:101F20008BFBD4F8E038002283F8482094F8AF39CE
:101F3000002B3BD0D7F80080D8F8003040465B69D2
:101F40009847002801F05681D4F8C8374A49D80488
:101F50004CBFD4F82437D4F8283794F8B0099B88BC
:101F600000221BB25FFA82FC8445C1F0488109F06F
:101F700017F8322006F0ECF9002394F8B0193F4A24
:101F80009C46D8B28842C1F03F81322006F0E0F989
:101F9000D4F8C837590306D5A3685A0303D440F2CE
:101FA000DC5006F0D5F9324B324ADA60019B132B34
:101FB00007F14C077FF434AED4F8843A002B01F0DB
:101FC00044812F4829B0BDEC048BBDE8F04F184781
:101FD000032006F090FB022006F02EFB022006F004
:101FE0002BFB002085E7102006F085FB0C2006F077
:101FF00053FBDFF894904FF0000819F8010B08F13B
:10200000010806F019FBB8F10C0FF6D10020D5E05D
:102010001A2006F070FBDFF874904FF0000819F8F2
:10202000010B08F1010806F007FBB8F10B0FF6D120
:10203000DFF85C904FF0000819F8010B08F1010877
:1020400006F0FAFAB8F1080FF6D1DFF848904FF031
:10205000000819F8010B08F1010806F0EDFAB8F1D3
:10206000070FF6D158E700BF00900020EFBEADDEAD
:1020700000ED00E00400FA05E40B00201C0E002037
:10208000F40E0020AF1C0108B81C0108C51C010893
:10209000D01C0108D91C01080B2006F02CFBB4F859
:1020A000500506F0F9FAD4F8EC28CB4B9A420CBF55
:1020B000B4F8F008B4F8F20880B206F0EDFAD6F8F9
:1020C000F438C3F3C000C3F38002800040EA42004A
:1020D000C3F340021043C3F3401240EAC200C3F30B
:1020E000001340EA031000F01F0006F0D5FAB6F81E
:1020F000C42796F8EC35D6F82C1696F8F888DFF851
:10210000E0C2500000F00200C3F380030343C2F3B7
:10211000400043EA800302F008000343C2F380005A
:1021200043EA0013C2F3801043EA401301F4E07065
:102130001843C2F3001340EA4320C2F3401340EABD
:102140008320C2F3002340EAC32001F47F2303432A
:1021500001F480100343C2F3402043EA405301F0EE
:102160000071C2F380220B43002043EA82634FF0E8
:10217000010E0246424504D306F097FA94F828056A
:10218000B7E61CF8011B0EFA01F119421CBF0EFA4A
:1021900002F108430132EDE70023B4F85015A4F82A
:1021A000143901220A420CD101335200092B92B298
:1021B000F8D1022006F09FFAB4F8140906F06CFA80
:1021C000AAE69BB2013B072B05D8DFE803F0080A1B
:1021D0000C0F111315170123A4F81439E9E7022392
:1021E000FAE74023F8E74FF48073F5E78023F3E73D
:1021F0002023F1E71023EFE70823EDE70423EBE7C3
:10220000122006F078FA754BB5F91609DB8CB3F598
:10221000806F88BF4FF0080890FBF8F080B206F09E
:102220003BFAB5F9180990FBF8F080B206F034FAE1
:10223000B5F91A0990FBF8F080B206F02DFAB5F85E
:102240001C0906F029FAB5F81E0906F025FAB5F8BA
:10225000200906F021FAB5F8220906F01DFAB5F8B2
:10226000240906F019FAB5F82609A7E7102006F0A8
:1022700042FADFF870914FF00F0808F1FF3819F8B3
:10228000010B5FFA88F806F0D7F9B8F1FF0FF4D127
:1022900042E694F82809DFF85091400000F0FE0073
:1022A00006F029FA4FF0000894F828399845BFF451
:1022B00033AE39F8020B06F0EFF908F10108F3E745
:1022C000062006F018FAB4F82A0906F0E5F9B4F881
:1022D0002C0906F0E1F9B4F842066FE7062006F093
:1022E0000AFAD4F8980506F0E0F9B4F8300965E781
:1022F000042006F000FA002070E2072006F0FBF947
:10230000B4F8C005FF28A8BFFF20C0B206F094F9BA
:10231000D4F8CC384FF6FF784345A8BF434623EAAC
:10232000E37080B206F0B8F9B4F8340906F0B4F9F5
:1023300094F83331D4F8B80843B10A2358434045E0
:10234000A8BF404620EAE07080B237E700F30F00F4
:10235000FAE7022006F0CFF994F88E0106F06CF946
:1023600094F88D01C5E5022006F0C5F9A08925E79E
:102370000B2006F0C0F9D5F89836187806F05CF90D
:10238000D5F89836587806F057F9D5F89836187970
:1023900006F052F9D5F89836587906F04DF9D5F887
:1023A0009836987906F048F9D5F89836D87906F035
:1023B00043F9D5F89836987806F03EF9D5F898366E
:1023C000D87806F039F9D5F89836588906F064F9C6
:1023D000D5F89836187A8CE50054004000000020AB
:1023E000610D0020E40B0020D00900200000C8424D
:1023F00000007A44212006F07EF9D4F8AC361B7830
:10240000022B4FF000087DD11FED089A5FED088A7E
:10241000B2EE048AD6F8AC3603EB880393ED090AD2
:1024200020EE080A0CF080FB80F30800C0B206F032
:1024300003F9D6F8AC3603EB880393ED0C0A20EED3
:10244000090A0CF071FB80F30800C0B206F0F4F842
:10245000D6F8AC3603EB880393ED0F0A20EE280A7A
:102460000CF062FB80F30800C0B208F1010806F02E
:10247000E3F8B8F1030FCDD1B8F1070FD4F8AC36BB
:102480002AD193ED120A20EE080A0CF04DFB80F3DE
:102490000800C0B206F0D0F8D4F8AC3693ED130AB9
:1024A00020EE080A0CF040FB80F30800C0B206F0F2
:1024B000C3F8D4F8AC3693F8503000EE103AB8EECA
:1024C000400A0CF031FBFF28A8BFFF20C0B206F085
:1024D000B3F84FF00808CFE74344587806F0ACF85B
:1024E000D4F8AC364344187B06F0A6F8D4F8AC36E2
:1024F000434408F10108D87D06F09EF8B8F10B0FAF
:10250000BAD109E5D4F8AC364344587806F094F8CB
:10251000D4F8AC364344187B06F08EF8D4F8AC36C9
:10252000434408F10108D87D06F086F8B8F10B0F96
:10253000E8D1F1E42F2006F0DEF8DFF83C8418F84B
:10254000010B00283FF4E8AC06F076F8F7E701202D
:1025500006F0D1F8D4F8AC361878CAE4502006F06A
:10256000CAF8DFF818A44FF000094FF00C0BD4F8AC
:10257000AC3603EB890809F1010998F87D300BFBB3
:1025800003A393F8500006F057F898F87E0006F081
:1025900053F898F87F0006F04FF898F8800006F09E
:1025A0004BF8B9F1140FE2D1B6E4482006F0A3F8D5
:1025B0004FF000094FF0060AD5F8AC360AFB09388F
:1025C00009F1010998F8D20006F036F898F8CD0024
:1025D00006F032F898F8CE0006F02EF898F8CF0002
:1025E00006F02AF898F8D00006F026F898F8D100FE
:1025F00006F022F8B9F10C0FDED18DE4022302932C
:102600004FF0000A4FF0010BD949D94B94F8F80864
:10261000CB1A83420CDB029B012B3FF47DAC5FFAAB
:102620008AF006F068F8012302934FF0000BEBE705
:1026300011F8010B00230C2202FB03F8CD4A18F815
:1026400002C0844503D001331C2BF4D1DDE7C94B14
:1026500003919844D8F804000AF012F8039903464D
:10266000BBF1000F10D08244CFE7D8F8040010F877
:102670000900CDE9031305F0DFFFDDE9031309F1DC
:1026800001094B45F1DCC0E7D946FAE7DFF8ECA2D7
:1026900094F8F808DFF8D89206F02DF84FF000080B
:1026A0004FF00C0B0AF1480294F8F8389845BFF443
:1026B00033AC19F8010B00210BFB01F313F802C036
:1026C000844505D001311C29F6D108F10108EBE75A
:1026D000534493F8500005F0AFFFA64AF5E71620E3
:1026E00006F009F8B6F8440105F0D6FFB6F8D000B8
:1026F00005F0D2FFB6F8D20005F0CEFFB6F8D40050
:1027000005F0CAFFB6F8860105F0C6FF002005F007
:1027100093FF002005F090FF002005F08DFF96F854
:10272000330105F089FF96F8400105F085FF002090
:1027300005F082FFD6F8AC36B3F95A000A2390FBB5
:10274000F3F080B205F0A8FF96F8280105F074FFB9
:1027500096F82C0105F070FF96F82B0105F06CFF40
:1027600096F82D01FFF7C5BB082005F0C4FF4FF018
:1027700001085FFA88F008F1010805F05DFFB8F183
:10278000090FF6D1FFF7C8BB082005F0B4FF002001
:1027900005F082FF002005F07FFF002005F07CFFA0
:1027A00034E4042005F0A7FFD4F8AC36B3F85E009B
:1027B00005F072FFD4F8AC36B3F85C00FEE4DFF845
:1027C000C0810C2005F097FFD8F8AC0705F06DFF2D
:1027D000D8F8B00705F069FFD8F8B40705F065FF31
:1027E000FFF79ABB042005F086FFA068F6E70620F5
:1027F00005F081FFB4F8E80005F04EFFB4F8EA00F8
:1028000005F04AFFB4F8EC00D8E4042005F073FFAB
:1028100094F8280105F010FF94F82C0105F00CFF46
:1028200094F82B0105F008FF94F82D01FFF761BB28
:10283000072005F060FFB4F82E0105F02DFFB4F875
:10284000300105F029FF94F8320105F0F5FEB4F8E7
:102850003401B3E4012005F04EFF6079FFF749BB76
:102860000C2005F048FF94F83E0105F0E5FEB4F8B1
:10287000480105F011FFB4F8440105F00DFFB4F86C
:10288000460105F009FF94F83F0105F0D5FEB4F8C4
:102890004A0105F001FFB4F84C018FE4042005F073
:1028A0002AFF94F8840105F0C7FE94F8850105F02D
:1028B000C3FEB4F8860181E494F82809DFF8C480E7
:1028C00000EB4000C0B205F016FF4FF0000994F88D
:1028D0002839994508F10208BFF41EAB98F84C015D
:1028E00005F0AAFE98F84D0100EB800000EB800097
:1028F00000F2EE2005F0D0FE09F10109E7E7012022
:1029000005F0F9FE94F84001FFF7F3BA082005F04E
:10291000F2FEDFF874904FF0000819F8010F08F18B
:10292000010805F089FEB8F1080FF6D1FFF7F4BAF7
:10293000102005F0E0FE607905F07EFEA06805F04D
:10294000B4FE94F83E0105F077FEB4F8E80005F017
:10295000A3FEB4F8EA0005F09FFEB4F8EC0005F021
:102960009BFEB4F82E0105F097FEB4F8300125E483
:10297000610D002000140108CD130108B8130108EF
:1029800000F0FF1F680400209D05002094F8360920
:10299000DFF80084C0EBC000C0B205F0ACFE4FF021
:1029A000000908F6381A4FF00C0B98F9980100232B
:1029B0000BFB03F212F90A20824200F02D8401334E
:1029C000042BF5D109F10109B9F1040F08F1080848
:1029D000EBD1FFF7A1BADFF8A8830D2005F08BFE3D
:1029E00009F06EFC05F028FEB8F8280005F05DFE41
:1029F000D8F8340005F059FE94F8683994F869095C
:102A0000834296BFC31AC3F1800300201844D4F850
:102A10006C391844E2E605F065FE8046842005F036
:102A20006AFE404605F041FED54B5A6B08F1800323
:102A300093428CBFA2EB08094FF0800909F06CFCAF
:102A40004A46404608A909F005FD0DF120088146D7
:102A50004FF0000ACA45BFF65FAA18F8010B05F04F
:102A6000EBFD0AF1010AF5E7132005F044FEDFF85B
:102A700028934FF0000819F8010B08F1010805F040
:102A8000DBFDB8F10B0FF6D1002005F00EFE32E4AD
:102A900005F01EFEFFF740BA05F024FE05F022FE09
:102AA000FFF73ABA022005F026FEB54B588CFFF727
:102AB00085BB032005F01FFE94F8ED0505F0ECFD45
:102AC000AF4B187CFFF715BA4E2B3FF6C2A9222B4D
:102AD00003D808F00DFEFFF71FBA233B4FF00008A4
:102AE0002B2BF6D801A252F823F000BF552D000879
:102AF000D32A0008CB2F0008D32A0008D92F0008BA
:102B0000D32A000815300008D32A0008D32A000869
:102B1000D32A000837300008D32A0008D32A000837
:102B2000D32A0008D32A0008D32A0008EB30000873
:102B3000D32A0008D52D0008D32A000867310008E1
:102B4000D32A0008F32F0008D32A0008D32A00084C
:102B5000592C0008D32A00083F2C0008D32A00086B
:102B6000D32A0008F5300008D32A000825310008D0
:102B7000E5310008D32A0008D32A0008D32A000828
:102B8000A12F0008D32A0008512C0008D32A0008DE
:102B90007B300008D32A00089530000894F8EC3503
:102BA0005B070FD405F08AFD032828BF002084F8B6
:102BB0002805FEF743FCFEF79DFA03E005F088FDCB
:102BC000A4F87206002005F096FDFFF7A5B99AF863
:102BD0000580B8F1250F00F2D0800DF120094FEAF1
:102BE0005808CB464FF0000AC2450CD3654943460E
:102BF0000022084690450DDC0022122B10D1012343
:102C000084F89439DEE705F063FD0AF1010A2BF838
:102C1000020BE9E739F802CB21F802CB0132E9E7F0
:102C200020F813200133E8E705F052FDD4F8AC8614
:102C3000A8F85E0005F04CFDA8F85C00C2E705F0BE
:102C40003DFD84F88E0105F039FD84F88D01B9E76A
:102C500005F03EFDA081B5E7D4F8AC8605F02EFD69
:102C600088F8000003F0EAFDACE7D4F8AC8698F8E9
:102C70000030022B5DD19FED449ADFED448A08F1CC
:102C8000240908F1300AB2EE048A05F017FD07EEB8
:102C9000900AF8EE677A87EE887AA9EC017A05F057
:102CA0000DFD07EE900AF8EE677A87EE897A89EDD6
:102CB000027A05F003FD07EE900AF8EE677ACA453E
:102CC00087EEA87A89ED057ADFD108F104094FF083
:102CD000030ABAF1070F1FD105F0F0FC07EE900AC6
:102CE000F8EE677A87EE887A88ED127A05F0E6FCCE
:102CF00007EE900AF8EE677A87EE887A88ED137A05
:102D000005F0DCFC88F850000AF1010ABAF10B0F5B
:102D100009F10109DDD155E705F0D0FC89F8000083
:102D200005F0CCFC89F80B0005F0C8FC89F816000A
:102D3000EAE708F10B0905F0C1FC08F8010F05F0FE
:102D4000BDFC88F80B0005F0B9FCC14588F81600F9
:102D5000F1D137E705F0B2FC132880460DD8D4F83E
:102D6000AC9605F0ABFC0A4A0023117A814215D0DB
:102D700001331C2B02F10C02F7D108F0B9FC21E75A
:102D800000000020D80D00200000C84200007A4456
:102D90000014010868040020C51C0108DC4A0C214D
:102DA00001FB032309EB880893F8483088F87D304D
:102DB00005F084FC88F87E0005F080FC88F87F0030
:102DC00005F07CFC494688F8800009F17D0008F098
:102DD0008FFDF7E605F072FC0B288146CDD8D4F8BC
:102DE000AC8605F06BFC0328C7D8062303FB0988D3
:102DF00088F8D20005F062FC88F8CD0005F05EFC92
:102E000088F8CE0005F05AFC88F8CF0005F056FC93
:102E100088F8D00005F052FC88F8D100D2E69AF884
:102E20000530092BA9D9D5F8988605F047FC88F814
:102E3000000005F043FC88F8010005F03FFC642821
:102E4000A8BF642088F8040005F038FC6428A8BFF7
:102E5000642088F8050005F031FC88F8060005F0CC
:102E60002DFC642828BF642088F8070005F026FCA4
:102E700088F8020005F022FC88F8030005F028FC21
:102E8000D5F8E038A8F80A005B790A2B7FF69AAEED
:102E900005F014FC88F8080094E605F019FC6FF4BE
:102EA000AF6C00EB0C039BB2C62B98BFA4F8440197
:102EB00005F00EFCA5F8D00005F00AFCA5F8D2003C
:102EC00005F006FCA5F8D40005F002FCA5F8860183
:102ED00005F0F4FB05F0F2FB05F0F0FB05F0EEFB6E
:102EE00085F8330105F0EAFB85F8400105F0E6FBC3
:102EF00005F0EEFBD5F8AC3600EB80004000A3F8FF
:102F00005A0005F0DBFB85F8280105F0D7FB85F8B2
:102F10002C0105F0D3FB85F82B0105F0CFFB85F8DC
:102F20002D014FE6DFF8F0914FF0000805F0D0FBDF
:102F300008F10108B8F1080F29F8020BF6D141E6B3
:102F400094F8EF35002B7FF43DAE05F0C1FB714BDB
:102F500084F8ED0501221A7434E605F0B9FB6D4BD7
:102F600058842FE694F8EC3558073FF52BAEFDF763
:102F7000EBFE1EE694F8EC3559073FF523AE4FF40F
:102F8000C873A4F852351DE694F8EC355A073FF59E
:102F900019AE94F8DB3843F0040384F8DB3811E60B
:102FA00045F2082009F0AAF9062007F059FF01238D
:102FB000C72084F8AE3907F053FF002384F869393D
:102FC00084F86839C4F86C39FCE5C4F8088005F069
:102FD00089FBFDF719F9F5E505F07AFBA4F8E8009F
:102FE00005F076FBA4F8EA0005F072FBA4F8EC000B
:102FF000E8E505F063FB84F8280105F05FFB84F841
:103000002C0105F05BFB84F82B0105F057FB84F8DD
:103010002D01D7E505F05CFBA4F82E0105F058FB67
:10302000A4F8300105F04AFB84F8320105F050FBAA
:10303000A4F83401C6E505F041FB84F83E0105F033
:1030400047FBA4F8480105F043FBA4F8440105F050
:103050003FFBA4F8460105F031FB84F83F019AF8E4
:103060000530082B7FF6AEAD05F032FBA4F84A011F
:1030700005F02EFBA4F84C01A4E505F01FFB84F835
:10308000840105F01BFB84F8850105F021FBA4F801
:10309000860197E59AF80580B8F1380F3FF66DAED6
:1030A000DFF878904FF0000A40F6CA0B0323B8FB14
:1030B000F3F8C24509F10209BFF484AD05F0FEFA48
:1030C00089F84C0105F004FB5845A8BF584640F26A
:1030D000EE239842B8BF18461922B0FBF2F01E3812
:1030E00089F84D010AF1010AE3E705F0E7FA84F8EF
:1030F000400167E5DFF828904FF0000805F0DEFAA0
:1031000008F10108B8F1080F09F8010FF6D159E5E7
:10311000B813010800000020FE0D00206804002004
:103120009D05002005F0CAFAC4F8088005F0DAFA17
:10313000FDF76AF805F0C2FA84F83E0105F0C8FA16
:10314000A4F8E80005F0C4FAA4F8EA0005F0C0FA13
:10315000A4F8EC0005F0BCFAA4F82E0105F0B8FACA
:10316000A4F830012EE59AF805304FF00708B3FBBC
:10317000F8F8C8EBC8029B1ADBB2002B7FF4FDAD58
:103180005FFA88F808F1FF385FFA88F8B8F1FF0FA6
:103190003FF418AD05F092FAD4F8E82840B20023C5
:1031A000911C11F933C0844503D00133042BF8D1AD
:1031B000E3E502EBC30989F8020005F089FAA9F8F2
:1031C000040005F07BFA89F8060005F077FA89F823
:1031D000070005F073FA89F8090005F06FFA89F81D
:1031E0000800CFE71B4B4FF480421A85012384F877
:1031F000AF39E7E40A2005F0ABF8FEF79DBE21F8F1
:10320000023B0132FEF7AEBE52F8040B00680133F8
:10321000C0F800C0FEF7B5BEC0B205F00DFAB8F8B0
:103220009A0105F039FA98F89C0105F005FA98F82A
:103230009D0105F001FA98F89F0105F0FDF998F855
:103240009E0105F0F9F9FFF7BDBB29B0BDEC048B79
:10325000BDE8F08F0008004808B5FEF7EFF8FDF76D
:1032600049FFBDE80840012005F016B92DE9F04FEF
:10327000B44DD5F8CC2795F8946A02F59C432033D9
:103280008BB0C5F8903A002E00F0DF80D5F8983A60
:103290009A4202D9013E85F8946AAA4CD4F8C887AC
:1032A00018F48053019305D0D4F82C36D80701D4F4
:1032B000FDF72AFAD4F8B426937A23B304EB430338
:1032C000127BB3F966351AB1C3F53B6308331BB201
:1032D000A3F57A73B3F57A7FA8BF4FF47A7323EA24
:1032E000E37307EE903ADFED986AF8EEE77A87EE3F
:1032F000A67ADFED967A67EE277AFCEEE77A17EE8C
:10330000903AA5F8343918F4807F00F03081D4F871
:10331000CC178F4A94F8F236914240F2258113B9C6
:10332000012384F8F23694F8116794F8EC25D4F868
:103330002CA6012E02F0040B14BF032700274FF028
:103340000009A2E1072C98BF195D8248BB6B88BFBA
:1033500021469847032C19D8C0B1D5F8B43603EBF1
:1033600084039A8FDB8F801A9B1A08FB00F090FB76
:10337000F3F040F2EE2300F57A709842B8BF184699
:1033800040F6CA039842A8BF184680B205EB440431
:103390000136A4F89C0A95F828B9D5F8B436F4B2E9
:1033A000A345CFD8D5F8C827D5F85C05019042F2DF
:1033B00001010A40039208D095F8FF2585F8FE2503
:1033C000654A92F83D1082F83C1095F8FE85B8F1F8
:1033D000000F04D0604A92F83C8088F0010895F80C
:1033E000C17A01995D4C0F2285F8C02A0322B7FBF0
:1033F000F2F202EB420201F51671BA1AD2B205914D
:10340000A4F5AD61049204F25A5904F2A45A22467A
:10341000002602915E451CDB4A4E96F8C03A0F2BFF
:103420006DD1D6F82C365B0169D4D6F85C35D6F868
:10343000FC26C6F8F8369B1AC82B02D9012386F859
:103440001137013786F8C17A27E7434F4FF47A786E
:10345000A1E7B8F1000F33D0414931F91600998A3C
:1034600080B281422ED8D98A81422BD30599CAF8DD
:103470000010039900B2D9B1049929F811000299FA
:1034800091F8541B29B9022F12D90298012180F812
:10349000541BB9F80010B9F802000844B9F8041038
:1034A0000844304900B221F81600032190FBF1F0E6
:1034B00022F8020B013609F106090AF1040AA9E70C
:1034C0004046CCE7DAF800100198814201D9108813
:1034D000CFE7F0B2CDE9063205F040F9032EDDE981
:1034E0000632C6DCDFF85CE04FF0010C9EF8C01A33
:1034F0000CFA06FC21EA0C018EF8C01AB9E7164B4B
:10350000012283F83D2083F83C20D6F85C35D6F8BC
:10351000F826C6F8FC369B1AD6F8F426934202D950
:10352000002386F811374FF0000807E05FFA88F0B3
:1035300005F014F924F8020B08F10108C345F5DC85
:103540007FE700BF6804002000007A4400C07F4489
:10355000404B4C00900D002000000020D0090020BE
:10356000040F0020BE0F0020002B7FF4DCAE019B77
:10357000B4F96E95002B00F0E580B4F84431B4F84E
:10358000DE20991A494580F2E08013444B4540F310
:10359000DC80FDF799F8FDF7A5F84FF0000AAC4B79
:1035A00093F83EB094F8EC35590740F1D58018F007
:1035B000100F00F0D18094F8DB38DA0600F1CC80EF
:1035C000BBF1000F00F01D8194F88E31BAF1000FAD
:1035D00040F006813BB1D4F85C15D4F894365B1A00
:1035E000002BC0F2B580102004F030FF012384F8D6
:1035F000743BB1E0BBF1000F0DD0012E05D00520CA
:10360000FCF712FE022384F8ED35002FAFD03846C8
:1036100004F01CFFABE71AF0806F4FF4806005D018
:1036200008F086FF0023C4F80037EEE708F072FFC9
:10363000F8E7012E29D1052125E0012E04BF05213F
:1036400084F81017BBF1000F0FD0D5F8701BB1F93B
:103650000E10A5F86A15A5F86C15A5F86815D5F82B
:10366000EC164988A5F86E156746D4F85C05D4F8C1
:103670000417814202D3BBF1000F60D142F21071F6
:10368000C4F80C17032184F8101794F810C794F8A5
:10369000EC05BCF1050FB8D801A151F82CF000BF22
:1036A000F5350008333600083B360008B936000807
:1036B000E93600082137000840F0020085F8EC05E3
:1036C000FDF722F8D5F85C05D5F80C170144C5F8CC
:1036D0000817042185F810174FF4806008F01AFFCE
:1036E0000520FCF7ADFDD0E7012E11D1D4F85C35F3
:1036F000D4F80817994288D2554991F83E1011B96B
:103700001AF0010F81D120F0020084F8EC0592E755
:10371000D4F85C25D4F80C371344C4F8083774E7A0
:10372000D5F8EC06D5F85C15C08885F8F3966423C7
:1037300003FB0011C5F8001785F81097CCE7012EA0
:10374000A3D062E7B4F8463120E74FF0010A26E73C
:10375000FCF7DAFF84F874AB94F88C31019394F899
:103760008D01B4F846C1B4F848E13A4900231E4639
:1037700031F9027BB6086745C4BF66F07F06F6B232
:1037800001337745B8BF46F04006042BF0D194F8DA
:10379000753BB34239D194F8767BF92F03D80137C2
:1037A000FFB284F8767B84F8756B08F00408BBF1EF
:1037B000000F40F0CC84D4F82C36DB0738D5BAF1B2
:1037C000000F24D194F8EC35D80706D5590702D458
:1037D000012384F8B035FDF745FA142F53D140E0AA
:1037E0003BB1D4F85C154FF47A7013FB0013C4F8A6
:1037F000943694F8743B002BAED004F015FE0023F1
:10380000F5E6BAF1000FF4D1EDE60027C9E7D4F8E8
:103810007C360A2BE1DCB4F850355A07DDD494F835
:10382000EF35002BD9D1FCF74FFFFCF75BFFD2E758
:1038300094F8EC355B07D0D594F8FE35002BCCD04E
:1038400010B1FCF761FFC8E7BAF1000FC5D1F8E786
:1038500000000020D0090020019B13B17D2E00F054
:10386000808494F8EC355F070DD4572E40F0CD805E
:10387000D4F8F4384FF47A7213F00803A4F85425FE
:1038800001D1A4F84236B8F1000F40F0E480D4F83A
:10389000AC660023C4F82C3606F17F0706F1CF088A
:1038A0004FF0010917F8010C394604F015FE40B13C
:1038B00017F8023CD4F82C2609FA03F31343C4F892
:1038C0002C3604374745EDD1B24F06F1CE0B4FF001
:1038D0000C0806F58B764FF000094FF0010A1BF833
:1038E000010C594604F0F8FDE8B19BF804109BF870
:1038F000023008FB0140013BD0F8BC2603EB430338
:103900003B4493420FD09BF80320C0F8BC3694F898
:103910007D3B80F8B8260AFA01F123EA0103C0F8DA
:10392000C09684F87D3B0BF1060B5E45D7D1D4F8E9
:103930005C35019394F8FE350293019BD4F898B658
:10394000954F03F5FA73002603937968002900F078
:10395000388191F800A0BAF1000F00F03281BA6806
:10396000019B9A1A002A0ADB039B94F87D2BBB600B
:10397000012303FA06F022EA000284F87D2B029B61
:10398000002B00F01E813A78487894F87D8B043241
:10399000D2B2002840F0888304EB4202B2F96805F5
:1039A000B4F8442102F1C80C604540F3F98091F865
:1039B000029048FA06F1CA0700F10381B9F1000F3D
:1039C000CCBF0220012004F067FD0AF1FF3113296A
:1039D00000F28081DFE811F0710185019001A00102
:1039E000B801C0011E027902E0020E033A037E0113
:1039F000A001AD01C0011E027902E40141029E0254
:103A00000B2004F023FD84F8767BB8F1000F01D081
:103A10005A2E17D0A6F15603082B57D8DFE803F02B
:103A2000545656565652560550000123DEB2013BFD
:103A300084F82835FDF702FDFDF75CFB304604F005
:103A40002BFD20E794F8773B4BB1002384F8773BBC
:103A5000012384F8783B94F8793B53B91FE094F83C
:103A6000793B83F0010384F8793BABB10C2004F07F
:103A7000EDFC94F8EC35580711D5B4F846314B45B8
:103A80000DDAD4F82C3613F0010302BF3222A4F869
:103A90007A2B84F8793B02E00D2004F0D7FCD4F8AF
:103AA0002C36D90366D594F87C3B2BB994F8773B38
:103AB00013B93223A4F87A3B012384F87C3BE6E671
:103AC0000323B3E70223B1E7FFF7C6FB334B93F8B9
:103AD0003E3043B16F2E02D1FDF7C4F8D3E6019B0F
:103AE0000BB17E2EF8D0972E04D14FF4C873A4F8F2
:103AF0005235C8E6A72E06D194F8DB3843F004030C
:103B000084F8DB38BFE60023B73E0993072E3FF663
:103B1000BAAE01A353F826F06F3B000887380008BF
:103B20008738000887380008393B000887380008C4
:103B3000673B00083F3B00080223002201E000230E
:103B40000222D5F8AC16B1F85C000244A1F85C2062
:103B5000B1F85E201344A1F85E30FFF77DFB00232F
:103B600085F8763B8FE600236FF00102E9E76FF0FE
:103B70000103E2E794F8773B002B3FF488AE94F81A
:103B8000EC3513F0040302BF84F8773B012384F87B
:103B9000783B7CE650150108200B00200000002037
:103BA000C83A904203DA8A78C2F1000901E701239A
:103BB000B34028EA030384F87D3B019B03F5FA73C5
:103BC000BB600136042E07F10C077FF4BEAED4F8BB
:103BD0002C56AB0706D4D4F8C837DF0507D594F8C0
:103BE000F33623B1D4F8F4389E0700F19682012011
:103BF00008F090FC0123690740F19A82002B00F045
:103C00009782012008F086FCB4F8C4379A0704D4E0
:103C10000220FCF759FD08F08BFC94F8EC355B07AB
:103C200008D4B4F8C43703F044031BB1B4F84236E7
:103C3000A4F87236D4F8F43813F00A0F2AD0EF063D
:103C400040F17A82B4F8C4375E0706D4042008F045
:103C50006FFCB4F84236A4F87236A80640F17082C0
:103C6000B4F8C437590602D4402008F061FC6A0653
:103C700042BFC54AB4F84236D38315F0080307D0D3
:103C800094F8F83533B9C04AB4F84236D3830123E7
:103C900084F8F8352B054FF4807040F1558208F018
:103CA00047FC6379082B02D00E2B40F06182402044
:103CB0000BB0BDE8F04F08F02DBC9BF800304B4432
:103CC000FA2BA8BFFA2323EAE3738BF80030584697
:103CD00004F028FC0123B34048EA030884F87D8BF4
:103CE0006FE79BF801304B44642BA8BF642323EAA1
:103CF000E3738BF80130EAE79BF803304B44642B05
:103D0000A8BF642323EAE3738BF80330D4F8801B45
:103D1000584604F023FCDDE79BF80510494464296C
:103D2000A8BF642121EAE171BAF10D0F8BF80510EB
:103D3000D0D09BF804304B44642BA8BF642323EA03
:103D4000E3738BF80430C5E79BF806304B4483F3EC
:103D500008038BF80630BDE7D4F8840B01780229FC
:103D600043D107EE909AF8EEE76AF2EE047A86EE17
:103D7000A77AD0ED0A7A37EE277AB5EEC07AF1EE5F
:103D800010FA2FD4DFED827AB4EEE77AF1EE10FA72
:103D9000D8BFF0EE477AC0ED0A7ABAF10F0F99D08A
:103DA000D4F8841B0B78022B2BD107EE909AF8EEF7
:103DB000E76AF2EE047A86EEA77AD1ED097A37EE59
:103DC000277AB5EEC07AF1EE10FA17D4DFED707AEB
:103DD000B4EEE77AF1EE10FAD8BFF0EE477AC1ED13
:103DE000097A77E7DFED6B7AD5E781784944C8290E
:103DF000A8BFC82121EAE1718170CEE7DFED657AC5
:103E0000EDE74B784B44C82BA8BFC82323EAE373E4
:103E10004B705FE7D4F8840B0178022940D107EE9C
:103E2000909AF8EEE76ADFED5A7A86EEA77AD0ED3F
:103E30000D6A37EE267AB5EEC07AF1EE10FA2CD480
:103E4000B4EEE77AF1EE10FAD8BFF0EE477AC0EDA3
:103E50000D7ABAF1100F3FF43DAFD4F8841B0B7804
:103E6000022B29D107EE909AF8EEE76ADFED487A47
:103E700086EEA77AD1ED0C6A37EE267AB5EEC07AD7
:103E8000F1EE10FA15D4B4EEE77AF1EE10FAD8BFDD
:103E9000F0EE477AC1ED0C7A1CE7DFED3E7AD6E70B
:103EA000417B4944C829A8BFC82121EAE171417377
:103EB000CFE7DFED387AEDE70B7B4B44C82BA8BF8B
:103EC000C82323EAE3730B7304E7D4F8840B017867
:103ED000022944D107EE909AF8EEE76ADFED2B7ADB
:103EE00086EEA77AD0ED107A37EE277AB5EEC07A53
:103EF000F1EE10FA30D4DFED267AB4EEE77AF1EE87
:103F000010FAD8BFF0EE477AC0ED107ABAF1110F6F
:103F10003FF4E0AED4F8841B0B78022B2BD107EED4
:103F2000909AF8EEE76ADFED197A86EEA77AD1ED7E
:103F30000F7A37EE277AB5EEC07AF1EE10FA17D481
:103F4000DFED137AB4EEE77AF1EE10FAD8BFF0EEB7
:103F5000477AC1ED0F7ABDE6DFED0E7AD4E7017E38
:103F60004944C829A8BFC82121EAE1710176CDE7FB
:103F7000DFED087AEDE7CB7D4B44C82BA8BFC82303
:103F800023EAE373CB75A5E60000002000007A4425
:103F90000000C84200000000D4F8841B0B78022BFC
:103FA0001FD107EE909AF8EEE76AF2EE047A86EEF9
:103FB000A77AD1ED0B7A37EE277AB5EEC07AF1EE1B
:103FC00010FA0BD45FED0E7AB4EEE77AF1EE10FA48
:103FD000D8BFF0EE477AC1ED0B7A7BE65FED137A3E
:103FE000F9E7CB784B44C82BA8BFC82323EAE37377
:103FF000CB706FE6D4F8841B0B78022B1DD107EE33
:10400000909AF8EEE76A5FED1E7A86EEA77AD1ED18
:104010000E6A37EE267AB5EEC07AF1EE10FA09D4C0
:10402000B4EEE77AF1EE10FAD8BFF0EE477AC1EDC0
:104030000E7A4FE65FED297AF9E78B7B4B44C82B6C
:10404000A8BFC82323EAE3738B7343E6D4F8841B29
:104050000B78022B1FD107EE909AF8EEE76A5FED1E
:10406000357A86EEA77AD1ED117A37EE277AB5EE5A
:10407000C07AF1EE10FA0BD45FED3B7AB4EEE77A3A
:10408000F1EE10FAD8BFF0EE477AC1ED117A21E6D1
:104090005FED407AF9E74B7E4B44C82BA8BFC8239D
:1040A00023EAE3734B7615E601287FF413AEBAF1E9
:1040B0000C0F7FF40FAE04EB42028978B2F9680569
:1040C00040F633029042A8BF1046B0F5617FB8BFFA
:1040D0004FF46170A0F561704FF49662B2FBF1F29B
:1040E000B0FBF2F094F8B026C0B282423FF4F2ADD9
:1040F000032894BF0246022285F8B0260AFB02522A
:1041000002F22A520490C5F89826FCF7F7FD0498AD
:104110000130C0B204F0C0F9DCE5B4F8C437D80708
:1041200004D40120FCF7D0FA08F002FA002362E57B
:10413000022008F0EFF970E5042008F0EBF98CE5B7
:10414000402008F0E7F992E508F0E4F9A9E5142F1A
:104150007FF499AB94F8EC755F2E07F004077FF4B9
:104160007BAB002F3FF44CACFCF7CEFAFFF779BBEA
:104170000BB0BDE8F08F1649D1F8883043F47003D6
:10418000C1F88830134B1A6842F001021A6058686F
:10419000114A02405A601A6822F0847222F4803276
:1041A0001A601A6822F480221A605A6822F4FE0209
:1041B0005A60DA6A22F00F02DA62186B074A02408C
:1041C0001A6300229A604FF000638B60704700BF53
:1041D00000ED00E0001002400CC07FF8CCFC00FFB6
:1041E00080EAE073A3EBE0738B4206DB002801DD7D
:1041F000401A704702D008447047002070472DE9EC
:10420000F041824CD4F8883BA0EB030842F20F73D4
:1042100098452DED048B40F2EB8044F620639845E1
:104220007B4DC4F8880B81BF0023C4F8943BC4F8CD
:10423000983BC4F89C3B95F83F3043B394F8EC2589
:1042400012F0040223D1734BC4F8942B002119609F
:1042500040F2DC50C4F8982BC4F89C2B85F83F2022
:10426000C4F8A42BC4F89C25A3F24C42A3F58763A1
:10427000694EA4F88C054FF07E5010605660916036
:10428000D060116118605E609960D8601961D4F8DF
:10429000A86BD4F8AC3BB3426ED0F31A08EE903A58
:1042A000DFED5E7A5E4BF8EE688A68EEA78AD3EDA2
:1042B000007AF5EEC07AF1EE10FA40F29D8013ED2F
:1042C000017AB5EEC07AF1EE10FA40F2958087EEF1
:1042D000270AB5EEC00AF1EE10FA40F28D80DFED4C
:1042E000517A93ED018A38EE278A0AF04BFBDFED15
:1042F0004E7A28EE000A20EE270ADFED4C7A20EEF7
:10430000270AF6EE007AF4EEE78AF1EE10FA31DCD5
:10431000B4F9B03B0F2B72D1B4F9B23B444A02EB73
:10432000830201331BB20F2B08BF0023A4F8B23B5A
:10433000D2ED007A0E23A4F8B03B3E4B93ED017A08
:1043400077EE877A30EE670A83ED000AB4F92A39EE
:10435000002BB8BF5B429BB21E2B07D8B4F92C3997
:10436000002BB8BF5B429BB21E2B4CD9324BEB608B
:10437000FCF774F9C4F8AC6BD4F8983B002BC9BFB8
:10438000D4F8942B9FED2D9A07EE902AB8EEE77A99
:10439000C4BF07EE903AF8EEE77A294BC8BF87EE24
:1043A000279A9FED287AA3EC019AD3ED007A69EE63
:1043B000277AF4EEC77AF1EE10FA08D49FED227A4C
:1043C000F4EEC77AF1EE10FAD8BFB0EE677AB4F91E
:1043D000083C1E4E0027052B86ED007AC4F8947B1E
:1043E000C4F8987BC4F89C7B36DC0133A4F8083C05
:1043F000BDEC048BBDE8F0819FED100A81E7144B02
:10440000D3ED007A99E74FF08043B0E768040020CD
:104410000000002008100020CDCCCC3D6F12833A64
:10442000F00A0020339388438E2BEA410000C842F3
:104430001C1000205C1000200000A04000000000C4
:1044400064100020000048C4000048446C100020A4
:10445000581000200024744907EE908A1FED036A6B
:1044600016ED190A56ED039A56ED058AF8EE677AAD
:10447000A6F5CA63C7EE866AA6F5C96216ED046A98
:10448000D3ED005AD6ED027A66EE255AA6F24C63B9
:10449000E5EEA67AD3ED005AC6ED027A66EE255A0D
:1044A00077EE877AA5EEA60AD2ED005A26EE256AA7
:1044B00067EEA67AE6EE269AB0EE407AB6EE006A8D
:1044C000A7EE867A30EE270AE7EE268A06ED190A6D
:1044D00046ED039A46ED058A0AF026FB39EEA80A56
:1044E00008EE100A0AF020FBB4F9B01BB5F8402022
:1044F0000E2902F1010207EE900A12B2A6F1500352
:1045000000F3F2800E2ACCBF3A46174603EB820333
:104510000131A5F84070C3ED008AA4F8B01B834FA9
:1045200097ED036A97ED007AD7ED016A97ED020ADD
:1045300057ED045A36EE076AB8EEC88A76EE266A58
:1045400038EE408A86EE267AF7EE006AA7EE080A71
:1045500087ED047A36EEC77A17ED038A87ED020AF3
:1045600027EE067A17ED056A87ED037A17ED027AD2
:1045700037EE067AF8EEE77A77EE255A77EEC87AC4
:1045800087EE256AA6EE278A76EEC66A07ED016AEF
:1045900066EE876A07ED038A47ED026A0AF0C4FAFD
:1045A000B0EE480A0646C4F8100C0AF0BDFAB4F999
:1045B0003C36C4F89805002BB8BF5B429BB2B3F5FC
:1045C000487F07F2AC4780F0AE80B4F93E36002B4E
:1045D000B8BF5B429BB2B3F5487F80F0A48094F8EB
:1045E000EC256B7A97ED007AD4F8508712F004022C
:1045F00008BFC4F89405002B40F08E80D4F89435A1
:10460000181AB0F5FA7F4A4BA8BF4FF4FA709842D7
:10461000B8BF18460521FFF7E3FD98F80430454977
:1046200043438B427BDB002BB8BF7F33DB11B3F5F9
:10463000967FA8BF4FF49673991B98F80A303E48AE
:104640004B4383426DDB002BB8BF1F335B11B3F5C7
:10465000967FA8BF4FF496732AB198F81500D4F846
:10466000A42B01FB0022B2F5161F3449A8BF4FF45A
:1046700016128A42B8BF0A46C4F8A42B002ABCBF4F
:1046800002F5FF521F3203EB623398F8202007EE49
:10469000902A37EE097AF8EEE77A6FF0950167EE27
:1046A000877A9FED277A67EE877AFDEEE77A17EE35
:1046B000902A962AA8BF96228A42ACBF9B1A5B1A00
:1046C00030460521C4F89C3587ED009AFFF788FD38
:1046D000002EB8BF7642C82EC8BF0123C4F83009E7
:1046E000C8BF85F83F3083E6B4F8B21BA5F8402078
:1046F00001310F2A09B206D1A5F84070C3ED008A36
:10470000A4F8B21B0BE703EB82030F29C3ED008A69
:10471000F6D1A4F8B27B02E7D4F8AC358CE7094BAC
:104720008AE7084B98E70023CAE700BFD00B0020B8
:104730000CFEFFFF8169FFFF61DAFFFF0080DAFFF7
:104740000000003BD4FEFFFFD0ED005A9FED2B4A46
:1047500008B535EE840AFBF781FEF0EE403AB0EE84
:10476000650AFBF77BFE90ED015AF0EE404A35EE0C
:10477000040AFBF773FEF0EE405AB0EE450AFBF771
:104780006DFE90ED023AB0EE405A33EE040AFBF7AC
:1047900065FEB0EE404AB0EE430AFBF75FFE65EE01
:1047A000C07A20EE236A24EE847AC1ED017AF0EE1D
:1047B000467AE5EE077A24EE233A64EE806AC1ED8C
:1047C000037AF0EE437AE5EE667AA5EE067AE5EE38
:1047D000436A24EE254A64EEE54A65EEA35A81ED6C
:1047E000004A81ED025AC1ED047AC1ED054AC1EDDE
:1047F000066A81ED077AC1ED085A08BDDB0FC93F93
:104800002DE9F04F2DED028BB1B04FF00009FBF711
:10481000D7FC18B9FCF798FAFCF710FEBA4DBB4C60
:10482000FCF768FC95F8188C48F0010385F8183CF3
:10483000B74B4FF47002C3F888200023049305930C
:104840000693236843F480332360236803F4003322
:104850000593049B01330493059B1BB9049BB3F59B
:10486000A04FF2D1236813F4003318BF012305933E
:10487000059B012B40F0018302230693A54B1222D6
:104880001A606368636063686360636843F48063AD
:104890006360636823F47C136360636843F4E81324
:1048A0006360236843F08073236023689F01FCD515
:1048B000636823F003036360636843F0020363608B
:1048C000636803F00C03082BFAD1069B904EC5F8E1
:1048D0001C3C914BF360636A636A43F080736362CC
:1048E000636943F4FC031CAF636103238DF87230EA
:1048F000394641F6FF734FF09040ADF8703006F046
:104900009DFC4FF6FF738548ADF87030394606F0D0
:1049100095FC8348394606F091FC8248394606F0FA
:104920008DFC8148394606F089FC39467F4806F0FF
:1049300085FC384603F0D8FF1C9B7D4AB3FBF2F39D
:10494000C5F8203C7B4B7C4ADFF8FCC14FF0000EE1
:10495000C5F824ECC3F804E04FF0E0230DF1740A2D
:104960005A61F02286F823200722C3F818E01A6162
:10497000BCE80F003E460FC6BCE80F000FC69CE81F
:104980000F00D5F808B0C5F8C8B786E80F0063690E
:1049900043F400236361636943F400236361636943
:1049A00043F400236361636943F4003363614FF0B0
:1049B000904310221A8520221A8540221A85584ACF
:1049C0004FF4804393614FF4005393614FF40043DD
:1049D000936176465AF8040C5146013606F02EFCD7
:1049E000062E0AF1080AF5D1544B1C936369DFF8CF
:1049F0005CA14A4843F480236361394606F01EFCFB
:104A00009AF820200823002A40F03A82434A936112
:104A10004B48C5F8E80804233022002100F2A270B8
:104A200085F8363901260BF063FB1422002117A804
:104A300085F8446948F005080BF05AFB1BF4802FF9
:104A400008BF85F82C6C85F8188CE369334E43F465
:104A50008043E361236943F480432361636943F442
:104A600080236361736A23F470037362736A43F48F
:104A7000A0037362736A23F070637362736A43F016
:104A8000A0637362736A23F070437362736A43F0C6
:104A9000A0437362336A23F470033362336A43F4CE
:104AA000A0033362736A23F470237362736A43F45E
:104AB000A023736240F2023B4FF460433946304614
:104AC000CDE91C3B06F078FB202201233946304615
:104AD0004FF480581C928DF8743006F06DFB394607
:104AE0003046CDF8708006F067FB236943F48043BD
:104AF0002361236923F480432361124B998821F4B5
:104B000080510904090C23E06804002000100240D1
:104B100000ED00E0002002400005FA050004004816
:104B200000080048000C004800100048001400482D
:104B300040420F008C1000203F19010008000102C4
:104B4000FE050020003800408C1501080000002000
:104B50009980998889B241EA08019980198801F4FD
:104B6000415141F4437141F003011980998821F4C6
:104B700070610904090C41F4E0619980998B21F47A
:104B800000610904090C998307211982198889B2E7
:104B9000202241F040011980B261C6F81880636993
:104BA000DFF8B883C5F8EC8843F480236361E369D8
:104BB00043F40013E361236B23F010032363236B9F
:104BC00043F010032363736A23F00F037362736A65
:104BD00043F004037362736A23F0F0037362736A31
:104BE00043F04003736239464FF480733046CDE999
:104BF0001C3B06F0E1FA4FF40073394630461C9333
:104C000006F0DAFAD8F80030B5F9E81023F001031D
:104C1000C8F80030D8F80020C24B1340C8F8003064
:104C2000C14BC8F81030D8F80030B5F9EA200020A0
:104C300043F00103C8F80030C8F80800C8F80C00B9
:104C4000C8F80800D8F8083043F40043C8F8083022
:104C5000D8F80030C8F80030D8F8043023F0784392
:104C600023F40043C8F80430D8F8003043F00103BF
:104C7000C8F80030B5F9EC3041EA02041C431FD0FB
:104C800007EE901A9FEDA97A8AF84200F8EEE77ACB
:104C9000A74967EE877A3846CDED1C7A07EE902A51
:104CA000F8EEE77A67EE877ACDED1D7A07EE903A57
:104CB000F8EEE77A67EE877ACDED1E7AFFF744FDCE
:104CC0009C4EB5F8F03003934FF0000B102259467C
:104CD000A6F5EE70C5F858BC95F8EF4095F8F7804A
:104CE00085F854BCC6E901BB0BF002FA2320C5F8D5
:104CF00068BCA5F864BCC6E905BBC5F874BC03F084
:104D000027FB0BAA0121752004F0D2F9002840D01E
:104D1000894AC5F86C2C894AC5F8702C43F6433291
:104D2000A5F8682C01210FAA584604F0C1F99DF896
:104D30003C20002800F0A780EA2A40F0A48042F638
:104D40003352594606267F20A5F8682C85F8646CF6
:104D500004F0FDF80A2003F0FBFA7821032004F0A8
:104D6000F6F80A2003F0F4FA0121304604F0EFF8D7
:104D70000A2003F0EDFA3F21072004F0E8F81420A0
:104D800003F0E6FA5946072004F0E1F80A2003F0A0
:104D9000DFFA95F8643C0022062B85F8782C40F069
:104DA000DF80674BC5F87C3A664BC5F8803A664BA6
:104DB0006649D960D5F8F4380A2C43F00101C5F8EA
:104DC000F41828BF144640F2FD2121FA04F212F033
:104DD000010240F05681012C40F051819E0785F878
:104DE000792C00F15B81D5F87C3A03989847002331
:104DF00085F87A3CB8F1000F40F054814FF000087C
:104E0000002422467F2168208DF8704004F07BF852
:104E100032220F21682004F076F822460321682010
:104E200004F071F801223B4611460C2004F0BDF855
:104E30009DF87030092B40F03E81454BC5F87C3C15
:104E4000444BC5F8803C072385F87A3CD5F8F43804
:104E500043F00803C5F8F43895F8E4300BB185F851
:104E6000783C95F8E5300BB185F8793C95F8E6305B
:104E7000002B78D085F87A3C75E00123069324E571
:104E8000354A1385C4E502F07E028DF83C2040B11E
:104E9000682A06D1012385F8643C1D2385F8683C07
:104EA00077E79DF82C3003F07E03682B8DF82C30CB
:104EB00032D1062102233A46084685F8643C04F0C4
:104EC000F7F89DF875309DF873209B00520002F0B2
:104ED000020203F0040313439DF8712002F0010263
:104EE00013430CD0012B03D1002385F8653C50E718
:104EF000022B01D10123F8E7022003F038FA13AAAC
:104F000001210C2004F0D4F89DF84C3013F00F036D
:104F1000F2D0042BEED1E7E7702B04BF042385F811
:104F2000643C36E7FFE0CF007A25E00035FA8E3C9E
:104F300098100020C0100020B19000084F8F00088A
:104F400041B3000889620008E40E00202D23FA3BDB
:104F5000578F0008C7900008000400480054004024
:104F6000022385F8543C95F8F830052B7DD80124B0
:104F700004FA03F313F0160F40F0A58013F0290F85
:104F800073D00A2003F0E4F94CF6EF030FA90220D6
:104F9000ADF83C3006F0E6FD002800F09480204695
:104FA00003F0D6F913A902208DF84C908DF84D909E
:104FB00006F0BEFC002800F08680BDF84C305BBADD
:104FC00003F03F03082B7ED1424B9DF84C90D3F861
:104FD000040293F808321C9039463B7105209DF875
:104FE0004DB006F0BFFD00286DD03B4C4FF2C778A6
:104FF00004F110060FA90220ADF83C8006F0B2FDC6
:10500000002860D0012003F0A3F913A902208DF835
:105010004C908DF84DB006F08BFCBDF84C309DF8EF
:105020004C909DF84DB05BBA9BB200284BD007EE78
:10503000903AF8EEE77AE4EC017AA642DAD1274B0F
:10504000C5F8A83C264BC5F8B03C264B00221A6098
:105050006223C5F8B83CD5F85C35C5F8BC3C0320E4
:10506000002385F8C03C06F0D1FDD5F8F43843F0B4
:105070000403C5F8F4381C4C49F6117647E0144691
:10508000A3E6002285F8792C184AC5F8582C43F07D
:105090000303174AC5F85C2CC5F8F438D5F8583C1A
:1050A0009847A0E6A8F10203032B7FF6A9AEB8F15A
:1050B000010F04D1D0E6B8F1000F3FF4CDAE0023CC
:1050C00085F87A3C9AE695F8543C43F0200385F83D
:1050D000543CD0E7B8130108EC1000200DBC0008C8
:1050E000C9B900081C110020000800482DB30008B1
:1050F00055620008A38A9BB283F40053A382A38A5B
:105100009BB283F48043A382642003F021F93B46E1
:10511000022200214020ADF8706003F001FE00285B
:10512000E8D0D5F81C3C012B02BF95F8543C43F065
:10513000400385F8543C95F8540C00287FF4DDAE0C
:1051400095F8183CC24C43F0020385F8183C4FF424
:10515000005323854FF48043A3610F26A38A9BB29B
:1051600083F40053A382A38A9BB283F48043A38277
:10517000A38A9BB283F40043A382192003F0E8F8CA
:10518000013E192003F0E4F816F0FF06E6D14FF4D3
:105190008043A3614FF40053A3614FF40043A36124
:1051A000D5F8F4381C0705D5D5F87C3C9847012381
:1051B00085F8C13CD5F84437DFEDA66A1B7BA5F81E
:1051C000C23CBAF82630A44807EE103AB8EEC77AC7
:1051D0001A22C6EE877AFF219FEDA07A67EE877AC2
:1051E000C0ED007AA0F206300AF082FFD5F8F4187C
:1051F00001230022880785F8F83885F8F92807D5B3
:1052000085F8FA38032385F8F838022385F8FB3847
:105210004A0708D595F8F8385A1C2B4485F8F82821
:10522000032283F8F92895F8F83811F00A0F03F1F2
:105230000102D2B210D0E9182A44042081F8F908FA
:10524000052182F8F918DA1C023355FA83F385F840
:10525000F828062283F8F928D5F8C877BB0608D5C0
:1052600095F8F8385A1C2B4485F8F828072283F85B
:10527000F9286B79082B01D00E2B08D195F8F83856
:105280005A1C2B4485F8F8280B2283F8F92895F846
:10529000F828A918531C0C207C07DBB281F8F90808
:1052A00005D52B440232102183F8F918D3B2E9183E
:1052B00012205A1CD2B281F8F908780585F8F8282E
:1052C00009D595F8B81131B102332A4485F8F83878
:1052D000132382F8F938B90508D595F8F8385A1C1F
:1052E0002B4485F8F828152283F8F928FA0508D503
:1052F00095F8F8385A1C2B4485F8F8281A2283F8B8
:10530000F928982200215648564C0AF0F1FE012057
:1053100003F08AF94FF04C0B00286AD1D5F8E43934
:10532000B5F944C1C5F8E4384F4BC5F8703B0022CD
:10533000A5F8F02685F8F226C5F81427C5F8182731
:10534000C5F8B43685F8C12AD5F8AC16B5F84401CD
:1053500003F23246624603F6D613F82526F8022BEE
:105360000135D4F85C25EDB202F516720A2D43F82A
:10537000042B65D1FB0454BFB4F84A310346A4F8AA
:105380006E3501F1500591F87D30ABB991F87F2071
:1053900091F880309A420FD2002A6BD0013A02EB8A
:1053A000820202EB820202F5617293B291F87E20D2
:1053B00004EB4202A2F8703504318D42E3D13E077E
:1053C0006DD594F83E21062A63D8DFE812F05B0021
:1053D0002D04300458047904930493040BFB06FA5B
:1053E00004EB0A0999F82E8AB8F1000F04D00136AF
:1053F000F6B2022EF2D191E702791C4B90F900002F
:10540000CDF8048003EB820303220092D3F80C3220
:105410004246012106F0A2FE039068B114484822DA
:10542000414650440AF064FE039BC9F8E439012365
:105430001E4489F82E3AF6B2012003F0CFF86BE74C
:10544000022D9DBFB4F84621643212B2624685E750
:10545000000800480AE81C41681000200000C8420B
:105460004C0E0020680400209E050020B81301089F
:10547000500E0020013303EB830303EB830303F59A
:10548000617393E745F2F053A4F8C43C06F09EFE26
:1054900028B90820FAF7C0FEC34BC44A9A6317F430
:1054A000804F18BF1223C04D1EBF84F82839C04B4F
:1054B000AB6342F201031F4211D044F62063A4F80B
:1054C000C43CBB0441BF082384F82839B94BAB6303
:1054D000FE0741BF0C2384F82839B74BAB6394F81F
:1054E0002839B64F043B84F8293932209F234FF4E2
:1054F00080580DF14C091CAE139302F029FF0023D4
:10550000A7F828800422494630468DF8713006F00D
:10551000A7FE9DF87130C7F818809DF872201B0413
:1055200043EA02239DF873201343A54A934200F0F7
:10553000228400F31984A2F51A42033A934200F040
:10554000218402F51A420232934200F0478400237C
:10555000C5E90C33AB6202F0A9FD6379C4F8180DFC
:10556000052B04BF4FF4C873A4F85235FBF776F847
:105570004FF47A73DFF87482A4F854350320D4F81A
:10558000A83C9847DFED8F7A47460837C8ED007A88
:105590004FF0650AB0EE677AB0EE678AB5EE407AF2
:1055A000F1EE10FAC7ED007A40F03F84BAF1010A3B
:1055B00040F0268494F8DB3843F0080384F8DB38A5
:1055C00094F8EC3523F0020384F8EC35D4F8C837AE
:1055D00040F602021A4222D00027032384F8A5389D
:1055E00039460123784885F82430C822A4F8A878E1
:1055F000A4F8AC78A4F8AA78A4F8AE780AF078FDFC
:10560000D4F85C35C4F8B438704BC4F8D8770020AF
:105610000021C3E9000184F8D47784F8A478012339
:1056200084F82C3C94F8183C694FD4F80880C4F8EE
:10563000C88763F07F0384F8183C3B464FF08042F4
:1056400043F8042B634A1A60634BBB6003214FF499
:1056500096630020A4F8723505F017FE5F4BAB612E
:105660005F4D95E80F000DF11C0A8AE80F0005F167
:1056700010030FCB0DF12C0E8EE80F0005F1200367
:105680000FCB0DF13C0C8CE80F0005F130030FCB74
:1056900089E80F0005F140030FCB86E80F009AE878
:1056A0000F0007F10C0585E80F009EE80F0007F1D9
:1056B0001C0A8AE80F009CE80F0007F12C0E8EE808
:1056C0000F0099E80F0007F13C0C8CE80F0096E8FA
:1056D0000F0007F14C0C8CE80F004FF4967002F0AD
:1056E00037FE4FF48C7207F15C0000210AF000FDD8
:1056F0003C4BDA6942F00702DA619A6942F4A5226A
:105700009A615A6942F4C0225A6100200F27AA7B8D
:10571000696895F80FC002F00703D20801EB820216
:105720009B00116A0CFA03FC07FA03F321EA030356
:105730001362136A04304CEA03031428136205F160
:105740001005E4D16279D4F8E818182A9DBF264BD9
:10575000D34003F0010300238DF866300022881C3B
:1057600010F93250022D00F092830132042AF7D151
:1057700000228DF86120C8F340028DF86220C8F342
:1057800080128DF86420C8F340328DF85C20C8F395
:10579000C0328DF85F2018F4006229D094F83221CD
:1057A000D51E6A426A4123E0000000209160000893
:1057B000AD60000895600008A16000080004004882
:1057C00018BA200000000000440C0020280D002022
:1057D00084110020ABAAAA3F26B4973EA086010000
:1057E000E41501080010024000410001EC0A00200D
:1057F0008DF86020C8F300428DF8652008F00102A2
:105800008DF85D20C8F3C0028DF85E20C8F3804299
:1058100018F4805FB4F8D4108DF86320B4F8E02059
:10582000ADF86A101CBFB4F8DC10ADF86A10B2F520
:10583000FA7FADF8682094BFBDF86A200022ADF869
:105840006A2094F8822184F8902E00225B0018F0E0
:10585000090FA4F8912ECB4A18BF013302EB830342
:105860004FF6FF79D3F87C32A3F102080833039393
:1058700038F8020F484500F0C880030A022B00F0F8
:10588000C080C14AC0B2012B4FEA001B02EB0010DE
:1058900040F085839DF85D30002B00F0B28004EB72
:1058A0000B07002384F8943EC4F8983EC4F89C3E4D
:1058B000C4F8A03EC4F8D43E84F8DC3E97F8353DE9
:1058C000B7F8302DC4F8E80E31468DF87230D7F8AD
:1058D0002C0DADF870200223C4F8D89E8DF87330DB
:1058E00005F0ACFC94F8902ED7F8285D97F832AD0F
:1058F000012A18BF00212A6A08BF0321BAF1000F4C
:1059000040F0CC8222F001022A62AA69286A22F0C1
:10591000F30242EA011220F00A0042F0010240F0D4
:105920000100AA612862AA6922F00C02AA61AA6990
:10593000AA6101220021284605F086FB2A88934FA0
:1059400092B242F00102BB442A809BF833BD584614
:1059500006F0B6FABBF11B0F02D1192006F0B0FA1F
:105960008B4AC7F8EC2E4FF0000B8A4AC7F8F02E8E
:105970002846C7F8F4BE05F0DFFA062841D80A2108
:105980004143854A01EB9A0107EB810C131DCCF8CA
:10599000782DCCF8883D4FEA9A0C0223E96803FA87
:1059A0000CF39BB20B43EB6028234343A2F5BA727E
:1059B00003F120011144EFF3128C4FF0500E8EF3DF
:1059C00012880C33134453F8042F0AB10A60111DD6
:1059D0000BF1010BBBF1040FF5D100230B605FFA53
:1059E0008CFC8CF31188282303FB0077D7F8983DB3
:1059F000002B40F0D082EB6823F001031B041B0C4A
:105A0000EB60039B43457FF433AF644E644D042346
:105A100084F8B0390FCE0FC50FCE0FC50FCE0FC50E
:105A200096E80F0085E80F00D4F8C837D4F8286747
:105A3000D4F8240703F48052A5F256650023002A07
:105A400000F0E082818825F8021B01330C2BF6D18F
:105A5000544B0F934FF09043CDE913334FF4417300
:105A6000ADF82C30504B514D21954FF0A041CDE970
:105A70001C1301204FF08053002713AC0BAE05F12F
:105A80000D094FF0020B0DF11C080DF13C0ACDE998
:105A90001E0303F558531CA82093ADF81C70CDF8D5
:105AA0009490CDF89CB0CDF88880CDF88CA024944B
:105AB000269606F0DBF83E4A3E490F922022ADF8CA
:105AC000402007C984E807003B4ADFF808C1118875
:105AD0009278ADF82C10B270384AADF81C704FF0C7
:105AE0008053CDE91CC21F930DF1700C03F5585380
:105AF00003202093279005F10E0360462193CDE902
:105B0000228A8DF81E70CDF878B0CDF89490249448
:105B1000269606F0ABF84FF40053ADF83C30284B16
:105B200013930523DFF8B0E08DF82C30254B8DF86A
:105B30001C70CDE91CE3244BCDF878B04FF0005237
:105B4000CDE91F2305F114022192012227921CAAFC
:105B50001046CDE9228ACDF894902494269606F03A
:105B600085F81A4A13490F924FF48052ADF840203D
:105B700001F10C0207CA84E80700154A124B11888C
:105B800092782BE0B81301089011002068040020DF
:105B9000FD620008ED62000854130020441601085D
:105BA000241400200800040008000240E41400202F
:105BB0000400100084160108DF1C010808040240DC
:105BC00000040048580402400036001000800040E5
:105BD000E31C01080001005000040050ADF82C1037
:105BE0004FF00050CDE91F03BA49B2700320BA4A02
:105BF000279016351CA8CDE91C12CDE9228AADF8F4
:105C00001C708DF81E70CDF878B02195CDF8949069
:105C10002494269606F02AF81E2031B0BDEC028BA3
:105C2000BDE8F04F02F094BB42F6F8232CE442F6B4
:105C3000F823AA4AA4F8C43C00010A23B0FBF3F0FD
:105C40000023A0F5B0600133122B42F8040BFAD107
:105C5000A34AA4499163402084F8283902F0E4FC67
:105C600000283FF416AC0123072590F900009E4A56
:105C7000CDE9003540219D4B06F070FA08E442F66C
:105C8000F823A4F8C43C964B994A9A634020102309
:105C900084F8283902F0C8FC00283FF4FAAB01234D
:105CA0000021944A90F90000CDE900314FF4E1332E
:105CB000402106F053FA003818BF0120FFF7E8BB77
:105CC00042F6F823A4F8C43C854B8B4A9A634020E3
:105CD000082384F8283902F0A7FC00283FF4D9AB48
:105CE0000123002290F90000CDE90032834A4FF4ED
:105CF000E133DDE742F6F823062AA4F8C43C4FF06E
:105D00000C0318BF052284F8283984F8143D744B1D
:105D100084F8152D4FF000050CBF21211B21784A76
:105D200008BF784E84F8105D4FF0400018BF4FF464
:105D3000E13684F8115D84F8125D84F8131D9A63CE
:105D400002F072FC00283FF4A4AB012390F900009C
:105D50006D4A009301953346402106F0FFF9401B40
:105D600018BF0120FFF794BB684A934236D0013236
:105D700093427FF4ECAB4FF00123AB624FF400523F
:105D8000634B04E0634BAB62614B4FF400421A85F6
:105D9000AB8D2F8D1B025F432B6301236F6384F850
:105DA000AE39002F3FF4D7ABFF0A4FF0000ABA45D7
:105DB0000DDA0AEB070808EBD8784FEA68081022DA
:105DC00031464FEAC82006F045FB0F280CDCFF02E5
:105DD00006F0A2FAC4F86C79FFF7BDBB4E4BAB627C
:105DE0004FF480424A4BD2E73246002352F8041B5C
:105DF000013140F009810133042BF7D14746D6E742
:105E00004FF0230B02F052F905F0AAF90A2002F034
:105E10009FFABBF1010B414BF4D193ED007AD3ED26
:105E2000027A88ED007AFFF7B9BB88ED008A87ED2A
:105E3000008A4FF00F0B4FF00A0A02F037F905F015
:105E40008FF90A2002F084FABAF1010A334BF4D137
:105E5000D8ED007A93ED007AD7ED006A37EE277A15
:105E6000D3ED027A88ED007A77EEA67ABBF1010BCA
:105E7000C7ED007ADFD1F2EE0E6A87EE266A87EE72
:105E8000A67A88ED006A87ED007AFFF793BB01EBF5
:105E9000C2018A88003A18BF01226AE4BAF1040FED
:105EA0003ED122F010021204120C2A62AA69286A5A
:105EB00020F0A00022F47342000442EA0132000CF8
:105EC00042F4807240F01000AA612862AA6922F4AC
:105ED00040622BE5000500501C04024030110020F8
:105EE00000000020B9600008E1800008A0860100E1
:105EF000E960000835810008F9600008ED810008BC
:105F0000DD61000890D00300858200081740EF0093
:105F1000000800482000000180000001F00A002075
:105F2000BAF1080F1DD122F480721204120C2A62F9
:105F3000EA69286A92B222F0F30242EA01124FF2B1
:105F4000FF51014042F0010241F48071EA6129628F
:105F5000EA6922F00C021204120CEA61EA69EA61B1
:105F6000E7E422F480521204120C2A62EA69286AD9
:105F700022F440721205120D42EA013245F6FF7119
:105F8000014042F4807241F48051EA612962EA6979
:105F900022F44062DFE7EB6843F0010330E5032BB6
:105FA0007FF42FAD94F8923E9DF863209D0052B18E
:105FB00000234FF6FF72082105F0F2F96319C3F8C8
:105FC000B409134B11E0BDF86810BDF86A30B1F5A3
:105FD000FA7F11D90F4AB2FBF1F2122192B205F009
:105FE000DFF96319C3F8B4090B4BC36094F8923E10
:105FF000013384F8923E04E5084AB2FBF1F2012134
:1060000092B2D9E7B1881EE508F1010AB846F5E673
:10601000DD62000880A81201BD62000840420F0046
:10602000F0B50124B0FBF4F58D4203D200261CB973
:106030001C70F0BD4C43F5E7B0FBF4F5B4FBF1F791
:1060400004FB15002EB9002D03DC8C420CD33C461A
:10605000EDE7092D08DD002A0CBF572437242C4416
:1060600003F8014B0136F2E73024F8E738B5074D65
:10607000044600236A6895F9001003B138BD002A70
:10608000FCD0A142FAD190470123F3E78C10002005
:1060900000207047014B33F811007047F2150020C3
:1060A000014B33F811007047F2150020014B33F813
:1060B00011007047D80D0020094BDFED0A7A03EB81
:1060C000810393ED007AB8EE477AF6EE046AE7EEC4
:1060D000267AFCEEE77A17EE903A98B2704700BF46
:1060E0003011002000005C44024B33F81100C0085E
:1060F000704700BF9815002007299ABF024B33F85C
:1061000021000020704700BFD015002003788B428B
:106110000AD9064B53F82100054B1B7803B1400800
:1061200000F5777080B2704700207047241500207A
:10613000541800200022254970B5134641F221066B
:1061400084180C44647883EA042308241DB2002DCB
:10615000B4BF86EA45055B0004F1FF34B4BFABB2BF
:106160009BB214F0FF04F1D10132192AE8D100F1F9
:1061700019020A44547800F11A020A44527802EBD8
:10618000042292B29A420CD1114B124C1A7800EBB5
:106190004202D2B24FF4AF65904203D10E4B0122BE
:1061A0001A7070BD461CF3B2013351FA86F60B44E7
:1061B00076785B7803EB06239BB26B431B1303F5E6
:1061C0004873023024F8023BC0B2E5E754180020BF
:1061D0007C110020761800207811002003788B4273
:1061E00083BF034B03EB4103588C0020704700BF73
:1061F00054180020084BDA68D10709D4DA68D206AF
:1062000008D4DB6813F0040F0CBF04200320704790
:1062100001207047022070470020024081617047D2
:1062200001857047838A9BB24B4083827047024648
:106230004FF08043934202D8002013B970479B0867
:10624000F8E7C11891424FEA50009CBFC018521A9B
:106250009B08F2E737B50B4B04465D6858786A46F1
:106260000621A84758B1BDF800305BBA2380BDF8BD
:1062700002305BBA6380BDF804305BBAA38003B020
:1062800030BD00BFD010002037B50B4B04465D6811
:1062900018786A460621A84758B1BDF800305BBAA5
:1062A0002380BDF802305BBA6380BDF804305BBA6E
:1062B000A38003B030BD00BFD0100020064B53F8C0
:1062C00020301A681B89A1F57A7159434FF47A730B
:1062D00091FBF3F1116070471C0E0020024B53F844
:1062E00020301B68196070471C0E0020024A136C96
:1062F00001330B4413647047FC120020324B186CBE
:106300009A680144F0B48A1A9960596040F68C2169
:106310008A42DA603CD9197893F9452093F9004014
:10632000914229D10A1F082A26D893F84620182A14
:1063300003D8013283F8462001E083F8444093F902
:10634000442091420FD193F8471061B11F48204D6E
:10635000002106468A4211DC00210C2A14D11D4975
:106360000A7801320A70012283F84720002283F85C
:1063700045401A70F0BC70470022DBE755F8047FF7
:1063800020F8027B0131E5E726F812100132E4E73C
:1063900093F847100029EDD0A2F2EF2040F2DA5135
:1063A000884208D819780B2905D8081D013143F80F
:1063B00020201970DEE70021F0BC074883F8471061
:1063C000302209F095BE00BFFC120020F21500201B
:1063D00008130020F01500200C130020836A816947
:1063E000426B1944D160416A8B422BBF0169CB1AC1
:1063F000C91A536028BF51604FF0000380F8443041
:10640000136828BF002143F00103816213607047C5
:10641000036B10B502464BB1046C59680B1B8C42E0
:10642000D8B202D9D3681844C0B210BDD0E9074031
:106430008442C1B238BFD068E3B236BFC018581A20
:10644000401AF1E7D0E909120369914238BFC9182F
:106450008A1A416B581E19B14B681A44904202D9EE
:10646000801AC0B2704700207047436B13B190F898
:1064700044007047D0E909031B1A5842584170473D
:10648000034610B51C6B4069D96844B11A6C8C1A6C
:10649000013A005D18BF1146C0B2196410BD1A6AF6
:1064A000805C01328A4238BF1446C0B21C62F5E7F4
:1064B00010B4426A8469A154426A016901328A4275
:1064C00028BF00224262426B2AB11368DB0707D45F
:1064D0005DF8044B82E7026D136843F0800313609C
:1064E0005DF8044B7047026D036B70B5D5690446C7
:1064F00033B9A90604D5C36ADBB1908C80B2984742
:10650000616B81B92A060ED5A26A606A236D824248
:106510001CD0501CA669A062B25CD2B21A85236955
:10652000984200D3A1622B0742BF236D08221A6252
:1065300070BDE169928C40694E1CD2B2E661425452
:10654000E169E268914228BFE361D9E71A6822F065
:1065500080021A60E7E72DE9F0410669C3681E4032
:10656000F70704460D4621D4B0072ED4710707D58E
:106570006FF0040323616868A16B036889B29847D0
:10658000320707D56FF008032361A868E16B036841
:1065900089B29847F30621D56FF010032361E868AC
:1065A000216C0368BDE8F04189B218476FF0010320
:1065B0000361C16A2F6A1FFA81F8002FD4D03B68AB
:1065C0003846414698477F68F7E76FF0020323613A
:1065D0002868616B036889B29847C7E7BDE8F08116
:1065E000036823F001031B041B0C036000230360FA
:1065F00043608360C360294B984204D1284A5368A2
:1066000043F00F0326E0274B984204D1244A5368F5
:1066100043F0F0031EE0244B984204D1204A536813
:1066200043F4706316E0214B984204D11C4A53682E
:1066300043F470430EE01E4B984204D1184A53684D
:1066400043F4702306E01B4B984205D1144A53686B
:1066500043F4700353607047174B984204D1104ABB
:10666000536843F07063F5E7144B984201D1144A24
:10667000C5E7144B984201D1114AC8E7124B984222
:1066800001D10F4ACBE7114B984201D10C4ACEE71A
:106690000F4B9842DFD10A4AD1E700BF0800024001
:1066A000000002401C000240300002404400024052
:1066B000580002406C000240800002400804024082
:1066C000000402401C040240300402404404024022
:1066D00058040240002A70B50CBF202530251C4606
:1066E00014F8016B0A4601390EB1002AF8DC114694
:1066F00004E00468661C0660013925700029F8DC96
:1067000022EAE27219460C4614F8015B15B9D31A55
:10671000C81870BD01684E1C06600D702146F2E776
:10672000F0B54FF0FF33CF08136001F007013D468D
:106730000026052D00D806B1F0BD435DAF4203BF72
:106740000B41DBB20C46344613F0010604D004EBD7
:10675000C50414600135ECE70134082C4FEA5303FB
:10676000F2D1F7E7044B98420CBF044A044A13885D
:1067700001339BB21380704700540040580D002035
:106780005A0D002038B590ED010AD0ED027A2DEDBA
:10679000028B20EE000A90ED008AA8EE080A04465B
:1067A0000D46A7EEA70A08F01DF9B7EE007AC7EE6E
:1067B000007A1F4BB3F840200132A3F8402093ED3C
:1067C0000F7A37EE277A83ED0F7AB0EE007AF4EE87
:1067D000C77AF1EE10FA21D5B6EE007AF4EEC77A58
:1067E000F1EE10FA06DC9FED137AF4EEC77AF1EEC3
:1067F00010FA1ADD28EE278A012085ED008A94ED33
:10680000017A27EE277A85ED017A94ED027A67EE18
:10681000277AC5ED027ABDEC028B38BD9FED067A72
:10682000F4EEC77AF1EE10FAE4D40020F3E700BFEB
:1068300054180020BD3786350024744901380428D7
:1068400010D8DFE800F00307090B0D00064B074ADC
:1068500013607047064BFAE7064BF8E7064BF6E77E
:10686000064BF4E7064BF2E7E97D000870000020D4
:10687000456C00084D720008317500086978000801
:106880007D6F00082DE9F043964E974BD6ED007AC8
:10689000964AB3F90030B2F900209FED957A954DF4
:1068A0002DED088BF1EE677A8DB0CDED007AD6ED47
:1068B000017A9B1AF1EE677ACDED017A07EE903AF4
:1068C0008D4BB3F90020F8EEE77A09EE902AB3F980
:1068D0000220B3F9043067EE877A08EE102A0446E6
:1068E00003A96846B8EEC88A09EE103ACDED027ADF
:1068F000FDF72AFF9DED060ADDED037A9DED07AA5F
:106900007E4B9DED057A1B68F8EEE99A28EE000AA9
:10691000B8EEC99AA9EEA70A9B78DDED097A28EEB0
:106920000AAAA9EE270A012BDDED047AA9EEA7AA8F
:10693000DDED0A7AA9EE27AADDED087A68EE277A5E
:10694000E9EE877A9DED0B7AE9EE077A40F0C78091
:106950006B4B1B785B0715D46A490A6892B16B6C64
:10696000002B1846B8BFD81DA3EBE00307EE103A82
:10697000B8EEC77A013A37EE277A0A60BDEEC77AD9
:1069800085ED117A6B6C002BB8BF0733DB1007EE77
:10699000103AB8EEC77A5C4F77EEC78A08F0C4F8B1
:1069A0005A4BD3F8009099F800804146FDF718FC47
:1069B0003B68B0EE4A0A03443B6008F0B5F8414634
:1069C000FDF70EFC7B68B0EE680A03447B6008F0BC
:1069D000ABF899F801904946FDF702FC96ED01AA43
:1069E000BB68D6ED008A0344B0EE4A0ABB6008F0EB
:1069F0001BF8F0EE40AAB0EE4A0A08F055F8B0EEE7
:106A000040BAB0EE680A08F04FF8B0EE40AAB0EE17
:106A1000680A08F009F86BEE0A5ADFED3D6AF0EEFD
:106A2000657AE0EE667A41462BEE006AF0EE408A27
:106A3000E5EEA68AF0EE464AEAEE264A68EE277AA6
:106A4000F0EE4A5A2AEE8AAA2AEEA65AE9EEAA7A65
:106A500068EE288A28EE0A8AD6EE265AE9EE858A5A
:106A6000ABEE698AE9EE247A2AEE807AE9EE258A8D
:106A7000A9EE078AC5ED127AFDEEE77AC5ED138A15
:106A800085ED148A17EE900A224DFDF7A9FBFDEE65
:106A9000E87A2B684146034417EE900A2B60FDF715
:106AA0009FFB6B68FDEEC87A0344494617EE900AD7
:106AB0006B60FDF795FBAB68174A0344AB60136846
:106AC00023441360154A136801331360144A136892
:106AD000013313600DB0BDEC088BBDE8F083114BA2
:106AE0001B8854E7EC160020AA0A00201E00002094
:106AF00035FA8E3C541800207E0D0020AC0B00208F
:106B0000540A0020C0090020F40F0020B00B002020
:106B10000000000040180020041000200010002099
:106B20004C1800202600002008B52DED068BF0EE55
:106B3000409AB0EE600AF0EE41AAF0EE608A07F0EB
:106B400073FFB0EE408AB0EE680A07F0ADFFB0EE1A
:106B5000409AB0EE690A07F0A7FFF0EE408AB0EE67
:106B6000690A07F061FFB0EE40AAB0EE6A0A07F0CA
:106B70009BFFF0EE409AB0EE6A0A07F055FF1A4B01
:106B800028EE007A29EE286A83ED007A29EECA7A87
:106B900069EE0A6AA6EE007A60EE687A83ED017A01
:106BA00028EEA97A68EE288AA6EE807AB1EE499A94
:106BB00083ED027A28EE297A28EE0A8A83ED037A99
:106BC0002AEE007AE6EEA97AA6EE297A83ED069AF5
:106BD000C3ED078A83ED088ABDEC068B83ED047A4A
:106BE000C3ED057A08BD00BF4400002006EE901AF0
:106BF0009FED116A114B9FED127A1B88F8EEE66A41
:106C0000F7EE005A66EE866A07EE903A85EEA66ABF
:106C1000F8EE677A67EE877A90ED007A76EE276A6B
:106C200087EEA66A70EE477AA6EE277AB0EE470A9C
:106C300080ED007A704700BFDB0FC9406417002069
:106C4000BD3786352DE9F04F2DED048B87B0DFED94
:106C5000B47A0593B34B03921B8808EE103AB24BFB
:106C60001B880093B8EE488A13F0020328EE278AA7
:106C700005460493F7EE009A00F01381149BDA891D
:106C8000AA4BB3F90000801A00F2F31740F2E63481
:106C9000A74200F203810028B8BF4042B3F9023096
:106CA0009A1A02F2F31440F2E6339C429CBF82EA45
:106CB000E273A3EBE27395F8502088BF4FF4FA73A8
:106CC000002A00F0F1808342B8BF0346C3F5FA738F
:106CD00007EE903ADFED966AF8EEE77A642387EEE6
:106CE000A67AB3FBF2F307EE903A37EE697AF8EE44
:106CF000E77AF0EE698AE7EE278AF5EEC08AF1EED0
:106D000010FA00F1D180F4EEE98AF1EE10FAC8BF72
:106D1000F0EE698ADFF858B2DFF85892DFF858A22F
:106D20009FED849ACB1C0293834B019305F12406BB
:106D30000BF10C080BF118070024029A022C12F830
:106D4000013F0292F2EE044A40F0B180BAF804101A
:106D5000DFED7A6A0A3311FB03F107EE901AB8EE01
:106D6000E77AC7EE267A764B95F8551033F914304A
:106D700007EE103A734BB8EEC77AD3ED036A019B66
:106D8000E7EE667A13F8012B019303EE902AB0EE3A
:106D9000675AF6EC017AF8EEE33A67EE857A67EE29
:106DA000A37A87EE894A41B1674800EB8400B0EED0
:106DB000440AFFF71BFFB0EE404AD6ED027A28EEF8
:106DC000057A27EE277AD9ED007AE7EE247ADFED0F
:106DD0005F4AF4EEE47AF1EE10FA08D4DFED5C4A93
:106DE000F4EEE47AF1EE10FAD8BFF0EE674A89EEDD
:106DF000887ADBED007AD8ED006AE9EC014A75EE9D
:106E0000677AABEC015A27EE277AD7ED007AA8EC27
:106E1000017AE7EC016A76EEA77A95F8541037EE1E
:106E2000870A21B14B4800EB8400FFF7DFFEB0EE8C
:106E3000087AC0EE077A96ED057A67EE877A67EEF4
:106E4000A37A87EE897ADFED447AB4EEE77AF1EE41
:106E500010FA08D4DFED417AB4EEE77AF1EE10FAD9
:106E6000D8BFF0EE477A34EE240A30EE270A07F056
:106E70005BFE3B4BB0F57A7FA8BF4FF47A70984227
:106E8000B8BF1846374B23F814000134032C7FF4A5
:106E900054AF07B0BDEC048BBDE8F08F4FF4FA702F
:106EA000FCE6F0EE698A35E7DFED2F8A32E7039AD8
:106EB0003AF91400514288424FEA440C03DB824203
:106EC0001146A8BF0146294A32F90CC0059AA1EB28
:106ED0000C0132F914C0009A614407EE901AF8EEE2
:106EE000E77AD207C7EEA46A04D5D5ED127A66EE2A
:106EF000A77A38E7143313FB00F307EE903A9FEDBF
:106F00000F6A049BB8EEE77AC7EE067A002B3FF4CF
:106F10002AAF95ED137A66EE876AE6EEA87A22E745
:106F2000BD378635641700202C0C0020D0090020C6
:106F30000000FA430000C842100C00200000484244
:106F4000840D0020E40E0020CC18002000007AC33D
:106F500000007A43D8180020000096C30000964332
:106F600018FCFFFF9817002000000000920D002081
:106F7000A8180020480A00200C0A00202DE9F04F34
:106F800089B0CDE90623A34ADFF8B492B2F9003004
:106F9000B2F90210DFF8ACA2DFF8AC820192002B4C
:106FA000B8BF5B420029B8BF49429BB289B28B424D
:106FB00038BF0B46B3F5FA7F28BF4FF4FA7302933C
:106FC00009F10803059309F114030493924B039309
:106FD000002600F10C0307460093354634468F4BDC
:106FE0001B8803F0010003F0020C9B073FD0022C2A
:106FF00036D0019B069AB3F900305242B2EB430FF0
:107000004FEA430103DC069A8A42A8BF0A46844B32
:10701000BD7F33F91430D21A079B33F914301A4468
:107020003B7A6421534393FBF1F3C5EB8571C5EBC8
:1070300081059D4203DC6D429D42A8BF1D46DAF8E2
:1070400000301A4442F210739A42A8BF1A46754B98
:107050009A42B8BF1A46CAF80020FE7C564336133F
:1070600028B1BCF1000F02D1022C40F0CF80019B6F
:10707000B3F900E0009B0EEB8E0213F80B3C1201FB
:1070800092FBF3F2039BB3F900B0BBF1000F5B4638
:10709000B8BF0BF10303A2EBA303D8F800201344FD
:1070A000B3F57A5F604AA8BF4FF47A539342B8BFF2
:1070B0001346BBF1000FB8BFCBF1000B1FFA8BFBDF
:1070C000BBF5206F7146C8F800300AD8022C0BD1EE
:1070D000504AB2F90420002AB8BF524292B2642A40
:1070E00002D90023C8F800307D2293FBF2F3009A06
:1070F00012785A4348BF3F329211BCF1000F7DD045
:10710000022C11D0029B02990298C3F5FA7311FB6D
:107110000EF142434FF4FA7C05FB031106FB0322F8
:1071200091FBFCF192FBFCF2039B404833F902BB5C
:10713000005D0393BBF1000F5B46B8BF0BF1030387
:107140009B1013FB00F36FF04F0093FBF0F30B4425
:1071500097F8551005EE103A41B13548B8EEC50A1A
:1071600000EB8400FFF742FDBDEEC05A059B39F9E4
:10717000021B1868049B29F802BC1B68BBEB0101C9
:1071800048BF033103444FEAA10C03EBA103049968
:1071900041F8040B0491059941F804CB059197F847
:1071A000541061B107EE903A2248B8EEE70A00EBBE
:1071B0008400FFF71BFDFDEEC07A17EE903A15EE46
:1071C000100A104402461C48005D434348BF1F3369
:1071D0006100A2EB6312194B5A52019B02330193D7
:1071E000009B01340133032C0AF1040A08F104085E
:1071F00000937FF4F4AE09B0BDE8F08F002893D07F
:10720000022C1ABF3246294671468DE7324629467E
:107210008AE700BF0C0A0020840D00202C0C0020FF
:10722000920D0020F0D8FFFF80C1FFFFFC0B002073
:10723000CC180020D8180020FF0B00209817002041
:10724000E41800202C0A00203C0A00202DE9F04F11
:107250008BB0CDE907210993A44B1B88049313F04D
:107260000203044614D0A24AB2F90030B2F9022057
:10727000002BB8BF5B42002AB8BF52429BB292B209
:10728000934238BF1346B3F5007F28BF4FF4007315
:107290000293984B984F0193984B0693DFF88482A2
:1072A00004F10B0307F1040907F10C0B039300250C
:1072B0008F4B33F915C0924B33F91560002E3046D1
:1072C000B8BFF01C83100593019B1A46043201924B
:1072D00086EAE672A2EBE67292B2B2F5206F4FEA4E
:1072E0004C0100F2FC80059A1B688A1A1A44B2F518
:1072F0007A5F844BA8BF4FF47A529A42B8BF1A46BD
:10730000019B039843F8042C10F8013F0390D2111D
:107310005A4310F80B3C4B43049989074FEAA212D9
:107320004FEAA31346D007994942B1EB4C0F4FEAFD
:107330004C0E03DC07997145A8BF7146DFF8E8C120
:1073400009983CF915C0A1EB0C0130F915C08C442B
:10735000D8F8001042F2107E61447145A8BF714612
:10736000DFF8C8E17145B8BF7146C8F8001094F85D
:1073700008A00CFB0AFA94F81EC00CEB8C0CCCF1A4
:10738000000EBEEBEA1F4FEAEA1003DC6045A8BF1F
:107390006046864694F813C001FB0CFC0299A2EBF0
:1073A0002C324A43A3EB0E0352124B4302EB2C3216
:1073B0000EEB632354490598495D11FB00F1A3EBE3
:1073C000A11A94F8551061B107EE90AA4F48B8EE93
:1073D000E70A00EB8500FFF709FCFDEEC07A17EE27
:1073E00090AA37F9020BDBF8001027F8026C301A6C
:1073F00048BF0330D9F800604BF8046B831049F89C
:10740000043B314401EBA00100EE101A94F8541033
:1074100041B13F48B8EEC00A00EB8500FFF7E6FB3C
:10742000BDEEC00A069911F8013B069110EE101A44
:1074300059430AEB0203374AA3EB611322F81530D4
:107440006B1C022B08F104084FF001057FF430AFEC
:10745000089B9A79264B9B880F3213FB02F3284A2C
:10746000B2F904201B11002AB8BF0332002BA3EB92
:10747000A201B8BF5B42322B1E4A32DCA07B93686C
:1074800001FB003324488342A8BF034623488342BC
:10749000B8BF03469360E2784A432149097803293B
:1074A0004FEAA2120AD9B4F85210B1F5FA7F05D208
:1074B0004842904217DC8A42A8BF0A465B13B3F5E4
:1074C000807FA8BF4FF480736FF0FF018B42ACBF89
:1074D000D21852180F4B9A800BB0BDE8F08F0022E3
:1074E0000EE70023D6E70246E8E700BF2C0C002099
:1074F0000C0A00203C0A002004190020FF0B002089
:10750000840D002080C1FFFFFC0B0020CC18002060
:10751000D818002098170020FEFFFF0F020000F08F
:10752000180E00202C0A0020920D0020F0D8FFFF3A
:107530002DE9F04F89B0CDE90521BA4A0793B2F998
:107540000030B2F90220DFF81083DFF810A3DFF873
:10755000F8920090002BB8BF5B42002AB8BF52429D
:107560009BB292B2934238BF1346B3F5FA7F28BF5D
:107570004FF4FA73019308F10C0300270393AA4B0D
:107580000293054608F1040B3C463E46A74B1A8879
:1075900002F001030493A34B02F00200920733F9B7
:1075A000163038D0059A5242B2EB430F4FEA4304EB
:1075B00003DC059AA242A8BF22469D4C34F91670FE
:1075C000D71B079A32F9162017442A7A64247A4383
:1075D00092FBF4F2AC7FC4EB847CC4EB8C04944249
:1075E00003DC64429442A8BF1446DAF80020174432
:1075F00042F210729742A8BF17468E4A9742B8BF10
:107600001746CAF80070EA7C5743049A3F1312B138
:10761000002800F0FF80029AB2F9002082EAE27CA2
:10762000ACEBE27C1FFA8CFCBCF5206F00F2E98029
:10763000002A0099B8BF033203EB830E91F801C012
:107640004FEA0E1E9EFBFCFCACEBA20CD9F800200E
:107650006244B2F57A5FDFF808C2A8BF4FF47A52ED
:107660006245B8BF6246C9F800204FF07D0C92FB1E
:10767000FCFC009A127B61464A4348BF3F3292119C
:10768000002800F0C0800198019910FB03F3C1F5B8
:10769000FA7104FB01334FF4FA7C93FBFCF0019B7D
:1076A0005A4307FB012292FBFCF20299DFF8B4C1B6
:1076B00031F9023B1CF806C00291002B1946B8BFF5
:1076C000D91C891011FB0CF16FF04F0C91FBFCF1F0
:1076D000014405EE101A95F8551051B1564804931F
:1076E000B8EEC50A00EB8600FFF780FA049BBDEEFA
:1076F000C05A38F9020B039928F8023C181A096895
:10770000DBF8003048BF0330194401EBA00100EE64
:10771000101A03994FEAA00C41F8043B4BF804CB34
:10772000039195F8541041B14448B8EEC00A00EBFB
:107730008600FFF75BFABDEEC00A15EE103A13445F
:107740003F4A10EE101A925D51430A4648BF1F325D
:10775000A3EB621370003B4A1352009A731C013270
:10776000022B0AF1040A09F1040900924FF0010604
:107770007FF40CAF069B9A792A4B9B880F3213FB40
:1077800002F3294AB2F904201B11002AB8BF0332C0
:10779000002BA3EBA201B8BF5B42322B2A4A3CDC90
:1077A000A87B936801FB003328488342A8BF0346A7
:1077B00027488342B8BF03469360EA784A43254985
:1077C000097803294FEAA2120AD9B5F85210B1F587
:1077D000FA7F05D24842904221DC8A42A8BF0A467D
:1077E0005B13B3F5807FA8BF4FF480736FF0FF0188
:1077F0008B42ACBFD2185218124B9A8009B0BDE828
:10780000F08F00222FE70499002916BF3A46184648
:1078100020464AE73A46204647E70023CCE702469F
:10782000DEE700BF0C0A0020840D00202C0C002095
:10783000920D0020F0D8FFFFCC180020D8180020AF
:10784000FF0B0020981700203C0A0020FEFFFF0FCE
:10785000020000F0180E0020181900202C0A002049
:1078600080C1FFFFFC0B00202DE9F04F2DED088BB0
:1078700087B00446059390F8543004910292002B8F
:1078800000F01082322BA8BF322307EE903ADFEDD2
:10789000DA6AF8EEE77A86EEA77AD84B1B88012BD6
:1078A00038BF012307EE903A9FEDD5AAD54BF8EEED
:1078B000E78AB3F800A028EE8AAA1AF0020337EE8E
:1078C0000A7A0393CAEE079A00F0EF81CE49B1F924
:1078D0000020B1F90210002AB8BF52420029B8BFF7
:1078E000494292B289B28A4238BF0A46B2F5E17F74
:1078F00028BF4FF4E17207EE902A9FEDC47AF8EEAC
:10790000E77AC7EE87AAC24BDFF858930193DFF8F6
:107910005883C04BC04F009309F1080B04F10C06CB
:1079200000259FEDBEBAB0EE4B9ABD4BB64933F978
:10793000150031F9153007EE900AB8EEE75AF5EE6A
:10794000047A25EE275A00EE103ABDEEC55ADFED57
:10795000B57AB8EEC55A1AF0030F25EE275AB8EEDD
:10796000C00A6CD070EE007A029BFDEEE77A5942B5
:1079700017EE90CA8C4503DB63451946A8BF6146E4
:10798000A94B9FEDAA6A33F915C0059BA1EB0C0129
:1079900033F915C0A37F06EE903A237AF8EE666AB3
:1079A0006144B1EE047A07EE901A66EE876A07EE3C
:1079B000103AF8EEE77AB8EE477AB1EE669A27EE1B
:1079C000277ABDEEC99A27EE067A19EE103ABDEE77
:1079D000C77A17EE101A994208DBFDEEE66A16EE3A
:1079E000903A8B42A8BF0B4609EE103A98ED007A08
:1079F000AAEE277AFBEE0E7AB4EEE77AF1EE10FAF1
:107A0000B8EEC99A08D4F3EE0E7AB4EEE77AF1EE46
:107A100010FAD8BFF0EE477AC8ED007AE37C08EEA2
:107A2000103AB8EE488A1AF0010F28EE278ADFEDE7
:107A3000807A28EE278AB0EE48BA40F03C810028D0
:107A4000B8BF404280B2B0F5206F00F2318116F825
:107A50000B3CDFED786A07EE103A60EE266AB8EE6E
:107A6000477AC6EE877A97ED007A77EEC57AAAEE66
:107A7000277ADFED717AB4EEE77AF1EE10FA08D4E6
:107A8000DFED6E7AB4EEE77AF1EE10FAD8BFF0EEE1
:107A9000477AC7ED007A337808EE103AB8EE488A94
:107AA000039B28EE278ADFED667A28EE278A5BB1F2
:107AB00070EE497AB0EE490AA7EEAA0A78EE4B7A40
:107AC000B0EE4B8AA7EEAA8A009B94F8551013F8E3
:107AD000012B9FED5C7A009307EE902AF8EEE77A8F
:107AE00065EE677AA7EE870A21B1574800EB85005B
:107AF000FFF77CF899ED007AA9EC015A35EE475A68
:107B0000DBED007A019B85EE0A7A13F8012B0193D5
:107B100008F104080437013630EE080A37EE677AB8
:107B2000E7EE297A07EE102AB8EEC77AEBEC017A75
:107B300067EEC77A9FED457AA7EE870A06F0F4FF55
:107B4000691C434B022923F815004FF001057FF40F
:107B5000ECAEFDEEE88ADFED3F7A94F857703E4DCB
:107B600018EE903A23F0030308EE903A264BB3F94F
:107B70000480049B9E792A4BB3F90430F8EEE88A1E
:107B800000EE103A88EEA79ABAEECF0A002F00F066
:107B9000BC8088EAE879E778A9EBE87906F0C4FFC9
:107BA0001FFA89F92D4BDFED2E6A06FB09F696FBCD
:107BB000F3F6643607EE100A7E43642396FBF3F374
:107BC00007EE903AB8EEC77AF8EEE77A80EAE0730B
:107BD00067EE877AA3EBE07387EEA67AB3F5207F92
:107BE00007EE908AB8EEE70A30EE470A3EDCB9F1BC
:107BF000640F63D93AE000BF83F9223E6417002086
:107C0000BD3786352C0C00200C0A00200000E14313
:107C1000FF0B0020FC0B0020480A002000000000A1
:107C2000840D0020CDCC4C40920D00206F12033CFF
:107C30000AD7A33D0000A043000040C3000040431A
:107C40000AD7233CA69B443BCC180020F7CC9238A3
:107C50009817002000803B453C0A00200CFEFFFFE7
:107C60000000A0422C190020340A00200023AB6041
:107C700094F8551011B15448FEF7B8FF30EE080AD9
:107C8000BDEEC00A10EE103A1BB200EE103AB8EE8C
:107C9000C00A06F049FF4D4B988007B0BDEC088B39
:107CA000BDE8F08F9FED4A7AF7E5DFED4AAA2AE6B4
:107CB000DFED487AEDE6B0EE490A05E708EB880308
:107CC0001B0193FBF7F31B1A07EE903AF8EEE77AE5
:107CD000AA6867EE897AFDEEE77A17EE903A1344C8
:107CE000B3F57A5F3C4AA8BF4FF47A539342B8BFCA
:107CF0001346AB607D2293FBF2F3A27B53439B11AF
:107D000007EE903AB8EEE78AB2E7760006F00CFF8D
:107D1000283616FB08F67611301A002E07EE900A68
:107D2000B8BF7642322EF8EEE77A16DCA37BAA685B
:107D300007EE103AB8EE477A27EE277A27EE097A4F
:107D4000BDEEC77A17EE103A9F18244A9742A8BF93
:107D50001746234A9742B8BF17467B13B3F5807F77
:107D6000A8BF4FF480736FF0FF029342FDEEE77AF5
:107D7000B8BF1346AF6007EE103AE27817EE903ABC
:107D800053439B1100EE103A164B1B78032BB8EEB1
:107D9000C78AB8EEC00A7FF66BAFB4F85220B2F5CE
:107DA000FA7FBFF465AFFDEEC07A534217EE901A2A
:107DB000994203DB91420B46A8BF134607EE903A67
:107DC000B8EEE70A54E700BFD41800209817002047
:107DD000AF4C593C0000000080C1FFFFFEFFFF0FC9
:107DE000020000F0180E00202DE9F04F8BB0044681
:107DF0000893984B06921B88029313F00203079393
:107E000000F0F180149BD889934BB3F90020121A2B
:107E100002F2F31640F2E635AE4200F2DE80002AAE
:107E2000B8BF5242B3F902301B1A03F2F31540F205
:107E3000E630854200F2D480002BB8BF5B4293420B
:107E4000B8BF1346C3F5FA730522B3FBF2F3A27F62
:107E5000643BD21053430A2293FBF2F3643323EAC8
:107E6000E3735BB27D4D7E4803930268D5F8E8303A
:107E7000DFED7C7AD31A05EE103AB8EE455A036866
:107E8000C5F8E83025EE275ACB1C774A0593774B87
:107E9000049285ED3B5A05F1F00B05F1F80AA14675
:107EA00005F5827800220598022A10F801EF059066
:107EB00040F09B806E4989880EF1140011FB00F19F
:107EC0004911C5F80C116B4958F8046B31F912705F
:107ED000002F3946B8BFF91CA6EBA106049911F88A
:107EE000010B049119F8011F019071434143642073
:107EF00091FBF0F1C91100EE101A94F8551051B130
:107F00005D480993B8EEC00A00EB8200FEF76EFEF2
:107F1000099BBDEEC00A594999F80BC00988186839
:107F20007143C912019E0CFB01F171434FF0640CC7
:107F300091FBFCF10144B1F5001F5148A8BF4FF47B
:107F400000118142B5EEC05AB8BF0146F1EE10FAF9
:107F500043F8041B4FEA613116DDBBF90000DAED8E
:107F6000006A381A07EE900AF8EEE77AB1EE087A5E
:107F700077EEE67AB2EE046A67EE877A87EE867A63
:107F800077EE267ACAED007A2BF8027B99F8160074
:107F9000BAEC017ADFED3B6A07EE900AF8EEE77A79
:107FA00067EE877A9DED017AB8EEC77A67EE877A39
:107FB00087EEA67ABDEEC77A17EE100AA1EBA011E4
:107FC00010EE100A0144304820F812100132032A42
:107FD0007FF469AF0BB0BDE8F08F4FF4FA7221E780
:107FE0004FF4FA732BE764233CE7214830F9126021
:107FF00006984042B0EB460F4FEA42074FEA460C64
:1080000003DC06986045A8BF60462049CF5F089909
:10801000C01B31F912700299C907384416D40EF109
:10802000140111FB06F1079E0911C8F80010002E7B
:108030003FF449AFE67C7043039E7043642690FB97
:10804000F6F001EB2011C8F800103CE7217A41431B
:108050000911F8E72C0C0020D0090020541800204A
:10806000C40900206F12833A100C00203C0A002043
:108070000C0A0020840D0020CC180020641700207A
:108080000000E0FF0000C84298170020920D002079
:108090002820FDF7EBBF0920FDF7E8BF024A13686F
:1080A00001331360704700BFC409002010B50A4BAC
:1080B0004FF0E0201968846900BF1A688A42F9D13C
:1080C000064B19684FF47A7000FB01F31B1BB3FBDE
:1080D000F1F300FB023010BDC4090020881000201D
:1080E00010B50446FFF7E2FF0F4AD2F8103140F610
:1080F000AC51C31A8B42C4BF002382F8143192F8EA
:1081000014310A49CC541BB90F2C0BD1C2F8100101
:108110000133DBB282F81431192B054B0CBF01225D
:1081200000221A7010BD00BF541800205515002001
:108130005415002010B50446FFF7B8FF264AD2F8C0
:108140001831C2F81801C31AB3F57A6F84BF00233F
:1081500082F81C3192F81C3143B9A82C30D11F4948
:108160000B701F490B801F49CC5406E0022B02D133
:108170001D490C70F7E7242BF5D91B490978013309
:10818000DBB20231B3EB410F82F81C314FEA410000
:1081900017DA1349088880EA042080B2082341F2E4
:1081A000210402B2002AB4BF84EA4202400003F173
:1081B000FF33B4BF90B280B213F0FF03F1D1088057
:1081C00010BD411C8B42FBD1002382F81C31034BB4
:1081D00001221A70F4E700BF541800206E15002029
:1081E00070150020721500206F15002010B5044690
:1081F000FFF75CFF0D4BD3F82021C3F82001821A52
:1082000041F288318A4284BF002283F8242193F806
:1082100024210749142A8C540BBF064B013201223A
:1082200083F8242108BF1A7010BD00BF5418002025
:10823000B9150020B815002010B50446FFF736FF29
:108240000D4BD3F82821C3F82801821A41F2883156
:108250008A4284BF002283F82C2193F82C210749FD
:108260000F2AE4B28C540BBF054B0132012283F874
:108270002C2108BF1A7010BD5418002011150020C1
:1082800009150020F8B52D4C2D4E2E4F0546FFF751
:108290000DFFD4F83031C4F83001C31AB3F5FA5FDA
:1082A00082BF002333703B70337853B9A12D08D1BE
:1082B00001223A70E2180133EDB2DBB2557033702F
:1082C00002E03A78002AF5D11F4D2A789A4208D167
:1082D0001E4B1B78052B05D0062B06D000233B70C8
:1082E0003370F8BD0020FDF725FFA3781E2BF5D1D4
:1082F00095F800C000250CF1FF3C2846654507DBDA
:10830000644463789842E9D10320FDF713FFE5E761
:10831000631908225B78DBB280EA030141F30001B4
:1083200021F07301013A81EA530312F0FF02DBB23C
:108330004FEA5000F0D101351846DFE7541800200D
:108340007A110020791100207B1100207D1100207E
:1083500038B50446013C00D238BDFFF7A7FE0546FC
:10836000FFF7A4FE431BB3F57A7FF9D3F2E72DE9BB
:108370008848064600F040082A4C4FF01E0B0525A1
:1083800002273FE0B8F1000F04D0A38A9BB283F428
:108390000053A382BAF1000F04D0A38A9BB283F4E6
:1083A0008043A382B9F1000F04D0A38A9BB283F467
:1083B0000043A3825846FFF7CBFFB8F1000F04D06B
:1083C000A38A9BB283F40053A382BAF1000F04D0B6
:1083D000A38A9BB283F48043A382B9F1000F04D037
:1083E000A38A9BB283F40043A3825846FFF7B0FFF1
:1083F00085B1013DC6D14FF4FA70FFF7A9FF4FF0E8
:10840000960B002557EA050306D006F0200A06F071
:108410000209B7E7013FF4E74FF47A70FFF798FFDE
:10842000AAE700BF00080048044A00231370044A6A
:108430001360044A1380044A13607047420D002001
:108440003C0D0020400D0020380D00200E4B30B5B3
:1084500000220C2404FB02F1CD5C854203D00132E2
:10846000102AF7D130BD094A106820B15C18407855
:1084700064788442F6D20B441360054A00231380CB
:10848000044A1360EEE700BFD4160108380D00203F
:10849000400D00203C0D00204300142B0C4A30B44A
:1084A000A8BF14230021022514240231994215701B
:1084B000547002F10202F8DB064A002808BF0223CA
:1084C0001344FF2283F8342130BC0F20BEE700BFE5
:1084D000881900205418002010B50A784B789A4269
:1084E0001BD20F490430192431F9100040F6330132
:1084F0008842A8BF0846B0F5617F40F28331B8BF1B
:108500004FF4617012FB0412904206DD13FB04135A
:108510009842CCBF0020012010BD0020FCE700BF26
:10852000D00900200C4970B500226FF0180640F603
:10853000C414437812FB02656B4303F6C413057839
:1085400053430132072A05FB03F393FBF4F321F8AD
:10855000023BEED170BD00BF020C00202DE9F041BE
:108560001D4C00220A264FF47A758778A2EB070E7D
:108570000FFA8EFEBEF1000FBC462ADDC7F164077C
:10858000FFB290F803800EFB0EF308FB03F3C8F173
:10859000640817FB07F70CEB8C0C93FBF7F34344D1
:1085A0000EFB03F393FBF6F303EB4C031BB22380A8
:1085B000B1F800C04F880A32A7EB0C0792B27B4398
:1085C000782A93FBF5F39C4424F802CBCDD1BDE887
:1085D000F08108BF0127D4E7140C0020F0B5104B40
:1085E000104C1B6894F84A1100251E1DCAB2032ABC
:1085F00004D90DB184F84A2100200EE036F831C0CC
:1086000010EA0C0F01F101074FF0010506D003EB52
:10861000C1002A44023084F84A21F0BD3946E5E71A
:10862000500D002054180020024B002283F84A21EC
:10863000D4E700BF54180020064B10B50446186854
:10864000036821461B689847034B1B689A7954407E
:108650009C7110BD4C0D0020480D002038B505461A
:1086600024200C46FFF7E8FF4D20FFF7E5FF002D23
:10867000084D0CBF3E202120FFF7DEFF2B680022B3
:1086800020469A71FFF7D8FF2B6893F84900BDE8A0
:108690003840D1E7480D002010B50446C0B2FFF7BE
:1086A000CBFF200ABDE81040C6E710B5044680B2F3
:1086B000FFF7F2FF200CBDE81040EDE7034B1B680D
:1086C000DA79511CD9711344187A7047480D00208B
:1086D00010B5FFF7F3FF0446FFF7F0FF04EB0020AF
:1086E00080B210BD10B5FFF7F3FF0446FFF7F0FFAF
:1086F00004EB004010BD01460020AFE708B5FFF7CE
:10870000D5FC074B00F5B71000F558701860054B05
:1087100002221A70044A936803F2DC53936008BD86
:10872000000F0020FC0E0020580B002008B5FFF7BA
:10873000BDFC064B1860064B02221A70054B1A68E6
:10874000054B9A60012283F8212008BD000F00200C
:10875000FC0E0020C4090020580B0020104B1B68A1
:1087600003EB4002117E29B102290DD00D4B33F8E5
:1087700010007047022805D90328F7D10A4A126869
:10878000D20409D5D8897047507E00EB800000EBF9
:10879000800000F2EE2070474FF49660704700BFF3
:1087A0001C0B0020D0090020300C002038B52DED26
:1087B000048B4A4B0C460168C3F84C118188A3F81E
:1087C0005011023A062A05D8DFE802F052596067D4
:1087D00073798000B3F84C212280B3F84E21628077
:1087E000B3F950313E4AA3801278002A3DD1B4F942
:1087F00000203C4D09EE102AB4F9022095ED030A41
:10880000D5ED007A08EE902AF8EEE88AB8EEC99A1B
:1088100028EE800AA7EE890A07EE903AB8EEE78ABA
:10882000D5ED067AA7EE880A06F07EF995ED040AE2
:10883000D5ED017A208028EE800AA9EE270AD5ED31
:10884000077AA8EE270A06F06FF9D5ED057A608061
:1088500028EEA70AD5ED027AA9EE270AD5ED087A07
:10886000A8EE270A06F060F9A080BDEC048B38BDA5
:10887000B3F84E212280B3F84C215242AFE7B3F84F
:108880004C2152422280B3F84E21F6E7B3F84E2134
:1088900052422280B3F84C21A1E7B3F84C21524256
:1088A0002280B3F84E216280B3F850315B421BB294
:1088B00098E7B3F84E212280B3F84C21F3E7B3F8E0
:1088C0004C212280B3F84E215242ECE7B3F84E21FE
:1088D00052422280B3F84C21F6E700BF5418002022
:1088E00042000020981000209F4B5A6802F00C02B2
:1088F000082A2DE9F04140F0AB8059685A68D60348
:1089000049BFDA6A994A9A4C02F00F02C1F38341D7
:1089100048BF013201F1020148BFB4FBF2F25143FA
:108920000C4604605A68DFF84CE2C2F3031272444A
:1089300092F8C0205FFA82FC24FA02F242605D687D
:10894000C5F30225754495F8C06022FA06F68660E4
:108950005D68C5F3C225754495F8C050EA40C26011
:10896000D3F82C80EFB2C8F303150EEB450518F4CD
:10897000807FB5F8D050ADB26DD0002D6BD0B1FB7B
:10898000F5F50561D3F82C80C8F343250EEB450EB1
:1089900018F4005FBEF8D050ADB25ED0002D5CD0B0
:1089A000B1FBF5F54561D3F830E0714D1EF0100FC5
:1089B0000CBFAE46A646C0F818E0D3F830E01EF073
:1089C000200F0CBFAE46A646C0F81CE0D3F830E03E
:1089D0001EF0400F18BF254605621D6BED053ED504
:1089E000A1423CD1BC453AD14D0045621D6BED041E
:1089F00037D5A14235D1BC4533D14D0085621D6BC1
:108A0000AD0530D5A1422ED1BC452CD14D00C5625B
:108A10001D6B6D0529D5A14227D1BC4525D14D003F
:108A200045641D6B2D0522D5A14220D1BC451ED128
:108A30004D0085641D6BAD041BD5A14219D1BC4509
:108A400017D16100C164196B890714D1026318E062
:108A5000474C002165E7254693E72546A2E71546E2
:108A6000C3E71546CAE71546D1E71546D8E71546C8
:108A7000DFE78264E7E71A6B02F00302012A16D1EE
:108A800004631A6B12F4403F20D146631A6B12F450
:108A9000402F35D186631A6B12F4401F4AD1C6634A
:108AA0001A6B12F4400F67D10664BDE8F0811A6BAF
:108AB00002F00302022A02D14FF40042C6E71A6B09
:108AC00002F00302032ADCD1294ABFE71A6B02F441
:108AD0004032B2F5803F01D14463D7E71A6B02F40C
:108AE0004032B2F5003F03D14FF400424263CDE77C
:108AF0001A6B02F44032B2F5403FC7D11C4AF5E789
:108B00001A6B02F44022B2F5802F01D18463C2E7D0
:108B10001A6B02F44022B2F5002F03D14FF4004249
:108B20008263B8E71A6B02F44022B2F5402FB2D14B
:108B30000F4AF5E71A6B02F44012B2F5801F01D11B
:108B4000C463ADE71A6B02F44012B2F5001F03D103
:108B50004FF40042C263A3E71A6B02F44012B2F56D
:108B6000401F9DD1024AF5E70010024000093D0078
:108B700000127A00D41601081A6B02F44002B2F512
:108B8000800F01D1046490E71A6B02F44002B2F541
:108B9000000F03D14FF40043036486E71B6B03F41B
:108BA0004003B3F5400F80D1004BF5E700127A0087
:108BB0002DE9F041046DD0F80880236823F001030B
:108BC00094B0236086794779206820F00100206006
:108BD0006068330320F4405003F4005303436360A0
:108BE000236807F00105310223F4B05317F00207A0
:108BF00001F480614FEA850223F00C0318BF42F0B4
:108C000008020B431A432260A36823F44073A36055
:108C10006846FFF769FE224B9C4231D10C9A2368CB
:108C20001B0448BF5200B2FBF8F308FB1322B2EB5F
:108C3000580F226828BF0133100406D5C3F342023F
:108C400023F00F031B041B0C13439BB2A381636827
:108C50002D04F10745EA07454BBF1D43AB43656053
:108C60006360A36832074CBF43F0080323F0080396
:108C7000A360236843F00103236014B0BDE8F081D2
:108C8000084B9C4201D10D9AC9E7074B9C4201D188
:108C90000E9AC4E7054B9C420CBF0F9A109ABEE790
:108CA000003801400044004000480040004C0040B3
:108CB00081607DE741717BE70A4B0C2202FB0030AB
:108CC000F03070B40E4607C8074C04F5AA7585E865
:108CD000070003EB8603B4F85811D3F8C83170BC11
:108CE000184700BFD41601085418002010B50468B6
:108CF0000A4B02721CB91C6801602144416019686A
:108D00004468091B002906DB1AB11A68036813447A
:108D10004360012010BD0020FCE700BFC409002013
:108D20004000F8B5C5B23B48006849F6FF74866953
:108D300036040BD5013CA71CF9D1374B4FF0FF325D
:108D4000C3F86021FDF70EFD0020F8BD446824F053
:108D50007F7424F4593424F47F7424F003042C43E6
:108D600044F0807444F4903444602B4C4FF420461B
:108D7000C4F860618669B60707D4D4F86061771ECD
:108D8000C4F86071002EF5D1DCE7816249F6FF710D
:108D90008669370605D4C4F8601101398E1CF7D1F5
:108DA000D0E7416821F07F7121F4593121F47F71BE
:108DB00021F00301294341EA024141F00071416081
:108DC0001A449A420DD14FF42043C4F86031002276
:108DD00081698D0616D4013B591C4FF00102F7D171
:108DE00009E049F6FF718569AF0707D401398E1C88
:108DF000F9D14FF0FF33C4F86031A3E713F8011B3A
:108E00008162DEE70AB1C4F860312023C36101202A
:108E10009BE700BF540D00205418002000232DE9CB
:108E2000F74306460D461F4615F80380B8F1000FBC
:108E300000D01FB1384603B0BDE8F0835C1CB8F128
:108E4000FF0F15F8049029D19C1C2A5DB9F1030F7E
:108E50003AD8DFE809F0020B131B1C1D2B44DB780A
:108E600003EB0223A6F834312346DDE71C1D2B4417
:108E7000DB7803EB0223A6F83631F5E71C1D2B4403
:108E8000DB7803EB0223A6F83831EDE71C1D2B44F9
:108E9000DB7803EB0223A6F83C31E5E7B8F1040FD9
:108EA00012D89C1C2919424601A803F04DFB96F8E4
:108EB0005C0101AB42464946FFF732FF00284444BB
:108EC00008BF6FF01307CFE76FF00307CCE707B5D4
:108ED00052BAADF8042001AB0222FFF721FF0028AF
:108EE0000CBF6FF01300002003B05DF804FB08B561
:108EF00006220B46B021FFF713FF00280CBF6FF0CE
:108F00001300002008BD07B58DF807200DF10703F9
:108F10000122FFF705FF03B05DF804FB0246802144
:108F20003C20F0E710B50446A1F15000C0B2FFF7B5
:108F3000F5FF04EB4400400004EB440400F00E0095
:108F4000FFF7ECFFE0081030BDE81040E6E70A4606
:108F500001466820D7E708B5012232210C20FFF72F
:108F6000D2FF4FF47A70FFF7F3F9012231210C2080
:108F7000FFF7C9FF0120FFF7EBF9012008BD08B595
:108F8000FFF7C1FF00280CBF6FF01300002008BDE1
:108F900038B504460D4601F07F0290F860018A2141
:108FA000FFF7EDFF84F8605138BDF8B53E4D400045
:108FB000C6B2286849F6FF7487693F040CD5013CA6
:108FC000A71CF9D1394B4FF0FF32C3F86021FDF7F0
:108FD000C9FB00210846F8BD446824F07F7424F4DE
:108FE000593424F47F7424F00304344344F490345B
:108FF00044602E4C4FF42047C4F860718769BF0766
:1090000008D4D4F8607107F1FF3CC4F860C1002FA8
:10901000F4D1DCE7816249F6FF7187697F0605D4E8
:10902000C4F8601101398F1CF7D1D0E7416821F0F5
:109030007F7121F4593121F47F7121F00301314313
:1090400041EA024141F0007141F410514160013B9D
:109050000021914228680DD14FF42043C4F86031BB
:1090600000228569AE0618D4013B5D1C4FF0010259
:10907000F7D109E049F6FF7687697F0707D4013EFB
:10908000B71CF9D14FF0FF33C4F860319FE7406A55
:1090900003F8010F0131C9B2DBE70AB1C4F860314E
:1090A0002023C36196E700BF540D00205418002010
:1090B00008B513460A4601466820FFF776FF0038D8
:1090C00018BF012008BD13B5002304468DF80030F9
:1090D00001226B4610210C20FFF767FFD0B19DF8ED
:1090E0000030DB0716D56B46072211210C20FFF755
:1090F0005CFF78B1BDF800302380BDF8023063809A
:10910000BDF80430A380012231210C2002B0BDE85B
:109110001040F8E6002002B010BD2DE9F04F85B0F8
:10912000DFF8BCB00E9D109F01950646894610469B
:109130001C464FF000084FF0010A0F9B984523D1C1
:109140003D6096F85C012146FFF7D1FE05460028F8
:1091500042D102AB062296F85C01B021FFF725FF51
:10916000002804F1FF3208BF6FF0130502AB05348D
:1091700013F8011B12F8010F88420DD1A242F7D15A
:10918000284605B0BDE8F08F01AA2946FDF7C8FAC8
:10919000019A531C03D13D606FF03105F0E702F1F5
:1091A000B40189090BEB8101D1F8D411003918BF42
:1091B00001214945EFD14FEAD20C2F2A02F00705D1
:1091C0009FBF14F80C100AFA05F5294304F80C1097
:1091D000551C08F10108B0E76FF01305D0E700BF98
:1091E000D416010813B5144601AB0422FFF7DDFEC7
:1091F000019B00281BBA0CBF6FF0130000202360F6
:1092000002B010BD13B5144601AB0222FFF7CDFE2C
:10921000BDF8043000285BBA0CBF6FF013000020CB
:10922000238002B010BDF7B590F8DA30013B022B75
:1092300004462AD890F85C01154F0DF106020E2164
:10924000FFF7E0FFBDF8065007EA4545B8B994F8C6
:109250005C010DF106020C21FFF7D4FFB5F57F0F7D
:10926000BDF8066004D807EA4646B6F57F0F0CD96C
:1092700058B90849204603B0BDE8F040CEE5B5F541
:109280007F0F02D86FF01300EFE703B0F0BD00BF0F
:109290000000FE1F74000020F7B514461F4601228F
:1092A0000DF1070305460E46FFF77FFE18B96FF074
:1092B000130003B0F0BD9DF8073004EA03023A43FF
:1092C00031462846FFF71FFE0028F0D00020F0E7C7
:1092D00008B513460122FFF768FE00280CBF6FF0A7
:1092E0001300002008BD13B500230C4690F85C0164
:1092F0008DF807300DF107020121FFF7E9FF78B97A
:109300009DF80730C3F300122270C3F3C002A270AD
:10931000C3F380026270C3F38012DB09E270237131
:1093200002B010BD37B5044644F6206594F8DA3033
:1093300094F85C01042B0DF1070211D11321FFF702
:10934000C7FF9DF8073013F0180F03F0070203D092
:109350006FF0050003B030BD68B16FF01300F9E79E
:109360001421FFF7B5FF0028F7D19DF80730DB0780
:1093700003D50020EEE7042AFBD0013D03D00A20EC
:10938000FEF7E6FFD2E76FF00600E3E7F7B5064623
:10939000002290F85C018321FFF7F1FD0546E0B95A
:1093A00044F6206796F85C010DF107028321FFF770
:1093B0008FFF9DF8073004462BB970B90135BD42C7
:1093C000F0D16FF0060496F85C0101228321FFF7CB
:1093D000D6FD204340B203B0F0BD6FF01304F2E7B6
:1093E00013B50129144614BF5021702190F85C0177
:1093F0000DF10702FFF76CFF30B99DF8073001331C
:109400005B00237002B010BD6FF01300FAE7F0B5F7
:1094100085B000240229074615468DF80240ADF8B4
:10942000064024D10DF103022146FFF7D9FFD8B938
:1094300097F85C010DF102024621FFF749FF4C4B02
:109440009DF803409DF802205C4304F5FA744FF444
:109450007A73B4FBF3F402FB044404F5FA74B4FB2E
:10946000F3F42C6005B0F0BD6FF01300E7E70329BB
:109470002FD121460DF10302FFF7B2FF014600286C
:1094800072D10DF103023846FFF7AAFFF0B997F841
:109490005C010DF106025121FFF7B4FEBDF8063064
:1094A0009DF80640324A1B0A9C409DF80330013467
:1094B0005343A4B24FF47A7203F5FA73B3FBF2F399
:1094C0005C4304F5FA74B4FBF2F4CAE76FF01300DE
:1094D000E4E702A9FFF707FF9DF80B30002B3DD012
:1094E0000DF1030221463846FFF77AFFC0BB97F81B
:1094F0005C010DF106025121FFF784FEBDF8063034
:109500009DF806401B0A9C400134A4B240BB0DF1FB
:10951000030201213846FFF763FF08BB01AA97F851
:109520005C017121FFF76EFEBDF804209DF8043048
:10953000120A934001339BB20D499DF803201B1B77
:109540004A439BB24FF47A7102F5FA72B2FBF1F220
:10955000534303F5FA73B3FBF1F482E71C46D6E7F5
:1095600000236FF01300E7E76FF0130079E700BF07
:10957000002F3A002DE9F047037C86B00B700446BB
:109580000D4690F85C0103AAF8210026FFF73AFE89
:1095900028B16FF01306304606B0BDE8F08794F8A6
:1095A0005C0104AA0421FFF71DFE0028F1D1BDF8DB
:1095B0000C201AB1049BB3FBF2F3AB60AB68A36160
:1095C00000232B7394F85C0104AA2021FFF71AFEF4
:1095D0000028DED1BDF810304BBB226A2A6194F816
:1095E0005C01237704AA2821FFF70CFE0028D0D1C4
:1095F000BDF81030C3F30B0213F4006F18BFA2F5CF
:109600008052FA2312FB03F36B6104F1270805F182
:1096100017074FF0000A05F124091FFA8AF3013BEE
:10962000042B09D8DFE803F00C1C1E202000DB000F
:109630002B6123620123D2E7636B49F82A3023E0D0
:1096400094F85C0104AA4421FFF7DCFD0028A0D1B6
:10965000BDF8102053029AB1AB62A363012311E05D
:10966000E36BEAE7236CE8E794F85C0104AA642161
:10967000FFF7C8FD00288CD1BDF810305B02DCE795
:10968000A26BAA6284F829300AF1010A18F8013F96
:1096900007F8013FBAF1060FBFD194F85C0104AAA4
:1096A0000121FFF715FE00287FF473AF9DF81030FD
:1096B00084F83031DB0985F83C3084F84C304FF4C5
:1096C000FA63CDE9023040F636336B6004A92046D8
:1096D0008DF811608DF81260FFF705FE0646002830
:1096E0007FF457AF9DF811709DF812809DF810908F
:1096F00047EA080359EA03031AD002AA02212046C6
:10970000FFF785FE00287FF444AFB9F1000F05D0C4
:10971000029B03F24E226B6813446B60B8F1000F9A
:109720001DD0029B03F2B2226B6803EB42036B6015
:109730009DF81330DBB99DF814306BB101AA0421F8
:109740002046FFF764FE019B03F226226B68134458
:109750006B6000287FF41DAF6B6863611BE7002F0F
:10976000E6D0029B03F525726B681344DFE703AA7A
:1097700003212046FFF74BFE039B03F525726B6820
:1097800013446B600028D6D003E702297FB5044656
:1097900015462DD10DF105020021FFF721FE18B16C
:1097A0006FF0130004B070BD9DF80530554A94F871
:1097B0005C014FF47A71534303F5FA734FF4FA6284
:1097C000B3FBF2F2B3FBF1F301FB0522B2FBF3F2C0
:1097D00093B2B3F5807F9ABF02F1FF32D2B2FF227B
:1097E0004621A4F8D82004B0BDE87040FFF7C7BBFD
:1097F000032935D10DF105020021FFF7F1FD414BA1
:109800009DF805204FF47A715A4302F5FA724FF42D
:10981000FA63B2FBF3F3B2FBF1F201FB0533B3FBE6
:10982000F2F39AB242B1531E0022FF2B02F1010162
:1098300013D803EB02239AB2ADF80620A4F8D8207F
:109840000028ADD194F85C015121FFF740FB0028BE
:10985000A6D1C4F8E4500020A4E75B080A46E4E778
:1098600002A9FFF740FD9DF80B60C6B10DF105029E
:1098700000212046FFF7B4FD002891D194F85C0147
:109880000DF106025121FFF7BDFC002888D1BDF87B
:1098900006309DF806601B0A9E400136B6B20DF1F7
:1098A000050201212046FFF79BFD00287FF478AFD9
:1098B000144A9DF805304FF47A71534303F5FA7357
:1098C0004FF4FA62B3FBF2F2B3FBF1F301FB0522B2
:1098D000B2FBF3F2921907D0013AFF2A00F101031B
:1098E0000DD802EB002292B294F85C017121FFF7CF
:1098F000EEFA00287FF454AFC4F8DC50ABE752080E
:109900001846EAE7002F3A002DE9FF474FF4FA62C4
:109910000023CDE9003244F61F62914206460F460D
:1099200005D86FF00305284604B0BDE8F08702A90A
:109930008DF809308DF80A30FFF7D5FC054610B1D7
:109940006FF01305EFE79DF809809DF80A909DF8E8
:1099500008A049EA08035AEA0303A7F636341BD0E5
:1099600001AA02213046FFF752FD0028E8D1BAF1E2
:10997000000F05D0019B03F24E239C42D1D9E41A7B
:10998000B9F1000F25D0019B03F2B223B4EB430FD2
:109990004FEA4302C5D9A41A9DF80B3063B16A4659
:1099A00003213046FFF733FD009B03F525739C42EE
:1099B000B7D90028C4D1E41A9DF80C30002BB2D0DE
:1099C000A4F2262204213046FFF7DFFE7761054628
:1099D000A9E7B8F1000FDFD0019B03F525739C4286
:1099E0009FD9E41AD8E773B50646002501220B215A
:1099F00096F85C01FFF7C3FA002204460B2196F8A3
:109A00005C01FFF7BCFA0DF107020443132196F83D
:109A10005C01FFF75DFC9DF8073064B2044301353B
:109A20005B0760B2EDB207D0032D0AD00028DDD06D
:109A30006FF0130002B070BD032D08BF6FF00B0074
:109A4000F8E76FF00B00F5E72DE9F04F9BB090F8C9
:109A500030310E910546002490F85C010593C02238
:109A600001212746FFF78BFA002840F03D830122B1
:109A7000802195F85C012C74FFF781FA0122FF2107
:109A800095F85C01FFF77BFA2246214695F85C01C8
:109A9000FFF775FA95F83A2195F85C019121FFF7E7
:109AA0006EFA0122214695F85C01FFF768FA22461A
:109AB000FF2195F85C01FFF762FA2246802195F8B4
:109AC0005C01FFF75CFA214695F85C010122FFF783
:109AD00056FA0146002840F0078301238DF84C30E8
:109AE000064644F620689DF84C30DB0706F1010677
:109AF0000BD5002940F0F582464508D095F85C0169
:109B000013AAFFF7E5FB0146EDE7464505D16FF0E7
:109B1000060630461BB0BDE8F08F002940F0E48215
:109B20002846FFF7FFFB06460028F2D1032385F8FD
:109B3000323195F85C0110AB0C221421FFF735FA95
:109B4000002800F0D182BDF8423003935BBABDF823
:109B50004660ADF832309BB2BDF84A800293B5F84A
:109B6000523195F8312176BA98FA98F8B6B2B3F531
:109B70007A7F1FFA88F84FEA46260DD008FB03F3D8
:109B80004FF47A7103F5FA73B3FBF1F3297F0029DF
:109B900040F09B801FFA83F8002A00F0A1804FEA72
:109BA0008813DBB206934FEA98089DF84020BDF871
:109BB0004830C2F3C302002101925BBAADF84C10E9
:109BC0009BB201995B024FF2A102CA40079395F83C
:109BD0002830049302F001020D92002B00F0C681A0
:109BE0002C7F002C00F088802A6A029B5A43803226
:109BF000140A06EB122295F8E0104FF47A7A0AFB69
:109C000002F9082909F500490CBF4FF0020B4FF08B
:109C1000030B5FEA194073D1384BC5F840319A46BF
:109C20006B6B84B2002B00F0A48153452CBF4FF026
:109C3000000B4FF0010B95F82A90B9F1000F00F0DE
:109C4000AC8195F85C01D5F83CA00122FF21FFF71B
:109C500096F9002800F08F816FF01300BDF84C20BA
:109C60005202C5F84821BAF1000F00F09481524524
:109C700094BF00220122002840F0128295F82B1098
:109C8000002900F08E81039B002B00F08881029850
:109C90003302B3FBF0F3286C83422CBF0023012373
:109CA0000D98002840F0018201980138092800F23F
:109CB000EC81DFE810F0780178017801EA01EA012F
:109CC000FC01EA01FE01FC01FE010298298C4143DE
:109CD000B6EB212F4FEA212005D152B948F6E028F2
:109CE0000023069361E79BB27343311AB3FBF1F390
:109CF00050E742F2B82852E732467CE7AE878F023F
:109D0000DFF8D4C3D5F8DC3008930CFB01F101F582
:109D1000FA730A93D5F8E430099395F8E830099975
:109D20000CFB03F303F5FA734FF4FA6CB3FBFCFE80
:109D30000AFB01EE0A99B1FBFCFC0899B3FBFAF3AC
:109D40000AFB01CCBEFBF3F30A99B1FBFAF1BCFBB1
:109D5000F1FC63440BFB03F340F27761DB0203F594
:109D6000FA73B3FBFAF34B4303F5FA73B3FBFAF15F
:109D700002F180030A931A0A079B0F914A4302F1EA
:109D8000800C0AFB03F2CD4B1A40B2FBF0F2CC4838
:109D90004FEA1C2C824228BF0246BCF1010F4FF44F
:109DA000167038BF4FF0010C00FB02F30C2000FBD3
:109DB0000CF00B93FCF73BFAC04B0AFB04F4B4F530
:109DC000481F09EA030928BF4FF4481409F5FA7936
:109DD000A9EB4404BB4BB9FBFAF9B4FBFAF4240237
:109DE000B4FBF9F42402C4F5803441F25C2203FB95
:109DF00008F3B3FBF2F35C4304F50044640C04F590
:109E0000004464434FF44873A40B5C430B9B04F57C
:109E1000004403F50049240C64434FEA19494FEA12
:109E2000400B09FB0940FCF702FA030464223233B9
:109E300041F2883AB3FBF2F340F6B532B3FBFBF3E1
:109E400002FB03AAA04B0F990F919A459CBF42F2C7
:109E50001073BAFBF3FADDE90832134403F5FA7321
:109E60004FF47A7B4FF4FA62B3FBFBF0B3FBF2F2F0
:109E700002F5C812B2FBF0F088BF4FF4704AFCF74D
:109E8000D6F9000200F5FA70B0FBFBF040430AFB84
:109E90000A00FCF7CCF98D4B0F990BFB00FA9A45A1
:109EA000B5F854B128BF9A46D5F85831C5F840A145
:109EB00003FB0BF380331B0A03FB0BFB002E53D079
:109EC000834B0A9A03EA822303EB5603B3FBF6F3B0
:109ED00003EB43035B4303F500431B0C062009F12E
:109EE0000309B9FBF0F9C9EBC909B9F5803F37BFE0
:109EF0000B9A784A0332B2FBF0F23FBFC2EBC202C8
:109F000002F50042120C524304EB510414440BF1CD
:109F10002000B4FBF1F4A403FE227F348009B4FBDB
:109F2000F2F45C4304F5FA744FF47A73B4FBF3F47F
:109F3000FCF77DF9240104F5FA74B4F57A7F8146C3
:109F400023BF4FF4FA604FF47A73B4FBF0F00020B3
:109F500022BF5844B4FBF3F4B0FBF4F0FCF767F90C
:109F6000484528BF48465BE63346B7E7DDF810B002
:109F700061E69B465FE613AA95F85C01B621FFF700
:109F800041F9024600287FF467AE95F85C01FF2195
:109F9000FEF7F5FF62E652466DE64A466EE6039B23
:109FA00079E60B467CE60527049895F829C0002839
:109FB00008BF4BF0010B019885F82EB004281ABF9A
:109FC000BCFA8CF040090120B9F1000F08BF42F043
:109FD0000102002908BF43F0010385F82F0085F82E
:109FE000302085F8313005F1500CBCE80F000DF140
:109FF0004C0EAEE80F009CE8070000238EE8070037
:10A000001493079B1793BDF83230ADF86030069B70
:10A0100016968DF863308DF8647013AEADF8564027
:10A02000ADF854800FCE05F150040FC49EE8070030
:10A030008CE807002846FFF7D6FC064600287FF488
:10A0400068AD95F85C010122FF21FEF798FF00281A
:10A050004AD10E9A95F85C01B621FFF7D3F8002893
:10A0600042D195F85C013246FF21FEF788FF0028B7
:10A070003AD1059A95F85C010121FEF780FF06466A
:10A0800090BB059B85F8303143E5012A11D001983A
:10A09000042810D07BB9BBF1000F1FD10F465A46E0
:10A0A000394600273B463C467EE7FF277CE70427EE
:10A0B0007AE7032778E7022776E700BF0000FFFF73
:10A0C000666666009A9906000F279F24AE878F0266
:10A0D0000000FCFF0000F0FF002F3A005F461A4628
:10A0E00062E746453FF413AD6FF0130611E510B576
:10A0F00041F001020446002190F85C01FEF73FFFA9
:10A1000078B92046FFF70EF968B92046FFF76BFCD7
:10A1100048B90246014694F85C01BDE81040FEF7DC
:10A120002EBF6FF0130010BD2DE9F3474FF0000A6A
:10A130000546884690F85C019DF828708DF807A0C8
:10A14000FF21164601229946FEF719FF52460446A2
:10A15000514695F85C01FEF712FF52460443FF2179
:10A1600095F85C01FEF70BFF64B2044364B2B9F1E9
:10A17000000F07D095F85C014246CB21FFF7A8F805
:10A18000044364B247B195F85C010DF10702EE217A
:10A19000FFF79EF8044364B295F85C010122FF21A9
:10A1A000FEF7EDFE01220443002195F85C01FEF765
:10A1B000E6FE64B20443002295F85C01FF21FEF73D
:10A1C000DEFE64B29DF80730204323F0100340B256
:10A1D000337002B0BDE8F0872DE9FF471546012234
:10A1E00090F830710446884690F85C014FF0000A00
:10A1F00011461E468DF80FA0FEF7C1FE8146B0BB8A
:10A2000040212046FFF773FF60BB012E34D1009040
:10A2100033460DF10F0241462046FFF785FF40BB54
:10A2200094F85C0102220121FEF7A9FE804658BB8A
:10A2300001462046FFF75BFF08BB012E22D10346F3
:10A2400000962A460DF10F012046FFF76DFF80B9F9
:10A2500094F85C013A460121FEF791FE48B984F872
:10A26000307101E088F8009004B0BDE8F08788F80C
:10A2700000A06FF01300F7E788F80000D0E785F83A
:10A280000080F1E72870E3E700232B70F1E72DE968
:10A29000F04F002391B0CDE90712B0F83C61C0F84F
:10A2A0002431A0F8283101220446FF2190F85C01F6
:10A2B0008DF82D30CDE90C338DF82C30FEF75FFE94
:10A2C000024628B16FF01305284611B0BDE8F08FA3
:10A2D00094F85C014F21FEF752FE0028F2D12C22A7
:10A2E00094F85C014E21FEF74AFE02460028E9D1AF
:10A2F00094F85C01FF21FEF742FE0028E2D1B4226F
:10A3000094F85C01B621FEF73AFE02460028D9D146
:10A3100094F85C018021FEF732FE03460028D1D17B
:10A320000BAA0DF12D012046FFF756FF0546002828
:10A33000CAD104F59573059304F5927703230DF1C3
:10A340003408CDE900030146CDF808803B4604F50A
:10A3500095722046FEF7E1FE05460028B4D10DF1C6
:10A360002E012046DDF83490FFF76EFB05460028ED
:10A37000AAD1BDF82E20B24253D96149C4F82401B4
:10A38000A4F8280109F1B402920901EB8202D2F883
:10A39000D42112B9B9F12B0F40D94FF0030ACDE9FE
:10A3A000009A059ACDF808803B4601212046FEF729
:10A3B000B4FE002840F0A1800DF12E012046DDF80A
:10A3C0003490FFF741FB002840F09780BDF82E2025
:10A3D000B24200F289804FF0010B964240F2878032
:10A3E000921B82EAE273A3EBE273069303230493C6
:10A3F00004F592735FFA8BF80993099B93E80300C5
:10A400000CAA0E90ADF83C1005984946FCF788F967
:10A410000C9B5A1C08D16FF031006EE009F1010964
:10A42000B0E74FF0000BD8E7354903F1B4029209C9
:10A4300001EB8202D2F8D421003A18BF01225A451A
:10A440003AD1049A2F2B02F1010A4FEAD30C03F000
:10A450000701E0D80120884017F80C10014307F8E5
:10A460000C10394694F85C0103F10109FEF73FFD39
:10A47000002840D10DF12E012046FFF7E5FA002813
:10A480003BD1BDF82E00811B0029B8BF4942B04224
:10A4900026D9069B8B4211D20EAE314694F85C0150
:10A4A000FEF725FD034696E80300C4F82401A4F84E
:10A4B0002811002B7FF406AFDDF810A0079BC3F82E
:10A4C00000A0089B83F80080012384F81531079BC6
:10A4D0001B6884F81331089B1B7884F81431F3E669
:10A4E000CDF810A0069188E74FF00108E6E74FF09D
:10A4F0000008C246E2E76FF013000546E4E600BF3D
:10A50000D41601082DE9F04F804B002504469DB07C
:10A510002A46C0F86031061D88212920FEF72FFD4C
:10A520004FF47A73A4F856314FF4C873A4F8583135
:10A53000774BC4F85C31774B84F8F4506562C4F80B
:10A54000D8300CA930468DF830508DF83150FFF7D7
:10A5500011F8054690B9ADF830000DF1300CBCE8AB
:10A560000F0004F114070FC7BCE80F000FC7BCE8C9
:10A570000F000FC79CE80F0087E80F00664BC4F878
:10A5800038314FF4FA730127A4F83C314FF42063BB
:10A59000A4F840313A46802194F8600184F854715F
:10A5A000FEF7EDFC3A468046FF2194F86001FEF785
:10A5B000E6FC002248EA0008114694F86001FEF724
:10A5C000DEFC45EA08056DB20DF128080543424658
:10A5D000912194F86001FEF77BFE6DB29DF8283062
:10A5E00084F83E3105433A46002194F86001FEF7B5
:10A5F000C6FC6DB205430022FF2194F86001FEF70E
:10A60000BEFC6DB20543002294F860018021FEF784
:10A61000B6FC6DB205436DB24FF0000904F12C0A8F
:10A62000002D46D11FFA89F3013B042B04D8DFE843
:10A6300003F0435054586000012384F82C300AF88A
:10A64000097009F10109B9F1060FE9D18DBB94F840
:10A650006001E5850223FE226021FEF71DFE40BB5E
:10A6600094F8600184F830501023EF226021FEF747
:10A6700013FEF0B94FF49013A36394F82D3084F8CF
:10A680003150CBBB4FF480454FF40C13C4E90F534A
:10A690000023FF2594F86001636484F834512A464E
:10A6A0000121FEF76CFC4FF0010B84F836B18246B5
:10A6B000A0B36FF0130955E1E26B94F86001C2F3A7
:10A6C0004F224421FEF703FC0028B8D06FF0130599
:10A6D000B7E7012384F82E30B1E7012384F82F3047
:10A6E000ADE70023FE2294F860016021FEF7D4FD5F
:10A6F000EAE70023EF22F6E794F8600120224421E4
:10A70000FEF7E5FB0028BDD0D3E700BF290190018B
:10A71000856B0100A4700900640084039C4F84F8D9
:10A72000190187F86401014640220CA805F0E0FCFD
:10A7300094F8F490ADF81EA0B9F1070F8DF81BA0A6
:10A740008DF81CA0CDF820A000F0FA805A46802198
:10A7500094F86001FEF713FC294605905A4694F8D8
:10A760006001FEF70CFC059B03435BB25246514669
:10A7700094F860010593FEF702FC059B03435BB26E
:10A780002946062294F860010593FEF7F8FB059B25
:10A7900003435BB20DF11D02832194F86001059320
:10A7A000FEF796FD059B9DF81D2003435BB242F02A
:10A7B0000402832194F860010593FEF7E0FB059BFA
:10A7C00003435BB22946072294F860010593FEF724
:10A7D000D6FB059B5A4643EA0005812194F86001A7
:10A7E000FEF7CDFB6DB205430A20FDF7B1FD94F8ED
:10A7F00060015A468021FEF7C2FB6DB2054319F095
:10A8000001036DB2059340F0B1806B22942194F85E
:10A810006001FEF7B4FB82463046FEF7B7FD09AA99
:10A820004AEA000A902194F86001FEF7DBFC45EA51
:10A830000A05099B6DB224229421054394F8600116
:10A84000C3F3062AC3F3C03BFEF799FB6DB2054381
:10A850003046FEF79BFD6DB2054309AA902194F89E
:10A860006001FEF7BFFC099A6DB212BA942105434C
:10A870000A9294F860012522FEF781FB6DB2054330
:10A880003046FEF783FD6DB2054309AA902194F886
:10A890006001FEF7A7FC099A6DB2110E0543120C78
:10A8A0006DB28DF82C108DF82D200022812194F8A6
:10A8B0006001FEF764FB06220543FF2194F8600166
:10A8C000FEF75DFB6DB205430DF11D02832194F887
:10A8D0006001FEF7FDFC9DF81D206DB2054302F0FE
:10A8E000FB02832194F86001FEF749FB6DB205433A
:10A8F0000122FF2194F86001FEF741FB6DB2054390
:10A900000122002194F86001FEF739FB6DB2054386
:10A910000022FF2194F86001FEF731FB6DB2054380
:10A92000002294F860018021FEF729FB6DB20543F7
:10A930006DB22DB9059BDBB149F0010984F8F490A3
:10A9400094F81851012D05D894F817A11CD1BAF12B
:10A95000200F1FD907AA08A93046FFF798FC8146A7
:10A96000002857D00A4B83F8649195E1D3469CE7C1
:10A970000A98B8F8043084F817A184F818B1C4F81C
:10A980002E01A4F83231D7E7BAF10C0FE1E700BF8E
:10A9900054180020012294F86001FF21FEF7EFFA1D
:10A9A0000246C8B994F860014F21FEF7E8FA98B959
:10A9B0002C2294F860014E21FEF7E1FA024658B9C4
:10A9C00094F86001FF21FEF7DAFA28B994F86001E3
:10A9D000B422B621FEF7D3FA0023C4F82831A4F834
:10A9E0002C31002D40F03C812B460093CDE901A88D
:10A9F00004F5947304F5977229463046FEF78DFBF3
:10AA000081460028AED1012384F8193184F817A1BA
:10AA100084F8185194F85431002B40F02381D4F875
:10AA200050113046FEF7FAF9814600289AD10246C5
:10AA30000A2194F86001FEF7A2FA034600287FF489
:10AA400038AE94F86001EF228421FEF725FC00283F
:10AA50007FF42FAE84F8DE003046FEF7C4FF814657
:10AA600000287FF47FAF0122FF2194F86001FEF7F8
:10AA700086FA0DF11E020546842194F86001FEF766
:10AA8000C1FB4A460543FF2194F86001FEF777FABF
:10AA90006DB205436DB2002D7FF40BAEBDF81E30D4
:10AAA0001B01C4F8D8300CA93046FEF763FD00281E
:10AAB0007FF4FFAD94F860010DF11B020921FEF750
:10AAC00007FC00287FF4F5AD9DF81B300CAD03F0BA
:10AAD000010384F835318DF81B300FCD04F1140CCF
:10AAE000ACE80F000FCDACE80F000FCDACE80F00C5
:10AAF00095E80F008CE80F000DF11B0294F860013F
:10AB00000121FEF7E5FB00287FF4D3AD9DF81B3053
:10AB10008DF8280084F8343194F860014246012110
:10AB2000FEF7D6FB00287FF4C4AD9DF82850E80658
:10AB300010D505F0EF0594F860012A460121FEF7D3
:10AB40001EFA00287FF4B5ADA16984F8345130466F
:10AB5000FEF7DAFE002394F860018DF828304246B3
:10AB60000121FEF7B5FB00287FF4A3AD9DF8285026
:10AB7000690710D505F0FB0594F860012A4601210C
:10AB8000FEF7FDF900287FF494ADA16984F83451F3
:10AB90003046FEF7B9FE032584F8365109AA002194
:10ABA0003046FEF71DFC00287FF483AD9DF824306D
:10ABB00084F8EC3009AA01213046FEF711FC002888
:10ABC0007FF477AD9DF8243084F8E430424629467E
:10ABD0003046FEF71CFC00287FF46BAD0A9BC4F8DE
:10ABE000E830424604213046FEF711FC00287FF48D
:10ABF00060AD0A9BC4F8E03008AA09A93046FFF707
:10AC000046FB87F86401002846D101230DF11D029F
:10AC10000DF11E013046FFF7DFFA87F864010028C6
:10AC20003AD1E26B94F860010125257584F82C5027
:10AC3000C2F34F224421FEF74AF9A8B1EC2387F86A
:10AC4000643129E0013303F1B402920901EB82027D
:10AC5000D2F8D421002A7FF4C8AE2C2BF2D1C4E65E
:10AC60007C49F0E77C49DCE694F8600184F82D50DB
:10AC70000C224421FEF72BF90028DFD14FF470138A
:10AC800041F69912C4E90E3244F620613046FEF7CF
:10AC90003BFE87F8640110B11DB0BDE8F08F502273
:10ACA000572194F86001FEF76AF994F860010822D0
:10ACB0005621FEF764F90028C0D10AAA03213046C4
:10ACC000FEF7A5FB18B1122384F8EC30B6E70CAA06
:10ACD00002213046FEF79BFB0028F4D194F8600176
:10ACE00008225021FEF74BF90028ECD10A9A0321E3
:10ACF0003046FEF74AFD0028E5D10C9A0221304685
:10AD0000FEF743FD122384F8EC30002896D1A169A8
:10AD1000DFF848813046FEF7F7FD70B9012194F85D
:10AD2000600194F834510222FEF729F90146002807
:10AD300084D13046FFF7DBF910B188F86401ABE746
:10AD400094F860012A460121FEF719F9814600288E
:10AD50007FF474AF4822114684F8345188F86401B6
:10AD600094F86001FEF70BF90822472194F860017E
:10AD7000FEF705F903220546322194F86001FEF73B
:10AD8000FEF807220543302194F86001FEF7F7F83A
:10AD90006DB205430122FF2194F86001FEF7EFF840
:10ADA0006DB205432022302194F86001FEF7E7F8E8
:10ADB0006DB205434A4694F86001FF21FEF7DFF8C3
:10ADC0006DB205436DB225B16FF0130588F864517B
:10ADD00062E70CAA04213046FEF719FB18B10E23D6
:10ADE00084F8E430F0E794F8600106227021FEF761
:10ADF000C6F80028F3D10C9A04213046FEF7C5FCB2
:10AE00000E2384F8E4300028DED1A1693046FEF735
:10AE10007BFD05460028D9D194F8600194F834717F
:10AE200002220121FEF7ABF80028CDD12946304699
:10AE3000FFF75DF905460028C8D194F860013A464D
:10AE40000121FEF79CF805460028BDD184F8347135
:10AE5000BCE700BFD41601082A02002054180020C5
:10AE6000134B4FF480521A85124A40F2E93311898C
:10AE700089070BD510730F4A40F2E9331189C907CE
:10AE800014D4013B9BB2002BF8D103E0013B9BB2F1
:10AE9000002BECD1084AB2F8663101339BB2A2F81C
:10AEA0006631034B4FF480529A617047137BF8E789
:10AEB00000040048003800405418002007B501463F
:10AEC00001AB02224020FEF770F830B1BDF804005B
:10AED00040BA80B203B05DF804FB4FF6FF70F9E7AB
:10AEE0000D4B0E484FF400525A605A6C4FF6FE71EB
:10AEF0000A405A64D0F89C2113680B401360D0E9D3
:10AF000063239A4203D000F5B470FBF767BA0123BC
:10AF100080F8AC31704700BF000002405418002098
:10AF20000148FBF7E0BA00BFBC1900200148FBF75D
:10AF3000DABA00BF101A0020184AB2EB902F4FEA7D
:10AF4000902323D3083A93420FD8493A93421FD013
:10AF5000013293421ED0B3F5801F4FF0FF3018BF6F
:10AF6000002080F0FE00C0B27047A3F580134B3B79
:10AF7000072B0BD8DFE803F0100A040A0A060A08B8
:10AF8000042070470520704706207047FE20704758
:10AF900002207047032070470020704752001000C5
:10AFA0002DE9F84F234D244FDFF8948000242E78AC
:10AFB000E0B2864211D8214B1B685B030BD50024FD
:10AFC0001D4DDFF88080224650274FF02809A24609
:10AFD000E3B29E420CD8BDE8F88F57F820302BB171
:10AFE0000B2803D8DB6838F8101098470134DEE7E7
:10AFF0002B6859689142AB4612D00846FFF79CFF78
:10B00000EFF3128387F312884A6A09FB008001324A
:10B0100042624A6942F001024A61DBB283F311885D
:10B02000DBF800301B680435C3F800A001340A4681
:10B03000CEE700BF180E00201C0E0020300C0020B0
:10B04000E40B0020E0110020224B10B5224C5343AA
:10B05000224AB2FBF3F203880139013AA04289B2D5
:10B0600092B29BB206D123F070039BB223F44073DB
:10B070009BB214E01A4CA042F5D0B0F1804FF2D050
:10B08000A4F59834A042EED004F58064A042EAD042
:10B09000144CA04203D004F58064A042E6D10380A2
:10B0A0000D4BC162984202850FD003F500639842B0
:10B0B0000BD003F54063984207D003F580639842B4
:10B0C00003D003F58063984201D100230386012356
:10B0D000436110BD40420F00002C014000A24A0411
:10B0E000003401400010004001490248FBF733BA28
:10B0F000E0110020002C0140FFF7F6BF02494FF09D
:10B100008040FBF728BA00BF08120020014902481E
:10B11000FBF721BA30120020000400400149024828
:10B12000FBF719BA581200200008004001490248F4
:10B13000FBF711BA8012002000340140FFF7F6BF80
:10B1400001490248FBF707BAA8120020004001405D
:10B1500001490248FBF7FFB9D01200200048014026
:10B1600070B50F4E0F4C4FF47A73B0FBF3F596F8B1
:10B1700010322BB9636903209847012386F81032F7
:10B18000E369094A09492846984740B1084B1A68BB
:10B19000084B03201A606369BDE87040184770BD12
:10B1A00054180020FC100020F80A0020F00A0020AB
:10B1B000C4090020101000202DE9F04100220126D2
:10B1C00003250B6806FA02FE3EEA030331D10C792F
:10B1D0005700631E05FA07FC012B6FEA0C0C17D809
:10B1E000836803EA0C0383604B79D0F80880BB4086
:10B1F00043EA0803836083889BB223EA0E038380BB
:10B200008B79B0F804E0934043EA0E039BB283804D
:10B21000036803EA0C0303600368BC401C4304603A
:10B22000C46805FA07F324EA0304CB79BB4023433F
:10B23000C3600132102AC4D1BDE8F08173B50C4659
:10B2400000250126228806FA05F31A4218D0009339
:10B25000A37803F003028DF80420E278022A02D0DA
:10B26000032A18BF01228DF805206946C3F3011295
:10B27000C3F381038DF806208DF80730FFF79CFF9C
:10B280000135102DDED102B070BD73B5124C134BD9
:10B290000C2202FB0040F0300E4607C803F5AA75E9
:10B2A00085E80700344402228DF80720B3F85821BE
:10B2B000ADF804200A4994F8E4218DF80620D3F86B
:10B2C0005C014A6902434A61D3F8540101A9FFF7BE
:10B2D000B5FF02B070BD00BFD4160108541800209D
:10B2E0000010024013B50E4C94F81132B3B90D4B57
:10B2F0001B689BB11A681AB10B49486902434A613D
:10B300009A889868ADF8042001A94FF40072ADF84E
:10B310000620FFF793FF012384F8113202B010BD1D
:10B3200054180020DC1000200010024008B5FFF780
:10B33000D9FF024B4FF480521A8008BD260000202E
:10B3400010B5164CFFF7CEFFA36820217F20984749
:10B350001420FCF7FDFFA3681F21012098470A2055
:10B36000FCF7F6FF0021A368084698470A20FCF77F
:10B37000EFFFA3683521142098470A20FCF7E8FF67
:10B38000A3680021102098470A20FCF7E1FFA3687A
:10B390000021BDE810401120184700BFD010002048
:10B3A0002DE9F74F824D04689A4695F81232074608
:10B3B00090465A1C85F8122220460A4605F5057962
:10B3C00041464FEA031B09EB0319FFF73DFE3B899A
:10B3D000ADF80430786840F2022301A9ADF80630D8
:10B3E000FFF72CFFBE7A082E00F0A28022D8002E94
:10B3F00041D0042E74D03B7B1BB1636C43F40043FB
:10B40000636423889BB243F00103082E238000F07D
:10B41000CA8000F2B480002E00F0B980042E00F043
:10B42000BD805D444846A5F81C82C5F8184203B0AB
:10B43000BDE8F08F0C2EDED1236A5E4823F48053E2
:10B440002362226A6168E369844223F4E64343F499
:10B45000E04342F4405203D000F50060844201D141
:10B4600041F480416160E361C4F840A02262E36975
:10B4700043F4006378E0236A4E4823F0010323621B
:10B48000236A6168A26922F4803222F07302844246
:10B4900042F070021BD000F50060844217D000F526
:10B4A0004060844213D000F5806084420FD000F5E4
:10B4B000806084420BD043F003036160A261C4F852
:10B4C00034A02362A36943F00803A36193E723F048
:10B4D0000C0321F4407143F0030341F48071ECE765
:10B4E000236A344823F010032362236A6168A26947
:10B4F00022F0807222F4E642844242F4E0420ED00E
:10B5000000F5006084420AD043F030036160A2611C
:10B51000C4F838A02362A36943F40063D5E723F09D
:10B52000C00321F4406143F0300341F48061EDE752
:10B53000236A204923F480732362206A6268E369E6
:10B540008C4223F0730343F070030FD001F50061C8
:10B550008C420BD040F440706260E361C4F83CA0C0
:10B560002062E36943F00803E36144E720F44060AC
:10B5700022F4405240F4407042F48052ECE70C2E2A
:10B580007FF44FAF05EB0B0304F1400203E005EB42
:10B590000B0304F13402C3F8142242E705EB0B035A
:10B5A00004F13802F7E705EB0B0304F13C02F2E784
:10B5B00054180020002C0140154A002313605360EA
:10B5C0009360144A136053609360134A136053608E
:10B5D0009360124A136053609360114B93ED000A1D
:10B5E000B4EE400AF1EE10FA0AD693ED021AB4EE68
:10B5F000411AF1EE10FA03D6D3ED010AFBF794BA23
:10B600009FED081AF0EE410AB0EE410AF6E700BFDE
:10B61000B8160020D0160020DC160020C41600202A
:10B62000EC1600200000000010B5304CD4ED013ABB
:10B6300094ED046A94ED003A94ED037A94ED024A95
:10B64000D4ED056A63EE867AF6EE005AE3EE077AE9
:10B650008AB02146B0EE635AE4EE267A07A8F0EEEF
:10B66000444A67EEA57AF0EE435AA6EE675AE6EE34
:10B67000E74AA3EEE76AE7EE675AE4EE676AA3EEED
:10B68000677A66EE647ACDED066AE5EE267A66EEB6
:10B69000E56A8DED047AE4EE876A27EE457ACDED12
:10B6A000075AA5EE867A8DED085ACDED094A8DED43
:10B6B000056ACDED017ACDED026A8DED037AFBF7D7
:10B6C00061F818B90AB0BDE8104075E704F10C0143
:10B6D00004A8FBF757F80028F4D004F1180101A8DA
:10B6E000FBF750F80028EDD00AB010BD4400002050
:10B6F00000210120FCF7B2BF0EB42DE9F04386B063
:10B700000DAC5A4B54F8045BCDE9013400264FF0E0
:10B710000A092B782BB3252B05D00135019A511C32
:10B72000019113704AE06B78302B08BFAB78A3F11E
:10B73000300219BF02354FF0000803354FF0010801
:10B74000092A4FF0000721D96C2B2BD115F8013BAA
:10B750000121642B69D033D8252BDFD024D8002BCE
:10B76000D7D1019B002230461A7006B0BDE8F043E5
:10B7700003B07047A3F14102052AE5D8A3F13702CF
:10B780000A2A0FD115F8013B09FB0727A3F1300264
:10B79000D1B20929F6D9A3F16102052AEAD8A3F1A9
:10B7A0005702EDE70021D4E7582B4BD0632BB0D1E3
:10B7B000019B14F8042B1A70591C01910136A8E75B
:10B7C000A3F16E02D0B20A28A3D80A2AA1D801A0F8
:10B7D00050F822F063B8000813B7000813B7000848
:10B7E00013B7000813B700085BB8000813B70008C8
:10B7F00001B8000813B7000813B7000845B80008DF
:10B8000054F8040B03AB59B100220A21FAF708FCE3
:10B8100003AB4246394601A8FAF75CFF064478E7D5
:10B820000A460A21FAF7FCFBF2E754F8040B002859
:10B83000BFBF2D238DF80C3040420DF10D03A8BF82
:10B8400003ABE1E7583B5A425A4154F8040B03ABAF
:10B8500009B11021DAE71021E4E754F8043B002293
:10B86000D8E754F8043B1E6053E700BF800A00206D
:10B8700010B5FAF7BFFC4FF43024012806D10CB9FB
:10B88000052010BDFAF7B6FC013CF6E7002C08BF16
:10B890000520F6E7F8B5222200211248124D04F0E7
:10B8A00027FC124B002219460524012016460132BE
:10B8B00015F9017B83F89871042A83F89C4183F879
:10B8C0009D0183F89F6183F89E4103F10803EED147
:10B8D0000223A1F8A231522381F89631A1F89A01EE
:10B8E000F8BD00BFFE050020D01601086804002046
:10B8F0000B4B0C4A1A600C4B196000F15003027894
:10B900001AB98178C278914208D304309842F6D1AE
:10B910000023064A83F00103137070470123F8E700
:10B92000E80F002038050020EC0F00203E0000202A
:10B9300070B5224C25686B6823F07F7323F459336C
:10B9400023F47F7323F0030343EA004302461C48B9
:10B95000184368600023206849F6FF7586697607FA
:10B9600017D5406AC8540133D8B28242F3D1154981
:10B9700020684FF42042C1F8602100248569AE069A
:10B9800014D4013A551C4FF00104F7D1C1F86021DD
:10B9900007E0013DAE1CE1D10A4B4FF0FF32C3F886
:10B9A0006021FAF7DFFE0023184670BD0CB1C1F824
:10B9B00060212022DBB2C261F6E700BF540D0020F7
:10B9C000C624000254180020F0B5544E377885B0D4
:10B9D0000D461446002F67D1514B1B68C01A514BBE
:10B9E0001B68984261D301A90920FFF7A1FF002835
:10B9F0005BD0002D56D0002C54D0BDF80430DFEDC4
:10BA00004A6ADFED4A7A4A4ADFED4A5A9FED4A6AAE
:10BA10009FED4A4ADFED4A4A9DF807709DF80800FD
:10BA20009DF80A105BBA9BB207EE103AB8EE477A5F
:10BA3000444BE7EE267ADFED446AC2ED007ADFED93
:10BA4000437A93ED035A37EE677AD3ED007A67EEC7
:10BA5000277A67EE877AE7EEA56AD3ED017A67EE7B
:10BA6000277A67EE877A67EEA57AE5EE067A93ED98
:10BA7000026A9FED375A27EE066A26EE077A9FED97
:10BA8000356AA7EE256A66EE845AE6EE245AE7EE9A
:10BA9000855AF5EE405AF1EE10FA09D100232B60D9
:10BAA00013682360012333700127384605B0F0BDC9
:10BAB00027EE867A66EEA73A27EE047A26EE866AA5
:10BAC000A3EEA47A030243EA07430B43A6EE057AEA
:10BAD0009FED216A87EE255A9FED207ADFED205AEF
:10BAE00027EE677A76EEE77AA6EE867A76EE856AB4
:10BAF000A5EE657AC7EE275A07EE903A36EE656AEC
:10BB0000F8EEE77A26EE266A77EE857A86EE277AD1
:10BB100077EE257AC5ED007AC2E700BF2811002034
:10BB2000241100202011002000002F3B000034C20F
:10BB30001C11002000008033000000450050C3C6E7
:10BB400000B808C7EC1000200000604A0000004761
:10BB500000606A470000384B00C82F4700409C47F0
:10BB600000B80847254A38B50346106849F6FF7201
:10BB7000846925040BD5013A941CF9D1204B4FF070
:10BB8000FF32C3F86021FAF7EDFD002038BD4468AC
:10BB90001C4D1D4A2C402243426042682A4042EA22
:10BBA000034242F0007242F0C602426049F6FF7260
:10BBB0008469A50703D4013A941CF9D1DEE7013B5F
:10BBC00011F8012B826213F0FF03EFD10C494FF4FF
:10BBD0002042C1F860218469A50607D4013A541CAB
:10BBE0004FF00103F7D1C1F86021CCE70BB1C1F8E8
:10BBF00060212023C3610120C8E700BF540D00204D
:10BC000054180020009800FCC6200101022813B53A
:10BC100018D003281AD0E8B1072246F625030F4CA6
:10BC20005BBA01A902202260ADF80430FFF79AFF49
:10BC30000B4B206800221A700A4B1A680A4B1A60D4
:10BC400002B010BD182247F2DF03E8E7622247F690
:10BC50006603E4E7032246F29C03E0E7201100209C
:10BC600028110020C4090020241100202DE9F743E9
:10BC700040F203234FF6FF71CDE900134FF00008A7
:10BC80000446464694F82C505FFA88F7BD426CD8BB
:10BC90002269130F844BD96A14BF21F4785121F41F
:10BCA000F871D962D96A0A43DA62D4E902025969A1
:10BCB00002430A4360685A61FAF792FC02682368FB
:10BCC0006169012E94BF4FF0000C4FF0010C6FF32F
:10BCD0000E1242EACC1242F4145242F0200203F156
:10BCE0004007026046608760C1600268B3F1A04F00
:10BCF00042F0010202606D4802D06D4A934248D181
:10BD00006C498A68024042F468328A60D9686A4A9B
:10BD10000A4042F40052DA601A6B013E22F00F0230
:10BD200016431E6300200121382707264FF01F0C01
:10BD3000C2B295422FD89A6842F001029A601A68FE
:10BD4000D207FCD5DA6822F00202DA60DA6842F043
:10BD50000202DA60DA6842F00102DA609A6842F0C0
:10BD600004029A6003B0BDE8F083A369DB5D6BB1A8
:10BD7000E36933F817300093236A694653F82700C4
:10BD8000FFF71AFA626A731CD655DEB208F1010891
:10BD900078E74A49B5E7A269125C4AB3A26A042966
:10BDA000125C27D801EB410ED3F830804FEA4E0EDB
:10BDB0000CFA0EF928EA090802FA0EFE4EEA080EFD
:10BDC000C3F830E0092A58D90A3AD3F818E0D3F872
:10BDD00018E002EB420206FA02F22EEA020EC3F863
:10BDE00018E0D3F818E042EA0E029A610131C9B2B4
:10BDF00001309DE7092914D8A1F1050E0EEB4E0E76
:10BE0000D3F834804FEA4E0E4FF01F0909FA0EF9AD
:10BE100028EA090802FA0EFE4EEA080EC3F834E0DA
:10BE2000D0E70E2914D8A1F10A0E0EEB4E0ED3F86E
:10BE300038804FEA4E0E4FF01F0909FA0EF928EA32
:10BE4000090802FA0EFE4EEA080EC3F838E0B9E718
:10BE5000A1F10F0E0EEB4E0ED3F83C804FEA4E0EC2
:10BE60004FF01F0909FA0EF928EA090802FA0EFE36
:10BE70004EEA080EC3F83CE0A4E7013AD3F814E018
:10BE8000D3F814E002EB420207FA02F82EEA080E99
:10BE9000C3F814E0D3F814E0033206FA02F242EADF
:10BEA0000E025A61A2E700BF00100240E010FCFF42
:10BEB000000100500003005007C0FFFD00070050C4
:10BEC0000B4B0C49DB68DB43C3F302230122C3F1B4
:10BED000040310B502FA03F30C181B01DBB284F85B
:10BEE0000033430900F01F00824041F8232010BDB9
:10BEF00000ED00E000E100E02DE9F3411D468F4B2D
:10BF00009DF8207098428846164640F0B9808C4CC7
:10BF10008C4BC4F8683104F53573C4F87C3104F5F2
:10BF20007573C4F880314FF48073C4E95D33864B78
:10BF3000C4F89C31A3F54843203BC4F8B431043322
:10BF4000C4F8B03103F55743D833C4F870219A6967
:10BF5000C4F8B80142F480429A615A6942F0010281
:10BF60005A6140F20233ADF8043000239F428DF84D
:10BF700006300CBF01230223012D8DF807300FD0AE
:10BF80004FF090404FF400730093436A23F0F003A6
:10BF90004362436A43F0700343626946FFF70CF95A
:10BFA0004FF090404FF480630093436A674C23F452
:10BFB00070634362436A43F4E06343626946FFF798
:10BFC000FBF80E20FFF77CFF2520FFF779FF012308
:10BFD00084F8443000232046C4E90733C4E9093318
:10BFE000C4F82C806571A660A771FCF7E1FD206B99
:10BFF000002800F09380E76CE1686669FAF7F0FAD0
:10C000000368226D6FF30E1343F4855389B2036006
:10C0100041608760C660036843F001030360936872
:10C0200043F04003936043689BB22364012D1ED00C
:10C03000606B00287AD0A56C2169FAF7D1FA036801
:10C040006FF30E1343F4845343F01003036089B27B
:10C05000002341608560C360026842F00202026012
:10C06000226D43604360936843F080039360226DC8
:10C07000136843F001031360204602B0BDE8F0816D
:10C08000334B984258D12E4C2E4BC4F8BC314FF450
:10C090008073C4E97233C4F8C42104F2D4432D4A36
:10C0A000C4F8D03104F2D453C4F8D431D369C4F8FD
:10C0B0000C0243F40033D36140F20233ADF8043094
:10C0C00000239F428DF806300CBF01230223012D6F
:10C0D0008DF807300ED04FF0904004230093036A90
:10C0E00023F470630362036A43F4E0630362694606
:10C0F000FFF762F84FF0904008230093036A164C54
:10C1000023F470430362036A43F4E0430362694625
:10C11000FFF752F82620FFF7D3FE58E7236D2022C1
:10C120001A621A6842F020021A607FE7226D1368D3
:10C1300043F0800313609AE700249DE70038014034
:10C1400054180020BC18010844000240BC1900200B
:10C150000044004000100240101A00202DE9F34175
:10C16000DFF864C09DF824700E4611461A469DF80B
:10C17000203004464FF00C08002008FB00FE0EEBB8
:10C180000C051CF90EE0A64504D001300428F4D1BA
:10C19000002005E028890028FAD124B1012C0CD018
:10C1A00002B0BDE8F08106480097FFF7A5FE002821
:10C1B000F6D004712E816860F2E702480097F4E738
:10C1C0000038014000440040A00D002007B51B4B83
:10C1D0001B4A1A601B4B93F83E3123B3012B09D144
:10C1E00019490320087019490720087018490B7075
:10C1F0000C231370174B184A1A604020FCF714FAEE
:10C2000070B10123002290F900004021CDE90032F5
:10C21000124A4FF4E133FFF7A1FF003818BF0120A5
:10C2200003B05DF804FB08490220087007490320A9
:10C23000087007490B700723DBE700BF0C150020CF
:10C24000900D0020680400200A1500201015002021
:10C2500054180020380000200D61000839820008C1
:10C2600070B5154DAB894FF47A73E2B169B111F82D
:10C27000016B2C89A4070AD52E732C89E40713D4EB
:10C280005C1EA4B243B12346F7E7FF26F1E75C1E2C
:10C29000A4B20BB12346ECE7084AB2F86631013389
:10C2A0009BB2A2F8663170BD2C7BE4B208B100F8F5
:10C2B000014B013AD9E700BF003800405418002074
:10C2C00073B50C4C207880B10B4D05234FF480568C
:10C2D000ADF8003001A82E8502226946FFF7C0FFA5
:10C2E000AE619DF8050000F00100207080F00100B3
:10C2F00002B070BD160E00200004004870B5054D58
:10C300002E680446FFF7DCFF18B92B689B1BA3427D
:10C31000F8D970BDC40900202DE9F04F464BDFF875
:10C320002C911C7899F800309C4289B015D0434A72
:10C33000434FDFF81CB104EB0201CDE9041296BFB4
:10C340001C1BC4F180040023CDE906431C443CB906
:10C35000394A002389F80030137009B0BDE8F08F26
:10C360003B683A8854FA83F1B1F5807FDBF80C1012
:10C37000DEB28CBFC6F5807626468B4252BAE7D233
:10C3800002211B0C06208DF80C108DF80D30ADF835
:10C390000E20FFF7B3FF0620FEF762FD294B0122B6
:10C3A0001A70294B4FF480521A8503A904220020E9
:10C3B000FFF756FF069D6DB3B542DDF810802BD216
:10C3C0002A4641460020FFF74BFF721B00234544DD
:10C3D00004950693079DA5B1AA42DDF8148020D8E4
:10C3E00005AB0DF11C0A41460020CDE90023FFF703
:10C3F00037FF009A019B08EB0201AA1A1960CAF8DC
:10C400000020114B4FF480529A613B683344A41BC7
:10C410003B609CE73246DDE7324604AB0DF1180A7B
:10C42000E1E741462A460020FFF71AFF08EB050125
:10C43000002305910793E4E7D00D0020BD170020ED
:10C44000D40D0020160E002000040048D10D00205D
:10C4500028000020F7B503238DF80430030C40BA00
:10C46000ADF8060006200D4614468DF80530FFF79E
:10C4700045FF90B10A4E04224FF480570DEB0201A4
:10C4800000203785FFF7ECFE224600212846FFF703
:10C49000E7FEB761204603B0F0BD0446FAE700BFEF
:10C4A00000040048024640213C20FCF72CBD10B59A
:10C4B000B020FCF733FD4020FCF730FD0020FCF7F6
:10C4C0002DFD1020FCF72AFD4FF40064013C0020F4
:10C4D000A4B2FFF7E7FF002CF8D110BDF8B50C4F60
:10C4E000461E16F8013F03B9F8BD03EB8303A3F121
:10C4F000A1043C440025013514F8010FEDB2FFF70B
:10C50000D1FF052DF7D10020FFF7CCFFE9E700BFF1
:10C51000D8180108054A138823EA000083421080D6
:10C5200002D00120FBF7B8BF704700BF2C0C0020E1
:10C53000044A138818438342108002D00120FBF77D
:10C54000ABBF70472C0C0020844641EA000313F077
:10C5500003036DD1403A41D351F8043B40F8043B0A
:10C5600051F8043B40F8043B51F8043B40F8043BCD
:10C5700051F8043B40F8043B51F8043B40F8043BBD
:10C5800051F8043B40F8043B51F8043B40F8043BAD
:10C5900051F8043B40F8043B51F8043B40F8043B9D
:10C5A00051F8043B40F8043B51F8043B40F8043B8D
:10C5B00051F8043B40F8043B51F8043B40F8043B7D
:10C5C00051F8043B40F8043B51F8043B40F8043B6D
:10C5D00051F8043B40F8043B403ABDD2303211D30D
:10C5E00051F8043B40F8043B51F8043B40F8043B4D
:10C5F00051F8043B40F8043B51F8043B40F8043B3D
:10C60000103AEDD20C3205D351F8043B40F8043B0C
:10C61000043AF9D2043208D0D2071CBF11F8013B0A
:10C6200000F8013B01D30B8803806046704700BFD0
:10C63000082A13D38B078DD010F003038AD0C3F1DF
:10C640000403D21ADB071CBF11F8013B00F8013BC1
:10C6500080D331F8023B20F8023B7BE7043AD9D380
:10C66000013A11F8013B00F8013BF9D20B78037055
:10C670004B7843708B7883706046704700000000F1
:10C6800030B490F800F020F007016FF0000C10F0CB
:10C69000070491F820F040F048804FF000046FF05C
:10C6A0000700D1E9002391F840F000F1080082FA78
:10C6B0004CF2A4FA8CF283FA4CF3A2FA8CF34BBB43
:10C6C000D1E9022382FA4CF200F10800A4FA8CF2BC
:10C6D00083FA4CF3A2FA8CF3E3B9D1E9042382FA8A
:10C6E0004CF200F10800A4FA8CF283FA4CF3A2FA9F
:10C6F0008CF37BB9D1E9062301F1200182FA4CF2D7
:10C7000000F10800A4FA8CF283FA4CF3A2FA8CF33D
:10C71000002BC6D0002A04BF04301A4612BAB2FA5F
:10C7200082F200EBD20030BC7047D1E9002304F064
:10C730000305C4F100004FEAC50514F0040F91F899
:10C7400040F00CFA05F562EA05021CBF63EA050336
:10C7500062464FF00004AAE753B94AB9002908BF5E
:10C7600000281CBF4FF0FF314FF0FF3000F0E2B85F
:10C77000ADF1080C6DE904CE03F082FDDDF804E0B4
:10C78000DDE9022304B0704700F1340191E838007C
:10C790009C46A6464CF8045D90E8FF0FE54600BDB8
:10C7A00090EC210B704700BF80EC210B704700BF5D
:10C7B00090EC200B704700BF80EC200B704700BF4F
:10C7C000D0EC200B704700BFC0EC200B704700BFBF
:10C7D000F0EC0201F0EC0211F0EC0221F0EC02317D
:10C7E000F0EC0241F0EC0251F0EC0261F0EC02716D
:10C7F000F0EC0281F0EC0291F0EC02A1F0EC02B15D
:10C80000F0EC02C1F0EC02D1F0EC02E1F0EC02F14C
:10C81000704700BFE0EC0201E0EC0211E0EC022105
:10C82000E0EC0231E0EC0241E0EC0251E0EC0261AC
:10C83000E0EC0271E0EC0281E0EC0291E0EC02A19C
:10C84000E0EC02B1E0EC02C1E0EC02D1E0EC02E18C
:10C85000E0EC02F1704700BFB0FC0181B0FC019137
:10C86000B0FC01A1B0FC01B1704700BFA0FC018188
:10C87000A0FC0191A0FC01A1A0FC01B1704700BF88
:10C88000EC4600B52DE900502DE9FF1F4FF00003E5
:10C890002DE90C0001A903F0CDFFDDF840E012B056
:10C8A000704700BFEC4600B52DE900502DE9FF1F91
:10C8B0004FF000032DE90C0001A903F0F9FFDDF8AA
:10C8C00040E012B0704700BFEC4600B52DE90050C3
:10C8D0002DE9FF1F4FF000032DE90C0001A904F022
:10C8E00009F8DDF840E012B0704700BFEC4600B533
:10C8F0002DE900502DE9FF1F4FF000032DE90C003A
:10C9000001AB03F0CDFFDDF840E012B0704700BF8F
:10C91000EC4600B52DE900502DE9FF1F4FF0000354
:10C920002DE90C0001AA04F041F8DDF840E012B056
:10C93000704700BF704700BF2DE9F04F2DED108B01
:10C940008BB0F7F75DFF3A4D3A4C94F80236002B66
:10C950003FD0D4F85C3555F8602CC4F804369B1AE7
:10C96000B3F5FA6F5CD200210220FCF7DBFA324B00
:10C97000324A334904F5C360FEF7BEFE04F5C360D6
:10C98000FFF7ACFD02210846FCF7CCFA2D48FFF773
:10C99000A5FD04210020FCF7C5FA2B4B2B4A2C499E
:10C9A00004F5C360FEF7A8FE04F5C360FFF796FD2B
:10C9B00006210220FCF7B6FA264A274904F5C3608F
:10C9C000FEF79AFE04F5C360FFF788FD012384F8A3
:10C9D0000C3694F8FE35D4F8CC674BB155F85C3C76
:10C9E000F31A002BA2BF002384F8FE3584F8FF352C
:10C9F000D4F8C82742F20103134008BF05F8583C99
:10CA0000100768D5D4F8B4361B7A062B63D8DFE854
:10CA100013F025002500A10150028302B302B302E6
:10CA200094F80C36002BD4D0FFF741FD0023CEE75D
:10CA30006015002068040020E71C0108F41C0108B0
:10CA4000FC1C0108061D0108181D01081F1D010816
:10CA5000251D0108C51C0108341D010815F8573CA7
:10CA6000CBB3002305F8573C55F8543C15F856CC89
:10CA700093F800E015F8508C0221681810F84F3C2C
:10CA800043FA0CF303F00F0373450FD20B2B0DD8B1
:10CA900010F84F7C481C284405EB830310F84F0C1A
:10CAA00007EA080700EB072043F83C0C0231102985
:10CAB000E3D10123012105F8581C9F49C3F340032A
:10CAC00081F83C3083F0010384F8FE3506F5C3336A
:10CAD000A03345F85C3C530419D594F89439002BE5
:10CAE00000F05382012105F8581C84F8FE15924984
:10CAF000002384F8943981F83C3006F5F42303F5DB
:10CB0000907345F85C3C94F8FE3584F86135D7079E
:10CB100017D595F8901095F891308B420DD00123E0
:10CB200084F8FF35844B85F89110002083F83D0090
:10CB300006F5C333A03345F85C3C94F8FF3584F820
:10CB40006135900409D57D4A002332F8021B002983
:10CB500041F06F8601330C2BF7D1F3F799FB15F8F1
:10CB6000588CB8F1000F05D1D4F8903AF31A002B85
:10CB7000C0F20E82F6F77AFB012385F8AA3095F809
:10CB8000AB305BB1D4F8F438590707D5D4F82C365C
:10CB90001A0700F111820820FFF7BCFCFBF786FAA8
:10CBA000A389C4F8CC072BB1D5F8D020821A002A6B
:10CBB000FFF6CAAE0344C5F8D0306148D4F8803AD5
:10CBC000D4F8AC769847002879D05D4994F8782C51
:10CBD0000846FBF7EBFDB4F85485B8F1000F59D0C7
:10CBE000D4F8E836574E1B78DFF854B1DFED568A9B
:10CBF00008EE103A06F13C0A06F144090022B8F5A5
:10CC00007A7F02BF0023C9F800303361BBF900000E
:10CC1000D9F8003007EE900A0344306949F8043B24
:10CC2000411C0129F8EEE77A316140F0C082C6ED7F
:10CC3000017AB0EE687AB8F1010F2BF8022B2AF8CE
:10CC4000022BC6ED007A86ED027A40F0D1820129EE
:10CC5000C6BF07EE900A96ED037A9FED3B0A02935A
:10CC6000C4BFF8EEE77A87EE270A01F0BBFE029B0D
:10CC7000002218EE101A002900F0B282F8EEC87AED
:10CC8000F4EEC07AF1EE10FA40F1AA824FF47A7312
:10CC9000A4F85435B4F81C39B5F810219B1AA4F83F
:10CCA0001C39B5F81221B4F81E399B1AA4F81E39A4
:10CCB000B5F81421B4F820399B1AA4F82039FBF7F1
:10CCC000F5F9D5F824319FED217ADFED21AAC5F8D9
:10CCD0002401C31A07EE903AF8EE677AC7EE878A06
:10CCE000F4EEEA8AF1EE10FA40F3AC820023C5F8C4
:10CCF0002831FBF7DBF9D4F8183DC4F8CC07C31A88
:10CD0000A5F8043294F8EC35C4F8180D13F00403B8
:10CD100001F0A583D4F8F435002B01F09180013B9C
:10CD2000062B01F28D80DFE813F07508120A5D0A08
:10CD3000D20AEE0A0D0B750B00000020F215002040
:10CD4000840D0020341600200000000000247449E7
:10CD5000CDCC4C3E15F80C3C002B3FF4BCAE15F886
:10CD6000090C002305F80C3C15F80A3C00F00701FB
:10CD700043EA012315F8081CC4F8C83C01F03F033E
:10CD80005B0143EAD003C4F8CC3C15F8073C9B0098
:10CD900043EA911315F8061C01F0010043EA8023D1
:10CDA00015F8050CC4F8D03C00F00F03DB0143EA92
:10CDB000510315F8041CC4F8D43C01F07F031B0197
:10CDC00043EA1013C4F8D83C15F8033C15F8020CDC
:10CDD0005B0043EAD11300F0030143EA412315F855
:10CDE000011CC4F8DC3C01F01F039B0143EA9003E3
:10CDF000C4F8E03C2B78A878DB0043EA5113C4F870
:10CE0000E43C6B7800F0070143EA0123E978C4F8B9
:10CE1000E83C01F03F035B0143EAD003C4F8EC3C7B
:10CE20002B799B0043EA9113697901F0010043EAF1
:10CE30008023A879C4F8F03C00F00F03DB0143EA3B
:10CE40005103E979C4F8F43C01F07F031B0143EA84
:10CE50001013C4F8F83C2B7A687A5B0043EAD113CC
:10CE600000F0030143EA4123A97AC4F8FC3C01F035
:10CE70001F039B0143EA9003C4F8003DEB7ADB00FB
:10CE800043EA5113297BC4F8043D11F0010F40F22D
:10CE900014730CBFAD20184611F0020F08BFAD236C
:10CEA0000907C4F8080DC4F80C3D7FF502AE032352
:10CEB00000E6A97B00293FF40EAEE87B2F8A002113
:10CEC000A97305EB400191F815C0897D41EA0C2159
:10CED0008F427FF400AEE97C01290BD081297FF4D9
:10CEE000FAAD102801D91020E873CB49002701F1D1
:10CEF000260E0AE00B46F4E791F8018091F802C093
:10CF00004CEA082C2EF802CB01375FFA87FC60450B
:10CF100001F10201F0D8CDE595F85830002B3FF42F
:10CF2000DAAD002385F8583095F85930A82B7FF4F6
:10CF3000D2AD95F86C30002B7FF4CDADB7499FEDA5
:10CF4000B86ADFEDB86A01F1170791F803C00879F4
:10CF500000EB0C2007EE900AB8EEE77A0133C7EE3B
:10CF6000067A082B01F1020177EEE67AFCEEE77A09
:10CF7000E7EC017AE9D19CE594F8103D002B3FF4F1
:10CF8000AAAD002384F8103D93E505F8583CBAE5B6
:10CF9000D5F8AC707B1C012FC5F8AC3000F0F180E7
:10CFA000022F00F0F780EFB1D5F8AC30042BC4BFEE
:10CFB0000023C5F8AC30F1E5B4F8C46716F00806F4
:10CFC0007FF4ECAD0820FFF7B3FAD4F89835C4F835
:10CFD000943540F2DC53A4F88C35C4F8A46BC4F843
:10CFE0009C65DBE5D4F8F4381B07DDD5D5F8B03007
:10CFF000F31A002BD8DB07EE906A9FED8B7AD4F8FA
:10D00000803C8A48C5F8B460F8EE677A77EE877A94
:10D01000FCEEE77AC5ED2C7A9847844994F87A2C8F
:10D020000846FBF7C3FB94F8DB385E071ED5D5F83E
:10D03000B020C5F8B8207E4A85F8BC70176097808C
:10D04000B4F92229A5F8BE20A5F8C420B4F92429F2
:10D05000A5F8C020A5F8C62023F00403B4F92629BA
:10D06000A5F8C220A5F8C82084F8DB38D5F8B82088
:10D07000DAB1D5F8B0309B1A6E4A93424FF00003F4
:10D0800044D86D4A694E901D36F9021B32F9027B75
:10D09000B94230F9027BB8BF22F8021C0133B94211
:10D0A000C8BF20F8021C032BEED194F8C13C002B22
:10D0B0003FF47AAFB4F82439B4F80421B4F8221953
:10D0C0009B1AB4F80A2112FB03F210B2B4F806312D
:10D0D000B4F82629D21AB4F80C3113FB02F3B4F8D1
:10D0E0000221891AB4F8082112FB01F21BB20A21AD
:10D0F00012B293FBF1F392FBF1F2A4F82639A4F8F3
:10D10000222990FBF1F2A4F824294DE74A484B4F1D
:10D11000C5F8B83000F1060C00F10C0630F902EB4E
:10D120003CF9022B0EEB020101EBD171A2EB0E02D6
:10D130000133491002EB8202032B27F8021F26F865
:10D14000022BEBD1B5F9CA10B5F9CC20B5F9CE0058
:10D150008B1803440A26734300EB400001EB4101A6
:10D1600002EB420293FBF1F193FBF2F2A4F80811F7
:10D1700093FBF0F3A4F80A21A4F80C31F6F76CF84D
:10D1800093E7D4F8F43858077FF50EAF3046FDF733
:10D19000E7FF09E7F3F760F830B93046F7F72FF803
:10D1A000012384F88036FFE684F88086FCE696ED5D
:10D1B000007A06EE901A37EEC76AF8EEE65AC6EE27
:10D1C000256A76EE876A96ED027AC6ED016A77EEF9
:10D1D000E67AA6EE277AF0EE667A86ED037A2AE5FD
:10D1E00003F5FA734FF47A7093FBF0F32AF8023CDC
:10D1F000134B1436B3427FF402ADB8F1010F05D1E1
:10D200004046FBF723F96423C4F8583508F1FF388A
:10D21000A4F854853EE500BF72150020B915002022
:10D22000CDCCCC400080BB43003EC6478A0D0020D9
:10D230006A0500207FC3C9011E1600206805002072
:10D2400070160020D4F8F43813F0020300F0DA85E9
:10D25000D4F85C3C50489847002800F0DB804E49E9
:10D2600094F8792C0846FBF7A1FAB4F85265002E21
:10D270003ED0D4F820174948A1F1020CA0F1080EC5
:10D2800001F104090022B6F5C87F08BF02600368F7
:10D29000BEF900802EF8022B434440F8043B2CF8E2
:10D2A000022FE145EFD1012E1FD1D5F834314FF4D3
:10D2B000C870C83393FBF0F30B80D5F83831C8330E
:10D2C00093FBF0F34B80D5F83C31C83393FBF0F37C
:10D2D0003348C08C1B1A8B80A7F85C20A7F85E200F
:10D2E000F5F7BAFF6423C4F85835013EA4F8526537
:10D2F000D4F8C837590779D5B4F87A8BD4F82067B1
:10D30000B8F1320F50D13388A5F840317388A5F8B1
:10D310004231B388A5F84431B7F85C30A5F84631FE
:10D32000B7F85E30A5F848311E4AB01EA2F1200CB5
:10D3300006F104090021B8F1320F08BF116013682B
:10D34000BCF900E02CF8021B734442F8043B20F8BF
:10D35000021F8145EFD1B8F1010F17D10C2084F8DD
:10D360007C1B84F8778BFBF771F8B5F8403133807C
:10D37000B5F842317380B5F84431B380B5F8463121
:10D38000A7F85C30B5F84831A7F85E3008F1FF33F4
:10D39000A4F87A3B0BE000BF8C1600209416002006
:10D3A00000000020AC160020B8F1000FBCD194F8AA
:10D3B000783BDBB13221D5F84C3193FBF1F333806C
:10D3C000D5F8503193FBF1F37380D5F8543193FBCA
:10D3D000F1F3F449C98C00225B1AB380A7F85C20F2
:10D3E000A7F85E2084F8782BF5F736FFD4F82027CD
:10D3F000B5F82C3111885B1AA5F82C315188B5F895
:10D400002E3192885B1AA5F82E31B5F830319B1A6F
:10D41000A5F83031B4F91E399FEDE36AD5ED567A9F
:10D42000E04E9FEDE2BA96ED162AD6ED134A96ED40
:10D43000193A96ED11AA96ED140AD6ED182AD6EDF2
:10D44000171A96ED124A9FEDDACA07EE103AB4F9B0
:10D45000203905EE903AB4F91C3906EE903AF8EE10
:10D46000E66AB8EEC77AE6EE867AD5ED576AC5ED7C
:10D47000597AE7EE066AF8EEE55A95ED587AC5ED69
:10D480005A6AA5EE867A95ED5C6A85ED5B7A77EE51
:10D49000867A95ED5F6AD6ED155A77EE867A95ED28
:10D4A0005D6A76EE866A95ED606A76EE866A95ED3F
:10D4B0005E6A37EE067A95ED616A66EEA86A37EE27
:10D4C000067A67EEA87A27EE287A64EEE63A22EE2C
:10D4D000665A23EE666AE7EE043AA7EE255AA7EEEF
:10D4E000226A6AEE479A60EE470A25EEE71A21EEB5
:10D4F000C77AE7EEA49AE7EE820AA7EE837A24EED3
:10D50000678AA6EE801A62EEE77AA6EE8A8AE6EECF
:10D51000A17A72EE016A73EE8A3A34EE294A74EE09
:10D52000884A35EE005A75EEA05A32EE877A73EECD
:10D53000277AC6ED166A76EE216AC6ED113A86EDB7
:10D54000124AC6ED134A86ED145AC6ED155AC6EDB9
:10D55000176A86ED187AC6ED197AFEF765F8D5F8E0
:10D56000B420D5F88831DFED939A9FED93AA9A42C3
:10D5700040F0C7829FED917AD5ED5F7A67EE877AAA
:10D58000C5ED5F7AD5ED607A67EE877AC5ED607A92
:10D59000D5ED617A67EE877AC5ED617AB5F92C3100
:10D5A00096ED15EAD6ED12EAD6ED14FAD6ED18DAB4
:10D5B00096ED11FA96ED17DAD6ED16AA96ED137AD6
:10D5C00096ED199AD5ED4A5A8DED057A5B4207EE34
:10D5D000903AB5F92E315B4208EE103AB5F9303188
:10D5E0005B42F8EEE76AB8EEC88A07EE903AB8EE0A
:10D5F000E76A68EE0E7A6EEE88CAE6EEAF7A28EE3B
:10D600002D8AEFEE26CAA6EE8D8AE6EE2A7AE7EE9E
:10D6100006CAA6EE098A9FED6A6AC5ED697A67EEC9
:10D62000867AC5ED68CA27EEA75A6CEE86CAB0EEB8
:10D63000450AACEEAC0A85ED6A8A28EE068AB4EE9D
:10D640006A7A78EEA55AF1EE10FAA8EE080A6CBFD5
:10D6500001270027C5ED4A5ACDED045ACDED037AD6
:10D660008DED025A01F0BEF9CCEE80BA9DED025A62
:10D67000ABEEAB5AB0EE450AA8EE080A01F0B2F9DB
:10D68000DDED037AC7EE80CA2CEEAC0AABEEAB0A36
:10D69000A8EE080A01F0A6F9C8EE007AF0EE6B4A8F
:10D6A000E7EEA94AB0EE6C5A97EEE95A2EEE248ABC
:10D6B00069EEEC7A6AEEA4AA6FEEA4CA9DED057A33
:10D6C00095ED5A0AEBEEA97AEFEE05CAAEEE858A21
:10D6D000E7EE05AAEDEE27CAADEEA78AE9EE27AA86
:10D6E00020EE000AD5ED597AC5ED70CAA7EEA70A5B
:10D6F000D5ED5B7A85ED718AA7EEA70AC5ED72AA12
:10D70000CDED07CA8DED088ACDED09AA01F06AF9C1
:10D7100096ED1B5ADDED045AB4EECB5AF1EE10FA39
:10D72000B4EECA0A44BF9FED215A86ED1BBAF1EE52
:10D7300010FA00F10883DFED237AB4EEE70AF1EE88
:10D7400010FA00F30383C0EE0A7A6CEEA77AB4EE07
:10D75000CA0A27EE856AF1EE10FA85ED5C6A00F1DF
:10D76000F882DFED187AB4EEE70AF1EE10FA00F372
:10D77000F382C0EE0A7A68EE277AB4EECA0A27EE80
:10D78000857AF1EE10FA85ED5D7A00F1E882DFED41
:10D790000D7AB4EEE70AF1EE10FA00F3E382C0EE80
:10D7A0000A7A19E000000020487D8B3ACDCC4C3D30
:10D7B000C2B8B23E00000000F3665F3FEC51783F14
:10D7C0000000803958A00B41728A0E3C4C3D0F443A
:10D7D0000000E144DB0F4940D4F82C36DB076AEE49
:10D7E000A77A67EE857AC5ED5E7A0DD4B2EE005A5F
:10D7F00026EE056A27EE057A67EE857A85ED5C6A86
:10D8000085ED5D7AC5ED5E7AB4EECC0AF1EE10FAE4
:10D810001FD55FED137A95ED6B7A95ED736A6CEE1B
:10D82000A7CA28EE278AA5EEAC7A6AEEA7AA85EDEC
:10D830006B7AD5ED6D7A95ED6C7AE5EEAA7AA5EE68
:10D84000887A75EE865A85ED6C7AC5ED6D7AC5EDF0
:10D85000735AD5ED737AB1EE047AF4EEC77AF1EE2D
:10D8600010FA4FDB95ED747A95ED6B6A67EE877A67
:10D87000B1EE677AB4EEC76AF1EE10FA00F1758284
:10D88000F4EEC67AF1EE10FA54BFF0EE465AF0EE1E
:10D89000675A95ED6C6AB4EEC67AF1EE10FA00F3B1
:10D8A0006782F4EEC67AF1EE10FA48BFB0EE676A0E
:10D8B00095ED6D5AB4EEC57AF1EE10FA08DCF4EE8F
:10D8C000C57AF1EE10FA54BFB0EE457AB0EE677A41
:10D8D000D5ED567AC5ED6B9A77EEA57AC5ED6C9AC3
:10D8E000C5ED567AD5ED577AC5ED6D9A77EE867A05
:10D8F000C5ED739AC5ED577AD5ED587A77EE877AEC
:10D90000C5ED587AB4EE6EFAF1EE10FAF4EE4EFA76
:10D9100068BF47F00107F1EE10FAB4EE6DDA68BFA8
:10D9200047F00107F1EE10FAC5ED4A9A07D6B4EEBA
:10D93000499AF1EE10FA02D6002F00F01C82FDF792
:10D940003BFEB36C96ED170AC5F8D831F36C96ED33
:10D9500011BA96ED14AAD6ED18AA96ED19CAC5F813
:10D96000DC31B4EE400A736DC5F8E431F1EE10FA23
:10D97000B36D85ED75BA85ED78AAC5F8E83185ED0A
:10D980007B0AC5ED7CAA85ED7DCA80F11282F7EE97
:10D99000007AB4EEE70AF1EE10FA80F20D82FFEEA3
:10D9A000007AB4EEE70AF1EE10FA40F2088200F0D5
:10D9B000BBFFB1EE408AF0EE4C0AB0EE6A0A85ED8C
:10D9C000648A00F0DDFFF0EE4B0AF0EE40AA85ED30
:10D9D000630AB0EE4A0A00F0D3FF1FED84BA85ED6A
:10D9E000650AB0EE40AA2AEE8B0A01F09DF828EEF7
:10D9F0000B0A07B2A4F83C7601F096F85FED8C7A3A
:10DA0000A4F82A792AEE67AA5FED8E7A8AEE270AB1
:10DA10000FFA80F8A4F83E86A4F82C89F2EE047A76
:10DA200030EE290A80EE270A01F07EF803B2002BBF
:10DA300002DA00F5B47003B2A4F84236D4F84437E1
:10DA4000B6F826C0E14E93F80090DFF8B4E3002268
:10DA500006F1CC001146B7EE007A36F9023BB9F177
:10DA6000000F18D007EE909AF8EEE77AC7EE276A13
:10DA700007EE903AF8EEE77A37EE666A67EEA67A36
:10DA8000D0ED006AE6EE867AC0ED007AFDEEE77A28
:10DA900017EE903A1BB20131C9B203292EF8023BAE
:10DAA00000F1040003FB03F393FBFCF31A44D4D10D
:10DAB000DFEDC77A68EEA78A6423FCEEE87A534369
:10DAC00017EE900A93FBFCF3C4F87C36F8F7DAFE05
:10DAD00088EAE870B4F9C22C94F8DB38A0EBE8705F
:10DAE00080B2904280F26E81002FB8BF7F42BFB2F9
:10DAF000BA4240F3678143F0080384F8DB38FFF74C
:10DB0000F8B8D31A0CEE903AB4F924399FEDB17AF3
:10DB1000D6ED170AD6ED197AD6ED186AC5F8882120
:10DB200008EE103AB4F926390DEE903AB4F92239DC
:10DB3000F8EE6CCA0EEE103A95F8BC306CEE87CA5F
:10DB4000B8EEC88AF8EEEDDAB8EECEEA83BB26EE80
:10DB5000ED0AB7EE007AA8EE270A6DEEA77AA0EEDE
:10DB6000E07AE8EE267AB1EE400A60EEE70AE7EEE8
:10DB70000E0A00F005FF9FED981AB4EEC10AF1EE0F
:10DB800010FA08D49FED951AB4EEC10AF1EE10FA1E
:10DB9000D8BFB0EE401AD5ED640A95ED630AF8F7E8
:10DBA000C3FF0123C5ED5F9AC5ED609A85F8BC30CF
:10DBB00096ED12DAD6ED117A28EE0DDAA7EE8EDAAE
:10DBC000D6ED137AA7EEADDAD6ED157A85ED66DAE5
:10DBD00028EE278AD6ED147AA7EE8E8AD6ED167A2D
:10DBE000A7EEAD8A28EE08EA85ED678AB0EE4E0A08
:10DBF000ADEE0D0A00F0F6FECDEE00DAB0EE4E0A04
:10DC0000ADEEAD0A00F0EEFE9FED757AF0EEED7A26
:10DC1000F4EE477AF1EE10FA00F38C80C8EE007A49
:10DC2000F0EEE76AF4EE476AF1EE10FA00F3828054
:10DC3000DDEEA97AB0EE67DA95ED5A0AD5ED597A9C
:10DC4000D6ED19DA20EE000A6DEE2DDAA7EEA70A5E
:10DC5000D5ED5B7AA7EEA70A00F0C4FE96ED1A7A1E
:10DC6000B4EECB7AF1EE10FAB4EECA0A44BF9FEDDF
:10DC70005D7A86ED1ABAF1EE10FAB0EE40EA5CD4A5
:10DC8000DFED597AB4EEE70AF1EE10FA58DCC0EE97
:10DC90000A7A6DEEA77A95ED690A27EE878A20EE5B
:10DCA000000AD5ED687AA7EEA70A00F09BFEF1EE18
:10DCB000007AB4EEE70AF1EE10FA9ABFF1EE027ABA
:10DCC00037EEC00A9FED490AD4F82C3698BF20EEF3
:10DCD0002A0ADA0768EE007A58BFB2EE007AC5ED7C
:10DCE000617A5CBF67EE877AC5ED617AF0EE007A03
:10DCF000F4EEE7CAF1EE10FA0ED5B4EECCEAF1EE8E
:10DD000010FA09D5DFED3A7A6DEEA7DAD5ED6D7A26
:10DD1000ECEEAD7AC5ED6D7A95ED6E7AB5F8BC3165
:10DD2000F0EECD7A77EE877A0133C5ED6E7AA5F8FD
:10DD3000BC3133E49FED2FDA7EE7F7EE007AA8E7F7
:10DD4000F2EE047AA5E7F7EE007AFEE4F2EE047A4A
:10DD5000FBE4F7EE007A0EE5F2EE047A0BE5F7EE5F
:10DD6000007A39E5F2EE047A36E5F0EE475A90E5AE
:10DD7000B0EE476A9CE5F7EE007AB4EEE7DAF1EE32
:10DD800010FA07D5FFEE007AB4EEE7DAF1EE10FAFA
:10DD90003FF7D7ADFDF748FCD6ED177AB2EE047A1F
:10DDA000F0EEE77AF4EEC77AF1EE10FA7FF7C9AD3C
:10DDB000C5E59FED100AFCE59FED0F0AF9E59FED23
:10DDC0000F0AF6E523F0080397E600BF8C16002043
:10DDD00000247449BD3786359A9949C09A994940BB
:10DDE000FFFF7F7FCDCC4C3D58A00B41CDCCCC3D2F
:10DDF0000AD7233C00000000DB0FC93FDB0FC9BF7F
:10DE00007E0D0020A5F82C31A5F82E31A5F8303173
:10DE1000FEF76FBFD5F80822D4F85C35D4F82C662D
:10DE20009B1A40F69802934240F2528146F008064F
:10DE300000230120C4F82C66C4F8F435FEF778FB03
:10DE4000D4F8AC9699F85630002B40F01283F3F7D3
:10DE50008BFB94F84331002B52D0B5F80432C748FD
:10DE6000B4F8C46C00EE103A0121B8EE400AF8F79D
:10DE7000BDFEBCEEC00A95F8AA2010EE103A9BB287
:10DE8000B6FBF3F0411CB5F9243209B2002A00F0C8
:10DE90000B83BB4EDFF8088306F1080C002738F926
:10DEA00002EBBCF90090B6F900202CF802EBAEEBC7
:10DEB000090901375A43042F92FBF1F24A4426F82C
:10DEC000022BECD1002385F8AA3003B2002B40F3DB
:10DED000EE82AC4FDFF8C8C2A5F82432A7F1080ED5
:10DEE000002037F9026B3EF9022B013013FB02F2DE
:10DEF000042892FBF1F2A6EB02022CF8022BF0D1DF
:10DF0000F2F734FCD4F8F4280123160785F8AB3077
:10DF10004FD5B4F96C3540F2DC518B42CCBFA3F243
:10DF2000DC53CB1AB3F5967F80F2CE82B4F8C437B7
:10DF300003F04403002B00F0C78295F8363273B12A
:10DF4000B4F92039032B40F3B6829B10452B30DC0B
:10DF5000002385F83632B4F84236A4F87236B4F8A5
:10DF60007216B4F842365B1A99B21BB213F1B30FB2
:10DF700002DA01F5B4710BB2B32BC4BFA3F5B473CD
:10DF80001BB213F11E0FC0F29C821E2BA8BF1E23D2
:10DF9000D4F8AC16497A11FB03F31BB2B3F5C87F72
:10DFA0007949A8BF4FF4C8738B42B8BF0B46A4F899
:10DFB000A83512F0140F13D0B4F8C43703F4027369
:10DFC00073B194F8DB38D80640F18682B4F8A635F0
:10DFD00094F99421B4F99C1501FB0233A4F8A635F9
:10DFE000DFF8C08198F83E3043B1B4F84631B4F957
:10DFF0006E259A42DCBF0023A4F8A835D4F8AC768D
:10E0000097F81C6166B3B4F8C437990728D09FED20
:10E010005F0A80EE000A00F05BFC5D4BD3ED007AF6
:10E0200020EE270A00F080FD07EE906AB0F5617FD0
:10E03000A8BF4FF46170F8EEE75A07EE900AB8EE09
:10E04000E70ADFED547A80EE270AF2F707FA25EEA9
:10E05000800A00F069FDB4F8AA351844A4F8AA05AE
:10E060004D4B0093D8F87060B4F8FA20D4F89816A5
:10E0700007F15C033846B04794F8B039D4F82CC7A0
:10E080000293032B16D9BCF80210B1F5FA7F11D216
:10E09000B4F9A825B5F93C02002AB8BF524292B2A1
:10E0A0004B429B1A834203DC8B188342A8BF034672
:10E0B000A5F83C32394AB4F9AA85B5F93A92B5F9CE
:10E0C00038A2B5F93CE2A2F504631E46002032E214
:10E0D0000120FEF72DFAD4F8987644F64B33BB8036
:10E0E000D4F8103C86F00806632BC4F82C6604DCD8
:10E0F0004FF4FA63A4F86E35A2E60120FEF70AFA9F
:10E1000095F80C226E2362B97B714FF47A73A4F8F0
:10E110006A350223C4F8F435D4F85C35C5F81032FA
:10E120008EE6012A06D17B714FF4FA63A4F86A35B2
:10E130000523EFE7032A3B7104D14FF47A73A4F867
:10E140006835E6E74FF4FA63A4F86835F0E7D4F8E9
:10E150002C36012083F00803C4F82C36FEF7DAF9D8
:10E1600095F80C324FF47A72F3B9B4F93E36A4F84C
:10E170006A25B3F5E17F1BDD0323CBE78017002081
:10E18000861700208E17002070FEFFFF00000000A1
:10E19000B40B0020EFB6B0449E05002024140020EC
:10E1A0000C0A002000000020032BA4F8682513D0DF
:10E1B0000223C4F8F435D4F85C35D5F810229B1A44
:10E1C000B3F5FA6FFFF43CAE0023C4F8F435C5F89C
:10E1D0001032F2F799FA33E6B4F93C26B2F5E17F52
:10E1E000E6DD97E795F80C3293B9B4F93E36B3F50E
:10E1F000E17F51DDD4F82C36012083F00803C4F808
:10E200002C36FEF787F940F27E43A4F86A35D2E750
:10E21000032B7FF415AEB4F93C36B3F5E17F19DD7D
:10E22000D4F82C36012083F00803C4F82C36FEF70E
:10E2300071F94FF48363A4F86835D4F85C35D5F8E8
:10E2400010229B1AB3F5FA6FFFF4FAAD0023C4F85D
:10E25000F43563E79BB2B3F5E17F3FF6F1ADB4F877
:10E260003E36FA339BB2B3F5FA7F3FF6E9ADD4F808
:10E270002C36012043F00803C4F82C36FEF758F979
:10E280004FF48363A4F86835D4F85C35C5F81032D0
:10E290000423C4F8F435D3E59BB2B3F5E17F3FF630
:10E2A000CFADB4F83C36FA339BB2B3F5FA7F3FF604
:10E2B000C7ADD4F82C36012043F00803C4F82C363F
:10E2C000FEF736F940F20143A4F86A35DCE7D4F8EA
:10E2D0002C36012043F00803C4F82C36FEF728F949
:10E2E0004FF4FA63A4F86E35D4F8983644F64B32FE
:10E2F0009A80D5F81022D4F85C359B1A40F2DC5293
:10E300009342A3D8C4E70120FEF704F995F80C3234
:10E31000012B0AD14FF4FA63A4F86A35B4F93E36FA
:10E3200013F5E17F07DA0623F4E640F2B772022B19
:10E33000A4F8682503D00523C4F8F4357DE7B4F9C3
:10E340003C36EDE795F80C02012811D1B4F93E36C0
:10E3500013F5E17F42DAD4F82C3683F00803C4F8D1
:10E360002C36FEF7D7F840F23A73A4F86A3564E722
:10E3700002287FF465ADB4F93C3613F5E17F0BDA82
:10E38000D4F82C36012083F00803C4F82C36FEF7AD
:10E39000C1F840F2B7734EE703F5E1739BB2B3F5F2
:10E3A000C87F3FF64DADB4F83E36FA339BB2B3F5B5
:10E3B000FA7F3FF645ADD4F82C36012043F0080330
:10E3C000C4F82C36FEF7B4F840F23A73A4F8683576
:10E3D000D4F85C35C5F8103207235AE703F5E1732A
:10E3E0009BB2B3F5C87F3FF62BADB4F83C36FA3399
:10E3F0009BB2B3F5FA7F3FF623ADD4F82C3643F049
:10E400000803C4F82C36FEF793F840F2B773A4F86B
:10E410006A35DDE7D4F82C36012043F00803C4F850
:10E420002C36FEF785F895F80C32012B1CBF4FF403
:10E43000AF63A4F868354FF4FA63A4F86E35D4F8E6
:10E44000983644F64B329A80D5F81022D4F85C35D1
:10E450009B1A40F2DC5293423FF6F8AEBCE7C4F898
:10E46000F435C5F81032D4F8983644F64B329A8019
:10E47000E6E4DFF80083BB4F0026B8F9003099F8D6
:10E48000561000EE103A3846B8EEC00AF8F7AEFB68
:10E49000BDEEC00A013610EE103A032E28F8023BFA
:10E4A00007F10407E9D1D2E4013B1BB20EE50023DA
:10E4B000A5F8243224E5002BB8BF03339B105B4240
:10E4C00044E56FF01D0363E5012385F83632B4F8A7
:10E4D0004236A4F872366CE5F2F72AF880E507EECA
:10E4E000908AB8EEE77A07EE909A52ED026A9CF9AC
:10E4F0000110F8EEE77A494267EEA67A52ED046A17
:10E50000E7EE267A0EFB01F1013007EE10AA52ED7C
:10E51000036AB8EEC77AE7EE267A07EE101A52EDD4
:10E52000016AB8EEC77AE7EE267AFDEEE77A17EED3
:10E53000901A26F8021B0299884202F11002CED3EB
:10E5400094F8EC25520740F1E18094F8F326049208
:10E55000B4F97C2718460121029E8E4273D8D4F864
:10E560002817D4F8C8A74888B4F96E658242C4BF9A
:10E57000121A1FFA82FB0AF480520592D4F824077B
:10E58000D4F830270392D8BF4FF0000B4FF00009AA
:10E59000029A4A455ED8744E96F82C3C0BB1FCF7B3
:10E5A000FFFC94F8EC355F072FD5B4F8C437D807D3
:10E5B0002BD5B4F93C36002BB8BF5B429BB2B3F508
:10E5C0002F7F1AD8B4F93E36002BB8BF5B429BB2FE
:10E5D000B3F52F7F11D8B4F91639002BB8BF5B42C1
:10E5E0009BB242F6E062934207D8B4F91839002B87
:10E5F000B8BF5B429BB2934207D9D6F8F43523B932
:10E600000220F1F711FEF2F77FF896F8ED75022F70
:10E6100000F0B280032F00F0F880012F7EF494A95F
:10E62000DFF8488198F81030002B3EF48DA996F859
:10E63000EC4514F0040475D04C4A002386F8ED35FF
:10E640001374FEF781B930F9026FB242B8BF324697
:10E65000013181E71A88059FA2EB0B0212B21A80E2
:10E6600077B3039F9CF80080B7F80EE0B8F1000F75
:10E6700008D1B0F80680AEEB0807B74202DAF044E2
:10E68000B04517DC76450EDDB0F802E0964504DCB7
:10E69000B1F802E09645A8BF9646A3F800E009F15C
:10E6A0000109023374E7B1F804E09645F5DCB0F8EF
:10E6B00000E0EFE77645CCBF428802881A80EEE79B
:10E6C000049FB1F8028047B1B1F804E09645E4DC5C
:10E6D0004245A8BF42469646DFE7B1F800E09645BE
:10E6E00003DC4245A8BF42469646039AA3F800E0E1
:10E6F000128A9642D3DA1AF0100F01D08A88DDE729
:10E700009CF80020002ACAD10A88D7E7184BA3F248
:10E710001A2203F1100153F8040B42F8040B8B4248
:10E72000F9D138E7D6F82C36D9077EF50DA9F1F7DF
:10E73000CBFFF1F7D7FFF2F795FA96F8F035C5E978
:10E740009044C5E99344002B7EF4FEA8B8F812303B
:10E75000D6F8982586F8F0751344C6F89435FEF778
:10E76000F3B800BF741700206804002000000020E8
:10E77000FE0D0020840D0020354F3B7C002B3EF425
:10E78000E3A8012386F8EF357B7C43B1D6F85C35EE
:10E7900003F5EA433033C5F8583200237B74D4F8CC
:10E7A0005C25D5F85832D21A002A09DBF1F7ACFF04
:10E7B00000233B7484F8EF3501237B74FEF7C4B863
:10E7C000B5F93021002AB8BF524292B242F2341158
:10E7D0008A4206D900243C74F1F796FF86F8EF458B
:10E7E000EAE7D4F85C25D21A002AD4F85C25CCBF1D
:10E7F000D31A9B1A46F6605293423EF7A5A8D6F864
:10E80000103C0733FEF6A0A8E4E7D6F8F435002B59
:10E810007FF412AFB6F8C42752077FF50DAF85F825
:10E820000C320123C6F8F435D6F85C35C5F8083249
:10E8300002E7012384F8FF35054B002283F83D20D1
:10E8400006F5C333A03345F85C3CFEF786B900BF3C
:10E8500000000020014B024A1A6070473017002068
:10E860005B82183911481249026800608A4218D048
:10E87000002103E00F4B5B58435004310E480F4B0F
:10E8800042189A42F6D30E4A02E0002342F8043BB3
:10E890000C4B9A42F9D3F5F76EFCFEF74DF8704732
:10E8A000FEE70948D0F800D040680047FC9F0020F0
:10E8B000EFBEADDE5C2401080000002068040020EB
:10E8C000680400206820002000D8FF1FFEE7000039
:10E8D00008B52DED028BB0EE408A00F03FFAB4EEA1
:10E8E000488AF1EE10FAF0EE408A0AD6B0EE480AF5
:10E8F00000F0D2F8F7EE007AB4EEE70AF1EE10FA83
:10E9000004DCB0EE680ABDEC028B08BD01F0EAFB46
:10E91000BDEC028B034621221A600248BDE8084084
:10E9200000F0FCB8C41E010808B52DED028BB0EE56
:10E93000408A00F037FBB4EE488AF1EE10FAF0EEB0
:10E94000408A0AD6B0EE480A00F0A6F8F7EE007A40
:10E95000B4EEE70AF1EE10FA04DCB0EE680ABDECA2
:10E96000028B08BD01F0BEFBBDEC028B03462122E9
:10E970001A600248BDE8084000F0D0B8C41E010883
:10E9800000F00ABC08B52DED028BB0EE408A00F015
:10E99000A9FCB4EE488AF1EE10FA0FD6B5EEC08AA3
:10E9A000F1EE10FA0ADCB5EE408AF1EE10FA08D169
:10E9B00001F098FB22239FED090A0360BDEC028B56
:10E9C00008BD01F08FFBBDEC028B034621221A60CB
:10E9D0000348BDE8084000F0A1B800BF000080FF78
:10E9E000C41E010808B52DED028BB0EE408A00F080
:10E9F000E7F8B4EE488AF1EE10FA06D6DFED098AA0
:10EA0000B4EEE88AF1EE10FA02D4BDEC028B08BD38
:10EA100001F068FB88EEA80ABDEC028B212303609D
:10EA200008BD00BF0000000010EE103A184923F0A6
:10EA300000428A421AD9B2F1FF4F02D330EE400AA7
:10EA4000704700B583B0684600F046FD00F0030053
:10EA500001289DED000ADDED010A10D0022809D041
:10EA600090B900F0B1F803B05DF804FBDFED090ADE
:10EA700000F0AAB800F0A8F8B1EE400AF3E700F001
:10EA800025F9B1EE400AEEE7012000F01FF9EAE7B0
:10EA9000D80F493F0000000010EE103A23F0004369
:10EAA00000EE103A704700BF10EE103A194923F0FB
:10EAB00000428A421BD9B2F1FF4F02D330EE400A26
:10EAC000704700B583B0684600F006FD00F0030013
:10EAD00001289DED000ADDED010A13D002280BD0BC
:10EAE00098B9012000F0F2F803B05DF804FBDFED07
:10EAF0000A0A002000F0EAB8012000F0E7F8B1EEC1
:10EB0000400AF1E700F060F8EEE700F05DF8B1EEE2
:10EB1000400AE9E7D80F493F000000009FED010AD5
:10EB2000704700BF0000C07F10B485B08DED010AB2
:10EB3000019BC3F3C752A2F17F011E2931DC1629C4
:10EB40004FEAD37425DC1D4BDDED017A03EB840322
:10EB500093ED007A77EE277ACDED037ADDED037A37
:10EB600077EEC77A17EE903A33F000400DD0C3F33A
:10EB7000C7507F381FD4C3F3160343F40003C0F11A
:10EB8000170023FA00F004B1404205B05DF8044BD1
:10EB90007047C3F3160343F40003963A03FA02F0F6
:10EBA000F1E7DDED017AFDEEE77A17EE900A05B0A8
:10EBB0005DF8044B70470020E5E700BFC81E010860
:10EBC000B1EEC00A704700BF10EE103A23F00043C8
:10EBD000B3F1485F2CD2FDEEC07A17EE903A002BCD
:10EBE00060D060EE007A9FED317A9FED315ADFED13
:10EBF000315A9FED316ADFED316AA7EE875A9FEDFA
:10EC0000307AE7EE855AA7EEA56AA7EE867AE7EE98
:10EC1000876A67EEA66A60EEC00AB6EE007AE7EE93
:10EC2000A60AB7EE000AD7EE870A30EE600A7047F0
:10EC300060EE007A9FED1D7A9FED1D5ADFED1D5AA3
:10EC40009FED1D6ADFED1D6A1E4AA7EE875A9342AB
:10EC50009FED1B7AE5EE275AA5EEA76AA6EE277A66
:10EC6000E7EE276A66EEA76AD5D9174A934214D809
:10EC700003F17F4307EE103AB7EE006A36EE476ABB
:10EC800060EEC00AF6EE005A97EEA57AE7EEA60A05
:10EC900037EE607A36EE470A7047B6EE076AB5EE91
:10ECA000027AEDE7B7EE000A704700BF4ED747ADD6
:10ECB000F6740F317CF293B4010DD037ABAA2A3D24
:10ECC000610BB6BA9999993E0000483F10EE103A90
:10ECD00023F00043B3F1485F04D2FDEEC07A17EE93
:10ECE000903A5BB360EE007A9FED157ADFED155A2E
:10ECF0009FED156ADFED156AE7EE875A9FED147AEE
:10ED0000A5EEA76A20EE275AE6EE276AA6EEA77AB6
:10ED100030B9DFED106AE7EE876AA6EE850A704724
:10ED200027EE457AF6EE006AA0EEA67ADFED0A6AD3
:10ED3000D7EE270AE5EE260A30EE600A704700BFDC
:10ED4000D3C92E2F342FD7B21BEF3836010D50B94F
:10ED50008988083CABAA2ABEABAA2A3E08B510EEA9
:10ED6000102A22F00043B3F17E5F2DED028B12D00A
:10ED70000AD8B3F17C5F16D2B3F10C5F67D8BDEC53
:10ED8000028B9FED770A08BD70EE407A87EEA70AE6
:10ED9000BDEC028B08BD002A40F3DD80BDEC028B88
:10EDA0009FED700A08BD002AC0F28E80F7EE008A3F
:10EDB00038EEC00AF6EE007A20EE278AB0EE480A56
:10EDC000FFF7FEFEDFED687A9FED687ADFED686A97
:10EDD000DFED685A9FED686AA8EE277ADFED677A63
:10EDE000E7EE086AE8EE067AE6EE885A9FED646A76
:10EDF0009FED647ADFED646AA5EE886AA7EE887AF3
:10EE0000DFED627AE6EE087A10EE103AE7EE086A75
:10EE10006FF30B03B0EE677A07EE903AF0EE485AC4
:10EE2000E7EEE75AE6EE888A30EE276A27EE087AA0
:10EE3000C5EE866A87EE286ABDEC028BB0EE667A74
:10EE4000A0EE067A37EE870A30EE000A08BD20EE03
:10EE5000007ADFED457A9FED456ADFED456A9FED6B
:10EE6000465ADFED445AA7EE276ABDEC028BE6EE68
:10EE7000076ADFED427A9FED436AE7EE057AE6EE38
:10EE8000875AA7EE876A9FED3E5ADFED3F7ADFEDA6
:10EE90003F6AA5EE875AE6EE077AE5EE076AF7EED7
:10EEA000005AE7EE875A26EE877A9FED396ADFED42
:10EEB000397AC7EE256AB0EE467AA0EE667A30EE71
:10EEC000470A37EEC00A08BDB7EE007A30EE070AEF
:10EED000F6EE007A60EE277ADFED236A9FED236A73
:10EEE000DFED234ADFED245A9FED225A9FED278A5A
:10EEF000A7EEA66ADFED216AE6EE274AE7EEA56AED
:10EF0000DFED205A9FED1E6AA4EEA75AE6EEA75A3F
:10EF1000DFED1D6AA5EE276AE5EEA76AA6EE278A51
:10EF2000A6EEA77A28EE278AF0EE478AB0EE670AA7
:10EF3000FFF746FE88EE286A9FED177ADFED177A15
:10EF4000A0EE067AF0EE006A37EE007AE7EE667A17
:10EF5000B0EE670A1CE7BDEC028B9FED110A08BDFD
:10EF6000DB0FC93F0000000008EF1138047F4F3A63
:10EF7000461124BDA80A4E3E2EC69D3D613330BFCA
:10EF800090B0A6BE2D57014039D119C0ABAA2A3E78
:10EF90006821A233DA0FC93F6821A2B3DA0F4940D2
:10EFA000DB0F494038B510EE105A25F00044B4F19B
:10EFB0007E5F2DED048BF0EE407A7FD077D8B4F1F0
:10EFC0007C5F0ED2B4F1485F80F090809FED627A52
:10EFD00030EE077AF7EE006AB4EEE67AF1EE10FA58
:10EFE00062DCB0EE670AFFF757FDF7EE007A37EE06
:10EFF000C08AB6EE007A28EE078ADFED586A9FEDE8
:10F00000587A9FED586A9FED585ADFED585ADFED58
:10F01000588AE8EE076A9FED577AA8EE067AA6EEC0
:10F02000885A9FED556ADFED556AA7EE086AE5EE4E
:10F03000085A9FED537AA6EE087AE5EE886AE7EE65
:10F04000087AE6EE888AB0EE480AB0EE679AFFF7D3
:10F05000B7FD4C4B68EE888A9C4288EE896A38D8A6
:10F0600010EE103A6FF30B0306EE903AA6EEE68A26
:10F0700070EE267A9FED447AC8EE274AF0EE005AE9
:10F08000A4EEE57ADFED417A30EE000AB0EE675A81
:10F0900090EE067AA6EEE55A37EE457A37EEC70AC5
:10F0A000002D01DCB1EE400ABDEC048B38BDBDEC97
:10F0B000048B70EE407A87EEA70A38BDBDEC048B56
:10F0C0009FED310A9FED327A27EE800AA7EE870A7C
:10F0D00038BDA0EE060A9FED2F7ADFED2D7AF0EE17
:10F0E000006AA0EE267A37EEC70AD9E720EE007A4A
:10F0F000DFED1B6A9FED196ADFED1B5A9FED195A70
:10F10000DFED1A4AA7EE266ABDEC048BE6EE075A3D
:10F11000DFED186A9FED186AE7EE056AE5EE874AAB
:10F12000A6EE876A9FED155ADFED155ADFED106ADE
:10F13000A4EE875AE6EE075AE5EE076AB7EE006AD4
:10F14000A5EE876A26EE877AC7EE066AE0EE267A93
:10F15000B0EE670A38BD00BFCAF24971047F4F3A6A
:10F1600008EF11382EC69D3D461124BDA80A4E3E1B
:10F17000ABAA2A3E613330BF2D57014090B0A6BEE6
:10F1800039D119C09999793F2EBD3BB3DB0F493F67
:10F19000DB0FC93F2EBD3B3310B582B0CDED010A68
:10F1A000019B23F00042B2F1FF4FF0EE407A30D8DD
:10F1B00010EE100A20F00041B1F1FF4F29D8B3F151
:10F1C0007E5F3ED09C1704F0020444EAD07431B351
:10F1D0007AB3B2F1FF4F3FD0B1F1FF4F29D0891A76
:10F1E000B1F1F45F4FEAE15233DA002B41DA3C32FD
:10F1F0003FDA9FED330A012C4DD0022C42D064B18E
:10F200009FED307ADFED307A30EE070A30EE670A94
:10F2100003E09DED017A37EE270A02B010BD022C03
:10F220000CD09FED2A7A032C08BFB0EE470A02B03B
:10F2300010BD00280ADB9FED260AEEE79FED220AAB
:10F24000EBE702B0BDE8104000F07CBA9FED210A68
:10F25000E3E79FED1F0ACEE7B1F1FF4F04F1FF3462
:10F2600020D0022C26D81C4B03EB840393ED000A1C
:10F27000D3E79DED017A87EE870AFFF70DFC00F0DA
:10F2800061FAB8E79FED0F7ADFED0F7A30EE070AEB
:10F2900037EEC00AC1E710EE103A03F1004300EE6A
:10F2A000103ABAE7022C08D80C4B03EB840393ED19
:10F2B000000AB2E79FED020AAFE79FED090AACE74B
:10F2C000000000002EBDBB33DB0F4940DB0F49C0FF
:10F2D000DB0FC93FDB0FC9BFD01E0108DC1E0108D0
:10F2E000DB0F493F10EE102A32F000432FD0002AE6
:10F2F000134633DBB2F1FF4F40DAB2F5000F34DBD7
:10F300004FF0000C6448C3F31601084400F40002F7
:10F3100082F07E520A43DB1500EE102A7F3B5F4AE3
:10F32000634401F10F0CF7EE007A0CEA020230EEB2
:10F33000670A03EBD05322BBB5EE400AF1EE10FA98
:10F3400062D1002B40F090809FED550A70479FEDF1
:10F35000557ADFED537A87EE270A704770EE407AD0
:10F360009FED4F7A87EE870A7047DFED4F7A60EEA8
:10F37000277A6FF0180C17EE903AC3E730EE000AC8
:10F380007047F0EE007A70EE277A07EE103A80EEC2
:10F39000274A4648C1F55712084402F52272024333
:10F3A000002A9FED433ADFED434ADFED435ADFED9C
:10F3B000433A9FED435ADFED437ADFED436A24EE93
:10F3C000046AF8EEC72A26EE067AE7EE034AA7EEAD
:10F3D000235AE4EE875AE5EE076AE5EE877A67EE90
:10F3E000867AE6EE877A2ADDB6EE007A20EE077A94
:10F3F00027EE007A77EE877A67EE847A3BBB37EEAA
:10F40000677A30EE470A70479FED307AF6EE007A61
:10F41000E0EE477A20EE007A27EE277A002BF0D034
:10F4200007EE903A9FED2A6ADFED2A6AF8EEE77A56
:10F43000A7EEC67A37EE400A97EEA60A704770EE3E
:10F44000677A67EE847AE3B930EE670A70479FED1A
:10F45000206ADFED206AE2EE867A37EE677A37EED1
:10F46000400A92EEA60A704707EE903A9FED180AFE
:10F470009FED187AF8EEE77A27EE800AA7EE870A62
:10F480007047DFED136A9FED137AE2EEE67A37EE0E
:10F49000C00A92EE870A704720FB4A00F0FF7F0007
:10F4A00000000000000000CC0000004C305CCFFFEA
:10F4B0009788173E25333A3E2549923E4FD01C3E51
:10F4C000298E633EABAA2A3FCDCCCC3EABAAAA3E46
:10F4D000D1F717378071313F70B510EE103A8B4A73
:10F4E00023F00044944286B0054671D9884A94427C
:10F4F0001E4624D823F00042002BDFED867A864991
:10F5000022F00F02B0EE407A40F3E6808A4270EEBD
:10F51000677A09BF9FED817ADFED816ADFED816A4D
:10F5200077EEC77A37EEE67A77EEC77A80ED007A23
:10F5300077EEE67AC0ED017A012006B070BD7A4A16
:10F54000944253D9B4F1FF4F49D2E215863AA4EB65
:10F55000C25307EE903ABDEEE77ADFED746AB8EE7B
:10F56000C77A77EEC77A8DED037A67EEA67ABDEE9D
:10F57000E77AB8EEC77A77EEC77A8DED047A67EE50
:10F58000A67AF5EE407AF1EE10FACDED057A40F06C
:10F590008E80B5EE407AF1EE10FA40F08A800123B9
:10F5A000634901910221009103A8294600F00AFA5B
:10F5B000002EC2DA95ED007AD5ED017AB1EE477AE8
:10F5C000F1EE677A85ED007AC5ED017A4042B4E745
:10F5D000002285ED000A4260002006B070BD70EE8A
:10F5E000407AC0ED017AC0ED007AF5E7FFF754FAF2
:10F5F0009FED507A9FED476AF6EE007AE0EE077ACB
:10F600009FED477AFDEEE77AF8EEE76A17EE900A8B
:10F61000A6EEC60A1F2866EE877AB1EE666A30EE5D
:10F62000677A1EDC444A411E26F0004352F821202E
:10F6300023F0FF03934214D085ED007A30EE470AA1
:10F64000002E30EE670A85ED010ABFF676AFB1EE07
:10F65000477AB1EE400A85ED007A85ED010A404215
:10F660006BE717EE103AC3F3C753C3EBD453082B21
:10F670004FEAE452E0DD9FED297A9FED2A5AF0EE41
:10F68000405AE6EE075A70EE657AE6EE077AD6EE55
:10F69000857A35EEE77A17EE103AC3F3C753D21ADC
:10F6A000192A08DCB0EE650A85ED007AC6E7032367
:10F6B00076E7022374E79FED217A9FED215AB0EEA1
:10F6C000650AA6EE070A75EEC07AE6EE077AD6EE70
:10F6D000857A30EE677AAFE78A4270EE277A09BF03
:10F6E0009FED0E7ADFED0E6ADFED0E6A77EE877A18
:10F6F00037EEA67A77EEC77A80ED007A77EEA67AB3
:10F70000C0ED017A4FF0FF3017E700BFD80F493F37
:10F71000E3CB1640800FC93FD00FC93F00443537B7
:10F720004344353708A3852E800F494300008043AA
:10F73000681F010884F9223FE81E010800A3852EF6
:10F7400032318D2438B510EE105A25F00044B4F152
:10F75000A14FF0EE407A07D3B4F1FF4F55D8002DFA
:10F7600077DD9FED4E0A38BD4D4B9C425CD8B4F11D
:10F77000445F4DD34FF0FF3327EEA76A9FED495A00
:10F780009FED497ADFED495ADFED494A66EE066A98
:10F790005A1CA6EE857AE6EEA54A9FED465ADFEDA5
:10F7A000465AA7EE265AE4EEA65A9FED447ADFEDBC
:10F7B000444AA5EE267AE5EEA64A9FED425ADFEDD1
:10F7C000425AA7EE265A9FED417AA4EEA67AE5EEBC
:10F7D000265A27EE267AA5EE867A27EE877A3BD040
:10F7E0003B493C4A01EB8301D1ED006A37EE667A72
:10F7F00002EB8303D3ED006A37EE677A002D36EE15
:10F80000C70AB0DAB1EE400A38BD30EE000A38BDA2
:10F810009FED317A30EE077AF7EE006AB4EEE67AC1
:10F82000F1EE10FAA6DD38BDFFF736F92B4B9C42FE
:10F8300015D8A3F5D0039C4226D8F0EE007ABFEE8F
:10F84000007AA0EE277A002330EE270AC7EE007A6E
:10F8500092E79FED230A38BD37EEC70A38BD214B2A
:10F860009C420BD8F7EE087AB7EE007AA0EE277A22
:10F87000022330EE670AC0EE077A7DE7BFEE007A1A
:10F88000C7EE007A032377E7F7EE007A30EE677A67
:10F8900030EE270A0123C7EE007A6DE7DB0FC93F80
:10F8A000FFFFDF3ED769853C59DA4B3D21A215BDEC
:10F8B0006BF16EBD356B883D95879DBD6E2EBA3D53
:10F8C000388EE3BD2549123EABAAAA3ECDCC4CBE34
:10F8D0008022010890220108CAF24971FFFF973F78
:10F8E000DB0FC9BFFFFF1B4010EE103A33F00041A1
:10F8F0001A4625D0B1F1FF4F1FD213F0FF4F20D190
:10F90000DFED297A294A60EE277A904217EE903A85
:10F9100031DB4CF2503CC3F3C75160451A46A1F1AC
:10F92000190114DD002BDFED227A9FED210AB8BF0B
:10F93000DFED207A27EE800A704730EE000A70472C
:10F9400070474CF2503C60454FEAD151EADC01442B
:10F95000FE29E7DC002915DC11F1160F19DB19313E
:10F9600022F0FF4242EAC15207EE902A9FED120AAE
:10F9700027EE800A7047DFED117A07EE103A27EE86
:10F98000270A704722F0FF4242EAC15300EE103AC4
:10F990007047002BDFED097A9FED080AB8BFDFED55
:10F9A000087A27EE800A70470000004CB03CFFFF49
:10F9B000CAF24971CAF249F1000000336042A20D57
:10F9C0006042A28D2DE9F04F2DED048BDBB01C467B
:10F9D000944603930A46BA4B68991CF1040F53F8F6
:10F9E0002170824604F1FF39C0F25682BCF1030354
:10F9F00048BF0CF10403DB10029301334FEAC30E3E
:10FA0000ACEB0E030593029B17EB0900A3EB090374
:10FA100016D401309FEDAB7A699C18441EA9002BC7
:10FA2000A4BF54F8235007EE905A03F10103ACBF72
:10FA3000F8EEE77AF0EE477A8342E1EC017AEED114
:10FA4000002FC0F2E28203991EA800EB81004FEA6A
:10FA500081087E18002346AD4C460AEB8101B9F1BE
:10FA6000000F80F2C8800134B44245F8043B00F135
:10FA70000400F4D10DF1280B0BEB8703CDE9062E22
:10FA8000043B9FED929ADFED908A059804930AEB70
:10FA9000080446AE0BEB87080097CDF820C00DEBAD
:10FAA0008703002F93ED460A4FEA870515DD73198A
:10FAB0005A4660EE097AB0EE407AFDEEE77A73EDD1
:10FAC000016AF8EEE77AB342A7EEE87A37EEA60AC3
:10FAD000BDEEC77AA2EC017AEBD10190FFF704FFEB
:10FAE000F4EE007AB0EE408A20EE270A00F0B0FA79
:10FAF000F2EE007AA0EE678A01980028FDEEC89A1F
:10FB0000F8EEE97A38EE678A40F38280791EC0F118
:10FB100008035BF821E04EFA03FC0CFA03F3AEEBAA
:10FB2000030EC0F1070219EE903A4EFA02F2634456
:10FB3000002A09EE903A4BF821E000F3AF80B5EED1
:10FB4000408AF1EE10FA74D1009B9F420ADD5D44B9
:10FB5000002355F8041D454543EA0103F9D1002B64
:10FB600040F00281009B013B5BF823207B1C9C46FC
:10FB7000002A40F0F780049A012152F8045D013117
:10FB8000002DFAD03944029D039A05EB030E0EF1C5
:10FB9000804E699D0EF1FF3E3A4405EB8E0E1EAD80
:10FBA00006EB830705EB8205DEED017AF8EEE77AD6
:10FBB000B9F1000F0EF1040EE5EC017ADFED417AA8
:10FBC00009DB2A465346F3EC016A32ED017AA3427F
:10FBD000E6EE877AF7D10CF1010C8C45E7EC017A5F
:10FBE000E2DD0F465BE70134B442E5EC017A00F157
:10FBF00004003FF43FAFDFED337A83465346F3EC26
:10FC0000016A3BED017A8B42E6EE877AF7D1EAE7AB
:10FC100000F09180F6EE007AB4EEE78AF1EE10FA89
:10FC200080F22981B5EE408AF1EE10FA4FF0000221
:10FC30008AD09246DDE9062EDDF820C00197AEEBB2
:10FC40000C00B0EE480A009F0092FFF74DFEDFED7A
:10FC50001E6AB4EEE60AF1EE10FADDE90023F0EEDA
:10FC6000407AC0F29C819FED197A059920EE077ABF
:10FC70000831BDEEC77A0591B8EEC77A5C1CE7EE95
:10FC8000667ABDEEC77AFDEEE77A17EE901A4BF86A
:10FC9000231017EE103A4BF824307EE00133002F8A
:10FCA00009EE903A40F39D8159464FF0000E51F80D
:10FCB000043B002B39D0C3F5807341F8043C0CE0C1
:10FCC000CC22010800000000000080430000803BBF
:10FCD0000B68C3F1FF0341F8043B0EF1010E7745B9
:10FCE000F6DC01239E4600280BDD012800F0BB80D6
:10FCF000022806D1791E5BF8213003F03F0C4BF847
:10FD000021C0022A7FF41BAFB7EE000A734630EE23
:10FD1000488A002B3FF413AF09920190FFF7E4FDEE
:10FD20000198099A38EE408A09E70EF1010E7745ED
:10FD3000BDDC9E46D7E77B1E5BF82320D211002A4C
:10FD40007FF7FDAE19EE903A002F03F1010309EEA3
:10FD5000903AA9DC022A7FF4F2AEF7EE007A37EE91
:10FD6000C88AECE619460EE73B469246DDE90512E5
:10FD70005C1EA1F108005BF82410009F059061B99A
:10FD800003F18043013B0BEB8303014653F8040D61
:10FD9000013C08390028F9D0059105980092B7EE8A
:10FDA000000AFFF7A1FD002C009AB0EE407AC0F2E5
:10FDB0002281601C46AD5FED3B6A81000BEB800346
:10FDC00005EB800073ED017AF8EEE77A5B4567EEAC
:10FDD000877A27EE267A60ED017AF3D10DF1C80813
:10FDE0000E1F2E44C646A4460025002F7DDBDFF8FB
:10FDF0005C92DFED957A3046002307E0F9EC016A6A
:10FE0000B0EC017A9F42E6EE877A03DBAB4203F166
:10FE10000103F3DD0CF1FF3CBCF1FF3FEEEC017A96
:10FE200005F10105A6F10406E1D1689B022B6ADC0D
:10FE3000002B36DC0ED1DFED847A414431ED017ABE
:10FE4000414577EE877AF9D15346002B40F0C680C2
:10FE5000C2ED007A19EE903A03F007005BB0BDECFA
:10FE6000048BBDE8F08F791E5BF8213003F07F0C26
:10FE70004BF821C045E719EE903A002F03F101033A
:10FE800009EE903AC8BF02223FF70EAFF7EE007AB4
:10FE900037EEC88A022252E600234FF0080E029382
:10FEA000AEE5DDED327A9FED687A414471ED016A8D
:10FEB000414537EE267AF9D15346002B40F0848035
:10FEC00077EEC77A82ED007A64B133A90123B1ECF1
:10FED000017A01339C4277EE877AF8DA53460BB108
:10FEE000F1EE677AC2ED017AB4E70CF1FF3C002332
:10FEF000BCF1FF3F4EF8043B05F10105A6F10406F5
:10FF00007FF473AF91E7689B032BA3D1002C00F023
:10FF10008C8008EB840595ED007AA0002B462946DD
:10FF200071ED017AF0EE476A37EE277A414577EEB8
:10FF3000C77A81ED007A77EEA67AC1ED017AEFD12A
:10FF4000012C72D095ED007A08F1040173ED017A6D
:10FF5000F0EE476A37EE277A994277EEC77A83ED5B
:10FF6000007A77EEA67AC3ED017AEFD1031DDFEDBB
:10FF7000367A434408F1080833ED017A984577EE64
:10FF8000877AF9D15346DDED326A9DED337A73B944
:10FF9000C2ED006A82ED017AC2ED027A5AE7FDEE07
:10FFA000C07A1C4617EE901A4BF82310F5E6F1EED6
:10FFB000666AB1EE477AF1EE677AC2ED006A82EDC9
:10FFC000017AC2ED027A45E7F1EE476A77EEC77A29
:10FFD000C2ED006A002C7FF478AF81E7F1EE677A1A
:10FFE00036E7012815D002287FF4B4AE0EF03F03A7
:10FFF0004BF82130AEE6689B022B12DC002B17DC9D
:020000040801F1
:100000007FF428AFDFED107A1EE7039B4FEA8308E9
:1000100030E50EF07F03022A4BF821307FF48FADDC
:100020009BE6689B032B7FF415AFDFED077AA9E70A
:100030005346DDED327A1BB14FF0004313604FE7BA
:10004000002313604EE700BF00000000A02201085B
:1000500010EE102AC2F3C7537F3B162B22F000414B
:100060001BDC002B10461EDB1A4919410A4223D023
:10007000DFED197A70EE277AF5EEC07AF1EE10FA1C
:100080001ADD002A04DA4FF4000242FA03F318449E
:1000900020EA010300EE103A7047B1F1FF4F0BD395
:1000A00030EE000A7047DFED0C7A70EE277AF5EE3D
:1000B000C07AF1EE10FA00DC7047002A02DB9FEDF7
:1000C000070A704711B99FED060A7047BFEE000A94
:1000D000F2E700BFFFFF7F00CAF249710000000095
:1000E00000000080014B1868704700BF200300200B
:1000F000830730B546D08418844604E003F8011B1A
:100100009D0704D09C46A4456346F7D130BD013A13
:100110000244A2EB0C02032A29D9CCB204EB04243A
:100120000F2A04EB04442FD9A2F1100C2CF00F0C71
:1001300003F11005AC44C3E90044C3E902441033A1
:100140006345F8D112F00C0F02F00F0E18D02EF00C
:10015000030C9C44AEF104051A4642F8044B624578
:10016000FBD125F0030404330EF003022344002ADC
:10017000CCD0C9B21A4403F8011B9342FBD130BD65
:100180007246F4E70346C6E79646E0E711F0FF0142
:10019000034600F0030239D08ABB026810B501EBB8
:1001A000012E0EEB0E4E8EEA0204A2F1013323EA79
:1001B0000203A4F1013222EA0402134313F0803F48
:1001C0000FD150F8044F84EA0E0CA4F10133ACF1C6
:1001D000013223EA040322EA0C02134313F0803FA6
:1001E000EFD0037823B936E010F8013F002B32D06E
:1001F0009942F9D110BD8A4228D09A0729D01A789D
:1002000018460133002AF6D110467047CAB9026871
:10021000A2F1013323EA020313F0803F08D150F822
:10022000042FA2F1013323EA020313F0803FF6D03A
:1002300003785BB110F8013F002BFBD170479907A1
:1002400005D0184613F8012B002AF8D1704718463C
:10025000DDE71846A1E7184610BD00BF024B582243
:100260001A604FF0FF30704764200020024B582284
:100270001A604FF0FF30704764200020FEE700BF97
:100280002DE9F047089D0F4604468C46002B48D1C7
:100290008A42164661D9B2FA82F34BB1C3F1200209
:1002A00001FA03FC20FA02F29E4042EA0C0C9C4048
:1002B0004FEA164EB7B2BCFBFEF1220C0EFB11CC7E
:1002C00042EA0C4201FB07F0904209D9B21801F151
:1002D000FF3C80F0EE80904240F2EB8002393244E5
:1002E000121AA4B2B2FBFEF00EFB102244EA024442
:1002F00000FB07F7A74209D9341900F1FF3280F05B
:10030000DA80A74240F2D7803444023840EA014004
:10031000E41B00211DB1DC400023C5E90043BDE81A
:10032000F0878B4206D90DB1C5E9000100210846CE
:10033000BDE8F087B3FA83F1002948D1BB4202D36C
:10034000824200F20781841A67EB0302012094467F
:10035000002DE4D0C5E9004CE1E7002A00F09280CE
:10036000B2FA82F3002B40F0A8808A1A4FEA164EA8
:100370001FFA86FC0121200CB2FBFEF70EFB1722B0
:1003800040EA02420CFB07F0904207D9B21807F18D
:10039000FF3802D2904200F2E2804746121AA4B21D
:1003A000B2FBFEF00EFB102244EA02440CFB00FC00
:1003B000A44507D9341900F1FF3202D2A44500F256
:1003C000CB801046A4EB0C0440EA0740A2E7C1F141
:1003D00020068B4022FA06FC4CEA030C07FA01F4D3
:1003E00020FA06F3F7404FEA1C49234300FA01F8CC
:1003F0001FFA8CFEB7FBF9F01C0C09FB107744EADE
:10040000074400FB0EF7A74202FA01F20AD91CEBDF
:10041000040400F1FF3A80F09B80A74240F29880EC
:1004200002386444E41B9FB2B4FBF9F309FB1344A4
:1004300047EA044403FB0EFEA64509D91CEB04045D
:1004400003F1FF3780F08280A6457FD9023B6444E8
:1004500043EA0040A4EB0E04A0FB02E7BC42734653
:10046000B94663D360D05DB1B8EB030264EB090415
:1004700004FA06F622FA01F31E43CC40C5E90064F3
:1004800000214CE76208480842EAC1710B0C43EABC
:1004900000438AB242EA0342B3FBF6F1E407B446F2
:1004A0003746B6461F23B0FBF6F0D21B41EA0041A7
:1004B00061E7614614E7104628E7C3F1200120FAFE
:1004C00001F29E4027FA01F19F403A434FEA164E4F
:1004D0001FFA86FCB1FBFEF70EFB1710110C41EA68
:1004E000004107FB0CF8884504FA03F43AD9711867
:1004F00007F1FF3001D288451FD8A1EB0801B1FBFD
:10050000FEF808FB0CF70EFB181192B242EA01420A
:10051000BA422FD2B21808F1FF31C6D2BA42C4D2C1
:10052000A8F102013244C0E7F0459CD2BEEB0203C1
:1005300067EB0C070138B94695E7A6EB080841447C
:10054000B81EB1FBFEF808FB0CF7DCE73B467FE783
:10055000504667E70846FBE63444023832E7023F7C
:1005600032441BE7A1EB08013846B1FBFEF808FB5B
:100570000CF7C8E7414698E703685A004CBF43F0C0
:10058000004323F000431844704700BF2DE9F047B3
:1005900059B301F1FF380546164647464FF0000AA9
:1005A0000AEB070101EBD171491005EBC10948467F
:1005B000FFF7E2FF88454FEAC104034610D004F17B
:1005C0000800B342284407D8FFF7D6FF0138B042ED
:1005D00008D201F1010AE3E78A4506D04F1EDFE7A2
:1005E000B042F9D84846BDE8F0874FF000094846C8
:1005F000BDE8F087012806D0022802D028B90448B7
:10060000704704487047044870470020704700BF97
:10061000E50C0108F50C0108ED0C010830B5224B82
:1006200083B004468D1E43B301A92846AFF3008072
:10063000F0B101992A46FFF7A9FF0146C0B1FFF7C3
:100640009BFF4B68A064012B2BD0002B01F1040011
:1006500025DBFFF791FF002323650368E064002B8F
:1006600012DBFFF789FF03460020236103B030BD92
:1006700000230920236103B030BD0C4B0C49C91A7B
:10068000C91018460191D5E7C3F30360FFF7B2FF25
:10069000031E0CBF09200020236103B030BD0123DD
:1006A000DAE700230520E0E7000000000823010846
:1006B000582401080368DA0710B5044606D49B07DE
:1006C00000F1500009D5FCF773F82368590709D5E4
:1006D0001A070ED5DB0613D510BDFCF761F82368A9
:1006E0005907F5D404F1D800FCF76AF823681A0713
:1006F000F0D404F5AC70FCF76BF82368DB06EBD4A0
:1007000004F5EC70BDE81040FCF7A6B8034600689D
:1007100000B11844704700BF704700BF70B5044671
:100720000E46316C2046FFF779FF054688B9326CDA
:100730006261236932462146012098470828F0D09B
:10074000072806D12846316CFFF7E6FF301DFCF77D
:100750001BF800F0E5FD00BF2DE9F04F0D1DD0F8AE
:100760000C90D0F818A0074614460FCDADF5777D54
:100770000DF10C0CACE80F000FCDACE80F000FCD65
:10078000ACE80F0095E80F0002AE4FF0000E8CE8C9
:100790000F000DF5F878C6F800E021E0336C7B61BE
:1007A0004FF4F47231464046FBF7CEFE3B694246B9
:1007B000394658469847D8F83830B3642146CDE9D1
:1007C000006A05463B4601203A46C847044618BB26
:1007D0004FF4F47241463046FBF7B6FE082D19D1AE
:1007E000316C3846FFF71AFF093405465FFA84FB7F
:1007F0000028D3D0B36BB3643A46CDE9006A3B46D8
:100800004BF010010120C84730B928460DF5777D1F
:10081000BDE8F08F072D05D0092528460DF5777D19
:10082000BDE8F08F2046316CFFF776FF03A8FBF799
:10083000ABFF00BFF0B5CB6BFBB001F1040C0B6458
:100840000F460546BCE80F0001AC0FC4BCE80F0022
:100850000FC4BCE80F000FC49CE80F004FF0FF3E30
:1008600084E80F006E46CDF800E006E02B693246C2
:10087000294698470828044608D1316C2846FFF7D6
:10088000CDFE0028F2D009207BB0F0BD3046FFF746
:1008900011FF062CF7D139462846FFF73FFF00BF6E
:1008A000C160D96B8261196400221946FFF754BFF9
:1008B00070B5C66843690B64AEB903690A4604465D
:1008C0000D46014602209847072805D008280FD179
:1008D00029462046FFF722FF3046296CFFF71CFF10
:1008E000281DFBF751FF0122FFF736FF00F018FD2E
:1008F00000F016FDC26808B532B1CA6B0A64BDE8E3
:1009000008400022FFF728BFFFF794FF092008BD29
:10091000052915D8DFE801F00A03140303050120B7
:100920007047009A436C13600020704743B90F2A48
:1009300006D800EB820200205368009A13607047CB
:100940000220704700B585B00A46002303A9009134
:100950001946FFF7DDFF039805B05DF804FB00BF03
:10096000052915D8DFE801F00A0314030305012067
:100970007047009B1B6843640020704743B90F2AEF
:1009800006D8009B00EB82021B6853600020704772
:100990000220704710B584B0002303AC039200948A
:1009A0000A461946FFF7DCFF04B010BD2DE9F041FF
:1009B000D36BADF5107D02F1040C136407460E46AF
:1009C000BCE80F000DF15C0EAEE80F00BCE80F00B4
:1009D000AEE80F00BCE80F00AEE80F009CE80F0087
:1009E00016AC4FF0FF388EE80F006D46C4F800805B
:1009F00010E0FFF7CFFF31462046B84703462246B6
:100A00000820294683B92B699847052880460DD0D0
:100A1000092809D0216C2846FFF700FE03460C2167
:100A20002A462046002BE4D04FF009082046FFF765
:100A300041FE40460DF5107DBDE8F0812DE9F04FF7
:100A40001646CA6C89B00D4652F8041B069200F097
:100A5000030CE3B10C0C8DF81D400904E4B20591C0
:100A600002EB840202218DF81C10296DBCF1020FEB
:100A700008BFAA6B11F001080FD005A9304600F09D
:100A8000CFFA002839D1082009B0BDE8F08F09025B
:100A900005918DF81D300321E5E71768002FECD094
:100AA00000F008010191E346CDF808809A46BAF1BA
:100AB000020F26D01788548802F10409AA6C24F08A
:100AC00001030F21304603EB0208FFF73BFF80458F
:100AD00015D827F0010202EB0803834294BF0023DC
:100AE0000123640004F0020407F001072743012FEB
:100AF0000BD0022F50D0002F45D00920C4E700238F
:100B0000EFE7546802F10809D8E7BBF1000F73D191
:100B1000CBB1D9F80430D9F80020991C4FEAD27231
:100B2000EBD005F158040133049400F0CC8009F1B6
:100B30000400FFF7EBFD04AB01462846AFF300804D
:100B4000002840F0978009F108021768002FAED105
:100B500005A93046DDF8088000F062FA0028CCD103
:100B6000B8F1000F8FD00F213046FFF7EBFE0E21BA
:100B700002463046FFF70EFF594A0F213046FFF775
:100B800009FF072080E7BBF1000F02D0002B40F0E7
:100B9000878009F10402D8E7D9F8004024F0004822
:100BA000BBF1000F0FD12BB1019B002B3CD0B8F152
:100BB000000F39D0002C01DA09F1040908F1010213
:100BC00009EB8202C1E70D213046FFF7BBFE2F6A19
:100BD0008742EFD1AB6A9945ECD100240423C5E9E3
:100BE0000B434B44C5F828806B63D9F80030A3420F
:100BF00070DB01230293E1E70D213046FFF7A2FEEF
:100C00002C6A84429FD1AB6A99459CD14846FFF734
:100C1000B3FC0F2102463046FFF7BCFE2A460021F6
:100C20003046FFF7B7FEACE705F15803CDF80CB03E
:100C300009F10407B34600241E460BE0384604962B
:100C4000FFF764FD0022014604AB2846AFF30080A5
:100C50000437F8B9444504F10104EFD10D21584699
:100C6000FFF770FE049BC5F828900246C5E90823EB
:100C7000062009E704460D213046FFF763FE049E77
:100C80002862022C04BFEE6205F12C06C5E9096951
:100C90000620F9E65E46D9F80040DDF80CB089E799
:100CA0004846FFF769FC09F104030446AB63284694
:100CB000AFF3008000283FF420AF22460F213046DA
:100CC000FFF768FE5DE730460D21FFF73BFE264645
:100CD0002862DBE708F1010209EB820097E700BF19
:100CE000000000000023FFF7A9BE00BF0123FFF7AB
:100CF000A5BE00BF0223FFF7A1BE00BF2DE9F04152
:100D00000646C4B01446052908D8DFE801F01630BD
:100D10000773980B3A19102A40F2B780022044B0AA
:100D2000BDE8F081836B002CF8D153F8042B4264AA
:100D30008363002044B0BDE8F081002BEED1856BC9
:100D40001FFA84FC012006F1040E00FA03F111EAF7
:100D50000C0F2A4604D052F8041B4EF823101546F7
:100D60000133102BF1D1A004E3D4B563E1E7012BEB
:100D70004FEA1447A4B2CDD0052BCFD107EB04081E
:100D8000B8F1200FCAD80F2F40F2BD80002CD0D070
:100D900002685107A04600F11B81019302AC204676
:100DA000FBF712FDD6F838C0019B102F4FF0FF3231
:100DB00039464FF0020E38BF102118FB0E2E04EBFF
:100DC000C10184397246604650F8045B41F8045F03
:100DD000013A551CF8D10CF1040C012B0CEB8E02DE
:100DE00000F0D5800F2FB26340F2FA802046FBF767
:100DF000E7FC9EE7032B91D1A7B207EB1443102B1E
:100E00004FEA14448AD80368190700F1A38022AD81
:100E10002846FBF7FFFC7A00B06B05EBC404531EB9
:100E200042B1011B625844F8042B013B5A1CF9D112
:100E300000EBC700B0632846FBF7CAFC79E7002B3C
:100E40007FF46CAF102C3FF669AF0368D80679D4F5
:100E500022AD2846FBF70AFDB76B294600234FF069
:100E6000010C0CFA03F22242384603F1010303D0CD
:100E700050F8042B0A600746042B01F10401F0D15D
:100E8000B7632846FBF7E8FC53E7102F3FF446AF63
:100E90000268D10708D5304622F0030240F8502BF3
:100EA0000193FBF781FC019B019322AD2846FBF7E0
:100EB0007BFCD6F838C0002C6BD0019B4FF00008AB
:100EC00002214FF0FF3214FB012E05EBC70104395C
:100ED0007246604650F8044B41F8044F013A541CE6
:100EE000F8D10CF1040C0CEB8E0CB8F1000F39D1D9
:100EF000012B4ED00F2FC6F838C03FF61AAF284648
:100F0000FBF756FC15E70268B8F1100F02F001017B
:100F10002AD851B1304622F0010242F0020240F8D4
:100F2000502B0193FBF748FC019B019322AD28460F
:100F3000FBF742FC019B002CE1D0D6F838C04FF003
:100F40000008BDE723F01003336006F5EC70FBF7F3
:100F50008DFC7DE723F00803036000F5AC70FBF720
:100F600059FC54E702AC20E7D1B9550726D422AD8D
:100F700028460193FBF720FC02A8FBF725FCA8F10B
:100F80001008D6F838C0019BC7F1100498E79446C2
:100F900022AD0CF10403B3632846FBF701FCC8E65D
:100FA00022F0010242F0020240F8502B0193FBF7BD
:100FB00003FC3268019B12F0040FD8D0304622F0B7
:100FC000040240F8D82B0193FBF7FEFB019BCEE710
:100FD00022F0040240F8D82B0193FBF7F5FBDDE685
:100FE00022A8FBF7E5FB01E7027A03467AB9427AC9
:100FF000A2B14168013A10B44272086803220C1D84
:101000001A7202025C60000E10BC1A607047006821
:10101000013A1A7202021A60000E7047B02070473F
:101020002DE9F043064685B00D4600272846FFF718
:10103000DBFFB028044600F0218103065ED500F0F6
:10104000F003A02B1DD033D8802B00F08780902B8D
:101050002AD100F00D030D2B26D00DF10808002336
:1010600000F00F021946CDF800803046FFF750FC23
:101070000023CDF800800D2219463046FFF770FCA2
:10108000D4E7C34303F007034FF47F621A4101071B
:1010900002F47F6201D542F48042002319463046B3
:1010A000FFF72CFE0028C1D0092005B0BDE8F08371
:1010B000B02B68D0C02B3FD1C62800F0CC80C72809
:1010C00000F0DF8000F0F803C02B00F0EC80C828AF
:1010D00000F0F780C928E7D12846FFF785FF020313
:1010E00000F00F0002F470220130024301210523B9
:1010F0003046FFF703FE002898D0D5E78300DBB227
:1011000003F104080DF1080900231946CDF80090F9
:101110000D223046FFF7FCFB029ACDF800906006E6
:101120004CBFA2EB080242440023029219460D2252
:101130003046FFF715FC79E700F0F803D02BB3D168
:1011400000F007020132052342F40022012130465B
:10115000FFF7D4FD00283FF469AFA5E72846FFF765
:1011600043FF24022043B0F5004F9DD0040100232B
:10117000A2B219463046FFF7C1FD002894D1C4F34E
:10118000C030074352E7A0F1B103042B00F2B58051
:10119000DFE803F05729160C030003AA002300928E
:1011A00019460D223046FFF7B3FB3FE700231A46EE
:1011B00005213046FFF7A2FD00283FF437AF73E763
:1011C0002846FFF711FF020300F00F00013002F480
:1011D00070220123024319463046FFF78FFD002895
:1011E0003FF424AF60E700230DF108090D221946F2
:1011F000CDF800903046FFF78BFB2846FFF7F4FE52
:101200000206029C4FF002080CD500F07F0000FAA5
:1012100008F0044428460294FFF7E6FE030608F1AE
:101220000708F2D400FA08F004F501742044002302
:101230000290CDF800900D2219463046FFF790FB42
:10124000F4E62846FFF7D0FE431EDBB20E2B024623
:101250007FF623AF28E72846FFF7C6FE020300F01B
:101260000F00013002F47022032302431946304676
:10127000FFF744FD00283FF4D9AE15E76FB3002017
:1012800013E72846FFF7B0FE431EDBB20E2B0246E3
:101290003FF60AAF002304213046FFF72FFD002858
:1012A0003FF4C4AE00E700F00F020132032342F422
:1012B000202219463046FFF721FD00283FF4B6AE44
:1012C000F2E62846FFF790FE00F0F00200F00F0370
:1012D0001032013343EA023208E702AC3B4639469A
:1012E00000940E223046FFF713FB0F2200943B467A
:1012F00039463046FFF734FBC1E700F0FC03B42B5E
:101300003FF4D2AE00F007020132012342F4002282
:1013100019463046FFF7F2FC00283FF487AEC3E6DB
:1013200008B5062000F004F80120FEF7A7FF00BF73
:1013300038B5144B1F281D681ED8D5F8382104462F
:1013400062B152F820304BB1012B05D0591C0FD09F
:10135000002142F820109847002038BD284600F0B0
:1013600029F8224601462846BDE8384000F00CB86E
:1013700016232B60012038BD16232B604FF0FF3061
:1013800038BD00BF2003002070B50C46084D034651
:101390000026204611461C462E60FEF767FF431CC0
:1013A00000D070BD2B68002BFBD0236070BD00BF48
:1013B00064200020FEF752BF41455254313233348D
:1013C00035363738616263646566676800524F4C32
:1013D0004C3B50495443483B5941573B414C543B8B
:1013E000506F733B506F73523B4E6176523B4C458E
:1013F00056454C3B4D41473B56454C3B0000000099
:10140000000000003F1D0108000000000100000076
:10141000441D010801000000020000004B1D0108EE
:101420000200000003000000541D0108030000003A
:10143000040000005A1D010805000000050000001E
:101440005F1D01080600000006000000691D01087C
:101450000700000007000000721D010808000000DE
:10146000080000007B1D01080900000009000000C1
:10147000841D01080A0000000A0000008E1D0108FA
:101480000B0000000B000000981D01080C0000007C
:101490000C000000A21D01080D0000000D0000005E
:1014A000AA1D01080E0000000E000000B21D010878
:1014B0000F0000000F000000BA1D0108100000001E
:1014C00010000000C31D0108110000001100000001
:1014D000CA1D01081200000012000000D41D0108FE
:1014E0001300000013000000DC1D010814000000C0
:1014F00014000000E71D01081500000015000000A1
:10150000EE1D01081600000016000000F51D010880
:101510001700000017000000FD1D01081800000062
:1015200018000000051E0108190000001900000045
:101530000D1E01081A0000001A000000171E010805
:101540001B0000001B00000000000000FF00000066
:101550000100010200010300010400010500010671
:1015600000010700010800010900010A00010B0049
:10157000010C01030D00010E00010F00011000011C
:1015800011000112000113000114000100080048BD
:101590000040010200080048002001020008004845
:1015A0000080010200000048100001020000004815
:1015B000200001020000004840000102C5950066BD
:1015C0009C0000000000000080250000004B00008F
:1015D0000096000000E1000000C20100008403004A
:1015E00090D0030000000040000400480004081CE4
:1015F00001020A01000000400004004800080C1C21
:1016000001020B0100000040000000480200041C21
:101610000102010100000040000000480100001C20
:1016200001020001002C0140000000480001001BE5
:10163000000A0806B4160108A01601089E16010843
:101640009C1601080000803F000080BF0000803F22
:10165000000080BF0000803F000080BF000080BF0E
:101660000000803F0000803F0000803F0000803F7E
:101670000000803F0000803F0000803F000080BFEE
:10168000000080BF0004004800000048000000483F
:10169000000400480004004800040048FFFFFFFF6A
:1016A0000003010302030303040105030603070308
:1016B0000804FFFF00030103020303030402050300
:1016C0000603070308040903FFFF000000A24A0401
:1016D0000001000001000000DF1B0108211E0108BD
:1016E00002010000CC1B0108311E010803020000AA
:1016F000C91B0108411E010804030000C41B0108A6
:10170000491E010805040000BF1B01084C1E01080A
:1017100006050000B61B0108531E0108070600005D
:10172000B31B0108621E010808070000B01B010876
:101730006F1E010809080000881900200000000041
:101740000A090000AD1B0108771E01080C0A000001
:10175000A81B01087E1E01080D0B0000A31B010839
:101760008E1E01080E0C0000941B0108A31E010828
:101770000F0D000088190020000000000B0E000073
:10178000901B0108AE1E0108100F00008B1B010802
:10179000BC1E010800000000010203040102030452
:1017A00006070809010002000400060008000A00FC
:1017B0000C0010002000400080000001000000002C
:1017C00000000000000000480001000000000200CE
:1017D0000004004804000000000004000004004869
:1017E00040000000000004000004004880000000E9
:1017F0000000040000040048008000000000040015
:1018000000040048004000000000040000040048FC
:101810000020000000000400000400480010000048
:10182000000004000000004810000000000002005A
:1018300000000048002000000000020000000048F6
:1018400000400000000002000004004810000000FA
:101850000000040000040048200000000000040014
:1018600000000048200000000000020000040048C2
:101870000800000000000400000000480080000094
:101880000000020000000048080000000000020004
:10189000000000480400000000000200216200086F
:1018A0001D620008256200080A0000000500000013
:1018B000000000000500000000040801B1640008F9
:1018C000116400084564000881640008B18C0008B8
:1018D0006B640008B58C0008000000000000004F99
:1018E00000000007000700147F147F14242A7F2AB9
:1018F0001223130864623649552250000503000084
:10190000001C2241000041221C0014083E0814085B
:10191000083E080800503000000808080808006069
:1019200060000020100804023E5149453E00427FFD
:10193000400042615149462141454B311814127F04
:101940001027454545393C4A49493001710905038D
:101950003649494936064949291E003636000000F5
:1019600056360000081422410014141414140041C7
:101970002214080201510906324979413E7E1111B3
:10198000117E7F494949363E414141227F414122F2
:101990001C7F494949417F090909013E4149497A6A
:1019A0007F0808087F00417F41002040413F017FC0
:1019B000081422417F404040407F020C027F7F0498
:1019C00008107F3E4141413E7F090909063E4151D1
:1019D000215E7F09192946464949493101017F01A4
:1019E000013F4040403F1F2040201F3F4038403FC4
:1019F00063140814630708700807615149454300E0
:101A00007F41410002040810200041417F00040290
:101A100001020440404040400102040000205454B0
:101A200054787F4844443838444444203844444837
:101A30007F3854545418087E090102064949493F29
:101A40007F0804047800447D40002040443D007F2E
:101A50001028440000417F40007C0418047C7C086E
:101A600004047838444444387C14141408081414CA
:101A7000187C7C080404084854545420043F444013
:101A8000203C4040207C1C2040201C3C4030403CFE
:101A900044281028440C5050503C4464544C44009A
:101AA0000836410000007F000000413608000201B6
:101AB0000204023E5555412200000000000000795A
:101AC00000001824742E24487E4942405D222222C0
:101AD0005D15167C161500007700000A555555282F
:101AE0000001000100000A0D0A0408142A1422044F
:101AF0000404041C0008080800010101010100029F
:101B000005020044445F444400000402017E20209A
:101B1000103E060F7F007F00181800000040502084
:101B200000000A0D0A0022142A14081708342A7D1E
:101B30001708046A59304845402042004200427E5E
:101B4000420042007E7E0042007E7E7E42007E7E1B
:101B50007E7E007E7E7E7E7E5A0000005A5A404085
:101B6000405A7A6060607A7A7070707A7A787878A1
:101B70007A7A7C7C7C7A7A7E7E7E7A000000000015
:101B8000000000010203040607080900F50A05FF2A
:101B900000640AFF0405040508050F05080504058F
:101BA0000405FF140F2305FF05050505FF0A0AFFBD
:101BB0001932FF3202FF05050F0505050F1EFF1E36
:101BC000050505FF0F050F05FF3232FF0A0A0A0A55
:101BD0000A28280A280A28280A0A0A0A0A46FF1494
:101BE0000A140A140AFF444556207C0020202020B5
:101BF0007C00525820207C007C2041524D007C20EB
:101C000020202000204143432043414C2000204D10
:101C100041472043414C2000204C4F572042415423
:101C20002000205258204C4F535320002020435274
:101C30004153482020004E4F542052454144590002
:101C400020205245414459202000494E20464C490D
:101C500047485400202020202020202020007C20E5
:101C600025642E2564002530326C75203A0025301D
:101C7000326C750050203A2025642020200052202C
:101C80003A2025642020200059203A202564202075
:101C9000200070203A2025642020200054203A2083
:101CA0002564202020004145545231323334004D08
:101CB00041474953205632005052494D5553205800
:101CC0003220763100323032352D31302D31330033
:101CD00031303A30323A343900302E302E30000C68
:101CE000010200050403005052494D55535F58321C
:101CF0005F7631004D4147495356320025732066C7
:101D00006F722025730042792044524F4E4120418A
:101D100056494154494F4E00302E32342E30003255
:101D20002E322E300046573A2573207C20415049F0
:101D30003A2573004275696C64203A20257300418E
:101D4000524D3B00414E474C453B00484F52495A8B
:101D50004F4E3B004241524F3B004D41473B0048F4
:101D6000454144465245453B004845414441444A6B
:101D70003B0043414D535441423B0043414D54527B
:101D800049473B0047505320484F4D453B00475083
:101D90005320484F4C443B005041535354485255F4
:101DA0003B004245455045523B004C45444D41584F
:101DB0003B004C45444C4F573B004C4C4947485422
:101DC000533B0043414C49423B00474F5645524E1E
:101DD0004F523B004F53442053573B0054454C4512
:101DE0004D455452593B004754554E453B00534FC7
:101DF0004E41523B00534552564F313B00534552E2
:101E0000564F323B00534552564F333B00424C41F4
:101E1000434B424F583B004641494C534146453B9A
:101E2000004759524F5F43414C4942524154454447
:101E30000052585F4C4F53545F4C414E44494E47FB
:101E40000052585F4C4F53540044495341524D493E
:101E50004E470041524D494E475F4750535F4649F8
:101E600058004241545F435249545F4C4F5700421F
:101E700041545F4C4F570052585F53455400414303
:101E8000435F43414C4942524154494F4E00414304
:101E9000435F43414C4942524154494F4E5F464192
:101EA000494C0052454144595F4245455000444920
:101EB0005341524D5F5245504541540041524D45AA
:101EC00044000000000000000000004B000000CBB8
:101ED00000000080DB0F4940DB0F49C0DB0F49BF2A
:101EE000E4CB1640E4CB16C0000FC93F000F4940B9
:101EF00000CB9640000FC9400053FB4000CB164179
:101F000000ED2F41000F49410031624100537B41F8
:101F1000003A8A4100CB9641005CA34100EDAF41FD
:101F2000007EBC41000FC94100A0D5410031E24113
:101F300000C2EE410053FB4100F20342003A0A4264
:101F40000083104200CB164200141D42005C234265
:101F500000A5294200ED2F4200363642007E3C4269
:101F600000C74242000F4942A2000000F9000000F1
:101F7000830000006E0000004E00000044000000DE
:101F80001500000029000000FC00000027000000F0
:101F900057000000D1000000F500000034000000F0
:101FA000DD000000C0000000DB0000006200000057
:101FB00095000000990000003C0000004300000074
:101FC0009000000041000000FE00000051000000F1
:101FD00063000000AB000000DE000000BB0000005A
:101FE000C500000061000000B700000024000000F0
:101FF0006E0000003A000000420000004D000000AA
:10200000D2000000E00000000600000049000000CF
:102010002E000000EA00000009000000D1000000CE
:10202000920000001C000000FE0000001D000000E7
:10203000EB0000001C000000B100000029000000BF
:10204000A70000003E000000E80000008200000041
:1020500035000000F50000002E000000BB0000006D
:102060004400000084000000E90000009C00000023
:102070007000000026000000B40000005F000000B7
:102080007E000000410000003900000091000000C7
:10209000D60000003900000083000000530000005B
:1020A00039000000F40000009C00000084000000E3
:1020B0005F0000008B000000BD000000F900000080
:1020C000280000003B0000001F000000F800000096
:1020D00097000000FF000000DE0000000500000087
:1020E000980000000F000000EF0000002F0000002B
:1020F000110000008B0000005A0000000A000000E0
:102100006D0000001F0000006D00000036000000A0
:102110007E000000CF00000027000000CB00000080
:1021200009000000B70000004F000000460000005A
:102130003F000000660000009E0000005F000000FD
:10214000EA0000002D0000007500000027000000DC
:10215000BA000000C7000000EB000000E50000002E
:10216000F10000007B0000003D00000007000000BF
:1021700039000000F70000008A0000005200000053
:1021800092000000EA0000006B000000FB0000006D
:102190005F000000B10000001F0000008D00000083
:1021A0005D00000008000000560000000300000071
:1021B0003000000046000000FC0000007B00000032
:1021C0006B000000AB000000F0000000CF0000003A
:1021D000BC000000200000009A000000F400000095
:1021E000360000001D000000A9000000E300000010
:1021F00091000000610000005E000000E6000000A9
:102200001B000000080000006500000099000000AD
:10221000850000005F00000014000000A000000026
:1022200068000000400000008D000000FF0000007A
:10223000D8000000800000004D0000007300000086
:10224000270000003100000006000000060000002A
:102250001500000056000000CA00000073000000D6
:10226000A8000000C900000060000000E2000000BB
:102270007B000000C00000008C0000006B0000002C
:102280006937AC3168212233B40F14336821A2338B
:102290003863ED3EDA0F493F5E987B3FDA0FC93F66
:1022A0000000C93F0000F0390000DA370000A23317
:1022B0000000842E0000502B0000C2270000D02216
:1022C0000000C41F0000C61B0000441704000000EB
:0822D0000700000009000000F6
:1022D800C9280181B0B0AF8100000000C930018178
:1022E800B0B0AF8000000000C90A0181B0B0AF876C
:1022F8000000000008B10181B0B0008400000000B7
:10230800B8DEFE7F010000005CE4FE7FB0B0AE8066
:102318004CE9FE7F0100000048F2FE7FB4FFFF7F1A
:10232800300FFF7F010000003C0FFF7FB0AF0A8035
:10233800A81EFF7F01000000C024FF7FA0FFFF7FD1
:10234800D83CFF7F01000000043FFF7FB0A9028056
:10235800643FFF7F01000000F641FF7FB0B0AC8012
:102368006C43FF7F01000000C862FF7FB0B0A88007
:10237800E462FF7FA908B1801863FF7FB0B0A8802E
:102388003463FF7F01000000108CFF7FAF08B1802D
:10239800B08CFF7F01000000C08DFF7FB0B0AA8025
:1023A800E28EFF7F01000000908FFF7FB0B0A88011
:1023B800E88FFF7F0100000078A5FF7F2CFFFF7FDB
:1023C8008CC4FF7F010000004CE2FF7FB0A90280AF
:1023D800DCE2FF7FB0B0A8802CE3FF7F01000000A3
:1023E80034E3FF7FB0B0AA8068E3FF7FAF76B280A6
:1023F8003CE4FF7FAB3F3A80A0E4FF7F0100000090
:10240800A8E4FF7FB0B0AA80E4E4FF7FE8FEFF7F86
:10241800F8E4FF7F010000008CE5FF7FAC0FB2807D
:1024280014E6FF7FB0AF0880B4E8FF7F010000002A
:10243800C4E8FF7FAC3F0380A8EBFF7F01000000EA
:10244800D8EBFF7FB0AD0480D0EEFF7F0100000025
:0424580055E800083B
:10245C00F4010000640000000101000000000040D5
:10246C000201780014050000A08601000100530051
:10247C000100FFFF0100000100000000000100004E
:10248C000000000000000000916000080101010143
:10249C00FFFF01000000803F000000000000000072
:1024AC00000000000000803F000000000000000061
:1024BC00000000000000803FCDCC4C3ECDCC4C3E0B
:1024CC007D6F000801FF0001800101FF0101000088
:1024DC0001FF01014F0201FF0E0100030101840104
:1024EC00020A0103030104080105C80106030107E0
:1024FC008D0108080109C6010A01010B02010C003B
:10250C00010DD5010E18010F1201100101118201EC
:10251C0012000113D501141801151301160301172C
:10252C008601180A011909011A08011BC2011C03B2
:10253C00011D8F011E0A011F06012001012102014C
:10254C0022000123D501241801252201260101278F
:10255C00820128000129D5012A18012B0B012C28F6
:10256C00012D78012E28012F9101300001310B0132
:10257C00320001330B0134000135A1013600013763
:10258C00A0013800013904013A28013B30013C0C10
:10259C00013D04013E0F013F7901402801411E011C
:1025AC00422F01438701440001450B0146000147BE
:1025BC000B0148000149A7014A00014BA6014C0040
:1025CC00014D04014E01014F0001500001518001E9
:1025DC00520901530801540101550001560F0157CE
:1025EC0079015809015905015A00015B60015C052C
:1025FC00015DD1015E0C015F3C0160000161D00105
:10260C00620B01630301642801651001662A0167EE
:10261C003901680B016902016A28016B10016C2AEF
:10262C00016D61016E0C016F0001700F0171790178
:10263C00720001730B01740001750B0176000177B8
:10264C00A10178000179A0017A00017B0401FF044B
:10265C0001791D017B2701960E0197FE019803015C
:10266C0099EF019A02019B4401730701700101FF6C
:10267C000101000101FF0000000001FF0101000049
:10268C0001FF0001090001100001110001240101EA
:10269C0025FF01750001FF01014E2C01480001309E
:1026AC002001FF0001300901540001310401320303
:1026BC0001408301462501600001270001500601FD
:1026CC005100015296015608015730016100016218
:1026DC00000164000165000166A001FF01012232C6
:1026EC000147140149FF014A0001FF00017A0A0168
:1026FC007B0001782101FF010123340142000144D8
:10270C00FF014526014605014040010E0601201A35
:10271C0001434001FF0001340301354401FF010175
:10272C003104014B09014C05014D0401FF0001442A
:10273C000001452001470801482801670001700489
:10274C000171010172FE01760001770001FF0101A8
:10275C000D0101FF000180010101F801FF01018E53
:10276C000101000101FF00018000000000000000D9
:10277C002803002000000000000000002C1F002097
:10278C00941F0020FC1F002000000000000000002F
:10279C00000000000000000000000000000000002D
:1027AC00000000000000000000000000000000001D
:1027BC00000000000000000000000000000000000D
:1027CC0000000000000000000000000000000000FD
:1027DC0000000000000000000000000000000000ED
:1027EC0000000000000000000000000000000000DD
:1027FC0000000000000000000000000000000000CD
:10280C0000000000000000000000000000000000BC
:10281C0001000000000000000E33CDAB34126DE659
:10282C00ECDE05000B0000000000000000000000C2
:10283C00000000000000000000000000000000008C
:10284C00000000000000000000000000000000007C
:10285C00000000000000000000000000000000006C
:10286C00000000000000000000000000000000005C
:10287C00000000000000000000000000000000004C
:10288C00000000000000000000000000000000003C
:10289C00000000000000000000000000000000002C
:1028AC00000000000000000000000000000000001C
:0828BC00000000000000000014
:0400000508000000EF
:00000001FF
