:020000040800F2
:1000000000A00020B9CB000821CC000821CC0008BA
:1000100021CC000821CC000821CC00080000000001
:1000200000000000000000000000000021CC0008DB
:1000300021CC00080000000021CC00081D8200082F
:1000400021CC000821CC000821CC000821CC0008DC
:1000500021CC000821CC000821CC000821CC0008CC
:1000600021CC00081782000821CC000821CC000810
:1000700021CC000821CC0008A1B2000821CC000846
:1000800021CC000821CC000821CC000821CC00089C
:1000900021CC000821CC000821CC000821CC00088C
:1000A00019B70008D1B6000829B70008C1B6000882
:1000B000D5B60008E5B60008F5B6000821CC000862
:1000C00021CC000821CC000821CC000821CC00085C
:1000D00021CC0008E1B20008EDB2000821CC0008F4
:1000E0001182000821CC000821CC000821CC000896
:1000F00015B7000821CC000805B7000821CC00087E
:1001000000000000000000000000000021CC0008FA
:1001100021CC000821CC000821CC000821CC00080B
:1001200021CC000821CC000821CC000821CC0008FB
:1001300021CC000821CC00080000000000000000D5
:1001400021CC000821CC000821CC000800000000D0
:10015000000000000000000000000000000000009F
:10016000000000000000000021CC000821CC0008A5
:1001700021CC00080000000000000000000000008A
:080180000000000021CC000882
:1001C00010B50F4B1A786A2A17D15A88B2F5AA6F60
:1001D00013D11A79BE2A10D193F84E25EF2A0CD1EB
:1001E000084C002213F8011BA342104682EA0102C8
:1001F000F8D1431A5842584110BD0020FCE700BF17
:1002000000F0030850F50308024A93680343936023
:10021000704700BF60040020024A936823EA00038D
:100220009360704760040020044A0123B2F850151F
:1002300083400B43A2F85035704700BF6004002094
:10024000044A01238340B2F8500520EA0300A2F8D3
:10025000500570476004002010B50C4CB4F85205EE
:10026000B4F85435184380B260B9FFF7E9FFB4F829
:10027000500510F0010004D1D4F85805003818BF1B
:10028000012010BD0020FFF7CFFFF0E76004002041
:100290006F4B70481A68596870B5D0F85C45A21A5F
:1002A0008A4213DB90F86025B0F850650132D2B273
:1002B00080F86025002101252E4208D101316D0012
:1002C0000929ADB2F8D15A6822441A6070BD89B2CA
:1002D0000139072905D8DFE801F01BAC90819D4565
:1002E0002E7064225A601D7A5B4A4FF480404FF4AE
:1002F000005190612DB111854FF40041118500220C
:1003000004E091614FF40041916101221A72DAE731
:100310001D7A64225A604FF480404F4A4FF40041E6
:1003200025B1108591614FF40051E7E7906191612B
:100330004FF40051E8E790F86115474821B3642273
:100340005A604FF4804282614FF4005282614FF450
:1003500000420285B7E74FF48042018502854FF4E1
:100360000052F6E790F861153B4869B164225A6083
:10037000828A92B282F4005282824FF48042826179
:100380004FF4004282619EE702F003027821022AC4
:1003900059604FF40041DED0032A0AD0012A0185BA
:1003A0004FF4804201D0826100E002854FF4005298
:1003B000E8E781614FF48042F5E790F86125002A73
:1003C00081D064225A60244A4FF4804111854FF451
:1003D000004191614FF40051916174E71E4964221C
:1003E0005A604FF480428A614FF400428A618A8ADF
:1003F00092B282F400528A8265E764225A60164AF9
:100400004FF4804191614FF4004191614FF40051EC
:10041000118558E7104964225A604FF400528A61EE
:100420008A8A92B282F480428A824FF400428A61C0
:1004300049E7642112F0010F5960074A4FF48041E7
:100440004FF4004001D11085C3E79061DDE700BFA4
:10045000000000206004002000080048FDEEC07A83
:1004600017EE903A2033402B43D8DFED237A9FEDEF
:10047000237AB4EEE70AF1EE10FA28DCDFED207AF9
:100480009FED1E7AB4EEE70AF1EE10FA22D4DFED0A
:100490001D7AB4EEE70AF1EE10FA1EDD30EE670ABF
:1004A00037EEC00A60EE007ADFED176A9FED177A2B
:1004B000A7EEA67ADFED166AE7EE876A9FED157A5A
:1004C000A7EEA67A20EE276AA6EE070A704730EE5E
:1004D000470ACEE730EE070AD4E79FED0F7AB4EE75
:1004E000C70AF1EE10FA44BF30EE270A37EE400A91
:1004F000D8E79FED0A0A7047DB0F4940DB0FC94080
:10050000DB0F49C0DB0FC93F9A7C2E36FAAF4FB9DB
:100510003587083CA4AA2ABEDB0FC9BF0000000033
:1005200003685A1C02601970704700231B68FFDEC5
:1005300030B5484BD3F86425B3F96E159578D27869
:10054000B3F98C05002A41D00A1A82EAE274A4EBBE
:10055000E274AC4223DD012012F5997F83F88E0509
:100560001ADD062092FBF0F2502AA8BF5022B3F801
:100570009005024412B2A3F8AA25A3F8902593F897
:10058000B025002A61D040F2DC5291425DDC4FF48C
:100590007A72A3F8AA2530BD6FF03102E7E793F82D
:1005A0008E2532B1D3F89825C3F89425002283F81C
:1005B0008E25D3F89C25D3F8A0451044228890427C
:1005C000D8DB62888242A8BF0246D3E740F2DC5201
:1005D0009142214C23DDA1F2DC52954228DAA1F2AE
:1005E000DC52002ABCBF6FF4BB628A189210782AD2
:1005F000A8BF7822C3F8AC250122627283F88E2549
:10060000D3F89C25D3F8A04510442288904203DB00
:1006100062888242A8BF0246A3F8AA25AFE7521A11
:10062000954205DAB1F5896FD9DC6FF06302E1E735
:100630000022627293F88E45C3F8AC25002CDFD0FF
:10064000D3F89845C3F89445D8E7002283F8B0253D
:10065000A1E700BF6004002000000020134BD3ED91
:10066000037A134BF5EE407AF1EE10FA4FF00002E8
:1006700003F1040103F1080003D11A600A6002606B
:100680007047F0EE086A86EEA77A80ED007A27EED2
:10069000A77A67EE877A86EE876AF7EE006A86EEBB
:1006A000A77A81ED006A83ED007A70470000002090
:1006B000140A0020034BB3F8C0351D2B01D80420C9
:1006C000B2E5704760040020054B0022C3F8C42542
:1006D000C3F8C82503F2CC5300221A605A60704751
:1006E00060040020074B0022C3F8D425C3F8D825A6
:1006F000C3F8DC2503F5BC6300221A605A609A60D7
:10070000704700BF6004002010B5164C94F8EC351B
:100710005A0706D523F00503042084F8EC3507F0CA
:100720005DFF94F8ED25104B0AB100221A740122E6
:100730005A74782200215A82042040F214529A827C
:1007400084F8EE1584F8EF1584F8F015C4F8F41564
:10075000FFF776FD0520FFF773FD84F8F81584F8A0
:10076000B01510BD6004002000000020224B93F85B
:10077000EC2512F0010F02F0040103D1D3F8FC05BF
:10078000012833DC93F8000680B393F8010668BBB8
:1007900039B11A4A1346516843F8081BD2681A60E7
:1007A0007047D3F81416480124D491071FD442F09F
:1007B000040283F8EC2593F8EE2522B9012283F890
:1007C000EE25D3F85C250E4AB3F81816D182D3F87B
:1007D0005C25D3F85C1593F88E214FF47A7012FBE8
:1007E00000120520C3F81C2607F0F8BE11B901203D
:1007F00007F01ABF704700BF60040020640A0020A1
:100800000000002070B5104CD4F82056284607F0A0
:1008100051FF287A04F2246400226FF0180619218F
:1008200012FB0263434303F6C41353430132072A06
:1008300093FBF1F324F8023BF2D128460349BDE8CB
:10084000704007F053BF00BF600400203005002057
:100850002DE9F047C54C94F83236B4F8342604EB51
:100860004303B3F968359342C0F26A81B4F836267F
:10087000934200F3658194F838560DB994F83956CF
:1008800094F83C3684F83A5684F83B56002B00F036
:100890000D81D4F84076D4F84436FB1AC72B40F2C9
:1008A000058194F84886B8F1000F40F0F580414684
:1008B000404608F065FCAE4BAE48002D08BF184618
:1008C0000BF036FFD4F84C6694F83896022E40F0C0
:1008D0008681B4F85035DA0740F13481A64BC4F86C
:1008E0005036D4F85086B8F1000F06D0062000210B
:1008F00008F046FC40460BF01BFF0021102001369B
:10090000C4F84C6608F03CFCB4F8C0359B480A219A
:10091000B3FBF1F201FB12339BB299490BF016F8CD
:1009200096480BF005FF0721002008F029FCB9F1DB
:10093000000F40F05D8194F8392692488C4B002AD4
:1009400008BF18460BF0F4FED4F81466D4F85C35F2
:1009500094F8682616F0010600F04C81002A40F059
:100960004E81C4F86C26B4F85025D20504D5012276
:1009700084F86826C4F8703607210846D4F86C3627
:100980004FF47A724FF03C0AB3FBF2F808F0F8FB30
:10099000B8FBFAF97C4979484A460AF0D7FF77480C
:1009A0000BF0C6FE07210C2008F0EAFB77497348DC
:1009B0000AFB19820AF0CAFF70480BF0B9FE10203A
:1009C000072108F0DDFB7248724B002E08BF184665
:1009D0000BF0AEFE002D5FD10221012008F0D0FB0C
:1009E0000A266D49B4F97626644892FBF6F20AF0BD
:1009F000ADFF62480BF09CFE0321012008F0C0FB14
:100A00006649B4F974265D4892FBF6F20AF09EFF3F
:100A10005A480BF08DFE0421012008F0B1FBB4F917
:100A200018265F4955480AF091FF54480BF080FEA4
:100A300002210B2008F0A4FBB4F96A2559494F485C
:100A40000AF084FF4D480BF073FE03210B2008F0E1
:100A500097FBB4F96825514948480AF077FF4748A1
:100A60000BF066FE04210B2008F08AFBB4F96C251C
:100A70004B4942480AF06AFF40480BF059FE0521F5
:100A80000B2008F07DFBB4F96E2547493B480AF07E
:100A90005DFF3A480BF04CFE94F87A36AB4201D039
:100AA0000BF02FFE84F87A56C4F84476002D00F03F
:100AB0006A8107F0BBFBD4F87C36C31A002BC0F266
:100AC000EC803A4D00F5C3302B7EA030C4F87C0694
:100AD00033B10AF05DFE00232B76012384F88036C3
:100AE000B4F86E55B5F57A7F14D9B4F86A050AF0F2
:100AF0005CFE0646B4F868050AF057FEB5F5FA6FD5
:100B000028BF4FF4FA65A5F57A7189B2002E7CD121
:100B100000287AD1D4F88436B4F888269A614FF444
:100B20007A71002008F0FEF9D4F89036B4F89426D3
:100B30001A854FF47A71BDE8F047012008F0F2B948
:100B400000259DE6980701D5194BC8E6D90601D4C2
:100B50001A0701D5174BC2E6980605D4B9F1000F64
:100B60002CD194F839264ABB134BB8E66004002018
:100B7000B81E0108B21E0108D01E0108B40A0020E8
:100B80002A1F0108BE1E0108321F01083A1F010872
:100B9000C41E0108CA1E0108401F01084A1F01089F
:100BA000541F01085E1F0108681F01080000002093
:100BB000DA1E0108E41E0108EE1E0108590701D5DE
:100BC000804B8CE65A0601D57F4B88E6180601D586
:100BD0007E4B84E6D9057FF584AE7D4B7FE6052EFE
:100BE00001BF7C4BC4F85036C4F84C86464678E6C4
:100BF0007948A7E6002A3FF4BFAE84F86866D4F8C7
:100C000070269B1AC4F86C36B6E683B213FA86F2E5
:100C100012B27248724FB2F57A7FA6EB0305A8BFF5
:100C20004FF47A722DB28242B8BF0246B5F57A7F90
:100C3000A8BF4FF47A758542B8BF054612FB01F292
:100C400015FB01F5BA424FF47A7302F5FA7105F516
:100C5000FA7691FBF3F196FBF3F689B2D4F8843679
:100C6000B4F88806A7BF986101F57A71C1F57A7169
:100C7000188509B2002008F055F95949D4F8903682
:100C8000B4F894268D42B6B2ABBF06F57A76C6F5B7
:100C90007A761A859A6131B24DE7524A0023A2F55D
:100CA0009471101D1578B5B1032B06D050F8235060
:100CB00021F8135001330132F4E7D4F8DC36A4F8FC
:100CC0006E3594F8E03613B10023A4F8E236464EB0
:100CD000002301250CE00133042BECD1F1E70120C6
:100CE0000BF050FD002384F8E53684F8E456012328
:100CF00016F8012B002A42D0DBB2013B042BEED8C0
:100D0000DFE803F0030D1B29330001200BF02CFD5D
:100D1000002384F8E43684F8E5560223E8E704204B
:100D20000BF030FD40200BF01FFD012384F8E63668
:100D3000002384F8E7360323DAE740200BF022FD96
:100D400004200BF011FD012384F8E736002384F81A
:100D5000E6360423CCE708200BF014FD002384F8CA
:100D6000E93684F8E8560523C2E708200BF0FCFCBE
:100D7000002384F8E95684F8E836BDE8F0870133AB
:100D8000062BB5D1F9E794F88036002BF5D0C4F8DE
:100D9000D05684F8CC56C4F8D45684F8CD56C4F84E
:100DA000D85684F8CE56C4F8DC5684F8CF5684F86A
:100DB000E0560AF0EDFC0D4B84F8805601221A76BD
:100DC000DBE700BFF81E0108021F01080C1F010825
:100DD000161F0108201F0108BE1E010818FCFFFF96
:100DE00025FAFFFF2C0B0020440B00200000002000
:100DF0002DE9F84F4FF4AA622DED028B0021C8486F
:100E00009FEDC88A0FF0CAFAC54A02F5E4730021C3
:100E1000C2F8EC3602F22A566A2303244FF400602B
:100E200015461370547182F8F016C2F82066FFF769
:100E3000EBF98020FFF7E8F90220FFF7E5F94FF41E
:100E40000060FFF7E1F94FF48070FFF7DDF9C82388
:100E5000A5F8FA30B44BDFF83CC3DFF83CE385F883
:100E600032414FF48037C5E93B73B04BC5F8F430DD
:100E70004FF47A73A5F8343142F22013C5E94AC31E
:100E80004FF0A063C5F8C431A94B85F828154FF081
:100E90007E58C5E951E340F64303A5F84C312A4694
:100EA000A5F8E41085F8E610C5F8FC10A5F80011C7
:100EB000C5F8E81085F8F810C5F81081C5F8148158
:100EC000C5F8188185ED478A85ED488A85ED498A00
:100ED000A5F83011A5F8B81185ED6F8A85ED708AF7
:100EE000A5F83E112B462C460329CCBF0122002237
:100EF00001F1010183F84E2114BF1E22052212299F
:100F000083F84F2103F10203EED18A4BC4F840313C
:100F1000834B00224FF47A704FF4FA610132042AB5
:100F2000A3F87201A3F8741103F10403F6D1824A05
:100F3000824B8349C4E96323824BC4F8D030A3F1C8
:100F4000FA73643BC4F8D43003F5602303F5CB7324
:100F5000C4F8D8307C4B00274FF00109C4E937139F
:100F600084F8827184F894910AF0BEFD40F6AC5387
:100F7000A381764BC4F8C83103F10343A3F51D23C5
:100F8000A3F29D73C4F8CC317148724B724AC4F815
:100F9000F821C4E97403714BC4F8D8312D2384F8C7
:100FA000DD3141F61E63A4F8DE316D4BC4F8E0314B
:100FB000C4F8FC2145F205336A4AA4F8E431C4F8C8
:100FC000142264234B2284F8E63184F8182240F27C
:100FD00001534FF4FA72A4F8E831A4F81A22624BD4
:100FE000C4F8043240F2DC52C4F80832A4F83425C4
:100FF0005E4BC4F8F43144F25A125D4BA4F82A2532
:101000004FF07F513222A773C4F81032C4F81C721B
:10101000C4F82C25A4F8307584F83275C4F8EC11A6
:10102000C4F8F011C4F8008284ED838AA4F8227217
:10103000C4F82C3242F62803A4F83032152384F881
:1010400034324C4BC4F82472C4F838324A4F4B4BFC
:1010500084F84492DFF83891C4F83C3240F6082214
:10106000474BA4F82822C4F84032BA4609F1080BCD
:10107000B84617F8011B002943D14FF42053A4F8B8
:10108000DE324FF44873A4F8E2323E4BC4F88431A8
:10109000C823A4F88A3184F8DD1284F8E01284F8B9
:1010A000E41284F888110C23013B05F1100585ED4D
:1010B000008AF9D134494FF4907288180BF06EFB16
:1010C00031494FF4907201F510700BF067FBD4F8C2
:1010D0002A35C4F836352D4A73685360B368D4F89E
:1010E0002A159360C4F842155361012384F84033F4
:1010F00071681161022384F86034BDEC028BBDE895
:10110000F88F23480FF098F90028B1D058453FBF19
:10111000A0EB09000019A8EB0A0880F83681A7E7C0
:1011200060040020000000002A005802FA0020009D
:101130006C077503001E0001000105960101C8003F
:10114000B40532004C04D0075046320001282896DE
:101150002828783C0A0A4600CDCCCC3E0002210A61
:101160001E321E00000040408FC2F53C00002040AF
:101170000000A0409A99193F721F0108F6287C3F91
:101180001F856B3F0AC81405280600209609002019
:1011900064160108190A0A2ADC054C042DE9F843F3
:1011A000FFF70EF810B9032007F0A1F9C14C07F0C2
:1011B0006DFB4FF4AA62C04920460BF0EFFA94F899
:1011C0002865022E88BF00264FF4907506FB05F5B2
:1011D00004EB050288BF84F8286592F82032022BC0
:1011E00084BF002382F820320C2284F8F03605F503
:1011F000E47702FB034303F22A5308202744C4F890
:101200002036C4F8EC76FFF707F84FF40050FFF7EC
:1012100003F80120FFF700F84FF48040FEF7FCFFD1
:10122000FEF7F2FF4FF4907303FB0643002283F8AE
:10123000452241F20302A3F84622A04AC3F84822FD
:1012400002F18052A2F57E42C3F84C229C4A4FF430
:10125000866CC3E994C2202283F85822052384F8BF
:10126000323640F2AA53A4F8343640F20E63A4F8A2
:101270003636944B01225A76A36846F209021A4286
:1012800003D14FF40050FEF7BFFFA368D80703D582
:101290004FF40050FEF7C0FFA368590409D5082099
:1012A000FEF7BAFF4FF40050FEF7B6FF0120FEF73D
:1012B000B3FFA3681A0706D54FF40050FEF7ACFF42
:1012C0000120FEF7A9FFA3689B0402D54020FEF78A
:1012D000A3FF012384F8B93194F88C312BB194F831
:1012E000903113B1002384F89031DFF8F081C4F815
:1012F000F486002002464FF0FF0E04EBC003B3F863
:101300009A114B0803F077334FEA910909F033390A
:10131000CB1AA3EB09034FEAD10909F01139A3EB6A
:10132000090303EB231303F00F33B3FBFEF9C9EBFF
:10133000092901F0010CA3EB09036244012BD2B28D
:1013400007DD022B0BD1BCF1000F08D011F0BC0F50
:1013500005D001300428D0D1013A012A01D90AF080
:10136000C3FBFFF74FFA302200215748DFF8709196
:101370000FF014F805F24520394620440AF0E2FB4C
:101380004FF4907303FB0646C4F8289796F8C801FB
:1013900005F014FB09F18E03C4F82C3794F884315E
:1013A000DFED4A6AC4F870876421C82213FB012369
:1013B000B4F8F210C4F834370023C4F83837C4F84E
:1013C0003C37C4F84037C4F84437C4F84837C4F849
:1013D0004C37A4F85037C4F85437C4F8583707EEE0
:1013E000901A09F10603C4F86037A9F11E03B4F896
:1013F000F410C4F86437F8EE677A09F19A03C4F878
:101400006C3709F27E63C3ED017A07EE901AB6F8E5
:101410002812A4F8741796F8441284F8761794F8F2
:101420008F1184F88017B6F8E212C4F8843707EEFB
:10143000101AF8EE677AB8EEC77AC3ED027AC6EEF4
:10144000877A05F50C732344C4F8883705F2DD2547
:1014500009F29663A9F126022544C4F86827C4F866
:1014600090774FF07E519FED1A7A67EE877AC3ED41
:10147000007A09F29E63C4F86455C4F8A025154AA1
:101480001A604FF07C5209F2B2695A6000229A60E9
:10149000D9601A61104BC9F80030C9F80410C9F8B6
:1014A0000820C9F80C10C9F81020BDE8F84307F06F
:1014B00005BA00BF6004002000F0030830010300FB
:1014C0001005001000000020580B002000006144AF
:1014D0004C3D0F440AD7233CCDCCCC3D9605002093
:1014E000560500202DE9F74F07F0D0F9434B6A224B
:1014F0001A704FF4AA625A80BE221A71EF22A3F822
:101500004E2540F2515100221846013955D13C4B2D
:1015100080F84F251A69120604D53A4A5A6002F13A
:1015200088325A60364C384E03254FF03409C4F8DF
:101530000C900AF0C7FA0428DFF8C08038D123697C
:1015400043F002032361314B6361236943F040039D
:1015500023610AF0B7FA2369042823F00203236108
:1015600026D14FF0000BDA4658F8047BCDF804A0E2
:101570000AF0A8FA04281BD1236943F00103236170
:101580000BF1006303F57C33BAB21A800AF09AFAC1
:10159000042816D10BEB06030193019B3F0C1F801F
:1015A0000AF090FA2369042823F0010323610DD087
:1015B000013D15F0FF05BAD10DE013F8014B624073
:1015C000A3E7236923F001032361F1E70BF1040B87
:1015D000BBF5AA6FC8D10A4A1369042843F08003F7
:1015E000136102D1FEF7ECFD10B9042006F07FFF75
:1015F00003B0BDE8F04F07F061B900BF6004002000
:10160000002002402301674502F0030800F00308B0
:101610002DE9F04FD54ED6F82086B6F96EE5B8F82C
:101620000A202DED048B9645A9B0C0F2B581BEF518
:10163000FA6F98F80740BDBFAEEB020313FB04F34B
:10164000C2F5FA62C4F16403BCBF93FBF2F3C3F1C9
:1016500064030193B6F844310393C54BD6F8ECB656
:10166000069303F51B7203F13C070592A3F5AD65E4
:1016700003F26F2208F10403DA4604920020642189
:101680000793069B33F9022B029206931346039AA3
:101690009B1A03F2F31240F2E634A24200F27E817A
:1016A000002BB8BF5B42022800F07B819BF815211C
:1016B0001AB19A42B4BF9B1A0023B3FBF1FC05EBAD
:1016C0004C024FF69C74B2F9DA97B2F9DC271CFB96
:1016D000043CA2EB09020CFB02F292FBF1F24A4439
:1016E0003A80079A125C12FB03F3A24A93FBF2F3CF
:1016F000019A64339BB2534393FBF1F31AF8012F21
:10170000059C5A4392FBF1F204F8012B9AF816203B
:1017100005945A43049B92FBF1F203F8012B022833
:1017200004931EBF944B019AC254DDE9023208BFF4
:1017300085F8EA179342B8BF3B8800F10100BCBFAF
:101740005B423B80032807F102079AD1DFF834920D
:10175000D5F81486B9F91A30581C0DD018F0080FB6
:101760000AD0D5F89825323B934205DC40F2DC5391
:101770009E45C8BFA5F86E3595F8EF351BB1B9F891
:101780001430A5F86E35B5F96E35B5F8462193429B
:10179000C0F23281B3F5FA6FA8BF4FF4FA639B1A17
:1017A0004FF47A714B43C2F5FA626424B3FBF2F34F
:1017B00093FBF4F105EB41026FF06307B2F9EC071C
:1017C000B2F9EE2707FB0133121A534393FBF4F3EC
:1017D0000344A5F8AA35B5F80438590639D5B5F843
:1017E0001836B9F81620DFED657A9FED650A9B1A69
:1017F0001BB205EE903AF8EEE55A65EEA75A35EEC3
:10180000800AFEF72BFEB0EE405AB0EE650AFEF7F6
:1018100025FEB5F9A63506EE903AB5F9A43507EEE2
:10182000103AF8EEE66AB8EEC77A67EE007A20EE74
:10183000660AE6EE857AA7EE050AFDEEE77ABDEECA
:10184000C00A10EE103AA5F8A43517EE903AA5F8A4
:10185000A635D5F808A81AF0020F00F0E280D5F8F6
:101860000C28D5F8103845F20721D31A8B4240F3E3
:10187000D8800220C5F8102809F000FDC2075EBF1D
:10188000C0F3CF041923B4FBF3F495F81438D5F85A
:10189000182805EB430148BF4FF6FF74B1F81C0848
:1018A000A1F81C48121A144401336422B3FBF2F16C
:1018B00002FB113385F8143895F8E438C5F8184858
:1018C000632B9EBF0133DBB285F8E438B4FBF3F43D
:1018D00095F8E538A7B2032BA5F8C07540F08E80C7
:1018E0000A2F40F29E8099F81C1001EB810101EB58
:1018F000810100234FEAC11B01EB01114FF4167265
:101900001FFA8BFBC90085F8E538282041F26803EF
:10191000A5F8E628A5F8E838A5F8EC18A5F8EAB87F
:1019200006F0D6FD2A21B7FBF1F107EB870701315D
:1019300007EB870789B2BF000829BFB228BF08217B
:10194000A7EB0B074FF4167241F268037A43A3EB3F
:101950000B0389F81C1092FBF3F3A5F8EE38034A49
:10196000B2F8EC38A4B2633BA3420DE0600400205F
:10197000C80900200CFEFFFF480C002035FA8E3C01
:10198000DB0FC93F000000204BDD0123082082F857
:10199000E53806F023FE44E064235AE64FF4FA7378
:1019A00081E69BF816211AB19A42B4BF9B1A002314
:1019B000B3FBF1FC05EB4C024FF69C74B2F9249694
:1019C000B2F926261CFB043CA2EB09020CFB02F236
:1019D00095F9EEC092FBF1F2CCF1000C4A4412FBF7
:1019E0000CF2A5F8A82598F8062012FB03F3B74AD5
:1019F00093FBF2F3643381E61346D0E60A2F00F23C
:101A0000AD80032385F8E538002389F81C30A5F85C
:101A1000EC38A5F8EA38A5F8E838A5F8E638A5F8CE
:101A2000EE381AF4006FAA4C59D0D4F80C28D4F828
:101A3000F03845F20721D31A8B4250DDD4F85C35DB
:101A4000C4F8F028D4F8F428C4F8F4380120A3EB43
:101A5000020B09F013FC00B2632840F3B08064234A
:101A600090FBF3F007EE900AF8EEE77AB2EE047A14
:101A7000C7EE876A9FED977AC6EE877AFCEEE77A23
:101A800017EE903AB3F5803FAABF00221A461346DC
:101A9000C4F8F8289BB2DFF848A2D4F80079DAF845
:101AA0000420E3FB0B72914600238B4A38464946DB
:101AB0000AF092FFC317B0F5803F73F100032ABF0D
:101AC000002303461846C4F80839B4F8EE38C4F8C1
:101AD00000791B1A9BB2CAF80490C4F80C3918F4A8
:101AE000805F02D00A2006F079FDD4F81099B9F190
:101AF000000F22D0D4F85C35D4F814299A421CD8AF
:101B000094F81A39B4F81879002B5AD1D9F804305E
:101B1000012284F81A29DB5D3BB137B999F800300E
:101B2000053B934201D806F081FBD9F80430DB5D18
:101B3000FE2B4AD10023A4F8183994F8EC154B0772
:101B40004FF0080051D5FEF76FFB0720FEF778FB3A
:101B50000620FEF775FB614F0023C4E0012B05D082
:101B6000022B1FD0002B3FF4FAAE5AE795F8EC3564
:101B700023F0020385F8EC35B5F8EA38A4B2633BEC
:101B8000A34204DD022385F8E538072014E0B5F808
:101B9000EC3864339C420EDD002385F8E538FEF70F
:101BA00089FD3EE7B5F8EA38A4B264339C42ECDD27
:101BB000012385F8E538082006F010FDEFE7002343
:101BC00069E7002384F81A39AFE7FF2B02D106F04A
:101BD000F3FCB2E7D4F85C250A2113FB012301379B
:101BE000C4F81439A4F81879A7E7FEF729FB18F010
:101BF000010F10D194F81B391F0702D594F8003655
:101C0000CBBB072021F0010184F8EC15FEF718FB8F
:101C10000620FEF709FBB4F8502594F81C3950074C
:101C200034D5EBB984F85C37D4F854374BB94FF45A
:101C30009673C4F85437D4F85C3503F59673C4F83A
:101C40005837D4F85C35D4F858279B1A002B1FDB83
:101C5000012384F81C390023C4F85437C4F85837DA
:101C600094F81B391B0713D50220FEF7E9FA00236D
:101C700084F81C390CE041F00101072084F8EC15D0
:101C8000FEF7D2FA0620FEF7DBFAC4E7002BE7D115
:101C9000B4F8C035222B11D90023032084F8013673
:101CA000FEF7CEFAFEF7D8FA00283FF454AF94F8C6
:101CB000EC3523F0010384F8EC354CE701230320D5
:101CC00084F80136FEF7B0FAECE700BF0CFEFFFF28
:101CD000600400206F12033B80EE3600840E00206B
:101CE000600D0020132397F84A800193B8F1010F8B
:101CF00040F0BE813B68C4F82079C4F824394FF025
:101D000005094FF0000BD4F8240903685B68984775
:101D1000002800F06D81D4F824090368DB68984737
:101D2000D4F820A99AF84830052B12D8DFE803F040
:101D3000030A9FA4B3BD242840F0CD8001238AF874
:101D4000483006E0A0F14D014842484140008AF881
:101D500048009AF84830062BD5D19AF849307C2BA8
:101D600000F2CC80002B00F016875A1E7B2A00F26E
:101D70000D87DFE812F0160123018F019A01AF01F0
:101D80000B070B070B070B070B070B070B070B07C3
:101D90000B070B070B070B070B070B070B070B07B3
:101DA0000B070B070B070B070B070B070B070B07A3
:101DB0000B070B070B070B0755040B0799050B07C0
:101DC0009E050B07BF050B07D1050B07D7050B07B2
:101DD0000B070B070B070B0726060B077C040B07EB
:101DE0006D060B07AC050B071F034E040B075003D2
:101DF0000B070B072D060B073F060B070B07DB0630
:101E00009206B2060B075A030B07F5050B070306EC
:101E10000B070B070B070B070B070B070B070B0732
:101E20000B070B070B070B070B070B070B070B0722
:101E30000B070B070B070B070B070B070B07F30130
:101E4000A7020B07DD02F0020B070B0707031503C0
:101E500024035F03A1030B0716055B05A5044104DA
:101E60000B07ED040B070B070B07F90600073C28CF
:101E700014BF0023032362E7402802D98AF848B040
:101E800067E78AF805008AF804B08AF807B08AF88C
:101E90000600042353E79AF806308AF849004340C5
:101EA0008AF806308AF8489053E79AF804309AF88E
:101EB00005109AF80620994208D942408AF806206F
:101EC0005A1C53448AF80420187242E790420CBF0F
:101ED0000623002333E794F8EC355A073FF539AF72
:101EE000D4F828391B7883427FF433AF8F4B904A64
:101EF000C3F8FC2F8F4B904ADA602AE7F02B00F0F2
:101F0000B2843CD8DD2B00F02586DE2B00F026863F
:101F1000A02B00F0B684C72B40F23D86C83B2A2B8D
:101F200000F23986DFE813F0B506370603073706F7
:101F3000DD07880892081B08800837069C06AC0657
:101F4000B00637066008370637066E087B08370686
:101F50003706370637063706370637063706370699
:101F60003706370637063706370637063706370689
:101F7000370637063706E20637063706B006FE2B69
:101F800000F06484FF2B00F06981F22BC3D9FA2B97
:101F900040F0018694F8EC355B0740F16C8600F068
:101FA000FABD032006F06FFC002006F00DFC0020B7
:101FB00006F00AFC182006F007FC0FE0082006F0E7
:101FC00062FCDFF884914FF0000819F8010B08F16A
:101FD000010806F0F9FBB8F1080FF6D1D4F8203962
:101FE000987906F0F1FBD4F82039002283F84820D4
:101FF00094F8EF39002B3BD0D7F80080D8F80030A8
:1020000040465B699847002801F05681D4F80838AB
:102010004A49D8044CBFD4F86437D4F8683794F8E8
:10202000F0099B8800221BB25FFA82FC8445C1F054
:10203000488109F095F9322006F04AFA002394F815
:10204000F0193F4A9C46D8B28842C1F03F81322005
:1020500006F03EFAD4F80838590306D5A3685A03A7
:1020600003D440F2DC5006F033FA324B324ADA60E5
:10207000019B132B07F14C077FF434AED4F8C43A1C
:10208000002B01F044812F4829B0BDEC048BBDE842
:10209000F04F1847032006F0F6FB022006F094FBF1
:1020A000032006F091FB002085E7102006F0EBFBF3
:1020B0000C2006F0B9FBDFF894904FF0000819F8F7
:1020C000010B08F1010806F07FFBB8F10C0FF6D107
:1020D0000020D5E01A2006F0D6FBDFF874904FF010
:1020E000000819F8010B08F1010806F06DFBB8F1C2
:1020F0000B0FF6D1DFF85C904FF0000819F8010BD8
:1021000008F1010806F060FBB8F1080FF6D1DFF81E
:1021100048904FF0000819F8010B08F1010806F08B
:1021200053FBB8F1070FF6D158E700BF009000202D
:10213000EFBEADDE00ED00E00400FA051C0C00204F
:10214000540E00202C0F00207B1F0108841F010863
:10215000911F01089C1F0108A51F01080B2006F014
:1021600092FBB4F8500506F05FFBD4F82C29CB4B5A
:102170009A420CBFB4F83009B4F8320980B206F0C4
:1021800053FBD6F83439C3F3C000C3F38002800098
:1021900040EA4200C3F340021043C3F3401240EA56
:1021A000C200C3F3001340EA031000F01F0006F062
:1021B0003BFBB6F8042896F8EC35D6F8141696F8DA
:1021C0003889DFF8E0C2500000F00200C3F380035A
:1021D0000343C2F3400043EA800302F008000343D4
:1021E000C2F3800043EA0013C2F3801043EA4013B5
:1021F00001F4E0701843C2F3001340EA4320C2F335
:10220000401340EA8320C2F3002340EAC32001F4D4
:102210007F23034301F480100343C2F3402043EAC9
:10222000405301F00071C2F380220B43002043EAC7
:1022300082634FF0010E0246424504D306F0FDFAD8
:1022400094F82805B7E61CF8011B0EFA01F11942B3
:102250001CBF0EFA02F108430132EDE70023B4F887
:102260005015A4F8543901220A420CD1013352000E
:10227000092B92B2F8D1022006F005FBB4F85409FC
:1022800006F0D2FAAAE69BB2013B072B05D8DFE89D
:1022900003F0080A0C0F111315170123A4F8543981
:1022A000E9E70223FAE74023F8E74FF48073F5E704
:1022B0008023F3E72023F1E71023EFE70823EDE77E
:1022C0000423EBE7122006F0DEFA754BB5F9560948
:1022D000DB8BB3F5806F88BF4FF0080890FBF8F0F8
:1022E00080B206F0A1FAB5F9580990FBF8F080B277
:1022F00006F09AFAB5F95A0990FBF8F080B206F0A8
:1023000093FAB5F85C0906F08FFAB5F85E0906F0A5
:102310008BFAB5F8600906F087FAB5F8620906F09D
:1023200083FAB5F8640906F07FFAB5F86609A7E7FD
:10233000102006F0A8FADFF870914FF00F0808F1AE
:10234000FF3819F8010B5FFA88F806F03DFAB8F18A
:10235000FF0FF4D142E694F86809DFF8509140008D
:1023600000F0FE0006F08FFA4FF0000894F868398C
:102370009845BFF433AE39F8020B06F055FA08F170
:102380000108F3E7062006F07EFAB4F86A0906F0C1
:102390004BFAB4F86C0906F047FAB4F818066FE780
:1023A000062006F070FAD4F8980506F046FAB4F85C
:1023B000700965E7042006F066FA002070E2072045
:1023C00006F061FAB4F8C005FF28A8BFFF20C0B22C
:1023D00006F0FAF9D4F80C394FF6FF784345A8BF58
:1023E000434623EAE37080B206F01EFAB4F874099B
:1023F00006F01AFA94F83331D4F8F80843B10A23F6
:1024000058434045A8BF404620EAE07080B237E715
:1024100000F30F00FAE7022006F035FA94F88E0177
:1024200006F0D2F994F88D01C5E5022006F02BFAEA
:10243000A08925E70B2006F026FAD5F82036187873
:1024400006F0C2F9D5F82036587806F0BDF9D5F86F
:102450002036187906F0B8F9D5F82036587906F004
:10246000B3F9D5F82036987906F0AEF9D5F82036CC
:10247000D87906F0A9F9D5F82036987806F0A4F9AD
:10248000D5F82036D87806F09FF9D5F82036588947
:1024900006F0CAF9D5F82036187A8CE500540040C9
:1024A00000000020990D00201C0C0020C80900200D
:1024B0000000C84200007A44212006F0E4F9D4F874
:1024C000EC361B78022B4FF000087DD11FED089AE7
:1024D0005FED088AB2EE048AD6F8EC3603EB880387
:1024E00093ED090A20EE080A0CF074FC80F3080052
:1024F000C0B206F069F9D6F8EC3603EB880393ED29
:102500000C0A20EE090A0CF065FC80F30800C0B24A
:1025100006F05AF9D6F8EC3603EB880393ED0F0A70
:1025200020EE280A0CF056FC80F30800C0B208F137
:10253000010806F049F9B8F1030FCDD1B8F1070F42
:10254000D4F8EC362AD193ED120A20EE080A0CF0EA
:1025500041FC80F30800C0B206F036F9D4F8EC363E
:1025600093ED130A20EE080A0CF034FC80F3080007
:10257000C0B206F029F9D4F8EC3693F8503000EEEA
:10258000103AB8EE400A0CF025FCFF28A8BFFF2047
:10259000C0B206F019F94FF00808CFE74344587865
:1025A00006F012F9D4F8EC364344187B06F00CF927
:1025B000D4F8EC36434408F10108D87D06F004F95C
:1025C000B8F10B0FBAD109E5D4F8EC36434458788A
:1025D00006F0FAF8D4F8EC364344187B06F0F4F829
:1025E000D4F8EC36434408F10108D87D06F0ECF845
:1025F000B8F10B0FE8D1F1E42F2006F044F9DFF831
:102600003C8418F8010B00283FF4E8AC06F0DCF835
:10261000F7E7012006F037F9D4F8EC361878CAE469
:10262000502006F030F9DFF818A44FF000094FF001
:102630000C0BD4F8EC3603EB890809F1010998F882
:102640007D300BFB03A393F8500006F0BDF898F81B
:102650007E0006F0B9F898F87F0006F0B5F898F813
:10266000800006F0B1F8B9F1140FE2D1B6E44820C9
:1026700006F009F94FF000094FF0060AD5F8EC36DC
:102680000AFB093809F1010998F8D20006F09CF814
:1026900098F8CD0006F098F898F8CE0006F094F877
:1026A00098F8CF0006F090F898F8D00006F08CF873
:1026B00098F8D10006F088F8B9F10C0FDED18DE45E
:1026C000022302934FF0000A4FF0010BD949D94B76
:1026D00094F83809CB1A83420CDB029B012B3FF4A0
:1026E0007DAC5FFA8AF006F0CEF8012302934FF03A
:1026F000000BEBE711F8010B00230C2202FB03F89F
:10270000CD4A18F802C0844503D001331C2BF4D104
:10271000DDE7C94B03919844D8F804000AF0F0F8BB
:1027200003990346BBF1000F10D08244CFE7D8F8DD
:10273000040010F80900CDE9031306F045F8DDE9BF
:10274000031309F101094B45F1DCC0E7D946FAE76B
:10275000DFF8ECA294F83809DFF8D89206F093F885
:102760004FF000084FF00C0B0AF1480294F838398A
:102770009845BFF433AC19F8010B00210BFB01F3B2
:1027800013F802C0844505D001311C29F6D108F1A7
:102790000108EBE7534493F8500006F015F8A64AF9
:1027A000F5E7162006F06FF8B6F8440106F03CF89D
:1027B000B6F8D00006F038F8B6F8D20006F034F8D3
:1027C000B6F8D40006F030F8B6F8860106F02CF81A
:1027D000002005F0F9FF002005F0F6FF002005F0CD
:1027E000F3FF96F8330105F0EFFF96F8400105F08E
:1027F000EBFF002005F0E8FFD6F8EC36B3F95A00FD
:102800000A2390FBF3F080B206F00EF896F8280148
:1028100005F0DAFF96F82C0105F0D6FF96F82B01AB
:1028200005F0D2FF96F82D01FFF7C5BB082006F092
:102830002AF84FF001085FFA88F008F1010805F066
:10284000C3FFB8F1090FF6D1FFF7C8BB082006F0A7
:102850001AF8002005F0E8FF002005F0E5FF002051
:1028600005F0E2FF34E4042006F00DF8D4F8EC366D
:10287000B3F85E0005F0D8FFD4F8EC36B3F85C008E
:10288000FEE4DFF8C0810C2005F0FDFFD8F8AC07AE
:1028900005F0D3FFD8F8B00705F0CFFFD8F8B4079C
:1028A00005F0CBFFFFF79ABB042005F0ECFFA06812
:1028B000F6E7062005F0E7FFB4F8E80005F0B4FFFE
:1028C000B4F8EA0005F0B0FFB4F8EC00D8E4042056
:1028D00005F0D9FF94F8280105F076FF94F82C0153
:1028E00005F072FF94F82B0105F06EFF94F82D01AE
:1028F000FFF761BB072005F0C6FFB4F82E0105F015
:1029000093FFB4F8300105F08FFF94F8320105F021
:102910005BFFB4F83401B3E4012005F0B4FF607943
:10292000FFF749BB0C2005F0AEFF94F83E0105F01F
:102930004BFFB4F8480105F077FFB4F8440105F007
:1029400073FFB4F8460105F06FFF94F83F0105F0FE
:102950003BFFB4F84A0105F067FFB4F84C018FE47F
:10296000042005F090FF94F8840105F02DFF94F801
:10297000850105F029FFB4F8860181E494F868091F
:10298000DFF8C48000EB4000C0B205F07CFF4FF0E0
:10299000000994F86839994508F10208BFF41EABA4
:1029A00098F84C0105F010FF98F84D0100EB8000FD
:1029B00000EB800000F2EE2005F036FF09F101097E
:1029C000E7E7012005F05FFF94F84001FFF7F3BA55
:1029D000082005F058FFDFF874904FF0000819F850
:1029E000010F08F1010805F0EFFEB8F1080FF6D16C
:1029F000FFF7F4BA102005F046FF607905F0E4FE19
:102A0000A06805F01AFF94F83E0105F0DDFEB4F869
:102A1000E80005F009FFB4F8EA0005F005FFB4F896
:102A2000EC0005F001FFB4F82E0105F0FDFEB4F84E
:102A3000300125E4990D0020AC1601087916010833
:102A40006416010800F0FF1F6004002095050020B7
:102A500094F87609DFF80084C0EBC000C0B205F03E
:102A600012FF4FF0000908F6781A4FF00C0B98F996
:102A7000980100230BFB03F212F90A20824200F0B6
:102A80002D840133042BF5D109F10109B9F1040FAB
:102A900008F10808EBD1FFF7A1BADFF8A8830D20F1
:102AA00005F0F1FE09F036FD05F08EFEB8F82000C5
:102AB00005F0C3FED8F82C0005F0BFFE94F8A93944
:102AC00094F8A809984296BF181AC0F18000002314
:102AD0001844D4F8AC391844E2E605F0CBFE804641
:102AE000842005F0D0FE404605F0A7FED54BDA6AFB
:102AF00008F1800393428CBFA2EB08094FF08009D4
:102B000009F034FD4A46404608A909F0CDFD0DF113
:102B1000200881464FF0000ACA45BFF65FAA18F8A0
:102B2000010B05F051FE0AF1010AF5E7132005F04B
:102B3000AAFEDFF828934FF0000819F8010B08F1FE
:102B4000010805F041FEB8F10B0FF6D1002005F0A9
:102B500074FE32E405F084FEFFF740BA05F08AFE09
:102B600005F088FEFFF73ABA022005F08CFEB54B5F
:102B7000588BFFF785BB032005F085FE94F8ED0523
:102B800005F052FEAF4B187CFFF715BA4E2B3FF6FF
:102B9000C2A9222B03D808F0D5FEFFF71FBA233BAA
:102BA0004FF000082B2BF6D801A252F823F000BFFB
:102BB000192E0008972B00088F300008972B00086B
:102BC0009D300008972B0008D9300008972B00088B
:102BD000972B0008972B0008FB300008972B000864
:102BE000972B0008972B0008972B0008972B0008BD
:102BF000AF310008972B0008992E0008972B00088A
:102C00002B320008972B0008B7300008972B0008DC
:102C1000972B00081D2D0008972B0008032D000896
:102C2000972B0008972B0008B9310008972B000854
:102C3000E9310008A9320008972B0008972B0008FB
:102C4000972B000865300008972B0008152D000809
:102C5000972B00083F310008972B000859310008D6
:102C600094F8EC355B070FD405F0F0FD032828BF7E
:102C7000002084F82805FEF735FCFEF78FFA03E004
:102C800005F0EEFDA4F8E206002005F0FCFDFFF7DC
:102C9000A5B99AF80580B8F1250F00F2D0800DF1A2
:102CA00020094FEA5808CB464FF0000AC2450CD322
:102CB000654943460022084690450DDC0022122B50
:102CC00010D1012384F8D439DEE705F0C9FD0AF1FB
:102CD000010A2BF8020BE9E739F802CB21F802CB05
:102CE0000132E9E720F813200133E8E705F0B8FDE9
:102CF000D4F8EC86A8F85E0005F0B2FDA8F85C00F8
:102D0000C2E705F0A3FD84F88E0105F09FFD84F86D
:102D10008D01B9E705F0A4FDA081B5E7D4F8EC86F4
:102D200005F094FD88F8000003F048FEACE7D4F805
:102D3000EC8698F80030022B5DD19FED449ADFEDD0
:102D4000448A08F1240908F1300AB2EE048A05F039
:102D50007DFD07EE900AF8EE677A87EE887AA9EC97
:102D6000017A05F073FD07EE900AF8EE677A87EEB8
:102D7000897A89ED027A05F069FD07EE900AF8EE8E
:102D8000677ACA4587EEA87A89ED057ADFD108F11E
:102D900004094FF0030ABAF1070F1FD105F056FDE1
:102DA00007EE900AF8EE677A87EE887A88ED127A55
:102DB00005F04CFD07EE900AF8EE677A87EE887A08
:102DC00088ED137A05F042FD88F850000AF1010AF7
:102DD000BAF10B0F09F10109DDD155E705F036FD18
:102DE00089F8000005F032FD89F80B0005F02EFD92
:102DF00089F81600EAE708F10B0905F027FD08F845
:102E0000010F05F023FD88F80B0005F01FFDC145FB
:102E100088F81600F1D137E705F018FD1328804631
:102E20000DD8D4F8EC9605F011FD0A4A0023117A6A
:102E3000814215D001331C2B02F10C02F7D108F0AE
:102E400081FD21E700000020100E00200000C84294
:102E500000007A44AC16010860040020911F0108AC
:102E6000DC4A0C2101FB032309EB880893F8483066
:102E700088F87D3005F0EAFC88F87E0005F0E6FC75
:102E800088F87F0005F0E2FC494688F8800009F1E7
:102E90007D0008F057FEF7E605F0D8FC0B288146C8
:102EA000CDD8D4F8EC8605F0D1FC0328C7D806238A
:102EB00003FB098888F8D20005F0C8FC88F8CD002B
:102EC00005F0C4FC88F8CE0005F0C0FC88F8CF00FF
:102ED00005F0BCFC88F8D00005F0B8FC88F8D100FB
:102EE000D2E69AF80530092BA9D9D5F8208605F045
:102EF000ADFC88F8000005F0A9FC88F8010005F099
:102F0000A5FC6428A8BF642088F8040005F09EFC96
:102F10006428A8BF642088F8050005F097FC88F8AD
:102F2000060005F093FC642828BF642088F8070099
:102F300005F08CFC88F8020005F088FC88F8030096
:102F400005F08EFCD5F82039A8F80A005B790A2B29
:102F50007FF69AAE05F07AFC88F8080094E605F052
:102F60007FFC6FF4AF6C00EB0C039BB2C62B98BFD9
:102F7000A4F8440105F074FCA5F8D00005F070FC3D
:102F8000A5F8D20005F06CFCA5F8D40005F068FCAB
:102F9000A5F8860105F05AFC05F058FC05F056FC32
:102FA00005F054FC85F8330105F050FC85F840012C
:102FB00005F04CFC05F054FCD5F8EC3600EB800035
:102FC0004000A3F85A0005F041FC85F8280105F0FF
:102FD0003DFC85F82C0105F039FC85F82B0105F046
:102FE00035FC85F82D014FE6DFF8F0914FF0000831
:102FF00005F036FC08F10108B8F1080F29F8020BBA
:10300000F6D141E694F8EF35002B7FF43DAE05F0A4
:1030100027FC714B84F8ED0501221A7434E605F0A3
:103020001FFC6D4B58832FE694F8EC3558073FF59D
:103030002BAEFDF7DDFE1EE694F8EC3559073FF5A3
:1030400023AE4FF4C873A4F852351DE694F8EC355E
:103050005A073FF519AE94F81B3943F0040384F87E
:103060001B3911E645F2082009F072FA062008F033
:10307000D7F80123C72084F8EE3908F0D1F80023EF
:1030800084F8A93984F8A839C4F8AC39FCE5C4F847
:10309000088005F0EFFBFDF7B7F8F5E505F0E0FB7C
:1030A000A4F8E80005F0DCFBA4F8EA0005F0D8FB82
:1030B000A4F8EC00E8E505F0C9FB84F8280105F068
:1030C000C5FB84F82C0105F0C1FB84F82B0105F049
:1030D000BDFB84F82D01D7E505F0C2FBA4F82E0155
:1030E00005F0BEFBA4F8300105F0B0FB84F8320116
:1030F00005F0B6FBA4F83401C6E505F0A7FB84F89B
:103100003E0105F0ADFBA4F8480105F0A9FBA4F8C9
:10311000440105F0A5FBA4F8460105F097FB84F8EF
:103120003F019AF80530082B7FF6AEAD05F098FB0D
:10313000A4F84A0105F094FBA4F84C01A4E505F0BD
:1031400085FB84F8840105F081FB84F8850105F096
:1031500087FBA4F8860197E59AF80580B8F1380F47
:103160003FF66DAEDFF878904FF0000A40F6CA0BDC
:103170000323B8FBF3F8C24509F10209BFF484AD9B
:1031800005F064FB89F84C0105F06AFB5845A8BFBF
:10319000584640F2EE239842B8BF18461922B0FBB9
:1031A000F2F01E3889F84D010AF1010AE3E705F053
:1031B0004DFB84F8400167E5DFF828904FF00008E8
:1031C00005F044FB08F10108B8F1080F09F8010FF8
:1031D000F6D159E56416010800000020360E0020E3
:1031E000600400209505002005F030FBC4F808803D
:1031F00005F040FBFDF708F805F028FB84F83E01D8
:1032000005F02EFBA4F8E80005F02AFBA4F8EA007C
:1032100005F026FBA4F8EC0005F022FBA4F82E0133
:1032200005F01EFBA4F830012EE59AF805304FF0AA
:103230000708B3FBF8F8C8EBC8029B1ADBB2002BF7
:103240007FF4FDAD5FFA88F808F1FF385FFA88F87F
:10325000B8F1FF0F3FF418AD05F0F8FAD4F82829BB
:1032600040B20023911C11F933C0844503D00133CF
:10327000042BF8D1E3E502EBC30989F8020005F05D
:10328000EFFAA9F8040005F0E1FA89F8060005F064
:10329000DDFA89F8070005F0D9FA89F8090005F088
:1032A000D5FA89F80800CFE71B4B4FF480421A8506
:1032B000012384F8EF39E7E40A2005F009F9FEF765
:1032C0009DBE21F8023B0132FEF7AEBE52F8040B60
:1032D00000680133C0F800C0FEF7B5BEC0B205F00B
:1032E00073FAB8F89A0105F09FFA98F89C0105F076
:1032F0006BFA98F89D0105F067FA98F89F0105F0C0
:1033000063FA98F89E0105F05FFAFFF7BDBB29B09C
:10331000BDEC048BBDE8F08F0008004808B5FEF74F
:10332000E1F8FDF73BFFBDE80840012005F07CB95E
:103330002DE9F04FB44DD5F80C2895F8D46A02F574
:103340009C4320338BB0C5F8D03A002E00F0DF80CC
:10335000D5F8D83A9A4202D9013E85F8D46AAA4CE7
:10336000D4F8088818F48053019305D0D4F81436A3
:10337000D80701D4FDF7C8F9D4F8F426937A23B31B
:1033800004EB4303127BB3F966351AB1C3F53B6313
:1033900008331BB2A3F57A73B3F57A7FA8BF4FF455
:1033A0007A7323EAE37307EE903ADFED986AF8EE5A
:1033B000E77A87EEA67ADFED967A67EE277AFCEE5B
:1033C000E77A17EE903AA5F8743918F4807F00F088
:1033D0003081D4F80C188F4A94F83237914240F279
:1033E000258113B9012384F8323794F8516794F892
:1033F000EC25D4F814A6012E02F0040B14BF032709
:1034000000274FF00009A2E1072C98BF195D824800
:103410003B6B88BF21469847032C19D8C0B1D5F81B
:10342000F43603EB84039A8FDB8F801A9B1A08FB18
:1034300000F090FBF3F040F2EE2300F57A70984232
:10344000B8BF184640F6CA039842A8BF184680B2D3
:1034500005EB44040136A4F8DC0A95F868B9D5F800
:10346000F436F4B2A345CFD8D5F80828D5F85C05D2
:10347000019042F201010A40039208D095F83926E2
:1034800085F83826654A92F8351082F8341095F898
:103490003886B8F1000F04D0604A92F8348088F082
:1034A000010895F8017B01995D4C0F2285F8002BEE
:1034B0000322B7FBF2F202EB420201F51671BA1ACF
:1034C000D2B20591A4F5AD61049204F29A5904F2C6
:1034D000E45A2246002602915E451CDB4A4E96F8CD
:1034E000003B0F2B6DD1D6F814365B0169D4D6F8AA
:1034F0005C35D6F83C27C6F838379B1AC82B02D95A
:10350000012386F85137013786F8017B27E7434FBF
:103510004FF47A78A1E7B8F1000F33D0414931F97F
:103520001600998A80B281422ED8D98A81422BD343
:103530000599CAF80010039900B2D9B1049929F885
:103540001100029991F8941B29B9022F12D90298FF
:10355000012180F8941BB9F80010B9F80200084462
:10356000B9F804100844304900B221F816000321CC
:1035700090FBF1F022F8020B013609F106090AF17D
:10358000040AA9E74046CCE7DAF800100198814226
:1035900001D91088CFE7F0B2CDE9063205F0A6F9DF
:1035A000032EDDE90632C6DCDFF85CE04FF0010CEB
:1035B0009EF8001B0CFA06FC21EA0C018EF8001B99
:1035C000B9E7164B012283F8352083F83420D6F86A
:1035D0005C35D6F83827C6F83C379B1AD6F834271E
:1035E000934202D9002386F851374FF0000807E0D4
:1035F0005FFA88F005F07AF924F8020B08F1010867
:10360000C345F5DC7FE700BF6004002000007A447A
:1036100000C07F44404B4C00C80D0020000000203B
:10362000C80900203C0F0020F60F0020002B7FF47B
:10363000DCAE019BB4F96E95002B00F0E580B4F888
:103640004431B4F8DE20991A494580F2E0801344F1
:103650004B4540F3DC80FDF737F8FDF743F84FF0BA
:10366000000AAC4B93F836B094F8EC35590740F1AA
:10367000D58018F0100F00F0D18094F81B39DA06CD
:1036800000F1CC80BBF1000F00F01D8194F88E3169
:10369000BAF1000F40F006813BB1D4F85C15D4F8C4
:1036A0001C365B1A002BC0F2B580102004F096FF88
:1036B000012384F8B43BB1E0BBF1000F0DD0012E23
:1036C00005D00520FCF7B0FD022384F8ED35002F6E
:1036D000AFD0384604F082FFABE71AF0806F4FF4AA
:1036E000806005D009F04EF80023C4F84037EEE7BB
:1036F00009F03AF8F8E7012E29D1052125E0012E3D
:1037000004BF052184F85017BBF1000F0FD0D5F886
:10371000B01BB1F90E10A5F86A15A5F86C15A5F83F
:103720006815D5F82C174988A5F86E156746D4F8A2
:103730005C05D4F84417814202D3BBF1000F60D17D
:1037400042F21071C4F84C17032184F8501794F812
:1037500050C794F8EC05BCF1050FB8D801A151F899
:103760002CF000BFB9360008F7360008FF36000815
:103770007D370008AD370008E537000840F002004B
:1037800085F8EC05FCF7C0FFD5F85C05D5F84C17BB
:103790000144C5F84817042185F850174FF480609C
:1037A00008F0E2FF0520FCF74BFDD0E7012E11D118
:1037B000D4F85C35D4F84817994288D2554991F825
:1037C000361011B91AF0010F81D120F0020084F8EF
:1037D000EC0592E7D4F85C25D4F84C371344C4F8D0
:1037E000483774E7D5F82C07D5F85C15C08885F8FC
:1037F0003397642303FB0011C5F8401785F85097F1
:10380000CCE7012EA3D062E7B4F8463120E74FF0B1
:10381000010A26E7FCF778FF84F8B4AB94F88C3102
:10382000019394F88D01B4F846C1B4F848E13A49DF
:1038300000231E4631F9027BB6086745C4BF66F017
:103840007F06F6B201337745B8BF46F04006042B39
:10385000F0D194F8B53BB34239D194F8B67BF92F47
:1038600003D80137FFB284F8B67B84F8B56B08F053
:103870000408BBF1000F40F0CC84D4F81436DB0709
:1038800038D5BAF1000F24D194F8EC35D80706D515
:10389000590702D4012384F8B035FCF767FF142FD1
:1038A00053D140E03BB1D4F85C154FF47A7013FB70
:1038B0000013C4F81C3694F8B43B002BAED004F0CF
:1038C0007BFE0023F5E6BAF1000FF4D1EDE6002708
:1038D000C9E7D4F8FC350A2BE1DCB4F850355A07B7
:1038E000DDD494F8EF35002BD9D1FCF7EDFEFCF7D1
:1038F000F9FED2E794F8EC355B07D0D594F838366A
:10390000002BCCD010B1FCF7FFFEC8E7BAF1000FD6
:10391000C5D1F8E700000020C8090020019B13B1C1
:103920007D2E00F0808494F8EC355F070DD4572E7F
:1039300040F0CD80D4F834394FF47A7213F0080394
:10394000A4F8542501D1A4F81836B8F1000F40F0BE
:10395000E480D4F8EC660023C4F8143606F17F073F
:1039600006F1CF084FF0010917F8010C394604F0B1
:103970007BFE40B117F8023CD4F8142609FA03F391
:103980001343C4F8143604374745EDD1B24F06F15E
:10399000CE0B4FF00C0806F58B764FF000094FF078
:1039A000010A1BF8010C594604F05EFEE8B19BF8D1
:1039B00004109BF8023008FB0140013BD0F8FC26C4
:1039C00003EB43033B4493420FD09BF80320C0F822
:1039D000FC3694F8BD3B80F8F8260AFA01F123EA98
:1039E0000103C0F8009784F8BD3B0BF1060B5E4560
:1039F000D7D1D4F85C35019394F838360293019B03
:103A0000D4F820B6954F03F5FA730026039379682E
:103A1000002900F0388191F800A0BAF1000F00F001
:103A20003281BA68019B9A1A002A0ADB039B94F838
:103A3000BD2BBB60012303FA06F022EA000284F8E2
:103A4000BD2B029B002B00F01E813A78487894F839
:103A5000BD8B0432D2B2002840F0888304EB4202CE
:103A6000B2F96805B4F8442102F1C80C604540F38E
:103A7000F98091F8029048FA06F1CA0700F1038133
:103A8000B9F1000FCCBF0220012004F0CDFD0AF1F6
:103A9000FF31132900F28081DFE811F07101850107
:103AA0009001A001B801C0011E027902E0020E03DC
:103AB0003A037E01A001AD01C0011E027902E401BA
:103AC00041029E020B2004F089FD84F8B67BB8F118
:103AD000000F01D05A2E17D0A6F15603082B57D845
:103AE000DFE803F05456565656525605500001234F
:103AF000DEB2013B84F82835FDF7F4FCFDF74EFB00
:103B0000304604F091FD20E794F8B73B4BB1002319
:103B100084F8B73B012384F8B83B94F8B93B53B918
:103B20001FE094F8B93B83F0010384F8B93BABB1D3
:103B30000C2004F053FD94F8EC35580711D5B4F877
:103B400046314B450DDAD4F8143613F0010302BFA9
:103B50003222A4F8BA2B84F8B93B02E00D2004F01D
:103B60003DFDD4F81436D90366D594F8BC3B2BB987
:103B700094F8B73B13B93223A4F8BA3B012384F875
:103B8000BC3BE6E60323B3E70223B1E7FFF7C6FB3E
:103B9000334B93F8363043B16F2E02D1FCF7E6FD7C
:103BA000D3E6019B0BB17E2EF8D0972E04D14FF4B3
:103BB000C873A4F85235C8E6A72E06D194F81B396D
:103BC00043F0040384F81B39BFE60023B73E099392
:103BD000072E3FF6BAAE01A353F826F0333C000897
:103BE0004B3900084B3900084B390008FD3B0008F1
:103BF0004B3900082B3C0008033C0008022300223C
:103C000001E000230222D5F8EC16B1F85C00024472
:103C1000A1F85C20B1F85E201344A1F85E30FFF7F4
:103C20007DFB002385F8B63B8FE600236FF0010291
:103C3000E9E76FF00103E2E794F8B73B002B3FF4AC
:103C400088AE94F8EC3513F0040302BF84F8B73B58
:103C5000012384F8B83B7CE6FC170108580B0020D0
:103C600000000020C83A904203DA8A78C2F10009C5
:103C700001E70123B34028EA030384F8BD3B019B1D
:103C800003F5FA73BB600136042E07F10C077FF4CD
:103C9000BEAED4F81456AB0706D4D4F80838DF0506
:103CA00007D594F8333723B1D4F834399E0700F19F
:103CB0009682012008F058FD0123690740F19A829D
:103CC000002B00F09782012008F04EFDB4F8043874
:103CD0009A0704D40220FCF7F7FC08F053FD94F88F
:103CE000EC355B0708D4B4F8043803F044031BB187
:103CF000B4F81836A4F8E236D4F8343913F00A0FC1
:103D00002AD0EF0640F17A82B4F804385E0706D470
:103D1000042008F037FDB4F81836A4F8E236A806F7
:103D200040F17082B4F80438590602D4402008F0FB
:103D300029FD6A0642BFC54AB4F81836D38215F089
:103D4000080307D094F8F83533B9C04AB4F81836E8
:103D5000D382012384F8F8352B054FF4807040F1AD
:103D6000558208F00FFD6379082B02D00E2B40F02E
:103D7000618240200BB0BDE8F04F08F0F5BC9BF825
:103D800000304B44FA2BA8BFFA2323EAE3738BF8E5
:103D90000030584604F08EFC0123B34048EA030883
:103DA00084F8BD8B6FE79BF801304B44642BA8BFB0
:103DB000642323EAE3738BF80130EAE79BF80330CE
:103DC0004B44642BA8BF642323EAE3738BF80330CE
:103DD000D4F8C01B584604F089FCDDE79BF80510B9
:103DE00049446429A8BF642121EAE171BAF10D0FA9
:103DF0008BF80510D0D09BF804304B44642BA8BF3F
:103E0000642323EAE3738BF80430C5E79BF806309C
:103E10004B4483F308038BF80630BDE7D4F8C40B9A
:103E20000178022943D107EE909AF8EEE76AF2EEA4
:103E3000047A86EEA77AD0ED0A7A37EE277AB5EEC5
:103E4000C07AF1EE10FA2FD4DFED827AB4EEE77A81
:103E5000F1EE10FAD8BFF0EE477AC0ED0A7ABAF167
:103E60000F0F99D0D4F8C41B0B78022B2BD107EE7F
:103E7000909AF8EEE76AF2EE047A86EEA77AD1ED30
:103E8000097A37EE277AB5EEC07AF1EE10FA17D438
:103E9000DFED707AB4EEE77AF1EE10FAD8BFF0EE0B
:103EA000477AC1ED097A77E7DFED6B7AD5E781785C
:103EB0004944C829A8BFC82121EAE1718170CEE731
:103EC000DFED657AEDE74B784B44C82BA8BFC823DC
:103ED00023EAE3734B705FE7D4F8C40B017802293F
:103EE00040D107EE909AF8EEE76ADFED5A7A86EE57
:103EF000A77AD0ED0D6A37EE267AB5EEC07AF1EEEC
:103F000010FA2CD4B4EEE77AF1EE10FAD8BFF0EE46
:103F1000477AC0ED0D7ABAF1100F3FF43DAFD4F8F7
:103F2000C41B0B78022B29D107EE909AF8EEE76AB2
:103F3000DFED487A86EEA77AD1ED0C6A37EE267A65
:103F4000B5EEC07AF1EE10FA15D4B4EEE77AF1EEE0
:103F500010FAD8BFF0EE477AC1ED0C7A1CE7DFED1E
:103F60003E7AD6E7417B4944C829A8BFC82121EA47
:103F7000E1714173CFE7DFED387AEDE70B7B4B441E
:103F8000C82BA8BFC82323EAE3730B7304E7D4F854
:103F9000C40B0178022944D107EE909AF8EEE76A43
:103FA000DFED2B7A86EEA77AD0ED107A37EE277AFE
:103FB000B5EEC07AF1EE10FA30D4DFED267AB4EE29
:103FC000E77AF1EE10FAD8BFF0EE477AC0ED107A3A
:103FD000BAF1110F3FF4E0AED4F8C41B0B78022BFA
:103FE0002BD107EE909AF8EEE76ADFED197A86EEAC
:103FF000A77AD1ED0F7A37EE277AB5EEC07AF1EED7
:1040000010FA17D4DFED137AB4EEE77AF1EE10FA76
:10401000D8BFF0EE477AC1ED0F7ABDE6DFED0E7A3C
:10402000D4E7017E4944C829A8BFC82121EAE1712B
:104030000176CDE7DFED087AEDE7CB7D4B44C82B69
:10404000A8BFC82323EAE373CB75A5E600000020D0
:1040500000007A440000C84200000000D4F8C41BED
:104060000B78022B1FD107EE909AF8EEE76AF2EE7A
:10407000047A86EEA77AD1ED0B7A37EE277AB5EE81
:10408000C07AF1EE10FA0BD45FED0E7AB4EEE77A57
:10409000F1EE10FAD8BFF0EE477AC1ED0B7A7BE66D
:1040A0005FED137AF9E7CB784B44C82BA8BFC82340
:1040B00023EAE373CB706FE6D4F8C41B0B78022BB2
:1040C0001DD107EE909AF8EEE76A5FED1E7A86EE54
:1040D000A77AD1ED0E6A37EE267AB5EEC07AF1EE08
:1040E00010FA09D4B4EEE77AF1EE10FAD8BFF0EE88
:1040F000477AC1ED0E7A4FE65FED297AF9E78B7BBF
:104100004B44C82BA8BFC82323EAE3738B7343E651
:10411000D4F8C41B0B78022B1FD107EE909AF8EE4F
:10412000E76A5FED357A86EEA77AD1ED117A37EE40
:10413000277AB5EEC07AF1EE10FA0BD45FED3B7A38
:10414000B4EEE77AF1EE10FAD8BFF0EE477AC1ED9F
:10415000117A21E65FED407AF9E74B7E4B44C82B9C
:10416000A8BFC82323EAE3734B7615E601287FF442
:1041700013AEBAF10C0F7FF40FAE04EB4202897854
:10418000B2F9680540F633029042A8BF1046B0F578
:10419000617FB8BF4FF46170A0F561704FF4966213
:1041A000B2FBF1F2B0FBF2F094F8F026C0B282421A
:1041B0003FF4F2AD032894BF0246022285F8F026B0
:1041C0000AFB025202F22A520490C5F82026FCF79C
:1041D00019FB04980130C0B204F026FADCE5B4F80B
:1041E0000438D80704D40120FCF76EFA08F0CAFAA4
:1041F000002362E5022008F0B7FA70E5042008F019
:10420000B3FA8CE5402008F0AFFA92E508F0ACFA7A
:10421000A9E5142F7FF499AB94F8EC755F2E07F0A5
:1042200004077FF47BAB002F3FF44CACFCF76CFA37
:10423000FFF779BB0BB0BDE8F08F1649D1F8883095
:1042400043F47003C1F88830134B1A6842F001023E
:104250001A605868114A02405A601A6822F0847243
:1042600022F480321A601A6822F480221A605A6896
:1042700022F4FE025A60DA6A22F00F02DA62186B48
:10428000074A02401A6300229A604FF000638B6075
:10429000704700BF00ED00E0001002400CC07FF846
:1042A000CCFC00FF80EAE073A3EBE0738B4206DBFB
:1042B000002801DD401A704702D0084470470020F2
:1042C00070472DE9F041824CD4F8C83BA0EB0308BD
:1042D00042F20F7398452DED048B40F2EB8044F6CB
:1042E000206398457B4DC4F8C80B81BF0023C4F8F8
:1042F000D43BC4F8D83BC4F8DC3B95F8373043B323
:1043000094F8EC2512F0040223D1734BC4F8D42B9B
:104310000021196040F2DC50C4F8D82BC4F8DC2B23
:1043200085F83720C4F8E42BC4F89C25A3F24C424E
:10433000A3F58763694EA4F88C054FF07E5010609A
:1043400056609160D060116118605E609960D860BD
:104350001961D4F8E86BD4F8EC3BB3426ED0F31A91
:1043600008EE903ADFED5E7A5E4BF8EE688A68EE12
:10437000A78AD3ED007AF5EEC07AF1EE10FA40F29A
:104380009D8013ED017AB5EEC07AF1EE10FA40F29D
:10439000958087EE270AB5EEC00AF1EE10FA40F2DA
:1043A0008D80DFED517A93ED018A38EE278A0AF08D
:1043B0003FFCDFED4E7A28EE000A20EE270ADFED03
:1043C0004C7A20EE270AF6EE007AF4EEE78AF1EE58
:1043D00010FA31DCB4F9F03B0F2B72D1B4F9F23B97
:1043E000444A02EB830201331BB20F2B08BF0023A8
:1043F000A4F8F23BD2ED007A0E23A4F8F03B3E4B3A
:1044000093ED017A77EE877A30EE670A83ED000A42
:10441000B4F96A39002BB8BF5B429BB21E2B07D898
:10442000B4F96C39002BB8BF5B429BB21E2B4CD940
:10443000324BEB60FCF712F9C4F8EC6BD4F8D83BC4
:10444000002BC9BFD4F8D42B9FED2D9A07EE902AEC
:10445000B8EEE77AC4BF07EE903AF8EEE77A294B58
:10446000C8BF87EE279A9FED287AA3EC019AD3ED77
:10447000007A69EE277AF4EEC77AF1EE10FA08D4E2
:104480009FED227AF4EEC77AF1EE10FAD8BFB0EEC3
:10449000677AB4F9483C1E4E0027052B86ED007A5A
:1044A000C4F8D47BC4F8D87BC4F8DC7B36DC013399
:1044B000A4F8483CBDEC048BBDE8F0819FED100AE8
:1044C00081E7144BD3ED007A99E74FF08043B0E7D2
:1044D000600400200000002040100020CDCCCC3D26
:1044E0006F12833A680A0020339388438E2BEA4187
:1044F0000000C84254100020941000200000A0408A
:10450000000000009C100020000048C40000484447
:10451000A4100020901000200024744907EE908A17
:104520001FED036A16ED190A56ED039A56ED058A3A
:10453000F8EE677AA6F5D263C7EE866AA6F5D16271
:1045400016ED046AD3ED005AD6ED027A66EE255ACE
:10455000A6F28C63E5EEA67AD3ED005AC6ED027A98
:1045600066EE255A77EE877AA5EEA60AD2ED005AB6
:1045700026EE256A67EEA67AE6EE269AB0EE407A37
:10458000B6EE006AA7EE867A30EE270AE7EE268AB4
:1045900006ED190A46ED039A46ED058A0AF01AFC63
:1045A00039EEA80A08EE100A0AF014FCB4F9F01B60
:1045B0002A8F0E2902F1010207EE900A12B2A6F12B
:1045C000500300F3F1800E2ACCBF3A46174603EBA6
:1045D000820301312F87C3ED008AA4F8F01B824FBC
:1045E00097ED036A97ED007AD7ED016A97ED020A1D
:1045F00057ED045A36EE076AB8EEC88A76EE266A98
:1046000038EE408A86EE267AF7EE006AA7EE080AB0
:1046100087ED047A36EEC77A17ED038A87ED020A32
:1046200027EE067A17ED056A87ED037A17ED027A11
:1046300037EE067AF8EEE77A77EE255A77EEC87A03
:1046400087EE256AA6EE278A76EEC66A07ED016A2E
:1046500066EE876A07ED038A47ED026A0AF0BAFB45
:10466000B0EE480A0646C4F8500C0AF0B3FBB4F9A1
:104670007436C4F89805002BB8BF5B429BB2B3F503
:10468000487F07F2AC4780F0AC80B4F97636002B57
:10469000B8BF5B429BB2B3F5487F80F0A28094F82C
:1046A000EC256B7A97ED007AD4F8908712F004022B
:1046B00008BFC4F89405002B40F08C80D4F89435E2
:1046C000181AB0F5FA7F494BA8BF4FF4FA70984218
:1046D000B8BF18460521FFF7E5FD98F804304449B6
:1046E00043438B4279DB002BB8BF7F33DB11B3F53B
:1046F000967FA8BF4FF49673991B98F80A303D48EF
:104700004B4383426BDB002BB8BF1F335B11B3F508
:10471000967FA8BF4FF496732AB198F81500D4F885
:10472000E42B01FB0022B2F5161F3349A8BF4FF45A
:1047300016128A42B8BF0A46C4F8E42B002ABCBF4E
:1047400002F5FF521F3203EB623398F8202007EE88
:10475000902A37EE097AF8EEE77A6FF0950167EE66
:10476000877A9FED267A67EE877AFDEEE77A17EE75
:10477000902A962AA8BF96228A42ACBF9B1A5B1A3F
:1047800030460521C4F89C3587ED009AFFF78AFD75
:10479000002EB8BF7642C82EC8BF0123C4F87009E6
:1047A000C8BF85F8373085E6B4F8F21B2A87013197
:1047B0000F2A09B205D12F87C3ED008AA4F8F21B96
:1047C0000DE703EB82030F29C3ED008AF6D1A4F8AD
:1047D000F27B04E7D4F8AC358EE7094B8CE7084B45
:1047E0009AE70023CCE700BF080C00200CFEFFFF77
:1047F0008169FFFF61DAFFFF0080DAFF0000003B04
:10480000D4FEFFFFD0ED005A9FED2B4A08B535EEE0
:10481000840AFBF723FEF0EE403AB0EE650AFBF7A0
:104820001DFE90ED015AF0EE404A35EE040AFBF70A
:1048300015FEF0EE405AB0EE450AFBF70FFE90ED84
:10484000023AB0EE405A33EE040AFBF707FEB0EE30
:10485000404AB0EE430AFBF701FE65EEC07A20EE57
:10486000236A24EE847AC1ED017AF0EE467AE5EE11
:10487000077A24EE233A64EE806AC1ED037AF0EE03
:10488000437AE5EE667AA5EE067AE5EE436A24EE13
:10489000254A64EEE54A65EEA35A81ED004A81EDB2
:1048A000025AC1ED047AC1ED054AC1ED066A81EDF7
:1048B000077AC1ED085A08BDDB0FC93F2DE9F04F5B
:1048C0002DED028BB1B04FF00009FBF779FC18B960
:1048D000FCF78EFAFCF706FEBA4CBB4DFCF75EFC0B
:1048E00094F8588C48F0010384F8583CB74B4FF4C7
:1048F0007002C3F8882000230493059306932B6865
:1049000043F480332B602B6803F400330593049B3E
:1049100001330493059B1BB9049BB3F5A04FF2D15F
:104920002B6813F4003318BF01230593059B012B5B
:1049300040F0018302230693A54B12221A606B6894
:104940006B606B686B606B6843F480636B606B6873
:1049500023F47C136B606B6843F4E8136B602B6883
:1049600043F080732B602B689901FCD56B6823F0B2
:1049700003036B606B6843F002036B606B6803F0CA
:104980000C03082BFAD1069B904EC4F85C3C914B6B
:10499000F3606B6A6B6A43F080736B626B6943F41C
:1049A000FC031CAF6B6103238DF87230394641F66E
:1049B000FF734FF09040ADF8703006F07FFB4FF67C
:1049C000FF738548ADF87030394606F077FB8348B1
:1049D000394606F073FB8248394606F06FFB814882
:1049E000394606F06BFB39467F4806F067FB3846D0
:1049F00004F096F81C9B7D4AB3FBF2F3C4F8603CCC
:104A00007B4B7C4ADFF8FCC14FF0000EC4F864EC2D
:104A1000C3F804E04FF0E0230DF1740A5A61F0226C
:104A200086F823200722C3F818E01A61BCE80F00BB
:104A30003E460FC6BCE80F000FC69CE80F00D4F836
:104A400008B0C4F808B886E80F006B6943F4002387
:104A50006B616B6943F400236B616B6943F4002362
:104A60006B616B6943F400336B614FF0904310222C
:104A70001A8520221A8540221A85584A4FF480430D
:104A800093614FF4005393614FF400439361764672
:104A90005AF8040C5146013606F010FB062E0AF1B6
:104AA000080AF5D1544B1C936B69DFF85CA14A48A6
:104AB00043F480236B61394606F000FB9AF8192015
:104AC0000823002A40F03A82434A93614B48C4F8D5
:104AD000280904233022002100F2E27084F876399C
:104AE00001260BF05BFC1422002117A884F88469CE
:104AF00048F005080BF052FC1BF4802F08BF84F827
:104B00006C6C84F8588CEB69334E43F48043EB6152
:104B10002B6943F480432B616B6943F480236B6101
:104B2000736A23F470037362736A43F4A0037362BD
:104B3000736A23F070637362736A43F0A0637362F5
:104B4000736A23F070437362736A43F0A043736225
:104B5000336A23F470033362336A43F4A00333628D
:104B6000736A23F470237362736A43F4A02373623D
:104B700040F2023B4FF4604339463046CDE91C3BDE
:104B800003F07AFF20220123394630464FF4805843
:104B90001C928DF8743003F06FFF39463046CDF823
:104BA000708003F069FF2B6943F480432B612B690C
:104BB00023F480432B61124B998821F4805109041E
:104BC000090C23E0600400200010024000ED00E02A
:104BD000002002400005FA050004004800080048D3
:104BE000000C0048001000480014004840420F002C
:104BF000C41000203F19010008000102F605002042
:104C00000038004038180108000000209980998879
:104C100089B241EA08019980198801F4415141F4AF
:104C2000437141F003011980998821F470610904EE
:104C3000090C41F4E0619980998B21F40061090429
:104C4000090C998307211982198889B2202241F021
:104C500040011980B261C6F818806B69DFF8B8832B
:104C6000C4F82C8943F480236B61EB6943F400138F
:104C7000EB612B6B23F010032B632B6B43F01003C2
:104C80002B63736A23F00F037362736A43F00403A8
:104C90007362736A23F0F0037362736A43F0400334
:104CA000736239464FF480733046CDE91C3B03F004
:104CB000E3FE4FF40073394630461C9303F0DCFEEC
:104CC000D8F80030B4F9E81023F00103C8F8003038
:104CD000D8F80020C24B1340C8F80030C14BC8F8C8
:104CE0001030D8F80030B4F9EA20002043F0010376
:104CF000C8F80030C8F80800C8F80C00C8F8080068
:104D0000D8F8083043F40043C8F80830D8F8003029
:104D1000C8F80030D8F8043023F0784323F4004377
:104D2000C8F80430D8F8003043F00103C8F8003068
:104D3000B4F9EC3041EA02051D431FD007EE901A8A
:104D40009FEDA97A8AF83A00F8EEE77AA74967EE6C
:104D5000877A3846CDED1C7A07EE902AF8EEE77A8E
:104D600067EE877ACDED1D7A07EE903AF8EEE77A96
:104D700067EE877ACDED1E7AFFF744FD9C4EB4F8BE
:104D8000F03003934FF0000B10225946A6F5EE7059
:104D9000C4F898BC94F8EF5094F8F78084F894BC69
:104DA000C6E901BB0BF0FAFA2320C4F8A8BCA4F8AA
:104DB000A4BCC6E905BBC4F8B4BC03F089FB0BAACC
:104DC0000121752004F0A2FA002840D0894AC4F8D5
:104DD000AC2C894AC4F8B02C43F64332A4F8A82C72
:104DE00001210FAA584604F091FA9DF83C200028B2
:104DF00000F0A780EA2A40F0A48042F633525946D8
:104E000006267F20A4F8A82C84F8A46C04F0CDF921
:104E10000A2003F05DFB7821032004F0C6F90A2084
:104E200003F056FB0121304604F0BFF90A2003F0DD
:104E30004FFB3F21072004F0B8F9142003F048FB92
:104E40005946072004F0B1F90A2003F041FB94F819
:104E5000A43C0022062B84F8B82C40F0DF80674B7E
:104E6000C4F8BC3A664BC4F8C03A664B6649D96090
:104E7000D4F834390A2D43F00101C4F8341928BF9D
:104E8000154640F2FD2121FA05F212F0010240F030
:104E9000E682012D40F0E18284F8B92C9A0700F1F6
:104EA000EB82D4F8BC3A03989847002384F8BA3CC4
:104EB000B8F1000F40F0E4824FF0000800252A46C8
:104EC0007F2168208DF8705004F04BF932220F21B9
:104ED000682004F046F92A460321682004F041F9CD
:104EE00001223B4611460C2004F08DF99DF87030EC
:104EF000092B40F0CE82454BC4F8BC3C444BC4F86F
:104F0000C03C072384F8BA3CD4F8343943F0080392
:104F1000C4F8343994F8E4300BB184F8B83C94F810
:104F2000E5300BB184F8B93C94F8E630002B78D02A
:104F300084F8BA3C75E00123069324E5354A1385CD
:104F4000C4E502F07E028DF83C2040B1682A06D10B
:104F5000012384F8A43C1D2384F8A83C77E79DF83E
:104F60002C3003F07E03682B8DF82C3032D10621D3
:104F700002233A46084684F8A43C04F0C7F99DF899
:104F800075309DF873209B00520002F0020203F07E
:104F9000040313439DF8712002F0010213430CD067
:104FA000012B03D1002384F8A53C50E7022B01D14B
:104FB0000123F8E7022003F09AFA13AA01210C203A
:104FC00004F0A4F99DF84C3013F00F03F2D0042B39
:104FD000EED1E7E7702B04BF042384F8A43C36E746
:104FE000FFE0CF007A25E00035FA8E3CD01000209B
:104FF000F81000200D930008AB910008C1B1000823
:10500000FD6400081C0F00202D23FA3BB39100081B
:10501000239300080004004800540040022384F851
:10502000943C94F8F830052B00F28280012505FAB3
:1050300003F313F0160F40F0348213F0290F77D0EA
:105040000A2003F045FA4CF6EF030FA90220ADF851
:105050003C3006F0B1FE002800F02382284603F021
:1050600037FA13A902208DF84C908DF84D9006F078
:1050700089FD002800F01582BDF84C305BBA03F0C2
:105080003F03082B40F00D82D14B9DF84C90D3F894
:10509000040293F808321C9039463B7105209DF8B4
:1050A0004DB006F089FE002800F0FB81C94D4FF29B
:1050B000C77805F110060FA90220ADF83C8006F074
:1050C0007BFE002800F0ED81012003F001FA13A916
:1050D00002208DF84C908DF84DB006F053FDBDF8D0
:1050E0004C309DF84C909DF84DB05BBA9BB20028B7
:1050F00000F0D78107EE903AF8EEE77AE5EC017A16
:10510000AE42D8D1B44BC4F8E83CB44BC4F8F03C40
:10511000B34B00221A606223C4F8F83CD4F85C3523
:10512000C4F8FC3C0320002384F8003D06F098FE00
:10513000D4F8343943F00403C4F8343949F6117310
:10514000ADF8703002223B460021402003F016FFEC
:1051500028B994F8943C63F07F0384F8943CD4F825
:105160005C3C012B02BF94F8943C43F0400384F86C
:10517000943C94F8940C00287FF41DAF94F8583CAC
:10518000984E43F0020384F8583C4FF400533385A3
:105190004FF48043B3610F25B38A9BB283F400536D
:1051A000B382B38A9BB283F48043B382B38A9BB247
:1051B00083F40043B382192003F08AF9013D1920DA
:1051C00003F086F915F0FF05E6D14FF48043B36193
:1051D0004FF40053B3614FF40043B361D4F8343952
:1051E0001B0705D5D4F8BC3C9847012384F8013D42
:1051F000D4F88437DFED7C6A1B7BA4F8023DBAF853
:105200001E307A4807EE103AB8EEC77A1A22C6EE78
:10521000877AFF219FED767A67EE877AC0ED007A74
:10522000A0F206300BF0BAF8D4F8341901230022AA
:105230008F0784F8383984F8392907D584F83A3942
:10524000032384F83839022384F83B394E0708D504
:1052500094F838395A1C234484F83829032283F8F7
:10526000392994F8383911F00A0F03F10102D2B24A
:1052700010D0E1182244042081F83909052182F870
:105280003919DA1C023354FA83F384F838290622D8
:1052900083F83929D4F80868B00608D594F8383965
:1052A0005A1C234484F83829072283F83929637962
:1052B000082B01D00E2B08D194F838395A1C2344FE
:1052C00084F838290B2283F8392994F83829A11851
:1052D0000C20531C81F839097107DBB205D5234432
:1052E0000232102183F83919D3B25A1CE118D2B214
:1052F0001220770584F8382981F8390909D594F8FE
:10530000B81131B10233224484F83839132382F8BA
:105310003939B00508D594F838395A1C234484F833
:105320003829152283F83929F10508D594F8383938
:105330005A1C234484F838291A2283F839299822E0
:1053400000212C48DFF888B00BF028F8012003F08A
:1053500033FA4FF04C0A002840F0B380D4F8243AD6
:10536000B4F944C1C4F82439234BD4F8EC16B4F88A
:105370004401C4F8B03B0022A4F8302784F8322757
:10538000C4F85427C4F85827C4F8F43684F8012B1D
:1053900003F23247624603F61623F82527F8022B5C
:1053A0000135D4F85C25EDB202F516720A2D43F8EA
:1053B000042B40F0AB80F20458BFB4F84A310F4CD4
:1053C00048BF0346A4F86E3501F1500518E000BF50
:1053D000641601082411002061BE00081DBC0008ED
:1053E00054110020000800480AE81C41A0100020C9
:1053F0000000C842840E00209605002060040020B2
:1054000091F87D30B3B991F87F2091F880309A42BD
:1054100010D2002A00F08280013A02EB820202EBF5
:10542000820202F5617293B291F87E2004EB42028F
:10543000A2F8703504318D42E2D1330740F1898002
:1054400094F83E21062A7ED8DFE812F07600930415
:105450009704C104E304FE04FE04154613E500228C
:1054600084F8B92C314AC4F8982C43F00303304A2D
:10547000C4F89C2CC4F83439D4F8983C984710E50B
:10548000A8F10203032B7FF619ADB8F1010F04D187
:1054900040E5B8F1000F3FF43DAD002384F8BA3C7D
:1054A0000AE594F8943C43F0200384F8943C45E6E4
:1054B0000AFB05F904EB090898F86E7A27B1013563
:1054C000EDB2022DF4D149E7037990F9000001977C
:1054D0000BEB830303220092D3F80C323A460121EE
:1054E00006F066FF039068B11248482239464844E6
:1054F0000AF054FF039BC8F8243A01231D4488F89E
:105500006E3AEDB2012003F031F924E7022D9DBF80
:10551000B4F84621643212B262463FE7013303EB2E
:10552000830303EB830303F561737DE7ADB10008EB
:10553000C9640008880E002045F2F053A4F8043D29
:1055400006F06EFF28B90820FAF766FED04BD14A64
:105550001A6316F4804F18BF1223CD4D1EBF84F876
:105560006839CD4B2B6342F201031E4211D044F641
:105570002063B704A4F8043D41BF082384F86839C8
:10558000C64B2B63F60741BF0C2384F86839C44B24
:105590002B6394F86839C34E043B84F86939322090
:1055A0009F234FF48057139302F092FF0023378517
:1055B000042213A91CA88DF8713006F07BFF9DF81A
:1055C0007130B7619DF872201B0443EA02239DF8F5
:1055D00073201343B44A934200F0778400F36E843F
:1055E000A2F51A42033A934200F0768402F51A4279
:1055F0000232934200F09A840023C5E90A332B62F9
:1056000002F014FE6379C4F8580D052B04BF4FF463
:10561000C873A4F85235FBF721F84FF47A73A34FFF
:10562000A4F854350320D4F8E83C9847DFEDA07A7D
:105630003E460836C7ED007A4FF06508B0EE677A4F
:10564000B0EE678A07F1040AB5EE407AF1EE10FA7F
:10565000C6ED007A40F0C884B8F1010840F07884C3
:1056600094F81B3943F0080384F81B3994F8EC359F
:1056700023F0020384F8EC35D4F8083840F602022F
:105680001A4221D0032384F8E53801232B77002523
:1056900029468848A4F8E858C822A4F8EC58A4F889
:1056A000EA58A4F8EE580AF079FED4F85C35C4F84C
:1056B000F438814BC4F8185800200021C3E90001D8
:1056C00084F8145884F8E45894F8583C7B4F7C4D87
:1056D000D4F80880C4F8088863F07F0384F8583C45
:1056E0003B464FF0804243F8042B764A1A604FF055
:1056F000010A754B84F86CACBB604FF49663A4F858
:1057000072356B69714EDFF89C9143F400336B6125
:10571000EB6943F00203EB6196E80F000DF1700CAA
:105720008CE80F004FF48023C4F88C36684B139339
:105730006B69C4F8849643F480230DF14C0BA4F8F4
:1057400088A648466B61594605F0B8FCA9F828A020
:10575000022206214FF0904003F0D0F9B4F8E02087
:105760005C49B1FBF2F2002392B212211CA805F0B1
:105770009BFE6B69C4F8680D43F400336B61EB6901
:1057800043F00203EB6106F110030FCB0DF1700C37
:105790008CE80F004FF48023C4F898364E4B1393D7
:1057A0006B69C4F8909643F480234FF0020A484690
:1057B000A4F894A659466B6105F080FCC9F818A0BE
:1057C000524607214FF0904003F098F9B4F8E020DA
:1057D0004049B1FBF2F2002392B212211CA805F05D
:1057E00063FE06F12003C4F86C0D0FCB0DF11C0E07
:1057F0008EE80F0006F130030FCB0DF12C0C8CE876
:105800000F0006F140030FCB0DF13C0989E80F00B2
:1058100006F150030FCB60368BE80F0096E80F00BF
:105820001CAE86E80F009EE80F0007F1140686E81C
:105830000F009CE80F0007F1240E8EE80F0099E896
:105840000F0007F1340C8CE80F009BE80F0007F104
:10585000440C8CE80F001CAB0FCB07F1540C8CE808
:105860000F004FF4967002F033FE4FF48C7200215B
:1058700007F164000AF092FDEB6943F00703EB6166
:10588000AB6943F4A523AB616B6943F4C02325E006
:1058900000000020116200082D6200081562000857
:1058A000216200080004004818BA2000640A0020A1
:1058B000000000007C0C0020600D0020BC110020C6
:1058C00000100240ABAAAA3F26B4973E90180108E8
:1058D0000100010280A81201020001026B61B146C1
:1058E0000025F27BB17B7068043503F007F9142DB5
:1058F00006F11006F5D16279D4F82819182A9DBF4F
:10590000CE4BD34003F0010300238DF86630002214
:10591000881C10F93250022D00F09A830132042ABB
:10592000F7D100228DF86120C8F340028DF8622083
:10593000C8F380128DF86420C8F340328DF85C20E3
:10594000C8F3C0328DF85F2018F4006204D094F8D8
:105950003221D51E6A426A418DF86020C8F30042A8
:105960008DF8652008F001028DF85D20C8F3C002B3
:105970008DF85E20C8F3804218F4805FB4F8D4102C
:105980008DF86320B4F8E020ADF86A101CBFB4F8BD
:10599000DC10ADF86A10B2F5FA7FADF8682094BF5C
:1059A000BDF86A200022ADF86A2094F8822184F8BC
:1059B000D82E00225B0018F0090FA4F8D92EA04AB7
:1059C00018BF013302EB83034FF6FF78D3F89C62D4
:1059D000B71E083637F8020F404500F0C780030AAB
:1059E000022B00F0C080C0B2012B4FEA001A09EB75
:1059F000001040F08F839DF85D30002B00F0B380E5
:105A000004EB0A0B002384F8DC3EC4F8E03EC4F843
:105A1000E43EC4F8E83EC4F81C3F84F8243F9BF8F9
:105A20007D3DBBF8782DC4F8300F8DF87230DBF86F
:105A3000740DADF8702002231CA98DF87330C4F8E2
:105A4000208F05F03BFB94F8D83EDBF8705D9BF8A7
:105A50007ABD012B18BF00222B6A08BF0322BBF1BD
:105A6000000F40F0FC8223F001032B62AB69296A2E
:105A700023F0F30343EA021321F00A0143F0010388
:105A800041F00101AB612962AB6923F00C03AB610A
:105A9000AB69AB6101220021284605F0B5FC2B88DB
:105AA0009BB243F00103A2442B809AF87BAD504691
:105AB00006F030FBBAF11B0F02D1192006F02AFBC9
:105AC000604BC4F8343F4FF0000A5F4BC4F8383FD6
:105AD0002846C4F83CAF05F00FFC062843D80A233B
:105AE000434303EB9B0304EB8301584AC1F8C02DE9
:105AF0000B46111DC3F8D01D4FEA9B0B0223E9682A
:105B000003FA0BF39BB20B43EB6028234343A2F54C
:105B1000BA7203F120011144EFF3128C4FF0500ED2
:105B20008EF312880C33134453F8042F0AB10A6021
:105B3000111D0AF1010ABAF1040FF5D100230B601F
:105B40005FFA8CFC8CF31188414B282202FB003356
:105B5000D3F8E03D002B40F0D982EB6823F001033D
:105B60001B041B0CEB60BE427FF434AF394E3A4D40
:105B7000042384F8F0390FCE0FC50FCE0FC50FCE1A
:105B80000FC596E80F0085E80F00D4F80838D4F860
:105B900068573249D4F8644703F480520023002A3E
:105BA00000F0EB82A08821F8020B01330C2BF6D118
:105BB0002B4B0F934FF09043CDE913334FF44173C8
:105BC000ADF82C30274B284D21954FF0A041CDE961
:105BD0001C1301204FF08053002713AC0BAE05F1CE
:105BE0000D094FF0020B0DF11C080DF13C0ACDE937
:105BF0001E0303F558531CA82093ADF81C70CDF874
:105C00009490CDF89CB0CDF88880CDF88CA02494E9
:105C1000269606F055F9154A15490F922022ADF83F
:105C2000402007C984E80700124ADFF84CC01188F9
:105C30009278ADF82C10B27020E000BF0041000156
:105C4000641601087165000861650008941300205E
:105C5000600400201019010864140020360E002092
:105C60000800040008000240241500200400100071
:105C700050190108AB1F010800010050BF4AADF8E0
:105C80001C704FF08053CDE91CC21F930DF1700CB6
:105C900003F5585303202093279005F10E03604627
:105CA0002193CDE9228A8DF81E70CDF878B0CDF819
:105CB00094902494269606F003F94FF40053ADF81F
:105CC0003C30AF4B13930523DFF818E38DF82C30ED
:105CD000AC4B8DF81C70CDE91CE3AB4BCDF878B024
:105CE0004FF00052CDE91F2305F114022192012249
:105CF00027921CAA1046CDE9228ACDF894902494CC
:105D0000269606F0DDF8A14AA1490F924FF4805281
:105D1000ADF8402001F10C0207CA84E807009D4A53
:105D2000994B11889278ADF82C104FF00050CDE9C6
:105D30001F039949B2700320984A279016351CA872
:105D4000CDE91C12CDE9228AADF81C708DF81E70C9
:105D5000CDF878B02195CDF894902494269606F04D
:105D6000AFF81E2031B0BDEC028BBDE8F04F02F061
:105D7000AFBB42F6F823FFF7E1BB42F6F823884AAF
:105D8000A4F8043D00010A23B0FBF3F00023A0F5C2
:105D9000B0600133122B42F8040BFAD1814A8249D8
:105DA0001163402084F8683902F006FD00283FF4B2
:105DB000CAAB01234FF0070890F900007B4ACDE9F8
:105DC000003840217A4B06F0F3FAFFF7BBBB42F6EE
:105DD000F823A4F8043D734B764A1A63402010233D
:105DE00084F8683902F0E8FC00283FF4ACAB0123EA
:105DF0004FF0000E704A90F90000CDE9003E4FF4DC
:105E0000E133402106F0D4FA003818BF0120FFF733
:105E100099BB42F6F823A4F8043D624B674A1A6323
:105E20004020082384F8683902F0C6FC00283FF4BB
:105E30008AAB01234FF0000C90F90000604ACDE9D5
:105E4000003C4FF4E133DCE742F6F823062AA4F8DD
:105E5000043D4FF00C0318BF052284F8683984F81C
:105E6000543D504B84F8552D4FF000050CBF2121B7
:105E70001B21544A08BF544F84F8505D4FF0400036
:105E800018BF4FF4E13784F8515D84F8525D84F80F
:105E9000531D1A6302F090FC00283FF454AB012319
:105EA00090F90000494A009301953B46402106F0D5
:105EB0007FFA401B18BF0120FFF744BB444A9342BE
:105EC00034D0013293427FF497AB4FF001232B6221
:105ED0004FF400523F4B04E03F4B2B623D4B4FF4DD
:105EE00000421A85AB8C2E8C1B025E43AB620123F1
:105EF000EE6284F8EE39002E3FF482ABF60A4FF0E2
:105F00000008B0450BDA08EB060707EBD7777F10E0
:105F100010221CA9F80206F0C7FB0F280CDCF602C1
:105F200006F024FBC4F8AC69FFF76ABB2B4B2B626D
:105F30004FF48042274BD4E71CAA002352F8041BDD
:105F4000013140F01C810133042BF7D13E46D8E7E4
:105F50004FF0230902F06AF905F0EEFB0A2002F087
:105F6000B7FAB9F10109F5D19AED007A1C4B87ED2A
:105F7000007AD3ED007AFFF767BB00BF0804024048
:105F80000004004858040240003600100080004021
:105F900050190108AF1F0108000500501C04024001
:105FA00068110020000000203962000861820008AA
:105FB000A086010069620008B582000879620008C5
:105FC0006D8300085D63000890D00300058400081D
:105FD0001740EF0000080048200000018000000189
:105FE000700A002000040050DFF8B0A187ED008A9D
:105FF00086ED008A4FF00F094FF00A0802F016F9FB
:1060000005F09AFB0A2002F063FAB8F10108F5D115
:10601000D7ED007A9AED007A5B4BD6ED006A37EE49
:10602000277AD3ED007A87ED007A77EEA67AB9F178
:106030000109C6ED007ADFD1F2EE0E6A87EE266A1C
:1060400087EEA67A87ED006A86ED007AFFF708BB37
:1060500001EBC2018A88003A18BF012262E4BBF159
:10606000040F18D123F010031B041B0C2B62AB6927
:10607000296A21F0A00123F47343090443EA02339F
:10608000090C43F4807341F01001AB612962AB69E4
:1060900023F44063FBE4BBF1080F1DD123F48073AC
:1060A0001B041B0C2B62EB69296A9BB223F0F303E0
:1060B00043EA02134FF2FF520A4043F0010342F455
:1060C0008072EB612A62EB6923F00C031B041B0C4A
:1060D000EB61EB69EB61DDE423F480531B041B0CE3
:1060E0002B62EB69296A23F440731B051B0D43EAFD
:1060F000023345F6FF720A4043F4807342F4805243
:10610000EB612A62EB6923F44063DFE7EB6843F05D
:10611000010327E5032B7FF426AD94F8DA5E9DF8A2
:106120006330AD0053B100234FF6FF72082105F034
:10613000BBF92544154BC5F8F40911E0BDF86820FA
:10614000BDF86A30B2F5FA7F11D91149B1FBF2F20C
:10615000122192B205F0A8F925440E4BC5F8F409B6
:10616000C36094F8DA3E013384F8DA3EFBE40A496E
:10617000B1FBF2F2012192B2D9E7A88813E507F149
:1061800001083746E2E600BF700A002051650008AA
:1061900080A812013165000840420F00680A002003
:1061A000F0B50124B0FBF4F58D4203D200261CB9F2
:1061B0001C70F0BD4C43F5E7B0FBF4F5B4FBF1F710
:1061C00004FB15002EB9002D03DC8C420CD33C4699
:1061D000EDE7092D08DD002A0CBF572437242C4495
:1061E00003F8014B0136F2E73024F8E738B5074DE4
:1061F000044600236A6895F9001003B138BD002AEF
:10620000FCD0A142FAD190470123F3E7C41000204B
:1062100000207047014B33F8110070473216002000
:10622000014B33F81100704732160020014B33F850
:1062300011007047100E0020094BDFED0A7A03EBC6
:10624000810393ED007AB8EE477AF6EE046AE7EE42
:10625000267AFCEEE77A17EE903A98B2704700BFC4
:106260006811002000005C44024B33F81100C008A4
:10627000704700BFD815002007299ABF024B33F89A
:1062800021000020704700BF1016002003788B42C9
:106290000AD9064B53F82100054B1B7803B140087F
:1062A00000F5777080B270470020704764150020B9
:1062B000941800200022254970B5134641F22106AA
:1062C00084180C44647883EA042308241DB2002D4A
:1062D000B4BF86EA45055B0004F1FF34B4BFABB23E
:1062E0009BB214F0FF04F1D10132192AE8D100F178
:1062F00019020A44547800F11A020A44527802EB57
:10630000042292B29A420CD1114B124C1A7800EB33
:106310004202D2B24FF4AF65904203D10E4B01223C
:106320001A7070BD461CF3B2013351FA86F60B4465
:1063300076785B7803EB06239BB26B431B1303F564
:106340004873023024F8023BC0B2E5E794180020FD
:10635000B4110020B6180020B011002003788B4241
:1063600083BF034B03EB4103588C0020704700BFF1
:1063700094180020036823F001031B041B0C036026
:106380000023036043608360C360294B984204D1BB
:10639000284A536843F00F0326E0274B984204D164
:1063A000244A536843F0F0031EE0244B984204D182
:1063B000204A536843F4706316E0214B984204D19D
:1063C0001C4A536843F470430EE01E4B984204D1BC
:1063D000184A536843F4702306E01B4B984205D1DA
:1063E000144A536843F4700353607047174B984244
:1063F00004D1104A536843F07063F5E7144B984298
:1064000001D1144AC5E7144B984201D1114AC8E79B
:10641000124B984201D10F4ACBE7114B984201D160
:106420000C4ACEE70F4B9842DFD10A4AD1E700BFB2
:1064300008000240000002401C0002403000024000
:1064400044000240580002406C00024080000240BC
:1064500008040240000402401C04024030040240D0
:106460004404024058040240084BDA68D10709D4BA
:10647000DA68D20608D4DB6813F0040F0CBF0420DE
:10648000032070470120704702207047002002401F
:106490008161704701857047838A9BB24B4083823C
:1064A000704702464FF08043934202D8002013B950
:1064B00070479B08F8E7C11891424FEA50009CBF13
:1064C000C018521A9B08F2E737B50B4B04465D68BB
:1064D00058786A460621A84758B1BDF800305BBA23
:1064E0002380BDF802305BBA6380BDF804305BBA2C
:1064F000A38003B030BD00BF0811002037B50B4B9F
:1065000004465D6818786A460621A84758B1BDF868
:1065100000305BBA2380BDF802305BBA6380BDF8FF
:1065200004305BBAA38003B030BD00BF0811002067
:10653000064B53F820301A681B89A1F57A7159432C
:106540004FF47A7391FBF3F111607047540E002001
:10655000024B53F820301B6819607047540E00201E
:10656000024A136C01330B44136470473C13002040
:10657000324B186C9A680144F0B48A1A99605960D9
:1065800040F68C218A42DA603CD9197893F945208B
:1065900093F90040914229D10A1F082A26D893F87E
:1065A0004620182A03D8013283F8462001E083F8F8
:1065B000444093F9442091420FD193F8471061B1C0
:1065C0001F48204D002106468A4211DC00210C2A7A
:1065D00014D11D490A7801320A70012283F847203C
:1065E000002283F845401A70F0BC70470022DBE7B8
:1065F00055F8047F20F8027B0131E5E726F81210F8
:106600000132E4E793F847100029EDD0A2F2EF2021
:1066100040F2DA51884208D819780B2905D8081DAC
:10662000013143F820201970DEE70021F0BC074853
:1066300083F84710302209F0B1BE00BF3C130020A0
:106640003216002048130020301600204C13002082
:10665000836A8169426B1944D160416A8B422BBFC6
:106660000169CB1AC91A536028BF51604FF000036B
:1066700080F84430136828BF002143F00103816291
:1066800013607047036B10B502464BB1046C596838
:106690000B1B8C42D8B202D9D3681844C0B210BDCB
:1066A000D0E907408442C1B238BFD068E3B236BFF8
:1066B000C018581A401AF1E7D0E90912036991424B
:1066C00038BFC9188A1A416B581E19B14B681A4451
:1066D000904202D9801AC0B2704700207047436BC5
:1066E00013B190F844007047D0E909031B1A5842CF
:1066F00058417047034610B51C6B4069D96844B1D6
:106700001A6C8C1A013A005D18BF1146C0B21964A8
:1067100010BD1A6A805C01328A4238BF1446C0B28A
:106720001C62F5E710B4426A8469A154426A0169A7
:1067300001328A4228BF00224262426B2AB11368AA
:10674000DB0707D45DF8044B82E7026D136843F062
:10675000800313605DF8044B7047026D036B70B5E6
:10676000D569044633B9A90604D5C36ADBB1908C58
:1067700080B29847616B81B92A060ED5A26A606A19
:10678000236D82421CD0501CA669A062B25CD2B2BA
:106790001A852369984200D3A1622B0742BF236D5B
:1067A00008221A6270BDE169928C40694E1CD2B217
:1067B000E6614254E169E268914228BFE361D9E7AA
:1067C0001A6822F080021A60E7E72DE9F0410669B5
:1067D000C3681E40F70704460D4621D4B0072ED4E7
:1067E000710707D56FF0040323616868A16B036824
:1067F00089B29847320707D56FF008032361A8686C
:10680000E16B036889B29847F30621D56FF0100356
:106810002361E868216C0368BDE8F04189B218473C
:106820006FF001030361C16A2F6A1FFA81F8002F1C
:10683000D4D03B683846414698477F68F7E76FF009
:10684000020323612868616B036889B29847C7E730
:10685000BDE8F081002A70B50CBF202530251C460C
:1068600014F8016B0A4601390EB1002AF8DC114612
:1068700004E00468661C0660013925700029F8DC14
:1068800022EAE27219460C4614F8015B15B9D31AD4
:10689000C81870BD01684E1C06600D702146F2E7F5
:1068A000F0B54FF0FF33CF08136001F007013D460C
:1068B0000026052D00D806B1F0BD435DAF4203BFF1
:1068C0000B41DBB20C46344613F0010604D004EB56
:1068D000C50414600135ECE70134082C4FEA53037A
:1068E000F2D1F7E7044B98420CBF044A044A1388DC
:1068F00001339BB21380704700540040900D00207C
:10690000920D002038B590ED010AD0ED027A2DED00
:10691000028B20EE000A90ED008AA8EE080A0446D9
:106920000D46A7EEA70A08F0B3F9B7EE007AC7EE56
:10693000007A1F4BB3F840200132A3F8402093EDBA
:106940000F7A37EE277A83ED0F7AB0EE007AF4EE05
:10695000C77AF1EE10FA21D5B6EE007AF4EEC77AD6
:10696000F1EE10FA06DC9FED137AF4EEC77AF1EE41
:1069700010FA1ADD28EE278A012085ED008A94EDB1
:10698000017A27EE277A85ED017A94ED027A67EE97
:10699000277AC5ED027ABDEC028B38BD9FED067AF1
:1069A000F4EEC77AF1EE10FAE4D40020F3E700BF6A
:1069B00094180020BD378635002474490138042816
:1069C00010D8DFE800F00307090B0D00064B074A5B
:1069D00013607047064BFAE7064BF8E7064BF6E7FD
:1069E000064BF4E7064BF2E7697F000868000020D9
:1069F000C56D0008CD730008B1760008E97900087C
:106A0000FD7000082DE9F043964E974BD6ED007AC5
:106A1000964AB3F90030B2F900209FED957A954D72
:106A20002DED088BF1EE677A8DB0CDED007AD6EDC5
:106A3000017A9B1AF1EE677ACDED017A07EE903A72
:106A40008D4BB3F90020F8EEE77A09EE902AB3F9FE
:106A50000220B3F9043067EE877A08EE102A044664
:106A600003A96846B8EEC88A09EE103ACDED027A5D
:106A7000FDF7C8FE9DED060ADDED037A9DED07AA40
:106A80007E4B9DED057A1B68F8EEE99A28EE000A28
:106A9000B8EEC99AA9EEA70A9B78DDED097A28EE2F
:106AA0000AAAA9EE270A012BDDED047AA9EEA7AA0E
:106AB000DDED0A7AA9EE27AADDED087A68EE277ADD
:106AC000E9EE877A9DED0B7AE9EE077A40F0C78010
:106AD0006B4B1B785B0715D46A490A6892B16B6CE3
:106AE000002B1846B8BFD81DA3EBE00307EE103A01
:106AF000B8EEC77A013A37EE277A0A60BDEEC77A58
:106B000085ED117A6B6C002BB8BF0733DB1007EEF5
:106B1000103AB8EEC77A5C4F77EEC78A08F05AF998
:106B20005A4BD3F8009099F800804146FDF7BAFB24
:106B30003B68B0EE4A0A03443B6008F04BF941461B
:106B4000FDF7B0FB7B68B0EE680A03447B6008F099
:106B500041F999F801904946FDF7A4FB96ED01AA89
:106B6000BB68D6ED008A0344B0EE4A0ABB6008F069
:106B7000B1F8F0EE40AAB0EE4A0A08F0EBF8B0EE39
:106B800040BAB0EE680A08F0E5F8B0EE40AAB0EE00
:106B9000680A08F09FF86BEE0A5ADFED3D6AF0EEE6
:106BA000657AE0EE667A41462BEE006AF0EE408AA6
:106BB000E5EEA68AF0EE464AEAEE264A68EE277A25
:106BC000F0EE4A5A2AEE8AAA2AEEA65AE9EEAA7AE4
:106BD00068EE288A28EE0A8AD6EE265AE9EE858AD9
:106BE000ABEE698AE9EE247A2AEE807AE9EE258A0C
:106BF000A9EE078AC5ED127AFDEEE77AC5ED138A94
:106C000085ED148A17EE900A224DFDF74BFBFDEE41
:106C1000E87A2B684146034417EE900A2B60FDF793
:106C200041FB6B68FDEEC87A0344494617EE900AB3
:106C30006B60FDF737FBAB68174A0344AB60136822
:106C400023441360154A136801331360144A136810
:106C5000013313600DB0BDEC088BBDE8F083114B20
:106C60001B8854E72C170020780A0020160000200B
:106C700035FA8E3C94180020B60D0020E40B00205D
:106C80004C0A0020B80900202C100020E80B00203E
:106C900000000000801800203C1000203810002068
:106CA0008C1800201E00002008B52DED068BF0EE9C
:106CB000409AB0EE600AF0EE41AAF0EE608A08F069
:106CC00009F8B0EE408AB0EE680A08F043F8B0EE7A
:106CD000409AB0EE690A08F03DF8F0EE408AB0EE56
:106CE000690A07F0F7FFB0EE40AAB0EE6A0A08F0B2
:106CF00031F8F0EE409AB0EE6A0A07F0EBFF1A4B5B
:106D000028EE007A29EE286A83ED007A29EECA7A05
:106D100069EE0A6AA6EE007A60EE687A83ED017A7F
:106D200028EEA97A68EE288AA6EE807AB1EE499A12
:106D300083ED027A28EE297A28EE0A8A83ED037A17
:106D40002AEE007AE6EEA97AA6EE297A83ED069A73
:106D5000C3ED078A83ED088ABDEC068B83ED047AC8
:106D6000C3ED057A08BD00BF3C00002006EE901A76
:106D70009FED116A114B9FED127A1B88F8EEE66ABF
:106D8000F7EE005A66EE866A07EE903A85EEA66A3E
:106D9000F8EE677A67EE877A90ED007A76EE276AEA
:106DA00087EEA66A70EE477AA6EE277AB0EE470A1B
:106DB00080ED007A704700BFDB0FC940A4170020A8
:106DC000BD3786352DE9F04F2DED048B87B0DFED13
:106DD000B47A0593B34B03921B8808EE103AB24B7A
:106DE0001B880093B8EE488A13F0020328EE278A26
:106DF00005460493F7EE009A00F01381149BDA899C
:106E0000AA4BB3F90000801A00F2F31740F2E634FF
:106E1000A74200F203810028B8BF4042B3F9023014
:106E20009A1A02F2F31440F2E6339C429CBF82EAC3
:106E3000E273A3EBE27395F8502088BF4FF4FA7326
:106E4000002A00F0F1808342B8BF0346C3F5FA730D
:106E500007EE903ADFED966AF8EEE77A642387EE64
:106E6000A67AB3FBF2F307EE903A37EE697AF8EEC2
:106E7000E77AF0EE698AE7EE278AF5EEC08AF1EE4E
:106E800010FA00F1D180F4EEE98AF1EE10FAC8BFF1
:106E9000F0EE698ADFF858B2DFF85892DFF858A2AE
:106EA0009FED849ACB1C0293834B019305F124063A
:106EB0000BF10C080BF118070024029A022C12F8AF
:106EC000013F0292F2EE044A40F0B180BAF8041099
:106ED000DFED7A6A0A3311FB03F107EE901AB8EE80
:106EE000E77AC7EE267A764B95F8551033F91430C9
:106EF00007EE103A734BB8EEC77AD3ED036A019BE5
:106F0000E7EE667A13F8012B019303EE902AB0EEB8
:106F1000675AF6EC017AF8EEE33A67EE857A67EEA7
:106F2000A37A87EE894A41B1674800EB8400B0EE4E
:106F3000440AFFF71BFFB0EE404AD6ED027A28EE76
:106F4000057A27EE277AD9ED007AE7EE247ADFED8D
:106F50005F4AF4EEE47AF1EE10FA08D4DFED5C4A11
:106F6000F4EEE47AF1EE10FAD8BFF0EE674A89EE5B
:106F7000887ADBED007AD8ED006AE9EC014A75EE1B
:106F8000677AABEC015A27EE277AD7ED007AA8ECA6
:106F9000017AE7EC016A76EEA77A95F8541037EE9D
:106FA000870A21B14B4800EB8400FFF7DFFEB0EE0B
:106FB000087AC0EE077A96ED057A67EE877A67EE73
:106FC000A37A87EE897ADFED447AB4EEE77AF1EEC0
:106FD00010FA08D4DFED417AB4EEE77AF1EE10FA58
:106FE000D8BFF0EE477A34EE240A30EE270A07F0D5
:106FF000F1FE3B4BB0F57A7FA8BF4FF47A70984210
:10700000B8BF1846374B23F814000134032C7FF423
:1070100054AF07B0BDEC048BBDE8F08F4FF4FA70AD
:10702000FCE6F0EE698A35E7DFED2F8A32E7039A56
:107030003AF91400514288424FEA440C03DB824281
:107040001146A8BF0146294A32F90CC0059AA1EBA6
:107050000C0132F914C0009A614407EE901AF8EE60
:10706000E77AD207C7EEA46A04D5D5ED127A66EEA8
:10707000A77A38E7143313FB00F307EE903A9FED3D
:107080000F6A049BB8EEE77AC7EE067A002B3FF44E
:107090002AAF95ED137A66EE876AE6EEA87A22E7C4
:1070A000BD378635A4170020640C0020C8090020D5
:1070B0000000FA430000C842480C0020000048428B
:1070C000BC0D00201C0F00200C19002000007AC30A
:1070D00000007A4318190020000096C30000964370
:1070E00018FCFFFFD817002000000000CA0D002088
:1070F000E8180020400A0020040A00202DE9F04F83
:1071000089B0CDE90623A34ADFF8B492B2F9003082
:10711000B2F90210DFF8ACA2DFF8AC820192002BCA
:10712000B8BF5B420029B8BF49429BB289B28B42CB
:1071300038BF0B46B3F5FA7F28BF4FF4FA730293BA
:1071400009F10803059309F114030493924B039387
:10715000002600F10C0307460093354634468F4B5A
:107160001B8803F0010003F0020C9B073FD0022CA8
:1071700036D0019B069AB3F900305242B2EB430F6E
:107180004FEA430103DC069A8A42A8BF0A46844BB1
:10719000BD7F33F91430D21A079B33F914301A44E7
:1071A0003B7A6421534393FBF1F3C5EB8571C5EB47
:1071B00081059D4203DC6D429D42A8BF1D46DAF861
:1071C00000301A4442F210739A42A8BF1A46754B17
:1071D0009A42B8BF1A46CAF80020FE7C56433613BE
:1071E00028B1BCF1000F02D1022C40F0CF80019BEE
:1071F000B3F900E0009B0EEB8E0213F80B3C12017A
:1072000092FBF3F2039BB3F900B0BBF1000F5B46B6
:10721000B8BF0BF10303A2EBA303D8F8002013447B
:10722000B3F57A5F604AA8BF4FF47A539342B8BF70
:107230001346BBF1000FB8BFCBF1000B1FFA8BFB5D
:10724000BBF5206F7146C8F800300AD8022C0BD16C
:10725000504AB2F90420002AB8BF524292B2642ABE
:1072600002D90023C8F800307D2293FBF2F3009A84
:1072700012785A4348BF3F329211BCF1000F7DD0C3
:10728000022C11D0029B02990298C3F5FA7311FBEC
:107290000EF142434FF4FA7C05FB031106FB032277
:1072A00091FBFCF192FBFCF2039B404833F902BBDB
:1072B000005D0393BBF1000F5B46B8BF0BF1030306
:1072C0009B1013FB00F36FF04F0093FBF0F30B44A4
:1072D00097F8551005EE103A41B13548B8EEC50A99
:1072E00000EB8400FFF742FDBDEEC05A059B39F963
:1072F000021B1868049B29F802BC1B68BBEB010148
:1073000048BF033103444FEAA10C03EBA1030499E6
:1073100041F8040B0491059941F804CB059197F8C5
:10732000541061B107EE903A2248B8EEE70A00EB3C
:107330008400FFF71BFDFDEEC07A17EE903A15EEC4
:10734000100A104402461C48005D434348BF1F33E7
:107350006100A2EB6312194B5A52019B0233019355
:10736000009B01340133032C0AF1040A08F10408DC
:1073700000937FF4F4AE09B0BDE8F08F002893D0FD
:10738000022C1ABF3246294671468DE732462946FD
:107390008AE700BF040A0020BC0D0020640C002016
:1073A000CA0D0020F0D8FFFF80C1FFFF340C002081
:1073B0000C19002018190020370C0020D8170020C5
:1073C00024190020240A0020340A00202DE9F04F5F
:1073D0008BB0CDE907210993A44B1B88049313F0CC
:1073E0000203044614D0A24AB2F90030B2F90220D6
:1073F000002BB8BF5B42002AB8BF52429BB292B288
:10740000934238BF1346B3F5007F28BF4FF4007393
:107410000293984B984F0193984B0693DFF8848220
:1074200004F10B0307F1040907F10C0B039300258A
:107430008F4B33F915C0924B33F91560002E30464F
:10744000B8BFF01C83100593019B1A4604320192C9
:1074500086EAE672A2EBE67292B2B2F5206F4FEACC
:107460004C0100F2FC80059A1B688A1A1A44B2F596
:107470007A5F844BA8BF4FF47A529A42B8BF1A463B
:10748000019B039843F8042C10F8013F0390D2119C
:107490005A4310F80B3C4B43049989074FEAA21258
:1074A0004FEAA31346D007994942B1EB4C0F4FEA7C
:1074B0004C0E03DC07997145A8BF7146DFF8E8C19F
:1074C00009983CF915C0A1EB0C0130F915C08C44AA
:1074D000D8F8001042F2107E61447145A8BF714691
:1074E000DFF8C8E17145B8BF7146C8F8001094F8DC
:1074F00008A00CFB0AFA94F81EC00CEB8C0CCCF123
:10750000000EBEEBEA1F4FEAEA1003DC6045A8BF9D
:107510006046864694F813C001FB0CFC0299A2EB6E
:107520002C324A43A3EB0E0352124B4302EB2C3294
:107530000EEB632354490598495D11FB00F1A3EB61
:10754000A11A94F8551061B107EE90AA4F48B8EE11
:10755000E70A00EB8500FFF709FCFDEEC07A17EEA5
:1075600090AA37F9020BDBF8001027F8026C301AEA
:1075700048BF0330D9F800604BF8046B831049F81A
:10758000043B314401EBA00100EE101A94F85410B2
:1075900041B13F48B8EEC00A00EB8500FFF7E6FBBB
:1075A000BDEEC00A069911F8013B069110EE101AC3
:1075B00059430AEB0203374AA3EB611322F8153053
:1075C0006B1C022B08F104084FF001057FF430AF6B
:1075D000089B9A79264B9B880F3213FB02F3284AAB
:1075E000B2F904201B11002AB8BF0332002BA3EB11
:1075F000A201B8BF5B42322B1E4A32DCA07B9368EB
:1076000001FB003324488342A8BF0346234883423A
:10761000B8BF03469360E2784A43214909780329B9
:107620004FEAA2120AD9B4F85210B1F5FA7F05D286
:107630004842904217DC8A42A8BF0A465B13B3F562
:10764000807FA8BF4FF480736FF0FF018B42ACBF07
:10765000D21852180F4B9A800BB0BDE8F08F002261
:107660000EE70023D6E70246E8E700BF640C0020DF
:10767000040A0020340A002044190020370C00209E
:10768000BC0D002080C1FFFF340C00200C1900202D
:1076900018190020D8170020FEFFFF0F020000F08D
:1076A000500E0020240A0020CA0D0020F0D8FFFF51
:1076B0002DE9F04F89B0CDE90521BA4A0793B2F917
:1076C0000030B2F90220DFF81083DFF810A3DFF8F2
:1076D000F8920090002BB8BF5B42002AB8BF52421C
:1076E0009BB292B2934238BF1346B3F5FA7F28BFDC
:1076F0004FF4FA73019308F10C0300270393AA4B8C
:107700000293054608F1040B3C463E46A74B1A88F7
:1077100002F001030493A34B02F00200920733F935
:10772000163038D0059A5242B2EB430F4FEA430469
:1077300003DC059AA242A8BF22469D4C34F916707C
:10774000D71B079A32F9162017442A7A64247A4301
:1077500092FBF4F2AC7FC4EB847CC4EB8C049442C7
:1077600003DC64429442A8BF1446DAF800201744B0
:1077700042F210729742A8BF17468E4A9742B8BF8E
:107780001746CAF80070EA7C5743049A3F1312B1B7
:10779000002800F0FF80029AB2F9002082EAE27C21
:1077A000ACEBE27C1FFA8CFCBCF5206F00F2E980A8
:1077B000002A0099B8BF033203EB830E91F801C091
:1077C0004FEA0E1E9EFBFCFCACEBA20CD9F800208D
:1077D0006244B2F57A5FDFF808C2A8BF4FF47A526C
:1077E0006245B8BF6246C9F800204FF07D0C92FB9D
:1077F000FCFC009A127B61464A4348BF3F3292111B
:10780000002800F0C0800198019910FB03F3C1F536
:10781000FA7104FB01334FF4FA7C93FBFCF0019BFB
:107820005A4307FB012292FBFCF20299DFF8B4C134
:1078300031F9023B1CF806C00291002B1946B8BF73
:10784000D91C891011FB0CF16FF04F0C91FBFCF16E
:10785000014405EE101A95F8551051B1564804939D
:10786000B8EEC50A00EB8600FFF780FA049BBDEE78
:10787000C05A38F9020B039928F8023C181A096813
:10788000DBF8003048BF0330194401EBA00100EEE3
:10789000101A03994FEAA00C41F8043B4BF804CBB3
:1078A000039195F8541041B14448B8EEC00A00EB7A
:1078B0008600FFF75BFABDEEC00A15EE103A1344DE
:1078C0003F4A10EE101A925D51430A4648BF1F32DC
:1078D000A3EB621370003B4A1352009A731C0132EF
:1078E000022B0AF1040A09F1040900924FF0010683
:1078F0007FF40CAF069B9A792A4B9B880F3213FBBF
:1079000002F3294AB2F904201B11002AB8BF03323E
:10791000002BA3EBA201B8BF5B42322B2A4A3CDC0E
:10792000A87B936801FB003328488342A8BF034625
:1079300027488342B8BF03469360EA784A43254903
:10794000097803294FEAA2120AD9B5F85210B1F505
:10795000FA7F05D24842904221DC8A42A8BF0A46FB
:107960005B13B3F5807FA8BF4FF480736FF0FF0106
:107970008B42ACBFD2185218124B9A8009B0BDE8A6
:10798000F08F00222FE70499002916BF3A461846C7
:1079900020464AE73A46204647E70023CCE702461E
:1079A000DEE700BF040A0020BC0D0020640C0020AC
:1079B000CA0D0020F0D8FFFF0C1900201819002074
:1079C000370C0020D8170020340A0020FEFFFF0FDC
:1079D000020000F0500E002058190020240A002058
:1079E00080C1FFFF340C00202DE9F04F2DED088BF6
:1079F00087B00446059390F8543004910292002B0E
:107A000000F01082322BA8BF322307EE903ADFED50
:107A1000DA6AF8EEE77A86EEA77AD84B1B88012B54
:107A200038BF012307EE903A9FEDD5AAD54BF8EE6B
:107A3000E78AB3F800A028EE8AAA1AF0020337EE0C
:107A40000A7A0393CAEE079A00F0EF81CE49B1F9A2
:107A50000020B1F90210002AB8BF52420029B8BF75
:107A6000494292B289B28A4238BF0A46B2F5E17FF2
:107A700028BF4FF4E17207EE902A9FEDC47AF8EE2A
:107A8000E77AC7EE87AAC24BDFF858930193DFF875
:107A90005883C04BC04F009309F1080B04F10C064A
:107AA00000259FEDBEBAB0EE4B9ABD4BB64933F9F7
:107AB000150031F9153007EE900AB8EEE75AF5EEE9
:107AC000047A25EE275A00EE103ABDEEC55ADFEDD6
:107AD000B57AB8EEC55A1AF0030F25EE275AB8EE5C
:107AE000C00A6CD070EE007A029BFDEEE77A594234
:107AF00017EE90CA8C4503DB63451946A8BF614663
:107B0000A94B9FEDAA6A33F915C0059BA1EB0C01A7
:107B100033F915C0A37F06EE903A237AF8EE666A31
:107B20006144B1EE047A07EE901A66EE876A07EEBA
:107B3000103AF8EEE77AB8EE477AB1EE669A27EE99
:107B4000277ABDEEC99A27EE067A19EE103ABDEEF5
:107B5000C77A17EE101A994208DBFDEEE66A16EEB8
:107B6000903A8B42A8BF0B4609EE103A98ED007A86
:107B7000AAEE277AFBEE0E7AB4EEE77AF1EE10FA6F
:107B8000B8EEC99A08D4F3EE0E7AB4EEE77AF1EEC5
:107B900010FAD8BFF0EE477AC8ED007AE37C08EE21
:107BA000103AB8EE488A1AF0010F28EE278ADFED66
:107BB000807A28EE278AB0EE48BA40F03C8100284F
:107BC000B8BF404280B2B0F5206F00F2318116F8A4
:107BD0000B3CDFED786A07EE103A60EE266AB8EEED
:107BE000477AC6EE877A97ED007A77EEC57AAAEEE5
:107BF000277ADFED717AB4EEE77AF1EE10FA08D465
:107C0000DFED6E7AB4EEE77AF1EE10FAD8BFF0EE5F
:107C1000477AC7ED007A337808EE103AB8EE488A12
:107C2000039B28EE278ADFED667A28EE278A5BB170
:107C300070EE497AB0EE490AA7EEAA0A78EE4B7ABE
:107C4000B0EE4B8AA7EEAA8A009B94F8551013F861
:107C5000012B9FED5C7A009307EE902AF8EEE77A0D
:107C600065EE677AA7EE870A21B1574800EB8500D9
:107C7000FFF77CF899ED007AA9EC015A35EE475AE6
:107C8000DBED007A019B85EE0A7A13F8012B019354
:107C900008F104080437013630EE080A37EE677A37
:107CA000E7EE297A07EE102AB8EEC77AEBEC017AF4
:107CB00067EEC77A9FED457AA7EE870A07F08AF844
:107CC000691C434B022923F815004FF001057FF48E
:107CD000ECAEFDEEE88ADFED3F7A94F857703E4D4A
:107CE00018EE903A23F0030308EE903A264BB3F9CE
:107CF0000480049B9E792A4BB3F90430F8EEE88A9D
:107D000000EE103A88EEA79ABAEECF0A002F00F0E4
:107D1000BC8088EAE879E778A9EBE87907F05AF8B7
:107D20001FFA89F92D4BDFED2E6A06FB09F696FB4B
:107D3000F3F6643607EE100A7E43642396FBF3F3F2
:107D400007EE903AB8EEC77AF8EEE77A80EAE07389
:107D500067EE877AA3EBE07387EEA67AB3F5207F10
:107D600007EE908AB8EEE70A30EE470A3EDCB9F13A
:107D7000640F63D93AE000BF83F9223EA4170020C4
:107D8000BD378635640C0020040A00200000E14362
:107D9000370C0020340C0020400A002000000000B6
:107DA000BC0D0020CDCC4C40CA0D00206F12033C0E
:107DB0000AD7A33D0000A043000040C30000404399
:107DC0000AD7233CA69B443B0C190020F7CC9238E1
:107DD000D817002000803B45340A00200CFEFFFF2E
:107DE0000000A0426C1900202C0A00200023AB6088
:107DF00094F8551011B15448FEF7B8FF30EE080A58
:107E0000BDEEC00A10EE103A1BB200EE103AB8EE0A
:107E1000C00A06F0DFFF4D4B988007B0BDEC088B21
:107E2000BDE8F08F9FED4A7AF7E5DFED4AAA2AE632
:107E3000DFED487AEDE6B0EE490A05E708EB880386
:107E40001B0193FBF7F31B1A07EE903AF8EEE77A63
:107E5000AA6867EE897AFDEEE77A17EE903A134446
:107E6000B3F57A5F3C4AA8BF4FF47A539342B8BF48
:107E70001346AB607D2293FBF2F3A27B53439B112D
:107E800007EE903AB8EEE78AB2E7760006F0A2FF76
:107E9000283616FB08F67611301A002E07EE900AE7
:107EA000B8BF7642322EF8EEE77A16DCA37BAA68DA
:107EB00007EE103AB8EE477A27EE277A27EE097ACE
:107EC000BDEEC77A17EE103A9F18244A9742A8BF12
:107ED0001746234A9742B8BF17467B13B3F5807FF6
:107EE000A8BF4FF480736FF0FF029342FDEEE77A74
:107EF000B8BF1346AF6007EE103AE27817EE903A3B
:107F000053439B1100EE103A164B1B78032BB8EE2F
:107F1000C78AB8EEC00A7FF66BAFB4F85220B2F54C
:107F2000FA7FBFF465AFFDEEC07A534217EE901AA8
:107F3000994203DB91420B46A8BF134607EE903AE5
:107F4000B8EEE70A54E700BF14190020D817002044
:107F5000AF4C593C0000000080C1FFFFFEFFFF0F47
:107F6000020000F0500E00202DE9F04F8BB00446C7
:107F70000893984B06921B88029313F00203079311
:107F800000F0F180149BD889934BB3F90020121AAA
:107F900002F2F31640F2E635AE4200F2DE80002A2D
:107FA000B8BF5242B3F902301B1A03F2F31540F284
:107FB000E630854200F2D480002BB8BF5B4293428A
:107FC000B8BF1346C3F5FA730522B3FBF2F3A27FE1
:107FD000643BD21053430A2293FBF2F3643323EA47
:107FE000E3735BB27D4D7E4803930268D5F8E830B9
:107FF000DFED7C7AD31A05EE103AB8EE455A0368E5
:10800000C5F8E83025EE275ACB1C774A0593774B05
:10801000049285ED3B5A05F1F00B05F1F80AA146F3
:1080200005F5827800220598022A10F801EF0590E4
:1080300040F09B806E4989880EF1140011FB00F11D
:108040004911C5F80C116B4958F8046B31F91270DD
:10805000002F3946B8BFF91CA6EBA106049911F808
:10806000010B049119F8011F0190714341436420F1
:1080700091FBF0F1C91100EE101A94F8551051B1AE
:108080005D480993B8EEC00A00EB8200FEF76EFE71
:10809000099BBDEEC00A594999F80BC009881868B8
:1080A0007143C912019E0CFB01F171434FF0640C46
:1080B00091FBFCF10144B1F5001F5148A8BF4FF4FA
:1080C00000118142B5EEC05AB8BF0146F1EE10FA78
:1080D00043F8041B4FEA613116DDBBF90000DAED0D
:1080E000006A381A07EE900AF8EEE77AB1EE087ADD
:1080F00077EEE67AB2EE046A67EE877A87EE867AE2
:1081000077EE267ACAED007A2BF8027B99F81600F2
:10811000BAEC017ADFED3B6A07EE900AF8EEE77AF7
:1081200067EE877A9DED017AB8EEC77A67EE877AB7
:1081300087EEA67ABDEEC77A17EE100AA1EBA01162
:1081400010EE100A0144304820F812100132032AC0
:108150007FF469AF0BB0BDE8F08F4FF4FA7221E7FE
:108160004FF4FA732BE764233CE7214830F912609F
:1081700006984042B0EB460F4FEA42074FEA460CE2
:1081800003DC06986045A8BF60462049CF5F089988
:10819000C01B31F912700299C907384416D40EF188
:1081A000140111FB06F1079E0911C8F80010002EFA
:1081B0003FF449AFE67C7043039E7043642690FB16
:1081C000F6F001EB2011C8F800103CE7217A41439A
:1081D0000911F8E7640C0020C80900209418002059
:1081E000BC0900206F12833A480C0020340A00209A
:1081F000040A0020BC0D00200C190020A417002048
:108200000000E0FF0000C842D8170020CA0D00207F
:108210002820FDF7EBBF0920FDF7E8BF024A1368ED
:1082200001331360704700BFBC09002010B50A4B32
:108230004FF0E0201968846900BF1A688A42F9D1BA
:10824000064B19684FF47A7000FB01F31B1BB3FB5C
:10825000F1F300FB023010BDBC090020C01000206B
:1082600010B50446FFF7E2FF0F4AD2F8103140F68E
:10827000AC51C31A8B42C4BF002382F8143192F868
:1082800014310A49CC541BB90F2C0BD1C2F8100180
:108290000133DBB282F81431192B054B0CBF0122DC
:1082A00000221A7010BD00BF941800209515002000
:1082B0009415002010B50446FFF7B8FF264AD2F8FF
:1082C0001831C2F81801C31AB3F57A6F84BF0023BE
:1082D00082F81C3192F81C3143B9A82C30D11F49C7
:1082E0000B701F490B801F49CC5406E0022B02D1B2
:1082F0001D490C70F7E7242BF5D91B490978013388
:10830000DBB20231B3EB410F82F81C314FEA41007E
:1083100017DA1349088880EA042080B2082341F262
:10832000210402B2002AB4BF84EA4202400003F1F1
:10833000FF33B4BF90B280B213F0FF03F1D10880D5
:1083400010BD411C8B42FBD1002382F81C31034B32
:1083500001221A70F4E700BF94180020AE15002027
:10836000B0150020B2150020AF15002010B504464E
:10837000FFF75CFF0D4BD3F82021C3F82001821AD0
:1083800041F288318A4284BF002283F8242193F885
:1083900024210749142A8C540BBF064B01320122B9
:1083A00083F8242108BF1A7010BD00BF9418002064
:1083B000F9150020F815002010B50446FFF736FF28
:1083C0000D4BD3F82821C3F82801821A41F28831D5
:1083D0008A4284BF002283F82C2193F82C2107497C
:1083E0000F2AE4B28C540BBF054B0132012283F8F3
:1083F0002C2108BF1A7010BD9418002051150020C0
:1084000049150020F8B52D4C2D4E2E4F0546FFF78F
:108410000DFFD4F83031C4F83001C31AB3F5FA5F58
:1084200082BF002333703B70337853B9A12D08D13C
:1084300001223A70E2180133EDB2DBB255703370AD
:1084400002E03A78002AF5D11F4D2A789A4208D1E5
:108450001E4B1B78052B05D0062B06D000233B7046
:108460003370F8BD0020FDF725FFA3781E2BF5D152
:1084700095F800C000250CF1FF3C2846654507DB58
:10848000644463789842E9D10320FDF713FFE5E7E0
:10849000631908225B78DBB280EA030141F3000133
:1084A00021F07301013A81EA530312F0FF02DBB2BB
:1084B0004FEA5000F0D101351846DFE7941800204C
:1084C000B2110020B1110020B3110020B51100201D
:1084D00038B50446013C00D238BDFFF7A7FE05467B
:1084E000FFF7A4FE431BB3F57A7FF9D3F2E780B51B
:1084F000304C00F0060A00F020084FFA80F900F036
:108500004006A38A9BB283F40053A382C820FFF7DE
:10851000DFFFA38A9BB283F40053A382C820FFF736
:10852000D7FFA38A9BB283F40053A382C820FFF72E
:10853000CFFFA38A9BB283F40053A382C820FFF726
:10854000C7FFB9F1000F26DB4EBBBAF1000F1AD0FE
:108550004FF4FA77B8F1000F25D10325013DEDB2B4
:10856000FF2D13D0A38A9BB283F48043A382C8203B
:10857000FFF7AEFFA38A9BB283F48043A382384601
:10858000FFF7A6FFEAE7B8F1000F0ED14FF47A70BB
:10859000FFF79EFFB5E74FF4FA770225DEE74FF4C9
:1085A00096770625DAE70525D8E74FF4FA7704250C
:1085B000D4E700BF00080048044A00231370044AAF
:1085C0001360044A1380044A136070477A0D002038
:1085D000740D0020780D0020700D00200E4B30B57A
:1085E00000220C2404FB02F1CD5C854203D0013251
:1085F000102AF7D130BD094A106820B15C184078C4
:1086000064788442F6D20B441360054A0023138039
:10861000044A1360EEE700BFA0190108700D0020A6
:10862000780D0020740D00204300142B0C4A30B448
:10863000A8BF142300210225142402319942157089
:10864000547002F10202F8DB064A002808BF022338
:108650001344FF2283F8342130BC0F20BEE700BF53
:10866000C81900209418002010B50A784B789A4257
:108670001BD20F490430192431F9100040F63301A0
:108680008842A8BF0846B0F5617F40F28331B8BF89
:108690004FF4617012FB0412904206DD13FB0413C9
:1086A0009842CCBF0020012010BD0020FCE700BF95
:1086B000C80900200C4970B500226FF0180640F67A
:1086C000C414437812FB02656B4303F6C4130578A8
:1086D00053430132072A05FB03F393FBF4F321F81C
:1086E000023BEED170BD00BF3A0C00202DE9F041F5
:1086F0001D4C00220A264FF47A758778A2EB070EEC
:108700000FFA8EFEBEF1000FBC462ADDC7F16407EA
:10871000FFB290F803800EFB0EF308FB03F3C8F1E1
:10872000640817FB07F70CEB8C0C93FBF7F343443F
:108730000EFB03F393FBF6F303EB4C031BB2238016
:10874000B1F800C04F880A32A7EB0C0792B27B4306
:10875000782A93FBF5F39C4424F802CBCDD1BDE8F5
:10876000F08108BF0127D4E74C0C0020F0B5104B76
:10877000104C1B6894F84A1100251E1DCAB2032A2A
:1087800004D90DB184F84A2100200EE036F831C03A
:1087900010EA0C0F01F101074FF0010506D003EBC1
:1087A000C1002A44023084F84A21F0BD3946E5E789
:1087B000880D002094180020024B002283F84A21E3
:1087C000D4E700BF94180020064B10B50446186883
:1087D000036821461B689847034B1B689A795440ED
:1087E0009C7110BD840D0020800D002038B5054619
:1087F00024200C46FFF7E8FF4D20FFF7E5FF002D92
:10880000084D0CBF3E202120FFF7DEFF2B68002221
:1088100020469A71FFF7D8FF2B6893F84900BDE80E
:108820003840D1E7800D002010B50446C0B2FFF7F4
:10883000CBFF200ABDE81040C6E710B5044680B261
:10884000FFF7F2FF200CBDE81040EDE7034B1B687B
:10885000DA79511CD9711344187A7047800D0020C1
:1088600010B5FFF7F3FF0446FFF7F0FF04EB00201D
:1088700080B210BD10B5FFF7F3FF0446FFF7F0FF1D
:1088800004EB004010BD01460020AFE708B5FFF73C
:10889000CDFC074B00F5B71000F558701860054B7C
:1088A00002221A70044A936803F2DC53936008BDF5
:1088B000380F0020340F0020900B002008B5FFF780
:1088C000B5FC064B1860064B02221A70054B1A685D
:1088D000054B9A60012283F8212008BD380F002043
:1088E000340F0020BC090020900B0020104B1B68A7
:1088F00003EB4002117E29B102290DD00D4B33F854
:1089000010007047022805D90328F7D10A4A1268D7
:10891000D20409D5D8897047507E00EB800000EB67
:10892000800000F2EE2070474FF49660704700BF61
:10893000540B0020C8090020680C002038B52DED2C
:10894000048B4A4B0C460168C3F84C118188A3F88C
:108950005011023A062A05D8DFE802F05259606742
:1089600073798000B3F84C212280B3F84E216280E5
:10897000B3F950313E4AA3801278002A3DD1B4F9B0
:1089800000203C4D09EE102AB4F9022095ED030AAF
:10899000D5ED007A08EE902AF8EEE88AB8EEC99A8A
:1089A00028EE800AA7EE890A07EE903AB8EEE78A29
:1089B000D5ED067AA7EE880A06F00CFA95ED040AC2
:1089C000D5ED017A208028EE800AA9EE270AD5EDA0
:1089D000077AA8EE270A06F0FDF9D5ED057A608042
:1089E00028EEA70AD5ED027AA9EE270AD5ED087A76
:1089F000A8EE270A06F0EEF9A080BDEC048B38BD86
:108A0000B3F84E212280B3F84C215242AFE7B3F8BD
:108A10004C2152422280B3F84E21F6E7B3F84E21A2
:108A200052422280B3F84C21A1E7B3F84C215242C4
:108A30002280B3F84E216280B3F850315B421BB202
:108A400098E7B3F84E212280B3F84C21F3E7B3F84E
:108A50004C212280B3F84E215242ECE7B3F84E216C
:108A600052422280B3F84C21F6E700BF9418002050
:108A70003A000020D01000202DE9F041002201260C
:108A800003250B6806FA02FE3EEA030331D10C7996
:108A90005700631E05FA07FC012B6FEA0C0C17D870
:108AA000836803EA0C0383604B79D0F80880BB40ED
:108AB00043EA0803836083889BB223EA0E03838022
:108AC0008B79B0F804E0934043EA0E039BB28380B5
:108AD000036803EA0C0303600368BC401C430460A2
:108AE000C46805FA07F324EA0304CB79BB402343A7
:108AF000C3600132102AC4D1BDE8F08101F0070340
:108B0000C90800EB810010B5016A9B000F249C404E
:108B100021EA04010162016A9A400A43026210BD1F
:108B20009F4B5A6802F00C02082A2DE9F04140F0F0
:108B3000AB8059685A68D60349BFDA6A994A9A4C99
:108B400002F00F02C1F3834148BF013201F102017B
:108B500048BFB4FBF2F251430C4604605A68DFF898
:108B60004CE2C2F30312724492F8C0205FFA82FC16
:108B700024FA02F242605D68C5F30225754495F857
:108B8000C06022FA06F686605D68C5F3C2257544AA
:108B900095F8C050EA40C260D3F82C80EFB2C8F319
:108BA00003150EEB450518F4807FB5F8D050ADB233
:108BB0006DD0002D6BD0B1FBF5F50561D3F82C809D
:108BC000C8F343250EEB450E18F4005FBEF8D050F5
:108BD000ADB25ED0002D5CD0B1FBF5F54561D3F8A8
:108BE00030E0714D1EF0100F0CBFAE46A646C0F827
:108BF00018E0D3F830E01EF0200F0CBFAE46A646BA
:108C0000C0F81CE0D3F830E01EF0400F18BF254636
:108C100005621D6BED053ED5A1423CD1BC453AD164
:108C20004D0045621D6BED0437D5A14235D1BC45E1
:108C300033D14D0085621D6BAD0530D5A1422ED1DB
:108C4000BC452CD14D00C5621D6B6D0529D5A142D7
:108C500027D1BC4525D14D0045641D6B2D0522D57E
:108C6000A14220D1BC451ED14D0085641D6BAD04D1
:108C70001BD5A14219D1BC4517D16100C164196B44
:108C8000890714D1026318E0474C002165E72546A7
:108C900093E72546A2E71546C3E71546CAE71546FA
:108CA000D1E71546D8E71546DFE78264E7E71A6B98
:108CB00002F00302012A16D104631A6B12F4403F3A
:108CC00020D146631A6B12F4402F35D186631A6B9C
:108CD00012F4401F4AD1C6631A6B12F4400F67D1D9
:108CE0000664BDE8F0811A6B02F00302022A02D189
:108CF0004FF40042C6E71A6B02F00302032ADCD1EC
:108D0000294ABFE71A6B02F44032B2F5803F01D125
:108D10004463D7E71A6B02F44032B2F5003F03D147
:108D20004FF400424263CDE71A6B02F44032B2F5D1
:108D3000403FC7D11C4AF5E71A6B02F44022B2F556
:108D4000802F01D18463C2E71A6B02F44022B2F58E
:108D5000002F03D14FF400428263B8E71A6B02F48C
:108D60004022B2F5402FB2D10F4AF5E71A6B02F458
:108D70004012B2F5801F01D1C463ADE71A6B02F453
:108D80004012B2F5001F03D14FF40042C263A3E7C3
:108D90001A6B02F44012B2F5401F9DD1024AF5E76A
:108DA0000010024000093D0000127A00A0190108DD
:108DB0001A6B02F44002B2F5800F01D1046490E70F
:108DC0001A6B02F44002B2F5000F03D14FF40043D6
:108DD000036486E71B6B03F44003B3F5400F80D1B7
:108DE000004BF5E700127A002DE9F041046DD0F850
:108DF0000880236823F0010394B0236086794779C3
:108E0000206820F0010020606068330320F44050A7
:108E100003F4005303436360236807F00105310244
:108E200023F4B05317F0020701F480614FEA850282
:108E300023F00C0318BF42F008020B431A432260D0
:108E4000A36823F44073A3606846FFF769FE224BD2
:108E50009C4231D10C9A23681B0448BF5200B2FBDC
:108E6000F8F308FB1322B2EB580F226828BF013336
:108E7000100406D5C3F3420223F00F031B041B0C9E
:108E800013439BB2A38163682D04F10745EA0745AC
:108E90004BBF1D43AB4365606360A36832074CBFA3
:108EA00043F0080323F00803A360236843F00103A1
:108EB000236014B0BDE8F081084B9C4201D10D9AAB
:108EC000C9E7074B9C4201D10E9AC4E7054B9C426F
:108ED0000CBF0F9A109ABEE70038014000440040D2
:108EE00000480040004C004081607DE741717BE715
:108EF0000A4B0C2202FB0030F03070B40E4607C85B
:108F0000074C04F5AA7585E8070003EB8603B4F85F
:108F10005811D3F8C83170BC184700BFA019010818
:108F200094180020114B53F82030A1F57A711A687B
:108F30001B8909B259434FF47A73B1FBF3F1116005
:108F40000B4A0C49126812F0010202D181F860212B
:108F5000704791F860213AB9012281F86021064AF0
:108F6000D380938013805380704700BFC8110020C6
:108F7000740A002094180020360E00204000F8B536
:108F8000C5B23B48006849F6FF74866936040BD5C4
:108F9000013CA71CF9D1374B4FF0FF32C3F86421D5
:108FA000FDF7A0FC0020F8BD446824F07F7424F491
:108FB000593424F47F7424F003042C4344F0807467
:108FC00044F4903444602B4C4FF42046C4F8646160
:108FD0008669B60707D4D4F86461771EC4F8647153
:108FE000002EF5D1DCE7816249F6FF71866937060C
:108FF00005D4C4F8641101398E1CF7D1D0E741685B
:1090000021F07F7121F4593121F47F7121F00301A6
:10901000294341EA024141F0007141601A449A42F9
:109020000DD14FF42043C4F86431002281698D06CC
:1090300016D4013B591C4FF00102F7D109E049F663
:10904000FF718569AF0707D401398E1CF9D14FF044
:10905000FF33C4F86431A3E713F8011B8162DEE734
:109060000AB1C4F864312023C36101209BE700BF2B
:109070008C0D00209418002000232DE9F7430646AC
:109080000D461F4615F80380B8F1000F00D01FB140
:10909000384603B0BDE8F0835C1CB8F1FF0F15F84B
:1090A000049029D19C1C2A5DB9F1030F3AD8DFE85E
:1090B00009F0020B131B1C1D2B44DB7803EB02236E
:1090C000A6F834312346DDE71C1D2B44DB7803EB87
:1090D0000223A6F83631F5E71C1D2B44DB7803EBA1
:1090E0000223A6F83831EDE71C1D2B44DB7803EB97
:1090F0000223A6F83C31E5E7B8F1040F12D89C1C16
:109100002919424601A803F049FB96F85C0101AB1E
:1091100042464946FFF732FF0028444408BF6FF03B
:109120001307CFE76FF00307CCE707B552BAADF8E6
:10913000042001AB0222FFF721FF00280CBF6FF0D3
:109140001300002003B05DF804FB08B506220B46AF
:10915000B021FFF713FF00280CBF6FF013000020B1
:1091600008BD07B58DF807200DF107030122FFF7B1
:1091700005FF03B05DF804FB024680213C20F0E7C8
:1091800010B50446A1F15000C0B2FFF7F5FF04EBA3
:109190004400400004EB440400F00E00FFF7ECFF35
:1091A000E0081030BDE81040E6E70A4601466820B6
:1091B000D7E708B5012232210C20FFF7D2FF4FF488
:1091C0007A70FFF785F9012231210C20FFF7C9FFE2
:1091D0000120FFF77DF9012008BD08B5FFF7C1FFA9
:1091E00000280CBF6FF01300002008BD38B50446FE
:1091F0000D4601F07F0290F860018A21FFF7EDFF34
:1092000084F8605138BDF8B53E4D4000C6B22868BC
:1092100049F6FF7487693F040CD5013CA71CF9D1BE
:10922000394B4FF0FF32C3F86421FDF75BFB00219F
:109230000846F8BD446824F07F7424F4593424F4BB
:109240007F7424F00304344344F4903444602E4C7F
:109250004FF42047C4F864718769BF0708D4D4F875
:10926000647107F1FF3CC4F864C1002FF4D1DCE75E
:10927000816249F6FF7187697F0605D4C4F86411DD
:1092800001398F1CF7D1D0E7416821F07F7121F4BB
:10929000593121F47F7121F00301314341EA024148
:1092A00041F0007141F410514160013B00219142B5
:1092B00028680DD14FF42043C4F864310022856939
:1092C000AE0618D4013B5D1C4FF00102F7D109E056
:1092D00049F6FF7687697F0707D4013EB71CF9D1AD
:1092E0004FF0FF33C4F864319FE7406A03F8010F81
:1092F0000131C9B2DBE70AB1C4F864312023C3618C
:1093000096E700BF8C0D00209418002008B5134686
:109310000A4601466820FFF776FF003818BF012093
:1093200008BD13B5002304468DF8003001226B46BA
:1093300010210C20FFF767FFD0B19DF80030DB074C
:1093400016D56B46072211210C20FFF75CFF78B180
:10935000BDF800302380BDF802306380BDF80430D2
:10936000A380012231210C2002B0BDE81040F8E6B4
:10937000002002B010BD2DE9F04F85B0DFF8BCB081
:109380000E9D109F01950646894610461C464FF0DB
:1093900000084FF0010A0F9B984523D13D6096F8D5
:1093A0005C012146FFF7D1FE0546002842D102AB01
:1093B000062296F85C01B021FFF725FF002804F192
:1093C000FF3208BF6FF0130502AB053413F8011B21
:1093D00012F8010F88420DD1A242F7D1284605B0FC
:1093E000BDE8F08F01AA2946FDF75AFA019A531CED
:1093F00003D13D606FF03105F0E702F1B401890956
:109400000BEB8101D1F8D411003918BF0121494576
:10941000EFD14FEAD20C2F2A02F007059FBF14F8B4
:109420000C100AFA05F5294304F80C10551C08F134
:109430000108B0E76FF01305D0E700BFA0190108DD
:1094400013B5144601AB0422FFF7DDFE019B002893
:109450001BBA0CBF6FF013000020236002B010BDD8
:1094600013B5144601AB0222FFF7CDFEBDF8043060
:1094700000285BBA0CBF6FF013000020238002B0FD
:1094800010BDF7B590F8DA30013B022B04462AD81C
:1094900090F85C01154F0DF106020E21FFF7E0FF79
:1094A000BDF8065007EA4545B8B994F85C010DF1DE
:1094B00006020C21FFF7D4FFB5F57F0FBDF806605B
:1094C00004D807EA4646B6F57F0F0CD958B90849C3
:1094D000204603B0BDE8F040CEE5B5F57F0F02D8D9
:1094E0006FF01300EFE703B0F0BD00BF0000FE1FF8
:1094F0006C000020F7B514461F4601220DF107034A
:1095000005460E46FFF77FFE18B96FF0130003B053
:10951000F0BD9DF8073004EA03023A43314628467D
:10952000FFF71FFE0028F0D00020F0E708B5134633
:109530000122FFF768FE00280CBF6FF01300002027
:1095400008BD13B500230C4690F85C018DF8073078
:109550000DF107020121FFF7E9FF78B99DF8073007
:10956000C3F300122270C3F3C002A270C3F38002DF
:109570006270C3F38012DB09E270237102B010BD88
:1095800037B5044644F6206594F8DA3094F85C0167
:10959000042B0DF1070211D11321FFF7C7FF9DF82E
:1095A000073013F0180F03F0070203D06FF0050027
:1095B00003B030BD68B16FF01300F9E71421FFF775
:1095C000B5FF0028F7D19DF80730DB0703D5002051
:1095D000EEE7042AFBD0013D03D00A20FEF778FF16
:1095E000D2E76FF00600E3E7F7B50646002290F8F1
:1095F0005C018321FFF7F1FD0546E0B944F62067E1
:1096000096F85C010DF107028321FFF78FFF9DF8AB
:10961000073004462BB970B90135BD42F0D16FF067
:10962000060496F85C0101228321FFF7D6FD204352
:1096300040B203B0F0BD6FF01304F2E713B5012997
:10964000144614BF5021702190F85C010DF10702FF
:10965000FFF76CFF30B99DF8073001335B002370D2
:1096600002B010BD6FF01300FAE7F0B585B000242A
:109670000229074615468DF80240ADF8064024D170
:109680000DF103022146FFF7D9FFD8B997F85C0125
:109690000DF102024621FFF749FF4C4B9DF80340B4
:1096A0009DF802205C4304F5FA744FF47A73B4FB1E
:1096B000F3F402FB044404F5FA74B4FBF3F42C60F5
:1096C00005B0F0BD6FF01300E7E703292FD1214665
:1096D0000DF10302FFF7B2FF0146002872D10DF130
:1096E00003023846FFF7AAFFF0B997F85C010DF1C5
:1096F00006025121FFF7B4FEBDF806309DF8064082
:10970000324A1B0A9C409DF8033001345343A4B2F3
:109710004FF47A7203F5FA73B3FBF2F35C4304F58A
:10972000FA74B4FBF2F4CAE76FF01300E4E702A99D
:10973000FFF707FF9DF80B30002B3DD00DF1030222
:1097400021463846FFF77AFFC0BB97F85C010DF160
:1097500006025121FFF784FEBDF806309DF8064051
:109760001B0A9C400134A4B240BB0DF1030201214D
:109770003846FFF763FF08BB01AA97F85C01712127
:10978000FFF76EFEBDF804209DF80430120A9340E6
:1097900001339BB20D499DF803201B1B4A439BB22A
:1097A0004FF47A7102F5FA72B2FBF1F2534303F50A
:1097B000FA73B3FBF1F482E71C46D6E700236FF09F
:1097C0001300E7E76FF0130079E700BF002F3A00BE
:1097D0002DE9F047037C86B00B7004460D4690F8E7
:1097E0005C0103AAF8210026FFF73AFE28B16FF0CA
:1097F0001306304606B0BDE8F08794F85C0104AA71
:109800000421FFF71DFE0028F1D1BDF80C201AB18C
:10981000049BB3FBF2F3AB60AB68A36100232B7333
:1098200094F85C0104AA2021FFF71AFE0028DED17B
:10983000BDF810304BBB226A2A6194F85C01237793
:1098400004AA2821FFF70CFE0028D0D1BDF8103063
:10985000C3F30B0213F4006F18BFA2F58052FA2372
:1098600012FB03F36B6104F1270805F117074FF0B2
:10987000000A05F124091FFA8AF3013B042B09D8D9
:10988000DFE803F00C1C1E202000DB002B612362AC
:109890000123D2E7636B49F82A3023E094F85C0196
:1098A00004AA4421FFF7DCFD0028A0D1BDF8102058
:1098B00053029AB1AB62A363012311E0E36BEAE7C1
:1098C000236CE8E794F85C0104AA6421FFF7C8FD63
:1098D00000288CD1BDF810305B02DCE7A26BAA62D5
:1098E00084F829300AF1010A18F8013F07F8013F0E
:1098F000BAF1060FBFD194F85C0104AA0121FFF769
:1099000015FE00287FF473AF9DF8103084F83031D5
:10991000DB0985F83C3084F84C304FF4FA63CDE92C
:10992000023040F636336B6004A920468DF8116092
:109930008DF81260FFF705FE064600287FF457AF4A
:109940009DF811709DF812809DF8109047EA080369
:1099500059EA03031AD002AA02212046FFF785FE26
:1099600000287FF444AFB9F1000F05D0029B03F249
:109970004E226B6813446B60B8F1000F1DD0029B40
:1099800003F2B2226B6803EB42036B609DF8133065
:10999000DBB99DF814306BB101AA04212046FFF712
:1099A00064FE019B03F226226B6813446B6000285F
:1099B0007FF41DAF6B6863611BE7002FE6D0029B4D
:1099C00003F525726B681344DFE703AA03212046E1
:1099D000FFF74BFE039B03F525726B6813446B6026
:1099E0000028D6D003E702297FB5044615462DD1BD
:1099F0000DF105020021FFF721FE18B16FF01300F1
:109A000004B070BD9DF80530554A94F85C014FF4E0
:109A10007A71534303F5FA734FF4FA62B3FBF2F22F
:109A2000B3FBF1F301FB0522B2FBF3F293B2B3F502
:109A3000807F9ABF02F1FF32D2B2FF224621A4F802
:109A4000D82004B0BDE87040FFF7C7BB032935D16B
:109A50000DF105020021FFF7F1FD414B9DF80520B6
:109A60004FF47A715A4302F5FA724FF4FA63B2FB7B
:109A7000F3F3B2FBF1F201FB0533B3FBF2F39AB25D
:109A800042B1531E0022FF2B02F1010113D803EB58
:109A900002239AB2ADF80620A4F8D8200028ADD150
:109AA00094F85C015121FFF740FB0028A6D1C4F8CF
:109AB000E4500020A4E75B080A46E4E702A9FFF7A8
:109AC00040FD9DF80B60C6B10DF105020021204656
:109AD000FFF7B4FD002891D194F85C010DF1060266
:109AE0005121FFF7BDFC002888D1BDF806309DF854
:109AF00006601B0A9E400136B6B20DF10502012137
:109B00002046FFF79BFD00287FF478AF144A9DF8AC
:109B100005304FF47A71534303F5FA734FF4FA6248
:109B2000B3FBF2F2B3FBF1F301FB0522B2FBF3F25C
:109B3000921907D0013AFF2A00F101030DD802EB78
:109B4000002292B294F85C017121FFF7EEFA00282E
:109B50007FF454AFC4F8DC50ABE752081846EAE78C
:109B6000002F3A002DE9FF474FF4FA620023CDE9B8
:109B7000003244F61F62914206460F4605D86FF048
:109B80000305284604B0BDE8F08702A98DF8093026
:109B90008DF80A30FFF7D5FC054610B16FF01305BC
:109BA000EFE79DF809809DF80A909DF808A049EA22
:109BB00008035AEA0303A7F636341BD001AA022190
:109BC0003046FFF752FD0028E8D1BAF1000F05D06A
:109BD000019B03F24E239C42D1D9E41AB9F1000F44
:109BE00025D0019B03F2B223B4EB430F4FEA4302AB
:109BF000C5D9A41A9DF80B3063B16A4603213046DB
:109C0000FFF733FD009B03F525739C42B7D900286D
:109C1000C4D1E41A9DF80C30002BB2D0A4F2262255
:109C200004213046FFF7DFFE77610546A9E7B8F16A
:109C3000000FDFD0019B03F525739C429FD9E41AE6
:109C4000D8E773B50646002501220B2196F85C0182
:109C5000FFF7C3FA002204460B2196F85C01FFF7D8
:109C6000BCFA0DF107020443132196F85C01FFF7DB
:109C70005DFC9DF8073064B2044301355B0760B2B8
:109C8000EDB207D0032D0AD00028DDD06FF013000D
:109C900002B070BD032D08BF6FF00B00F8E76FF046
:109CA0000B00F5E72DE9F04F9BB090F830310E91A5
:109CB0000546002490F85C010593C0220121274647
:109CC000FFF78BFA002840F03D830122802195F8B0
:109CD0005C012C74FFF781FA0122FF2195F85C01E9
:109CE000FFF77BFA2246214695F85C01FFF775FAEB
:109CF00095F83A2195F85C019121FFF76EFA01225F
:109D0000214695F85C01FFF768FA2246FF2195F895
:109D10005C01FFF762FA2246802195F85C01FFF7AB
:109D20005CFA214695F85C010122FFF756FA0146DC
:109D3000002840F0078301238DF84C30064644F696
:109D400020689DF84C30DB0706F101060BD5002991
:109D500040F0F582464508D095F85C0113AAFFF75C
:109D6000E5FB0146EDE7464505D16FF006063046B6
:109D70001BB0BDE8F08F002940F0E4822846FFF7D1
:109D8000FFFB06460028F2D1032385F8323195F80F
:109D90005C0110AB0C221421FFF735FA002800F00B
:109DA000D182BDF8423003935BBABDF84660ADF88E
:109DB00032309BB2BDF84A800293B5F8523195F823
:109DC000312176BA98FA98F8B6B2B3F57A7F1FFACD
:109DD00088F84FEA46260DD008FB03F34FF47A715A
:109DE00003F5FA73B3FBF1F3297F002940F09B8060
:109DF0001FFA83F8002A00F0A1804FEA8813DBB233
:109E000006934FEA98089DF84020BDF84830C2F309
:109E1000C302002101925BBAADF84C109BB20199CC
:109E20005B024FF2A102CA40079395F828300493D1
:109E300002F001020D92002B00F0C6812C7F002C55
:109E400000F088802A6A029B5A438032140A06EB8B
:109E5000122295F8E0104FF47A7A0AFB02F90829E9
:109E600009F500490CBF4FF0020B4FF0030B5FEAFE
:109E7000194073D1384BC5F840319A466B6B84B2A8
:109E8000002B00F0A48153452CBF4FF0000B4FF086
:109E9000010B95F82A90B9F1000F00F0AC8195F80C
:109EA0005C01D5F83CA00122FF21FFF796F90028BC
:109EB00000F08F816FF01300BDF84C205202C5F8FE
:109EC0004821BAF1000F00F09481524594BF00225E
:109ED0000122002840F0128295F82B10002900F092
:109EE0008E81039B002B00F0888102983302B3FB24
:109EF000F0F3286C83422CBF002301230D98002827
:109F000040F0018201980138092800F2EC81DFE875
:109F100010F0780178017801EA01EA01FC01EA0118
:109F2000FE01FC01FE010298298C4143B6EB212F72
:109F30004FEA212005D152B948F6E02800230693C4
:109F400061E79BB27343311AB3FBF1F350E742F27E
:109F5000B82852E732467CE7AE878F02DFF8D4C3D9
:109F6000D5F8DC3008930CFB01F101F5FA730A9384
:109F7000D5F8E430099395F8E83009990CFB03F320
:109F800003F5FA734FF4FA6CB3FBFCFE0AFB01EE27
:109F90000A99B1FBFCFC0899B3FBFAF30AFB01CC6C
:109FA000BEFBF3F30A99B1FBFAF1BCFBF1FC63448D
:109FB0000BFB03F340F27761DB0203F5FA73B3FBAB
:109FC000FAF34B4303F5FA73B3FBFAF102F18003A2
:109FD0000A931A0A079B0F914A4302F1800C0AFB6D
:109FE00003F2CD4B1A40B2FBF0F2CC484FEA1C2CE6
:109FF000824228BF0246BCF1010F4FF4167038BFF1
:10A000004FF0010C00FB02F30C2000FB0CF00B9353
:10A01000FCF747FAC04B0AFB04F4B4F5481F09EA01
:10A02000030928BF4FF4481409F5FA79A9EB440451
:10A03000BB4BB9FBFAF9B4FBFAF42402B4FBF9F414
:10A040002402C4F5803441F25C2203FB08F3B3FB25
:10A05000F2F35C4304F50044640C04F500446443EB
:10A060004FF44873A40B5C430B9B04F5004403F5C9
:10A070000049240C64434FEA19494FEA400B09FB9D
:10A080000940FCF70EFA03046422323341F2883AA5
:10A09000B3FBF2F340F6B532B3FBFBF302FB03AACA
:10A0A000A04B0F990F919A459CBF42F21073BAFBD7
:10A0B000F3FADDE90832134403F5FA734FF47A7BBF
:10A0C0004FF4FA62B3FBFBF0B3FBF2F202F5C812F5
:10A0D000B2FBF0F088BF4FF4704AFCF7E2F90002DF
:10A0E00000F5FA70B0FBFBF040430AFB0A00FCF7F6
:10A0F000D8F98D4B0F990BFB00FA9A45B5F854B17E
:10A1000028BF9A46D5F85831C5F840A103FB0BF398
:10A1100080331B0A03FB0BFB002E53D0834B0A9AA0
:10A1200003EA822303EB5603B3FBF6F303EB43038B
:10A130005B4303F500431B0C062009F10309B9FB3F
:10A14000F0F9C9EBC909B9F5803F37BF0B9A784AD6
:10A150000332B2FBF0F23FBFC2EBC20202F5004293
:10A16000120C524304EB510414440BF12000B4FBD5
:10A17000F1F4A403FE227F348009B4FBF2F45C43C3
:10A1800004F5FA744FF47A73B4FBF3F4FCF789F92D
:10A19000240104F5FA74B4F57A7F814623BF4FF4A5
:10A1A000FA604FF47A73B4FBF0F0002022BF5844F9
:10A1B000B4FBF3F4B0FBF4F0FCF773F9484528BFA7
:10A1C00048465BE63346B7E7DDF810B061E69B46EC
:10A1D0005FE613AA95F85C01B621FFF741F9024644
:10A1E00000287FF467AE95F85C01FF21FEF7F5FFCC
:10A1F00062E652466DE64A466EE6039B79E60B46FA
:10A200007CE60527049895F829C0002808BF4BF084
:10A21000010B019885F82EB004281ABFBCFA8CF007
:10A2200040090120B9F1000F08BF42F001020029E6
:10A2300008BF43F0010385F82F0085F8302085F82A
:10A24000313005F1500CBCE80F000DF14C0EAEE8BA
:10A250000F009CE8070000238EE807001493079B7B
:10A260001793BDF83230ADF86030069B16968DF826
:10A2700063308DF8647013AEADF85640ADF854807D
:10A280000FCE05F150040FC49EE807008CE80700CC
:10A290002846FFF7D6FC064600287FF468AD95F8FF
:10A2A0005C010122FF21FEF798FF00284AD10E9A97
:10A2B00095F85C01B621FFF7D3F8002842D195F854
:10A2C0005C013246FF21FEF788FF00283AD1059A4B
:10A2D00095F85C010121FEF780FF064690BB059BC7
:10A2E00085F8303143E5012A11D00198042810D0B7
:10A2F0007BB9BBF1000F1FD10F465A4639460027E4
:10A300003B463C467EE7FF277CE704277AE70327A6
:10A3100078E7022776E700BF0000FFFF6666660069
:10A320009A9906000F279F24AE878F020000FCFF3A
:10A330000000F0FF002F3A005F461A4662E74645EC
:10A340003FF413AD6FF0130611E510B541F00102B3
:10A350000446002190F85C01FEF73FFF78B92046E3
:10A36000FFF70EF968B92046FFF76BFC48B90246C3
:10A37000014694F85C01BDE81040FEF72EBF6FF077
:10A38000130010BD2DE9F3474FF0000A054688463B
:10A3900090F85C019DF828708DF807A0FF21164603
:10A3A00001229946FEF719FF52460446514695F898
:10A3B0005C01FEF712FF52460443FF2195F85C0151
:10A3C000FEF70BFF64B2044364B2B9F1000F07D08B
:10A3D00095F85C014246CB21FFF7A8F8044364B22C
:10A3E00047B195F85C010DF10702EE21FFF79EF8E9
:10A3F000044364B295F85C010122FF21FEF7EDFEF3
:10A4000001220443002195F85C01FEF7E6FE64B2E8
:10A410000443002295F85C01FF21FEF7DEFE64B2E2
:10A420009DF80730204323F0100340B2337002B090
:10A43000BDE8F0872DE9FF471546012290F83071FD
:10A440000446884690F85C014FF0000A11461E460B
:10A450008DF80FA0FEF7C1FE8146B0BB402120461B
:10A46000FFF773FF60BB012E34D1009033460DF12E
:10A470000F0241462046FFF785FF40BB94F85C0180
:10A4800002220121FEF7A9FE804658BB0146204664
:10A49000FFF75BFF08BB012E22D1034600962A4638
:10A4A0000DF10F012046FFF76DFF80B994F85C01B4
:10A4B0003A460121FEF791FE48B984F8307101E077
:10A4C00088F8009004B0BDE8F08788F800A06FF02D
:10A4D0001300F7E788F80000D0E785F80080F1E77F
:10A4E0002870E3E700232B70F1E72DE9F04F0023FC
:10A4F00091B0CDE90712B0F83C61C0F82431A0F862
:10A50000283101220446FF2190F85C018DF82D309E
:10A51000CDE90C338DF82C30FEF75FFE024628B1F2
:10A520006FF01305284611B0BDE8F08F94F85C0178
:10A530004F21FEF752FE0028F2D12C2294F85C0144
:10A540004E21FEF74AFE02460028E9D194F85C014C
:10A55000FF21FEF742FE0028E2D1B42294F85C010C
:10A56000B621FEF73AFE02460028D9D194F85C01E4
:10A570008021FEF732FE03460028D1D10BAA0DF14F
:10A580002D012046FFF756FF05460028CAD104F5E5
:10A590009573059304F5927703230DF13408CDE903
:10A5A00000030146CDF808803B4604F5957220462D
:10A5B000FEF7E1FE05460028B4D10DF12E0120463C
:10A5C000DDF83490FFF76EFB05460028AAD1BDF8F0
:10A5D0002E20B24253D96149C4F82401A4F82801BD
:10A5E00009F1B402920901EB8202D2F8D42112B926
:10A5F000B9F12B0F40D94FF0030ACDE9009A059A23
:10A60000CDF808803B4601212046FEF7B4FE002825
:10A6100040F0A1800DF12E012046DDF83490FFF7C7
:10A6200041FB002840F09780BDF82E20B24200F296
:10A6300089804FF0010B964240F28780921B82EA9C
:10A64000E273A3EBE27306930323049304F592737E
:10A650005FFA8BF80993099B93E803000CAA0E900C
:10A66000ADF83C1005984946FCF71AF90C9B5A1CAA
:10A6700008D16FF031006EE009F10109B0E74FF049
:10A68000000BD8E7354903F1B402920901EB8202CD
:10A69000D2F8D421003A18BF01225A453AD1049A7F
:10A6A0002F2B02F1010A4FEAD30C03F00701E0D887
:10A6B0000120884017F80C10014307F80C103946A8
:10A6C00094F85C0103F10109FEF73FFD002840D139
:10A6D0000DF12E012046FFF7E5FA00283BD1BDF829
:10A6E0002E00811B0029B8BF4942B04226D9069BE3
:10A6F0008B4211D20EAE314694F85C01FEF725FD77
:10A70000034696E80300C4F82401A4F82811002B9E
:10A710007FF406AFDDF810A0079BC3F800A0089BEC
:10A7200083F80080012384F81531079B1B6884F8A7
:10A730001331089B1B7884F81431F3E6CDF810A090
:10A74000069188E74FF00108E6E74FF00008C2469F
:10A75000E2E76FF013000546E4E600BFA019010828
:10A760002DE9F04F804B002504469DB02A46C0F8E5
:10A770006031061D88212920FEF72FFD4FF47A73E2
:10A78000A4F856314FF4C873A4F85831774BC4F885
:10A790005C31774B84F8F4506562C4F8D8300CA96A
:10A7A00030468DF830508DF83150FFF711F80546DE
:10A7B00090B9ADF830000DF1300CBCE80F0004F199
:10A7C00014070FC7BCE80F000FC7BCE80F000FC786
:10A7D0009CE80F0087E80F00664BC4F838314FF44F
:10A7E000FA730127A4F83C314FF42063A4F84031F8
:10A7F0003A46802194F8600184F85471FEF7EDFC2C
:10A800003A468046FF2194F86001FEF7E6FC0022FC
:10A8100048EA0008114694F86001FEF7DEFC45EABC
:10A8200008056DB20DF1280805434246912194F8C0
:10A830006001FEF77BFE6DB29DF8283084F83E3152
:10A8400005433A46002194F86001FEF7C6FC6DB25C
:10A8500005430022FF2194F86001FEF7BEFC6DB2B3
:10A860000543002294F860018021FEF7B6FC6DB22A
:10A8700005436DB24FF0000904F12C0A002D46D1BA
:10A880001FFA89F3013B042B04D8DFE803F043509F
:10A8900054586000012384F82C300AF8097009F13B
:10A8A0000109B9F1060FE9D18DBB94F86001E58586
:10A8B0000223FE226021FEF71DFE40BB94F86001DA
:10A8C00084F830501023EF226021FEF713FEF0B918
:10A8D0004FF49013A36394F82D3084F83150CBBB20
:10A8E0004FF480454FF40C13C4E90F530023FF25A8
:10A8F00094F86001636484F834512A460121FEF71C
:10A900006CFC4FF0010B84F836B18246A0B36FF0B7
:10A91000130955E1E26B94F86001C2F34F22442120
:10A92000FEF703FC0028B8D06FF01305B7E701234A
:10A9300084F82E30B1E7012384F82F30ADE70023EF
:10A94000FE2294F860016021FEF7D4FDEAE70023BF
:10A95000EF22F6E794F8600120224421FEF7E5FBA0
:10A960000028BDD0D3E700BF29019001856B01000D
:10A97000A4700900640084039C4F84F8190187F8CF
:10A980006801014640220CA805F008FD94F8F490F7
:10A99000ADF81EA0B9F1070F8DF81BA08DF81CA013
:10A9A000CDF820A000F0FA805A46802194F860018A
:10A9B000FEF713FC294605905A4694F86001FEF70D
:10A9C0000CFC059B03435BB25246514694F8600170
:10A9D0000593FEF702FC059B03435BB22946062262
:10A9E00094F860010593FEF7F8FB059B03435BB207
:10A9F0000DF11D02832194F860010593FEF796FD89
:10AA0000059B9DF81D2003435BB242F004028321A5
:10AA100094F860010593FEF7E0FB059B03435BB2EE
:10AA20002946072294F860010593FEF7D6FB059BA3
:10AA30005A4643EA0005812194F86001FEF7CDFBF8
:10AA40006DB205430A20FDF743FD94F860015A46B4
:10AA50008021FEF7C2FB6DB2054319F001036DB210
:10AA6000059340F0B1806B22942194F86001FEF7C9
:10AA7000B4FB82463046FEF7B7FD09AA4AEA000A4F
:10AA8000902194F86001FEF7DBFC45EA0A05099B7A
:10AA90006DB224229421054394F86001C3F3062A81
:10AAA000C3F3C03BFEF799FB6DB205433046FEF79A
:10AAB0009BFD6DB2054309AA902194F86001FEF751
:10AAC000BFFC099A6DB212BA942105430A9294F818
:10AAD00060012522FEF781FB6DB205433046FEF78B
:10AAE00083FD6DB2054309AA902194F86001FEF739
:10AAF000A7FC099A6DB2110E0543120C6DB28DF8C8
:10AB00002C108DF82D200022812194F86001FEF791
:10AB100064FB06220543FF2194F86001FEF75DFB0C
:10AB20006DB205430DF11D02832194F86001FEF71B
:10AB3000FDFC9DF81D206DB2054302F0FB02832150
:10AB400094F86001FEF749FB6DB205430122FF2135
:10AB500094F86001FEF741FB6DB20543012200212C
:10AB600094F86001FEF739FB6DB205430022FF2126
:10AB700094F86001FEF731FB6DB20543002294F8B2
:10AB800060018021FEF729FB6DB205436DB22DB93E
:10AB9000059BDBB149F0010984F8F49094F8185151
:10ABA000012D05D894F817A11CD1BAF1200F1FD997
:10ABB00007AA08A93046FFF798FC8146002857D01D
:10ABC0000A4B83F8689195E1D3469CE70A98B8F858
:10ABD000043084F817A184F818B1C4F82E01A4F841
:10ABE0003231D7E7BAF10C0FE1E700BF941800202B
:10ABF000012294F86001FF21FEF7EFFA0246C8B97E
:10AC000094F860014F21FEF7E8FA98B92C2294F8E5
:10AC100060014E21FEF7E1FA024658B994F860014E
:10AC2000FF21FEF7DAFA28B994F86001B422B621C0
:10AC3000FEF7D3FA0023C4F82831A4F82C31002DF4
:10AC400040F03C812B460093CDE901A804F59473B4
:10AC500004F5977229463046FEF78DFB81460028A1
:10AC6000AED1012384F8193184F817A184F8185162
:10AC700094F85431002B40F02381D4F85011304621
:10AC8000FEF7FAF9814600289AD102460A2194F883
:10AC90006001FEF7A2FA034600287FF438AE94F86C
:10ACA0006001EF228421FEF725FC00287FF42FAEFF
:10ACB00084F8DE003046FEF7C4FF814600287FF4AA
:10ACC0007FAF0122FF2194F86001FEF786FA0DF1B3
:10ACD0001E020546842194F86001FEF7C1FB4A4636
:10ACE0000543FF2194F86001FEF777FA6DB2054342
:10ACF0006DB2002D7FF40BAEBDF81E301B01C4F801
:10AD0000D8300CA93046FEF763FD00287FF4FFAD74
:10AD100094F860010DF11B020921FEF707FC0028E1
:10AD20007FF4F5AD9DF81B300CAD03F0010384F802
:10AD300035318DF81B300FCD04F1140CACE80F0049
:10AD40000FCDACE80F000FCDACE80F0095E80F0079
:10AD50008CE80F000DF11B0294F860010121FEF751
:10AD6000E5FB00287FF4D3AD9DF81B308DF828005B
:10AD700084F8343194F8600142460121FEF7D6FB95
:10AD800000287FF4C4AD9DF82850E80610D505F0E2
:10AD9000EF0594F860012A460121FEF71EFA00280B
:10ADA0007FF4B5ADA16984F834513046FEF7DAFE80
:10ADB000002394F860018DF8283042460121FEF707
:10ADC000B5FB00287FF4A3AD9DF82850690710D586
:10ADD00005F0FB0594F860012A460121FEF7FDF914
:10ADE00000287FF494ADA16984F834513046FEF711
:10ADF000B9FE032584F8365109AA00213046FEF732
:10AE00001DFC00287FF483AD9DF8243084F8EC30DD
:10AE100009AA01213046FEF711FC00287FF477AD26
:10AE20009DF8243084F8E430424629463046FEF747
:10AE30001CFC00287FF46BAD0A9BC4F8E830424646
:10AE400004213046FEF711FC00287FF460AD0A9B18
:10AE5000C4F8E03008AA09A93046FFF746FB87F896
:10AE60006801002846D101230DF11D020DF11E01DC
:10AE70003046FFF7DFFA87F8680100283AD1E26B25
:10AE800094F860010125257584F82C50C2F34F22F7
:10AE90004421FEF74AF9A8B1EC2387F8683129E08C
:10AEA000013303F1B402920901EB8202D2F8D421FA
:10AEB000002A7FF4C8AE2C2BF2D1C4E67C49F0E71F
:10AEC0007C49DCE694F8600184F82D500C22442182
:10AED000FEF72BF90028DFD14FF4701341F69912D9
:10AEE000C4E90E3244F620613046FEF73BFE87F897
:10AEF000680110B11DB0BDE8F08F5022572194F8C1
:10AF00006001FEF76AF994F8600108225621FEF705
:10AF100064F90028C0D10AAA03213046FEF7A5FB38
:10AF200018B1122384F8EC30B6E70CAA022130469F
:10AF3000FEF79BFB0028F4D194F860010822502111
:10AF4000FEF74BF90028ECD10A9A03213046FEF7B0
:10AF50004AFD0028E5D10C9A02213046FEF743FD58
:10AF6000122384F8EC30002896D1A169DFF84881DB
:10AF70003046FEF7F7FD70B9012194F8600194F8AE
:10AF800034510222FEF729F90146002884D13046C7
:10AF9000FFF7DBF910B188F86801ABE794F86001BE
:10AFA0002A460121FEF719F9814600287FF474AF83
:10AFB0004822114684F8345188F8680194F86001F9
:10AFC000FEF70BF90822472194F86001FEF705F916
:10AFD00003220546322194F86001FEF7FEF80722AD
:10AFE0000543302194F86001FEF7F7F86DB2054390
:10AFF0000122FF2194F86001FEF7EFF86DB20543DE
:10B000002022302194F86001FEF7E7F86DB2054385
:10B010004A4694F86001FF21FEF7DFF86DB2054360
:10B020006DB225B16FF0130588F8685162E70CAA7C
:10B0300004213046FEF719FB18B10E2384F8E430E2
:10B04000F0E794F8600106227021FEF7C6F80028A8
:10B05000F3D10C9A04213046FEF7C5FC0E2384F888
:10B06000E4300028DED1A1693046FEF77BFD0546BD
:10B070000028D9D194F8600194F83471022201219A
:10B08000FEF7ABF80028CDD129463046FFF75DF931
:10B0900005460028C8D194F860013A460121FEF720
:10B0A0009CF805460028BDD184F83471BCE700BF88
:10B0B000A0190108220200209418002073B50C4644
:10B0C00000250126228806FA05F31A4218D00093BB
:10B0D000A37803F003028DF80420E278022A02D05C
:10B0E000032A18BF01228DF805206946C3F3011217
:10B0F000C3F381038DF806208DF80730FDF7BCFC03
:10B100000135102DDED102B070BD73B5124C134B5A
:10B110000C2202FB0040F0300E4607C803F5AA756A
:10B1200085E80700344402228DF80720B3F858213F
:10B13000ADF804200A4994F8E4218DF80620D3F8EC
:10B140005C014A6902434A61D3F8540101A9FFF73F
:10B15000B5FF02B070BD00BFA0190108941800200F
:10B160000010024013B50E4C94F86931B3B90D4B81
:10B170001B689BB11A681AB10B49486902434A61BE
:10B180009A889868ADF8042001A94FF40072ADF8D0
:10B190000620FFF793FF012384F8693102B010BD48
:10B1A00094180020141100200010024008B5FFF789
:10B1B000D9FF024B4FF480521A8008BD1E000020B8
:10B1C00010B5164CFFF7CEFFA36820217F209847CB
:10B1D0001420FDF77DF9A3681F21012098470A205C
:10B1E000FDF776F90021A368084698470A20FDF785
:10B1F0006FF9A3683521142098470A20FDF768F9F4
:10B20000A3680021102098470A20FDF761F9A36880
:10B210000021BDE810401120184700BF0811002090
:10B22000134B4FF480521A85124A40F2E9331189C8
:10B2300089070BD510730F4A40F2E9331189C9070A
:10B2400014D4013B9BB2002BF8D103E0013B9BB22D
:10B25000002BECD1084AB2F86A3101339BB2A2F854
:10B260006A31034B4FF480529A617047137BF8E7C1
:10B2700000040048003800409418002007B501463B
:10B2800001AB02224020FDF7BEFF30B1BDF8040043
:10B2900040BA80B203B05DF804FB4FF6FF70F9E7E7
:10B2A0000D4B0E484FF400525A605A6C4FF6FE7127
:10B2B0000A405A64D0F8A02113680B401360D0E90B
:10B2C00064239A4203D000F5B670FBF7C1B901239D
:10B2D00080F8B031704700BF000002409418002091
:10B2E0000148FBF73ABA00BF001A00200148FBF7FB
:10B2F00034BA00BF541A0020184AB2EB902F4FEA1C
:10B30000902323D3083A93420FD8493A93421FD04F
:10B31000013293421ED0B3F5801F4FF0FF3018BFAB
:10B32000002080F0FE00C0B27047A3F580134B3BB5
:10B33000072B0BD8DFE803F0100A040A0A060A08F4
:10B34000042070470520704706207047FE20704794
:10B350000220704703207047002070475200100001
:10B360002DE9F84F234D244FDFF8948000242E78E8
:10B37000E0B2864211D8214B1B685B030BD5002439
:10B380001D4DDFF88080224650274FF02809A24645
:10B39000E3B29E420CD8BDE8F88F57F820302BB1AD
:10B3A0000B2803D8DB6838F8101098470134DEE723
:10B3B0002B6859689142AB4612D00846FFF79CFFB4
:10B3C000EFF3128387F312884A6A09FB0080013287
:10B3D00042624A6942F001024A61DBB283F311889A
:10B3E000DBF800301B680435C3F800A001340A46BE
:10B3F000CEE700BF500E0020540E0020680C002045
:10B400001C0C002020120020224B10B5224C53436C
:10B41000224AB2FBF3F203880139013AA04289B211
:10B4200092B29BB206D123F070039BB223F4407317
:10B430009BB214E01A4CA042F5D0B0F1804FF2D08C
:10B44000A4F59834A042EED004F58064A042EAD07E
:10B45000144CA04203D004F58064A042E6D10380DE
:10B460000D4BC162984202850FD003F500639842EC
:10B470000BD003F54063984207D003F580639842F0
:10B4800003D003F58063984201D100230386012392
:10B49000436110BD40420F00002C014000A24A044D
:10B4A00000340140001000402DE9F74F824D046840
:10B4B0009A4695F81432074690465A1C85F814228D
:10B4C00020460A4605F5067941464FEA031B09EB7B
:10B4D0000319FFF799FF3B89ADF80430786840F213
:10B4E000022301A9ADF80630FFF7E8FDBE7A082E69
:10B4F00000F0A28022D8002E41D0042E74D03B7BD5
:10B500001BB1636C43F40043636423889BB243F034
:10B510000103082E238000F0CA8000F2B480002EC0
:10B5200000F0B980042E00F0BD805D444846A5F8C7
:10B530002082C5F81C4203B0BDE8F08F0C2EDED18E
:10B54000236A5E4823F480532362226A6168E369B8
:10B55000844223F4E64343F4E04342F4405203D0F0
:10B5600000F50060844201D141F480416160E361F3
:10B57000C4F840A02262E36943F4006378E0236AE0
:10B580004E4823F001032362236A6168A26922F412
:10B59000803222F07302844242F070021BD000F528
:10B5A0000060844217D000F54060844213D000F55B
:10B5B000806084420FD000F5806084420BD043F05D
:10B5C00003036160A261C4F834A02362A36943F05D
:10B5D0000803A36193E723F00C0321F4407143F0C7
:10B5E000030341F48071ECE7236A344823F010032D
:10B5F0002362236A6168A26922F0807222F4E64223
:10B60000844242F4E0420ED000F5006084420AD049
:10B6100043F030036160A261C4F838A02362A369DB
:10B6200043F40063D5E723F0C00321F4406143F005
:10B63000300341F48061EDE7236A204923F48073ED
:10B640002362206A6268E3698C4223F0730343F04B
:10B6500070030FD001F500618C420BD040F44070B4
:10B660006260E361C4F83CA02062E36943F0080330
:10B67000E36144E720F4406022F4405240F440701B
:10B6800042F48052ECE70C2E7FF44FAF05EB0B0336
:10B6900004F1400203E005EB0B0304F13402C3F8AC
:10B6A000182242E705EB0B0304F13802F7E705EB3C
:10B6B0000B0304F13C02F2E794180020002C014037
:10B6C00001490248FBF781B820120020002C0140FC
:10B6D000FFF7F6BF02494FF08040FBF776B800BF96
:10B6E0004812002001490248FBF76FB87012002091
:10B6F0000004004001490248FBF767B89812002097
:10B700000008004001490248FBF75FB8C012002062
:10B7100000340140FFF7F6BF01490248FBF755B876
:10B72000E81200200040014001490248FBF74DB8F3
:10B73000101300200048014070B50F4E0F4C4FF41D
:10B740007A73B0FBF3F596F8D8322BB9636903200E
:10B750009847012386F8D832E369094A09492846FF
:10B76000984740B1084B1A68084B03201A60636978
:10B77000BDE87040184770BD9418002034110020B7
:10B78000700A0020680A0020BC0900204810002030
:10B7900008B54FF47A710020FDF7C4FBBDE80840FE
:10B7A0004FF47A710120FDF7BDBBB0F57A7F23D944
:10B7B000B0F5FA6F22D2A0F5AF63C82B21D9B0F54E
:10B7C000C86F4FF47A724FF0C8030AD9A0F5C86069
:10B7D00080B210FB02304FF4C873B0FBF3F000B23C
:10B7E0007047C0F5AF6080B210FB02304FF4C873F1
:10B7F000B0FBF3F04042F2E7034870474FF47A7031
:10B8000070470020704700BF18FCFFFF154A002357
:10B81000136053609360144A136053609360134A3B
:10B82000136053609360124A136053609360114B2E
:10B8300093ED000AB4EE400AF1EE10FA0AD693ED49
:10B84000021AB4EE411AF1EE10FA03D6D3ED010A52
:10B85000FBF72ABA9FED081AF0EE410AB0EE410A52
:10B86000F6E700BFF8160020101700201C17002074
:10B87000041700202C1700200000000010B5304CE9
:10B88000D4ED013A94ED046A94ED003A94ED037A14
:10B8900094ED024AD4ED056A63EE867AF6EE005A1C
:10B8A000E3EE077A8AB02146B0EE635AE4EE267AD8
:10B8B00007A8F0EE444A67EEA57AF0EE435AA6EEEA
:10B8C000675AE6EEE74AA3EEE76AE7EE675AE4EE68
:10B8D000676AA3EE677A66EE647ACDED066AE5EEF6
:10B8E000267A66EEE56A8DED047AE4EE876A27EE45
:10B8F000457ACDED075AA5EE867A8DED085ACDED45
:10B90000094A8DED056ACDED017ACDED026A8DED26
:10B91000037AFAF7F7FF18B90AB0BDE8104075E7E7
:10B9200004F10C0104A8FAF7EDFF0028F4D004F1AB
:10B93000180101A8FAF7E6FF0028EDD00AB010BD03
:10B940003C00002000210120FCF750BF0EB42DE97F
:10B95000F04386B00DAC5A4B54F8045BCDE901348A
:10B9600000264FF00A092B782BB3252B05D0013583
:10B97000019A511C019113704AE06B78302B08BF7B
:10B98000AB78A3F1300219BF02354FF00008033540
:10B990004FF00108092A4FF0000721D96C2B2BD159
:10B9A00015F8013B0121642B69D033D8252BDFD05A
:10B9B00024D8002BD7D1019B002230461A7006B044
:10B9C000BDE8F04303B07047A3F14102052AE5D872
:10B9D000A3F137020A2A0FD115F8013B09FB07270B
:10B9E000A3F13002D1B20929F6D9A3F16102052AE7
:10B9F000EAD8A3F15702EDE70021D4E7582B4BD04A
:10BA0000632BB0D1019B14F8042B1A70591C0191BF
:10BA10000136A8E7A3F16E02D0B20A28A3D80A2AF9
:10BA2000A1D801A050F822F0B7BA000867B9000801
:10BA300067B9000867B9000867B90008AFBA00081D
:10BA400067B9000855BA000867B9000867B9000867
:10BA500099BA000854F8040B03AB59B100220A212B
:10BA6000FAF79EFB03AB4246394601A8FAF7F2FE0D
:10BA7000064478E70A460A21FAF792FBF2E754F8FF
:10BA8000040B0028BFBF2D238DF80C3040420DF170
:10BA90000D03A8BF03ABE1E7583B5A425A4154F8A3
:10BAA000040B03AB09B11021DAE71021E4E754F8E5
:10BAB000043B0022D8E754F8043B1E6053E700BF64
:10BAC000B40A002010B5FAF7CFFC4FF43024012857
:10BAD00006D10CB9052010BDFAF7C6FC013CF6E70B
:10BAE000002C08BF0520F6E7F8B5222200211248F5
:10BAF000124D04F053FC124B00221946052401207C
:10BB00001646013215F9017B83F89871042A83F8EF
:10BB10009C4183F89D0183F89F6183F89E4103F166
:10BB20000803EED10223A1F8A231522381F8963105
:10BB3000A1F89A01F8BD00BFF60500209C19010884
:10BB4000600400200B4B0C4A1A600C4B196000F18A
:10BB5000500302781AB98178C278914208D3043030
:10BB60009842F6D10023064A83F001031370704710
:10BB70000123F8E7201000203005002024100020C9
:10BB80003600002070B5224C25686B6823F07F7367
:10BB900023F4593323F47F7323F0030343EA004370
:10BBA00002461C48184368600023206849F6FF7568
:10BBB0008669760717D5406AC8540133D8B28242E5
:10BBC000F3D1154920684FF42042C1F864210024C4
:10BBD0008569AE0614D4013A551C4FF00104F7D123
:10BBE000C1F8642107E0013DAE1CE1D10A4B4FF0E2
:10BBF000FF32C3F86421FAF775FE0023184670BDC2
:10BC00000CB1C1F864212022DBB2C261F6E700BFAB
:10BC10008C0D0020C624000294180020F0B5544E6C
:10BC2000377885B00D461446002F67D1514B1B68FD
:10BC3000C01A514B1B68984261D301A90920FFF734
:10BC4000A1FF00285BD0002D56D0002C54D0BDF8A9
:10BC50000430DFED4A6ADFED4A7A4A4ADFED4A5A9C
:10BC60009FED4A6A9FED4A4ADFED4A4A9DF8077008
:10BC70009DF808009DF80A105BBA9BB207EE103AD7
:10BC8000B8EE477A444BE7EE267ADFED446AC2ED20
:10BC9000007ADFED437A93ED035A37EE677AD3EDFE
:10BCA000007A67EE277A67EE877AE7EEA56AD3ED2A
:10BCB000017A67EE277A67EE877A67EEA57AE5EE76
:10BCC000067A93ED026A9FED375A27EE066A26EE52
:10BCD000077A9FED356AA7EE256A66EE845AE6EE8E
:10BCE000245AE7EE855AF5EE405AF1EE10FA09D1E2
:10BCF00000232B601368236001233370012738462B
:10BD000005B0F0BD27EE867A66EEA73A27EE047AF4
:10BD100026EE866AA3EEA47A030243EA07430B43A6
:10BD2000A6EE057A9FED216A87EE255A9FED207ACF
:10BD3000DFED205A27EE677A76EEE77AA6EE867A6E
:10BD400076EE856AA5EE657AC7EE275A07EE903A39
:10BD500036EE656AF8EEE77A26EE266A77EE857AA1
:10BD600086EE277A77EE257AC5ED007AC2E700BF26
:10BD7000601100205C1100205811002000002F3BB2
:10BD8000000034C254110020000080330000004540
:10BD90000050C3C600B808C7241100200000604A44
:10BDA0000000004700606A470000384B00C82F477A
:10BDB00000409C4700B80847254A38B5034610683C
:10BDC00049F6FF72846925040BD5013A941CF9D118
:10BDD000204B4FF0FF32C3F86421FAF783FD0020B7
:10BDE00038BD44681C4D1D4A2C40224342604268C5
:10BDF0002A4042EA034242F0007242F0C602426028
:10BE000049F6FF728469A50703D4013A941CF9D15D
:10BE1000DEE7013B11F8012B826213F0FF03EFD143
:10BE20000C494FF42042C1F864218469A50607D467
:10BE3000013A541C4FF00103F7D1C1F86421CCE75B
:10BE40000BB1C1F864212023C3610120C8E700BF02
:10BE50008C0D002094180020009800FCC6200101E1
:10BE6000022813B518D003281AD0E8B1072246F6E5
:10BE700025030F4C5BBA01A902202260ADF8043003
:10BE8000FFF79AFF0B4B206800221A700A4B1A68C2
:10BE90000A4B1A6002B010BD182247F2DF03E8E730
:10BEA000622247F66603E4E7032246F29C03E0E7DA
:10BEB0005811002060110020BC0900205C110020F6
:10BEC0002DE9F74340F203234FF6FF71CDE900134C
:10BED0004FF000080446464694F82C505FFA88F765
:10BEE000BD426CD82269130F844BD96A14BF21F468
:10BEF000785121F4F871D962D96A0A43DA62D4E937
:10BF00000202596902430A4360685A61FAF732FA39
:10BF1000026823686169012E94BF4FF0000C4FF056
:10BF2000010C6FF30E1242EACC1242F4145242F0AA
:10BF3000200203F14007026046608760C16002682A
:10BF4000B3F1A04F42F0010202606D4802D06D4A89
:10BF5000934248D16C498A68024042F468328A6050
:10BF6000D9686A4A0A4042F40052DA601A6B013E0C
:10BF700022F00F0216431E630020012138270726F6
:10BF80004FF01F0CC2B295422FD89A6842F00102BE
:10BF90009A601A68D207FCD5DA6822F00202DA60E9
:10BFA000DA6842F00202DA60DA6842F00102DA602E
:10BFB0009A6842F004029A6003B0BDE8F083A36976
:10BFC000DB5D6BB1E36933F817300093236A694690
:10BFD00053F82700FCF750FD626A731CD655DEB299
:10BFE00008F1010878E74A49B5E7A269125C4AB34B
:10BFF000A26A0429125C27D801EB410ED3F83080E5
:10C000004FEA4E0E0CFA0EF928EA090802FA0EFE63
:10C010004EEA080EC3F830E0092A58D90A3AD3F894
:10C0200018E0D3F818E002EB420206FA02F22EEA18
:10C03000020EC3F818E0D3F818E042EA0E029A6143
:10C040000131C9B201309DE7092914D8A1F1050ECB
:10C050000EEB4E0ED3F834804FEA4E0E4FF01F0910
:10C0600009FA0EF928EA090802FA0EFE4EEA080E4D
:10C07000C3F834E0D0E70E2914D8A1F10A0E0EEB74
:10C080004E0ED3F838804FEA4E0E4FF01F0909FAD2
:10C090000EF928EA090802FA0EFE4EEA080EC3F865
:10C0A00038E0B9E7A1F10F0E0EEB4E0ED3F83C804D
:10C0B0004FEA4E0E4FF01F0909FA0EF928EA090857
:10C0C00002FA0EFE4EEA080EC3F83CE0A4E7013A7D
:10C0D000D3F814E0D3F814E002EB420207FA02F8B6
:10C0E0002EEA080EC3F814E0D3F814E0033206FA7F
:10C0F00002F242EA0E025A61A2E700BF00100240BB
:10C10000E010FCFF000100500003005007C0FFFDDD
:10C11000000700500B4B0C49DB68DB43C3F30223E1
:10C120000122C3F1040310B502FA03F30C181B013A
:10C13000DBB284F80033430900F01F00824041F86D
:10C14000232010BD00ED00E000E100E02DE9F34107
:10C150001D468F4B9DF8207098428846164640F049
:10C16000B9808C4C8C4BC4F86C3104F2D923C4F8E0
:10C17000803104F2D933C4F884314FF48073C4E9B8
:10C180005E33864BC4F8A031A3F54843203BC4F886
:10C19000B8310433C4F8B43103F55743D833C4F885
:10C1A00074219A69C4F8BC0142F480429A615A69C8
:10C1B00042F001025A6140F20233ADF8043000232C
:10C1C0009F428DF806300CBF01230223012D8DF80C
:10C1D00007300FD04FF090404FF400730093436A44
:10C1E00023F0F0034362436A43F0700343626946FD
:10C1F000FCF742FC4FF090404FF480630093436A99
:10C20000674C23F470634362436A43F4E063436220
:10C210006946FCF731FC0E20FFF77CFF2520FFF775
:10C2200079FF012384F8443000232046C4E9073312
:10C23000C4E90933C4F82C806571A660A771FCF7C6
:10C24000D3FD206B002800F09380E76CE1686669FD
:10C25000FAF790F80368226D6FF30E1343F48553D9
:10C2600089B2036041608760C660036843F00103E0
:10C270000360936843F04003936043689BB2236478
:10C28000012D1ED0606B00287AD0A56C2169FAF7C9
:10C2900071F803686FF30E1343F4845343F01003F3
:10C2A000036089B2002341608560C360026842F088
:10C2B00002020260226D43604360936843F0800392
:10C2C0009360226D136843F001031360204602B0AF
:10C2D000BDE8F081334B984258D12E4C2E4BC4F818
:10C2E000C0314FF48073C4E97333C4F8C82104F239
:10C2F000D9432D4AC4F8D43104F2D953C4F8D83103
:10C30000D369C4F8100243F40033D36140F202331E
:10C31000ADF8043000239F428DF806300CBF012396
:10C320000223012D8DF807300ED04FF090400423EA
:10C330000093036A23F470630362036A43F4E063C7
:10C3400003626946FCF798FB4FF090400823009386
:10C35000036A164C23F470430362036A43F4E04318
:10C3600003626946FCF788FB2620FFF7D3FE58E7F7
:10C37000236D20221A621A6842F020021A607FE7B9
:10C38000226D136843F0800313609AE700249DE751
:10C390000038014094180020881B01084400024026
:10C3A000001A00200044004000100240541A0020EF
:10C3B0002DE9F341DFF864C09DF824700E46114664
:10C3C0001A469DF8203004464FF00C08002008FB68
:10C3D00000FE0EEB0C051CF90EE0A64504D0013062
:10C3E0000428F4D1002005E028890028FAD124B1DE
:10C3F000012C0CD002B0BDE8F08106480097FFF791
:10C40000A5FE0028F6D004712E816860F2E702488C
:10C410000097F4E70038014000440040D80D0020A8
:10C4200007B51B4B1B4A1A601B4B93F83E3123B3D5
:10C43000012B09D1194903200870194907200870F8
:10C4400018490B700C231370174B184A1A604020C0
:10C45000FCF7B2F970B10123002290F900004021ED
:10C46000CDE90032124A4FF4E133FFF7A1FF003863
:10C4700018BF012003B05DF804FB084902200870D2
:10C4800007490320087007490B700723DBE700BF4B
:10C490004C150020C80D0020600400204A15002023
:10C4A0005015002094180020300000208D620008F4
:10C4B000B983000870B5154DAB894FF47A73E2B1BA
:10C4C00069B111F8016B2C89A4070AD52E732C8948
:10C4D000E40713D45C1EA4B243B12346F7E7FF265A
:10C4E000F1E75C1EA4B20BB12346ECE7084AB2F8B0
:10C4F0006A3101339BB2A2F86A3170BD2C7BE4B281
:10C5000008B100F8014B013AD9E700BF00380040FC
:10C510009418002073B50C4C207880B10B4D052386
:10C520004FF48056ADF8003001A82E8502226946EE
:10C53000FFF7C0FFAE619DF8050000F0010020701C
:10C5400080F0010002B070BD4E0E002000040048D3
:10C5500070B5054D2E680446FFF7DCFF18B92B684F
:10C560009B1BA342F8D970BDBC0900202DE9F04FF8
:10C57000464BDFF82C911C7899F800309C4289B02A
:10C5800015D0434A434FDFF81CB104EB0201CDE95B
:10C59000041296BF1C1BC4F180040023CDE906439E
:10C5A0001C443CB9394A002389F80030137009B0A3
:10C5B000BDE8F08F3B683A8854FA83F1B1F5807F8B
:10C5C000DBF80C10DEB28CBFC6F5807626468B42B7
:10C5D00052BAE7D202211B0C06208DF80C108DF800
:10C5E0000D30ADF80E20FFF7B3FF0620FEF718FE62
:10C5F000294B01221A70294B4FF480521A8503A946
:10C6000004220020FFF756FF069D6DB3B542DDF80A
:10C6100010802BD22A4641460020FFF74BFF721BA9
:10C620000023454404950693079DA5B1AA42DDF871
:10C63000148020D805AB0DF11C0A41460020CDE93D
:10C640000023FFF737FF009A019B08EB0201AA1AAB
:10C650001960CAF80020114B4FF480529A613B6870
:10C660003344A41B3B609CE73246DDE7324604AB13
:10C670000DF1180AE1E741462A460020FFF71AFFAC
:10C6800008EB0501002305910793E4E7080E00205D
:10C69000FD1700200C0E00204E0E00200004004864
:10C6A000090E002020000020F7B503238DF8043088
:10C6B000030C40BAADF8060006200D4614468DF86E
:10C6C0000530FFF745FF90B10A4E04224FF4805722
:10C6D0000DEB020100203785FFF7ECFE224600211A
:10C6E0002846FFF7E7FEB761204603B0F0BD0446D9
:10C6F000FAE700BF00040048024640213C20FCF756
:10C7000030BD10B5B020FCF737FD4020FCF734FDFC
:10C710000020FCF731FD1020FCF72EFD4FF40064E3
:10C72000013C0020A4B2FFF7E7FF002CF8D110BDB8
:10C73000F8B50C4F461E16F8013F03B9F8BD03EBE0
:10C740008303A3F1A1043C440025013514F8010F33
:10C75000EDB2FFF7D1FF052DF7D10020FFF7CCFF99
:10C76000E9E700BFA41B0108054A138823EA00007B
:10C770008342108002D00120FBF756BF704700BFF4
:10C78000640C0020044A138818438342108002D0AE
:10C790000120FBF749BF7047640C0020844641EA42
:10C7A000000313F003036DD1403A41D351F8043B29
:10C7B00040F8043B51F8043B40F8043B51F8043B7B
:10C7C00040F8043B51F8043B40F8043B51F8043B6B
:10C7D00040F8043B51F8043B40F8043B51F8043B5B
:10C7E00040F8043B51F8043B40F8043B51F8043B4B
:10C7F00040F8043B51F8043B40F8043B51F8043B3B
:10C8000040F8043B51F8043B40F8043B51F8043B2A
:10C8100040F8043B51F8043B40F8043B51F8043B1A
:10C8200040F8043B51F8043B40F8043B403ABDD289
:10C83000303211D351F8043B40F8043B51F8043B2B
:10C8400040F8043B51F8043B40F8043B51F8043BEA
:10C8500040F8043B103AEDD20C3205D351F8043BBA
:10C8600040F8043B043AF9D2043208D0D2071CBF86
:10C8700011F8013B00F8013B01D30B8803806046AF
:10C88000704700BF082A13D38B078DD010F0030325
:10C890008AD0C3F10403D21ADB071CBF11F8013B95
:10C8A00000F8013B80D331F8023B20F8023B7BE7E4
:10C8B000043AD9D3013A11F8013B00F8013BF9D20F
:10C8C0000B7803704B7843708B78837060467047A9
:10C8D0000000000000000000000000000000000058
:10C8E0000000000000000000000000000000000048
:10C8F0000000000000000000000000000000000038
:10C9000030B490F800F020F007016FF0000C10F048
:10C91000070491F820F040F048804FF000046FF0D9
:10C920000700D1E9002391F840F000F1080082FAF5
:10C930004CF2A4FA8CF283FA4CF3A2FA8CF34BBBC0
:10C94000D1E9022382FA4CF200F10800A4FA8CF239
:10C9500083FA4CF3A2FA8CF3E3B9D1E9042382FA07
:10C960004CF200F10800A4FA8CF283FA4CF3A2FA1C
:10C970008CF37BB9D1E9062301F1200182FA4CF254
:10C9800000F10800A4FA8CF283FA4CF3A2FA8CF3BB
:10C99000002BC6D0002A04BF04301A4612BAB2FADD
:10C9A00082F200EBD20030BC7047D1E9002304F0E2
:10C9B0000305C4F100004FEAC50514F0040F91F817
:10C9C00040F00CFA05F562EA05021CBF63EA0503B4
:10C9D00062464FF00004AAE753B94AB9002908BFDC
:10C9E00000281CBF4FF0FF314FF0FF3000F0E2B8DD
:10C9F000ADF1080C6DE904CE03F098FDDDF804E01C
:10CA0000DDE9022304B0704700F1340191E83800F9
:10CA10009C46A6464CF8045D90E8FF0FE54600BD35
:10CA200090EC210B704700BF80EC210B704700BFDA
:10CA300090EC200B704700BF80EC200B704700BFCC
:10CA4000D0EC200B704700BFC0EC200B704700BF3C
:10CA5000F0EC0201F0EC0211F0EC0221F0EC0231FA
:10CA6000F0EC0241F0EC0251F0EC0261F0EC0271EA
:10CA7000F0EC0281F0EC0291F0EC02A1F0EC02B1DA
:10CA8000F0EC02C1F0EC02D1F0EC02E1F0EC02F1CA
:10CA9000704700BFE0EC0201E0EC0211E0EC022183
:10CAA000E0EC0231E0EC0241E0EC0251E0EC02612A
:10CAB000E0EC0271E0EC0281E0EC0291E0EC02A11A
:10CAC000E0EC02B1E0EC02C1E0EC02D1E0EC02E10A
:10CAD000E0EC02F1704700BFB0FC0181B0FC0191B5
:10CAE000B0FC01A1B0FC01B1704700BFA0FC018106
:10CAF000A0FC0191A0FC01A1A0FC01B1704700BF06
:10CB0000EC4600B52DE900502DE9FF1F4FF0000362
:10CB10002DE90C0001A903F0E3FFDDF840E012B0BD
:10CB2000704700BFEC4600B52DE900502DE9FF1F0E
:10CB30004FF000032DE90C0001A904F00FF8DDF817
:10CB400040E012B0704700BFEC4600B52DE9005040
:10CB50002DE9FF1F4FF000032DE90C0001A904F09F
:10CB60001FF8DDF840E012B0704700BFEC4600B59A
:10CB70002DE900502DE9FF1F4FF000032DE90C00B7
:10CB800001AB03F0E3FFDDF840E012B0704700BFF7
:10CB9000EC4600B52DE900502DE9FF1F4FF00003D2
:10CBA0002DE90C0001AA04F057F8DDF840E012B0BE
:10CBB000704700BF704700BF11481249026800600B
:10CBC0008A4218D0002103E00F4B5B5843500431D8
:10CBD0000E480F4B42189A42F6D30E4A02E0002349
:10CBE00042F8043B0C4B9A42F9D3F7F726FB00F0CE
:10CBF00019F87047FEE70948D0F800D040680047B0
:10CC0000FC9F0020EFBEADDE1827010800000020C9
:10CC10006004002060040020B420002000D8FF1F22
:10CC2000FEE700002DE9F04F2DED108B8BB0F7F7EC
:10CC300045FE3A4D3A4C94F83C36002B3FD0D4F8A0
:10CC40005C3555F8182CC4F840369B1AB3F5FA6FCA
:10CC50005CD200210220FCF793FA324B324A33496E
:10CC600004F25460FEF772FE04F25460FFF760FDB8
:10CC700002210846FCF784FA2D48FFF759FD0421EC
:10CC80000020FCF77DFA2B4B2B4A2C4904F2546010
:10CC9000FEF75CFE04F25460FFF74AFD0621022015
:10CCA000FCF76EFA264A274904F25460FEF74EFE5E
:10CCB00004F25460FFF73CFD012384F8483694F8F1
:10CCC0003836D4F80C684BB155F8143CF31A002BE5
:10CCD000A2BF002384F8383684F83936D4F80828FF
:10CCE00042F20103134008BF05F8103C100767D556
:10CCF000D4F8F4361B7A062B62D8DFE813F025004F
:10CD00002500A1015D029702C702C70294F84836C8
:10CD1000002BD4D0FFF7F5FC0023CEE758150020F8
:10CD200060040020B31F0108C01F0108C81F0108CC
:10CD3000D21F0108E41F0108EB1F0108F11F0108C1
:10CD4000911F01080020010815F80F3CC3B3002310
:10CD500005F80F3C55F80C3C15F80ECC93F800E0A4
:10CD600015F8088C0221681810F8073C43FA0CF3F8
:10CD700003F00F0373450ED20B2B0CD810F8077C71
:10CD8000481C284405EB830310F8070C07EA080742
:10CD900000EB0720D86002311029E4D101230121E2
:10CDA00005F8101C9F49C3F3400381F8343083F029
:10CDB000010384F8383606F5C333A03345F8143C34
:10CDC000530419D594F8D439002B00F0688201215E
:10CDD00005F8101C84F838169249002384F8D439D9
:10CDE00081F8343006F5F42303F5907345F8143CCC
:10CDF00094F8383684F86135D70717D595F8D810E8
:10CE000095F8D9308B420DD0012384F83936854B03
:10CE100085F8D910002083F8350006F5C333A03318
:10CE200045F8143C94F8393684F86135900409D5F6
:10CE30007D4A002332F8021B002941F08686013327
:10CE40000C2BF7D1F3F724FA15F8108CB8F1000F7A
:10CE500005D1D4F8D03AF31A002BC0F22382F6F7AA
:10CE600067FA012385F8F23095F8F3305BB1D4F816
:10CE70003439590707D5D4F814361A0700F1268239
:10CE80000820FFF771FCFBF7D1F9A389C4F80C085F
:10CE90002BB1D5F81821821A002AFFF6CBAE034435
:10CEA000C5F818316148D4F8C03AD4F8EC76984700
:10CEB000002879D05D4994F8B82C0846FBF73EFD70
:10CEC000B4F85485B8F1000F59D0D4F82837584E2B
:10CED0001B78DFF858B1DFED578A08EE103A06F1FB
:10CEE0003C0A06F144090022B8F57A7F02BF00230C
:10CEF000C9F800303361BBF90000D9F8003007EE03
:10CF0000900A0344306949F8043B411C0129F8EEBA
:10CF1000E77A316140F0D582C6ED017AB0EE687AE9
:10CF2000B8F1010F2BF8022B2AF8022BC6ED007A7C
:10CF300086ED027A40F0E6820129C6BF07EE900A2C
:10CF400096ED037A9FED3B0A0293C4BFF8EEE77AB1
:10CF500087EE270A01F09CFE029B002218EE101AB1
:10CF6000002900F0C782F8EEC87AF4EEC07AF1EE3C
:10CF700010FA40F1BF824FF47A73A4F85435B4F834
:10CF80005C39B5F858219B1AA4F85C39B5F85A21D8
:10CF9000B4F85E399B1AA4F85E39B5F85C21B4F890
:10CFA00060399B1AA4F86039FBF740F9D5F86C3169
:10CFB0009FED217ADFED21AAC5F86C01C31A07EEB7
:10CFC000903AF8EE677AC7EE878AF4EEEA8AF1EED5
:10CFD00010FA40F3C1820023C5F87031FBF726F93F
:10CFE000D4F8583DC4F80C08C31AA5F84C3294F88C
:10CFF000EC35C4F8580D13F0040301F0BC83D4F8E9
:10D00000F435002B01F0A680013B062B01F2A28033
:10D01000DFE813F08A08260A740AE90A050B240BD4
:10D020008C0B00BF0000002032160020BC0D002039
:10D03000741600200000000000247449CDCC4C3E42
:10D0400095F83C30002B3FF4BBAE95F83F00002331
:10D0500085F83C3095F83E3000F0070143EA0123A3
:10D0600095F84010C4F8083D01F03F035B0143EA26
:10D07000D003C4F80C3D95F841309B0043EA91136E
:10D0800095F8421001F0010043EA802395F843002F
:10D09000C4F8103D00F00F03DB0143EA510395F89B
:10D0A0004410C4F8143D01F07F031B0143EA101340
:10D0B000C4F8183D95F8453095F846005B0043EA02
:10D0C000D11300F0030143EA412395F84710C4F857
:10D0D0001C3D01F01F039B0143EA9003C4F8203D6F
:10D0E00095F8483095F84A00DB0043EA5113C4F83C
:10D0F000243D95F8493000F0070143EA012395F8F3
:10D100004B10C4F8283D01F03F035B0143EAD00314
:10D11000C4F82C3D95F84C309B0043EA911395F8E8
:10D120004D1001F0010043EA802395F84E00C4F849
:10D13000303D00F00F03DB0143EA510395F84F1037
:10D14000C4F8343D01F07F031B0143EA1013C4F817
:10D15000383D95F8503095F851005B0043EAD11303
:10D1600000F0030143EA412395F85210C4F83C3D16
:10D1700001F01F039B0143EA9003C4F8403D95F87A
:10D180005330DB0043EA511395F85410C4F8443D82
:10D1900011F0010F40F214730CBFAD20184611F0CE
:10D1A000020F08BFAD230907C4F8480DC4F84C3D71
:10D1B0007FF5F4AD0323F2E595F8561000293FF40E
:10D1C000FFAD95F85700B5F85870002185F8561056
:10D1D00005EB400191F85DC091F85E1041EA0C2129
:10D1E0008F427FF4EDAD95F85B1001290CD08129B9
:10D1F0007FF4E6AD102802D9102085F85700CB49FE
:10D20000002701F1260E0AE00B46F3E791F80180B2
:10D2100091F802C04CEA082C2EF802CB01375FFAD5
:10D2200087FC604501F10201F0D8B8E595F8A0301F
:10D23000002B3FF4C5AD002385F8A03095F8A13050
:10D24000A82B7FF4BDAD95F8B430002B7FF4B8ADBA
:10D25000B7499FEDB86ADFEDB86A01F1170791F899
:10D2600003C0087900EB0C2007EE900AB8EEE77ACD
:10D270000133C7EE067A082B01F1020177EEE67A58
:10D28000FCEEE77AE7EC017AE9D187E594F8503DC6
:10D29000002B3FF495AD002384F8503D7EE505F862
:10D2A000103CA5E5D5F8F4707B1C012FC5F8F430CF
:10D2B00000F0F180022F00F0F780EFB1D5F8F430E4
:10D2C000042BC4BF0023C5F8F430DCE5B4F80468CF
:10D2D00016F008067FF4D7AD0820FFF753FAD4F80C
:10D2E0009835C4F8943540F2DC53A4F88C35C4F872
:10D2F000E46BC4F89C65C6E5D4F834391B07DDD56A
:10D30000D5F8F830F31A002BD8DB07EE906A9FEDC2
:10D310008B7AD4F8C03C8A48C5F8FC60F8EE677A8E
:10D3200077EE877AFCEEE77AC5ED3E7A9847844936
:10D3300094F8BA2C0846FBF701FB94F81B395E07FA
:10D340001ED5D5F8F820C5F800217E4A85F804716D
:10D3500017609780B4F96229A5F80621A5F80C2179
:10D36000B4F96429A5F80821A5F80E2123F00403D7
:10D37000B4F96629A5F80A21A5F8102184F81B390B
:10D38000D5F80021DAB1D5F8F8309B1A6E4A9342ED
:10D390004FF0000344D86D4A694E901D36F9021BC8
:10D3A00032F9027BB94230F9027BB8BF22F8021C85
:10D3B0000133B942C8BF20F8021C032BEED194F808
:10D3C000013D002B3FF47AAFB4F86439B4F804217E
:10D3D000B4F862199B1AB4F80A2112FB03F210B2D6
:10D3E000B4F80631B4F86629D21AB4F80C3113FB3C
:10D3F00002F3B4F80221891AB4F8082112FB01F2F1
:10D400001BB20A2112B293FBF1F392FBF1F2A4F8E2
:10D410006639A4F8622990FBF1F2A4F864294DE77B
:10D420004A484B4FC5F8003100F1060C00F10C06DC
:10D4300030F902EB3CF9022B0EEB020101EBD1714A
:10D44000A2EB0E020133491002EB8202032B27F8F4
:10D45000021F26F8022BEBD1B5F91211B5F91421F0
:10D46000B5F916018B1803440A26734300EB4000FC
:10D4700001EB410102EB420293FBF1F193FBF2F26B
:10D48000A4F8081193FBF0F3A4F80A21A4F80C31D6
:10D49000F5F744FF93E7D4F8343958077FF50EAF1A
:10D4A0003046FEF749F909E7F2F7D6FE30B93046C3
:10D4B000F6F707FF012384F80036FFE684F80086BC
:10D4C000FCE696ED007A06EE901A37EEC76AF8EEA3
:10D4D000E65AC6EE256A76EE876A96ED027AC6EDC2
:10D4E000016A77EEE67AA6EE277AF0EE667A86EDA6
:10D4F000037A15E503F5FA734FF47A7093FBF0F3B2
:10D500002AF8023C134B1436B3427FF4EDACB8F169
:10D51000010F05D14046FBF761F86423C4F8583584
:10D5200008F1FF38A4F8548529E500BFB2150020A2
:10D53000F9150020CDCCCC400080BB43003EC6474F
:10D54000C20D0020620500207FC3C9015E160020C5
:10D5500060050020B0160020D4F8343913F002031F
:10D5600000F0DA85D4F89C3C50489847002800F039
:10D57000DB804E4994F8B92C0846FBF7DFF9B4F884
:10D580005265002E3ED0D4F860174948A1F1020C34
:10D59000A0F1080E01F104090022B6F5C87F08BF0A
:10D5A00002600368BEF900802EF8022B434440F865
:10D5B000043B2CF8022FE145EFD1012E1FD1D5F805
:10D5C0007C314FF4C870C83393FBF0F30B80D5F86F
:10D5D0008031C83393FBF0F34B80D5F88431C833E6
:10D5E00093FBF0F33348C08B1B1A8B80A7F85C20A9
:10D5F000A7F85E20F5F792FE6423C4F85835013E83
:10D60000A4F85265D4F80838590779D5B4F8BA8B1C
:10D61000D4F86067B8F1320F50D13388A5F888315B
:10D620007388A5F88A31B388A5F88C31B7F85C30D7
:10D63000A5F88E31B7F85E30A5F890311E4AB01EBD
:10D64000A2F1200C06F104090021B8F1320F08BF45
:10D6500011601368BCF900E02CF8021B734442F817
:10D66000043B20F8021F8145EFD1B8F1010F17D11B
:10D670000C2084F8BC1B84F8B78BFAF7AFFFB5F821
:10D6800088313380B5F88A317380B5F88C31B38036
:10D69000B5F88E31A7F85C30B5F89031A7F85E3058
:10D6A00008F1FF33A4F8BA3B0BE000BFCC16002012
:10D6B000D416002000000020EC160020B8F1000F66
:10D6C000BCD194F8B83BDBB13221D5F8943193FB4F
:10D6D000F1F33380D5F8983193FBF1F37380D5F8EB
:10D6E0009C3193FBF1F3F449C98B00225B1AB380A0
:10D6F000A7F85C20A7F85E2084F8B82BF5F70EFE9B
:10D70000D4F86027B5F8743111885B1AA5F8743124
:10D710005188B5F8763192885B1AA5F87631B5F85C
:10D7200078319B1AA5F87831B4F95E399FEDE36A38
:10D73000D5ED687AE04E9FEDE2BA96ED142AD6ED6B
:10D74000114A96ED173A96ED0FAA96ED120AD6ED0C
:10D75000162AD6ED151A96ED104A9FEDDACA07EE95
:10D76000103AB4F9603905EE903AB4F95C3906EE36
:10D77000903AF8EEE66AB8EEC77AE6EE867AD5ED2C
:10D78000696AC5ED6B7AE7EE066AF8EEE55A95ED43
:10D790006A7AC5ED6C6AA5EE867A95ED6E6A85EDBE
:10D7A0006D7A77EE867A95ED716AD6ED135A77EE3B
:10D7B000867A95ED6F6A76EE866A95ED726A76EEF8
:10D7C000866A95ED706A37EE067A95ED736A66EEB5
:10D7D000A86A37EE067A67EEA87A27EE287A64EE12
:10D7E000E63A22EE665A23EE666AE7EE043AA7EEC0
:10D7F000255AA7EE226A6AEE479A60EE470A25EE9E
:10D80000E71A21EEC77AE7EEA49AE7EE820AA7EEBE
:10D81000837A24EE678AA6EE801A62EEE77AA6EE95
:10D820008A8AE6EEA17A72EE016A73EE8A3A34EEE3
:10D83000294A74EE884A35EE005A75EEA05A32EE47
:10D84000877A73EE277AC6ED146A76EE216AC6ED02
:10D850000F3A86ED104AC6ED114A86ED125AC6ED12
:10D86000135AC6ED156A86ED167AC6ED177AFEF7DD
:10D8700005F8D5F8FC20D5F8D031DFED939A9FED6F
:10D8800093AA9A4240F0C7829FED917AD5ED717AC2
:10D8900067EE877AC5ED717AD5ED727A67EE877A91
:10D8A000C5ED727AD5ED737A67EE877AC5ED737A36
:10D8B000B5F9743196ED13EAD6ED10EAD6ED12FA09
:10D8C000D6ED16DA96ED0FFA96ED15DAD6ED14AA26
:10D8D00096ED117A96ED179AD5ED5C5A8DED057A95
:10D8E0005B4207EE903AB5F976315B4208EE103AAA
:10D8F000B5F978315B42F8EEE76AB8EEC88A07EE10
:10D90000903AB8EEE76A68EE0E7A6EEE88CAE6EEF6
:10D91000AF7A28EE2D8AEFEE26CAA6EE8D8AE6EEC5
:10D920002A7AE7EE06CAA6EE098A9FED6A6AC5ED75
:10D930007B7A67EE867AC5ED7ACA27EEA75A6CEE37
:10D9400086CAB0EE450AACEEAC0A85ED7C8A28EEBC
:10D95000068AB4EE6A7A78EEA55AF1EE10FAA8EECD
:10D96000080A6CBF01270027C5ED5C5ACDED045AAB
:10D97000CDED037A8DED025A01F08AF9CCEE80BA32
:10D980009DED025AABEEAB5AB0EE450AA8EE080A7E
:10D9900001F07EF9DDED037AC7EE80CA2CEEAC0A09
:10D9A000ABEEAB0AA8EE080A01F072F9C8EE007AF5
:10D9B000F0EE6B4AE7EEA94AB0EE6C5A97EEE95AE0
:10D9C0002EEE248A69EEEC7A6AEEA4AA6FEEA4CA5F
:10D9D0009DED057A95ED6C0AEBEEA97AEFEE05CA9E
:10D9E000AEEE858AE7EE05AAEDEE27CAADEEA78A70
:10D9F000E9EE27AA20EE000AD5ED6B7AC5ED82CAC2
:10DA0000A7EEA70AD5ED6D7A85ED838AA7EEA70A62
:10DA1000C5ED84AACDED07CA8DED088ACDED09AA22
:10DA200001F036F996ED195ADDED045AB4EECB5AF1
:10DA3000F1EE10FAB4EECA0A44BF9FED215A86ED0A
:10DA400019BAF1EE10FA00F10883DFED237AB4EE93
:10DA5000E70AF1EE10FA00F30383C0EE0A7A6CEEE7
:10DA6000A77AB4EECA0A27EE856AF1EE10FA85EDC0
:10DA70006E6A00F1F882DFED187AB4EEE70AF1EE93
:10DA800010FA00F3F382C0EE0A7A68EE277AB4EE59
:10DA9000CA0A27EE857AF1EE10FA85ED6F7A00F169
:10DAA000E882DFED0D7AB4EEE70AF1EE10FA00F34A
:10DAB000E382C0EE0A7A19E000000020487D8B3A2C
:10DAC000CDCC4C3DC2B8B23E00000000F3665F3FD3
:10DAD000EC51783F0000803958A00B41728A0E3C0F
:10DAE0004C3D0F440000E144DB0F4940D4F81436AC
:10DAF000DB076AEEA77A67EE857AC5ED707A0DD4FA
:10DB0000B2EE005A26EE056A27EE057A67EE857AB0
:10DB100085ED6E6A85ED6F7AC5ED707AB4EECC0A4C
:10DB2000F1EE10FA1FD55FED137A95ED7D7A95ED44
:10DB3000856A6CEEA7CA28EE278AA5EEAC7A6AEE53
:10DB4000A7AA85ED7D7AD5ED7F7A95ED7E7AE5EE13
:10DB5000AA7AA5EE887A75EE865A85ED7E7AC5EDAD
:10DB60007F7AC5ED855AD5ED857AB1EE047AF4EE6B
:10DB7000C77AF1EE10FA4FDB95ED867A95ED7D6A66
:10DB800067EE877AB1EE677AB4EEC76AF1EE10FA03
:10DB900000F17582F4EEC67AF1EE10FA54BFF0EEA1
:10DBA000465AF0EE675A95ED7E6AB4EEC67AF1EE0B
:10DBB00010FA00F36782F4EEC67AF1EE10FA48BF6D
:10DBC000B0EE676A95ED7F5AB4EEC57AF1EE10FAC1
:10DBD00008DCF4EEC57AF1EE10FA54BFB0EE457AE7
:10DBE000B0EE677AD5ED687AC5ED7D9A77EEA57AC5
:10DBF000C5ED7E9AC5ED687AD5ED697AC5ED7F9A57
:10DC000077EE867AC5ED859AC5ED697AD5ED6A7AA3
:10DC100077EE877AC5ED6A7AB4EE6EFAF1EE10FA15
:10DC2000F4EE4EFA68BF47F00107F1EE10FAB4EED9
:10DC30006DDA68BF47F00107F1EE10FAC5ED5C9AA6
:10DC400007D6B4EE499AF1EE10FA02D6002F00F092
:10DC50001C82FDF7DBFD336C96ED150AC5F820320A
:10DC6000736C96ED0FBA96ED12AAD6ED16AA96ED44
:10DC700017CAC5F82432B4EE400AF36CC5F82C324A
:10DC8000F1EE10FA336D85ED87BA85ED8AAAC5F8F5
:10DC9000303285ED8D0AC5ED8EAA85ED8FCA80F1F3
:10DCA0001282F7EE007AB4EEE70AF1EE10FA80F293
:10DCB0000D82FFEE007AB4EEE70AF1EE10FA40F2C0
:10DCC000088200F087FFB1EE408AF0EE4C0AB0EE19
:10DCD0006A0A85ED768A00F0A9FFF0EE4B0AF0EEB5
:10DCE00040AA85ED750AB0EE4A0A00F09FFF1FEDCD
:10DCF00084BA85ED770AB0EE40AA2AEE8B0A01F0CD
:10DD000069F828EE0B0A07B2A4F8747601F062F8FD
:10DD10005FED8C7AA4F86A792AEE67AA5FED8E7AB5
:10DD20008AEE270A0FFA80F8A4F87686A4F86C89A0
:10DD3000F2EE047A30EE290A80EE270A01F04AF862
:10DD400003B2002B02DA00F5B47003B2A4F818365F
:10DD5000D4F88437B6F81EC0E14E93F80090DFF88F
:10DD6000B4E3002206F1CC001146B7EE007A36F992
:10DD7000023BB9F1000F18D007EE909AF8EEE77A5F
:10DD8000C7EE276A07EE903AF8EEE77A37EE666A52
:10DD900067EEA67AD0ED006AE6EE867AC0ED007AEC
:10DDA000FDEEE77A17EE903A1BB20131C9B20329B2
:10DDB0002EF8023B00F1040003FB03F393FBFCF39A
:10DDC0001A44D4D1DFEDC77A68EEA78A6423FCEE4B
:10DDD000E87A534317EE900A93FBFCF3C4F8FC3542
:10DDE000F8F710FE88EAE870B4F9022D94F81B39B0
:10DDF000A0EBE87080B2904280F26E81002FB8BF35
:10DE00007F42BFB2BA4240F3678143F0080384F80F
:10DE10001B39FFF7E3B8D31A0CEE903AB4F9643922
:10DE20009FEDB17AD6ED150AD6ED177AD6ED166AC2
:10DE3000C5F8D02108EE103AB4F966390DEE903AE3
:10DE4000B4F96239F8EE6CCA0EEE103A95F8043166
:10DE50006CEE87CAB8EEC88AF8EEEDDAB8EECEEA14
:10DE600083BB26EEED0AB7EE007AA8EE270A6DEE28
:10DE7000A77AA0EEE07AE8EE267AB1EE400A60EEEC
:10DE8000E70AE7EE0E0A00F0D1FE9FED981AB4EE15
:10DE9000C10AF1EE10FA08D49FED951AB4EEC10A4A
:10DEA000F1EE10FAD8BFB0EE401AD5ED760A95ED36
:10DEB000750AF8F7F9FE0123C5ED719AC5ED729A5E
:10DEC00085F8043196ED10DAD6ED0F7A28EE0DDAEA
:10DED000A7EE8EDAD6ED117AA7EEADDAD6ED137A8B
:10DEE00085ED78DA28EE278AD6ED127AA7EE8E8AAB
:10DEF000D6ED147AA7EEAD8A28EE08EA85ED798A88
:10DF0000B0EE4E0AADEE0D0A00F0C2FECDEE00DA24
:10DF1000B0EE4E0AADEEAD0A00F0BAFE9FED757A96
:10DF2000F0EEED7AF4EE477AF1EE10FA00F38C8021
:10DF3000C8EE007AF0EEE76AF4EE476AF1EE10FA06
:10DF400000F38280DDEEA97AB0EE67DA95ED6C0A17
:10DF5000D5ED6B7AD6ED17DA20EE000A6DEE2DDAEC
:10DF6000A7EEA70AD5ED6D7AA7EEA70A00F090FEFE
:10DF700096ED187AB4EECB7AF1EE10FAB4EECA0A46
:10DF800044BF9FED5D7A86ED18BAF1EE10FAB0EE5F
:10DF900040EA5CD4DFED597AB4EEE70AF1EE10FA0C
:10DFA00058DCC0EE0A7A6DEEA77A95ED7B0A27EE73
:10DFB000878A20EE000AD5ED7A7AA7EEA70A00F04C
:10DFC00067FEF1EE007AB4EEE70AF1EE10FA9ABFBE
:10DFD000F1EE027A37EEC00A9FED490AD4F8143602
:10DFE00098BF20EE2A0ADA0768EE007A58BFB2EE30
:10DFF000007AC5ED737A5CBF67EE877AC5ED737AF8
:10E00000F0EE007AF4EEE7CAF1EE10FA0ED5B4EEB7
:10E01000CCEAF1EE10FA09D5DFED3A7A6DEEA7DA27
:10E02000D5ED7F7AECEEAD7AC5ED7F7A95ED807A0D
:10E03000B5F80432F0EECD7A77EE877A0133C5ED8C
:10E04000807AA5F8043233E49FED2FDA7EE7F7EE0D
:10E05000007AA8E7F2EE047AA5E7F7EE007AFEE48C
:10E06000F2EE047AFBE4F7EE007A0EE5F2EE047AC3
:10E070000BE5F7EE007A39E5F2EE047A36E5F0EEDC
:10E08000475A90E5B0EE476A9CE5F7EE007AB4EEA9
:10E09000E7DAF1EE10FA07D5FFEE007AB4EEE7DA30
:10E0A000F1EE10FA3FF7D7ADFDF7E8FBD6ED157AA4
:10E0B000B2EE047AF0EEE77AF4EEC77AF1EE10FAF7
:10E0C0007FF7C9ADC5E59FED100AFCE59FED0F0A8E
:10E0D000F9E59FED0F0AF6E523F0080397E600BF88
:10E0E000CC16002000247449BD3786359A9949C062
:10E0F0009A994940FFFF7F7FCDCC4C3D58A00B4102
:10E10000CDCCCC3D0AD7233C00000000DB0FC93F3B
:10E11000DB0FC9BFB60D0020A5F87431A5F8763124
:10E12000A5F87831FEF75ABFD5F85022D4F85C35FF
:10E13000D4F814669B1A40F69802934240F251813B
:10E1400046F0080600230120C4F81466C4F8F4352C
:10E15000FEF718FBD4F8EC9699F85630002B40F0F7
:10E160001483F3F755FA94F84331002B52D0B5F8E5
:10E170004C32C748B4F8046D00EE103A0121B8EEF5
:10E18000400AF8F7F3FDBCEEC00A95F8F22010EE55
:10E19000103A9BB2B6FBF3F0411CB5F96C3209B2F0
:10E1A000002A00F00D83BB4EDFF80C8306F1080C4B
:10E1B000002738F902EBBCF90090B6F900202CF8E2
:10E1C00002EBAEEB090901375A43042F92FBF1F23F
:10E1D0004A4426F8022BECD1002385F8F23003B232
:10E1E000002B40F3F082AC4FDFF8CCC2A5F86C32C4
:10E1F000A7F1080E002037F9026B3EF9022B01301F
:10E2000013FB02F2042892FBF1F2A6EB02022CF8B7
:10E21000022BF0D1F2F71CFBD4F8342901231607A6
:10E2200085F8F3304FD5B4F96C3540F2DC518B42B0
:10E23000CCBFA3F2DC53CB1AB3F5967F80F2D08229
:10E24000B4F8043803F04403002B00F0C98295F8B9
:10E250007E3273B1B4F96039032B40F3B8829B105E
:10E26000452B30DC002385F87E32B4F81836A4F84C
:10E27000E236B4F8E216B4F818365B1A99B21BB25B
:10E2800013F1B30F02DA01F5B4710BB2B32BC4BFB3
:10E29000A3F5B4731BB213F11E0FC0F29E821E2BA6
:10E2A000A8BF1E23D4F8EC16497A11FB03F31BB266
:10E2B000B3F5C87F7949A8BF4FF4C8738B42B8BF84
:10E2C0000B46A4F8A83512F0140F13D0B4F8043894
:10E2D00003F4027373B194F81B39D80640F18882B5
:10E2E000B4F8A63594F99421B4F99C1501FB0233D6
:10E2F000A4F8A635DFF8C48198F8363043B1B4F8F5
:10E300004631B4F96E259A42DCBF0023A4F8A83543
:10E31000D4F8EC7697F81C6166B3B4F80438990722
:10E3200028D09FED5F0A80EE000A00F027FC5D4BCD
:10E33000D3ED007A20EE270A00F04CFD07EE906A3C
:10E34000B0F5617FA8BF4FF46170F8EEE75A07EEB1
:10E35000900AB8EEE70ADFED547A80EE270AF2F76A
:10E360007DF825EE800A00F035FDB4F8AA35184492
:10E37000A4F8AA054D4B0093D8F86860B4F8FA20C9
:10E38000D4F8201607F15C033846B04794F8F0390A
:10E39000D4F86CC70293032B16D9BCF80210B1F560
:10E3A000FA7F11D2B4F9A825B5F98402002AB8BFC2
:10E3B000524292B24B429B1A834203DC8B18834237
:10E3C000A8BF0346A5F88432394BB4F9AA85B5F93C
:10E3D0008292B5F980A2B5F984E236491E46002042
:10E3E00035E20120FEF7CEF9D4F8207644F64B331F
:10E3F000BB80D4F8503C86F00806632BC4F8146642
:10E4000004DC4FF4FA63A4F86E35A3E60120FEF7AE
:10E41000ABF995F854226E2362B97B714FF47A738D
:10E42000A4F86A350223C4F8F435D4F85C35C5F88D
:10E4300058328FE6012A06D17B714FF4FA63A4F8B3
:10E440006A350523EFE7032A3B7104D14FF47A7351
:10E45000A4F86835E6E74FF4FA63A4F86835F0E706
:10E46000D4F81436012083F00803C4F81436FEF7FC
:10E470007BF995F854324FF47A720BBBB4F97636C7
:10E48000A4F86A25B3F5E17F1EDD0323CBE700BFC7
:10E49000C0170020C6170020CE17002070FEFFFF17
:10E4A00000000000EC0B0020EFB6B0449605002001
:10E4B0001C0C002064140020040A0020000000202E
:10E4C000032BA4F8682513D00223C4F8F435D4F83C
:10E4D0005C35D5F858229B1AB3F5FA6FFFF43AAEC3
:10E4E0000023C4F8F435C5F85832F2F70DF931E6D7
:10E4F000B4F97426B2F5E17FE6DD94E795F854327D
:10E5000093B9B4F97636B3F5E17F51DDD4F814361A
:10E51000012083F00803C4F81436FEF725F940F211
:10E520007E43A4F86A35D2E7032B7FF413AEB4F927
:10E530007436B3F5E17F19DDD4F81436012083F089
:10E540000803C4F81436FEF70FF94FF48363A4F8F8
:10E550006835D4F85C35D5F858229B1AB3F5FA6FB4
:10E56000FFF4F8AD0023C4F8F43560E79BB2B3F5CF
:10E57000E17F3FF6EFADB4F87636FA339BB2B3F5F0
:10E58000FA7F3FF6E7ADD4F81436012043F00803D4
:10E59000C4F81436FEF7F6F84FF48363A4F8683530
:10E5A000D4F85C35C5F858320423C4F8F435D1E505
:10E5B0009BB2B3F5E17F3FF6CDADB4F87436FA33D4
:10E5C0009BB2B3F5FA7F3FF6C5ADD4F814360120FF
:10E5D00043F00803C4F81436FEF7D4F840F20143C0
:10E5E000A4F86A35DCE7D4F81436012043F00803B8
:10E5F000C4F81436FEF7C6F84FF4FA63A4F86E3583
:10E60000D4F8203644F64B329A80D5F85822D4F804
:10E610005C359B1A40F2DC529342A3D8C4E7012038
:10E62000FEF7A2F895F85432012B0AD14FF4FA63A1
:10E63000A4F86A35B4F9763613F5E17F07DA0623D4
:10E64000F1E640F2B772022BA4F8682503D0052347
:10E65000C4F8F4357DE7B4F97436EDE795F8540263
:10E66000012811D1B4F9763613F5E17F42DAD4F8F6
:10E67000143683F00803C4F81436FEF775F840F238
:10E680003A73A4F86A3564E702287FF463ADB4F9FD
:10E69000743613F5E17F0BDAD4F81436012083F0D9
:10E6A0000803C4F81436FEF75FF840F2B7734EE77C
:10E6B00003F5E1739BB2B3F5C87F3FF64BADB4F8F9
:10E6C0007636FA339BB2B3F5FA7F3FF643ADD4F812
:10E6D0001436012043F00803C4F81436FEF752F84C
:10E6E00040F23A73A4F86835D4F85C35C5F858326E
:10E6F00007235AE703F5E1739BB2B3F5C87F3FF6F2
:10E7000029ADB4F87436FA339BB2B3F5FA7F3FF60D
:10E7100021ADD4F8143643F00803C4F81436FEF7DC
:10E7200031F840F2B773A4F86A35DDE7D4F814364F
:10E73000012043F00803C4F81436FEF723F895F8D7
:10E740005432012B1CBF4FF4AF63A4F868354FF46B
:10E75000FA63A4F86E35D4F8203644F64B329A802A
:10E76000D5F85822D4F85C359B1A40F2DC5293421B
:10E770003FF6F8AEBCE7C4F8F435C5F85832D4F823
:10E78000203644F64B329A80E4E4DFF80083BB4F36
:10E790000026B8F9003099F8561000EE103A3846C5
:10E7A000B8EEC00AF8F7E2FABDEEC00A013610EE84
:10E7B000103A032E28F8023B07F10407E9D1D0E410
:10E7C000013B1BB20CE50023A5F86C3222E5002BBF
:10E7D000B8BF03339B105B4242E56FF01D0361E558
:10E7E000012385F87E32B4F81836A4F8E2366AE5DB
:10E7F000F1F79EFE7EE507EE908AB8EEE77A07EE27
:10E80000909A51ED026A9CF90120F8EEE77A5242A3
:10E8100067EEA67A51ED046AE7EE267A0EFB02F265
:10E82000013007EE10AA51ED036AB8EEC77AE7EEA1
:10E83000267A07EE102A51ED016AB8EEC77AE7EEA4
:10E84000267AFDEEE77A17EE902A26F8022B029A36
:10E85000904201F11001CED394F8EC25520740F11B
:10E86000E18094F833270492B4F9BC2718460121BB
:10E87000029E8E4273D8D4F86817D4F808A8488846
:10E88000B4F96E658242C4BF121A1FFA82FB0AF401
:10E8900080520592D4F86407D4F870270392D8BF49
:10E8A0004FF0000B4FF00009029A4A455ED8744EB3
:10E8B00096F86C3C0BB1FCF753FD94F8EC355F0710
:10E8C0002FD5B4F80438D8072BD5B4F97436002BFB
:10E8D000B8BF5B429BB2B3F52F7F1AD8B4F9763636
:10E8E000002BB8BF5B429BB2B3F52F7F11D8B4F9B0
:10E8F0005639002BB8BF5B429BB242F6E0629342AE
:10E9000007D8B4F95839002BB8BF5B429BB2934289
:10E9100007D9D6F8F43523B90220F1F785FCF1F7D1
:10E92000F3FE96F8ED75022F00F0B280032F00F091
:10E93000F880012F7EF47EA9DFF8488198F8103026
:10E94000002B3EF477A996F8EC4514F0040475D03A
:10E950004C4A002386F8ED351374FEF76BB930F995
:10E96000026FB242B8BF3246013181E71A88059F73
:10E97000A2EB0B0212B21A8077B3039F9CF80080BF
:10E98000B7F80EE0B8F1000F08D1B0F80680AEEB92
:10E990000807B74202DAF044B04517DC76450EDDD1
:10E9A000B0F802E0964504DCB1F802E09645A8BF55
:10E9B0009646A3F800E009F10109023374E7B1F8C3
:10E9C00004E09645F5DCB0F800E0EFE77645CCBF13
:10E9D000428802881A80EEE7049FB1F8028047B1AE
:10E9E000B1F804E09645E4DC4245A8BF42469646AD
:10E9F000DFE7B1F800E0964503DC4245A8BF424698
:10EA00009646039AA3F800E0128A9642D3DA1AF0E7
:10EA1000100F01D08A88DDE79CF80020002ACAD1B7
:10EA20000A88D7E7184BA3F21A2203F1100153F812
:10EA3000040B42F8040B8B42F9D138E7D6F81436B0
:10EA4000D9077EF5F7A8F1F73FFEF1F74BFEF1F796
:10EA50008DFE96F8F035C5E9A244C5E9A544002B22
:10EA60007EF4E8A8B8F81230D6F8982586F8F07544
:10EA70001344C6F89435FEF7DDB800BFB417002084
:10EA80006004002000000020360E0020BC0D002095
:10EA9000354F3B7C002B3EF4CDA8012386F8EF35A3
:10EAA0007B7C43B1D6F85C3503F5EA433033C5F8D7
:10EAB000A03200237B74D4F85C25D5F8A032D21A9A
:10EAC000002A09DBF1F720FE00233B7484F8EF35C0
:10EAD00001237B74FEF7AEB8B5F97821002AB8BFE0
:10EAE000524292B242F234118A4206D900243C7456
:10EAF000F1F70AFE86F8EF45EAE7D4F85C25D21A6A
:10EB0000002AD4F85C25CCBFD31A9B1A46F6605273
:10EB100093423EF78FA8D6F8503C0733FEF68AA8FA
:10EB2000E4E7D6F8F435002B7FF412AFB6F80428EA
:10EB300052077FF50DAF85F854320123C6F8F4353E
:10EB4000D6F85C35C5F8503202E7012384F839362F
:10EB5000054B002283F8352006F5C333A03345F872
:10EB6000143CFEF76FB900BF00000020014B024AC1
:10EB70001A607047701700205B82183908B52DEDB8
:10EB8000028BB0EE408A00F03FFAB4EE488AF1EE14
:10EB900010FAF0EE408A0AD6B0EE480A00F0D2F839
:10EBA000F7EE007AB4EEE70AF1EE10FA04DCB0EE0C
:10EBB000680ABDEC028B08BD01F0EAFBBDEC028BDC
:10EBC000034621221A600248BDE8084000F0FCB864
:10EBD0009021010808B52DED028BB0EE408A00F0BF
:10EBE00037FBB4EE488AF1EE10FAF0EE408A0AD60E
:10EBF000B0EE480A00F0A6F8F7EE007AB4EEE70AA5
:10EC0000F1EE10FA04DCB0EE680ABDEC028B08BD30
:10EC100001F0BEFBBDEC028B034621221A600248C4
:10EC2000BDE8084000F0D0B89021010800F00ABC0F
:10EC300008B52DED028BB0EE408A00F0A9FCB4EED1
:10EC4000488AF1EE10FA0FD6B5EEC08AF1EE10FA4E
:10EC50000ADCB5EE408AF1EE10FA08D101F098FB1B
:10EC600022239FED090A0360BDEC028B08BD01F071
:10EC70008FFBBDEC028B034621221A600348BDE8DE
:10EC8000084000F0A1B800BF000080FF90210108FB
:10EC900008B52DED028BB0EE408A00F0E7F8B4EE37
:10ECA000488AF1EE10FA06D6DFED098AB4EEE88A5A
:10ECB000F1EE10FA02D4BDEC028B08BD01F068FB46
:10ECC00088EEA80ABDEC028B2123036008BD00BFBB
:10ECD0000000000010EE103A184923F000428A426A
:10ECE0001AD9B2F1FF4F02D330EE400A704700B597
:10ECF00083B0684600F046FD00F0030001289DED5A
:10ED0000000ADDED010A10D0022809D090B900F008
:10ED1000B1F803B05DF804FBDFED090A00F0AAB812
:10ED200000F0A8F8B1EE400AF3E700F025F9B1EEE3
:10ED3000400AEEE7012000F01FF9EAE7D80F493F4B
:10ED40000000000010EE103A23F0004300EE103AED
:10ED5000704700BF10EE103A194923F000428A4272
:10ED60001BD9B2F1FF4F02D330EE400A704700B515
:10ED700083B0684600F006FD00F0030001289DED19
:10ED8000000ADDED010A13D002280BD098B901204A
:10ED900000F0F2F803B05DF804FBDFED0A0A002092
:10EDA00000F0EAB8012000F0E7F8B1EE400AF1E720
:10EDB00000F060F8EEE700F05DF8B1EE400AE9E738
:10EDC000D80F493F000000009FED010A704700BFC7
:10EDD0000000C07F10B485B08DED010A019BC3F324
:10EDE000C752A2F17F011E2931DC16294FEAD374E4
:10EDF00025DC1D4BDDED017A03EB840393ED007AF6
:10EE000077EE277ACDED037ADDED037A77EEC77AD8
:10EE100017EE903A33F000400DD0C3F3C7507F385F
:10EE20001FD4C3F3160343F40003C0F1170023FA01
:10EE300000F004B1404205B05DF8044B7047C3F3E5
:10EE4000160343F40003963A03FA02F0F1E7DDED0E
:10EE5000017AFDEEE77A17EE900A05B05DF8044BF3
:10EE600070470020E5E700BF94210108B1EEC00A19
:10EE7000704700BF10EE103A23F00043B3F1485F33
:10EE80002CD2FDEEC07A17EE903A002B60D060EEE7
:10EE9000007A9FED317A9FED315ADFED315A9FEDC7
:10EEA000316ADFED316AA7EE875A9FED307AE7EEDF
:10EEB000855AA7EEA56AA7EE867AE7EE876A67EE1F
:10EEC000A66A60EEC00AB6EE007AE7EEA60AB7EED2
:10EED000000AD7EE870A30EE600A704760EE007ACB
:10EEE0009FED1D7A9FED1D5ADFED1D5A9FED1D6AA6
:10EEF000DFED1D6A1E4AA7EE875A93429FED1B7AEB
:10EF0000E5EE275AA5EEA76AA6EE277AE7EE276A6E
:10EF100066EEA76AD5D9174A934214D803F17F4306
:10EF200007EE103AB7EE006A36EE476A60EEC00AA6
:10EF3000F6EE005A97EEA57AE7EEA60A37EE607A6B
:10EF400036EE470A7047B6EE076AB5EE027AEDE78D
:10EF5000B7EE000A704700BF4ED747ADF6740F31C9
:10EF60007CF293B4010DD037ABAA2A3D610BB6BA3F
:10EF70009999993E0000483F10EE103A23F0004363
:10EF8000B3F1485F04D2FDEEC07A17EE903A5BB35E
:10EF900060EE007A9FED157ADFED155A9FED156A48
:10EFA000DFED156AE7EE875A9FED147AA5EEA76AA2
:10EFB00020EE275AE6EE276AA6EEA77A30B9DFEDF3
:10EFC000106AE7EE876AA6EE850A704727EE457A53
:10EFD000F6EE006AA0EEA67ADFED0A6AD7EE270AFF
:10EFE000E5EE260A30EE600A704700BFD3C92E2F27
:10EFF000342FD7B21BEF3836010D50B98988083C41
:10F00000ABAA2ABEABAA2A3E08B510EE102A22F0FF
:10F010000043B3F17E5F2DED028B12D00AD8B3F11D
:10F020007C5F16D2B3F10C5F67D8BDEC028B9FED0D
:10F03000770A08BD70EE407A87EEA70ABDEC028B16
:10F0400008BD002A40F3DD80BDEC028B9FED700A05
:10F0500008BD002AC0F28E80F7EE008A38EEC00AA2
:10F06000F6EE007A20EE278AB0EE480AFFF7FEFEA1
:10F07000DFED687A9FED687ADFED686ADFED685A48
:10F080009FED686AA8EE277ADFED677AE7EE086AF7
:10F09000E8EE067AE6EE885A9FED646A9FED647AA0
:10F0A000DFED646AA5EE886AA7EE887ADFED627A02
:10F0B000E6EE087A10EE103AE7EE086A6FF30B03FB
:10F0C000B0EE677A07EE903AF0EE485AE7EEE75A6C
:10F0D000E6EE888A30EE276A27EE087AC5EE866A61
:10F0E00087EE286ABDEC028BB0EE667AA0EE067A57
:10F0F00037EE870A30EE000A08BD20EE007ADFED19
:10F10000457A9FED456ADFED456A9FED465ADFED92
:10F11000445AA7EE276ABDEC028BE6EE076ADFEDE4
:10F12000427A9FED436AE7EE057AE6EE875AA7EE4C
:10F13000876A9FED3E5ADFED3F7ADFED3F6AA5EE2D
:10F14000875AE6EE077AE5EE076AF7EE005AE7EE31
:10F15000875A26EE877A9FED396ADFED397AC7EE56
:10F16000256AB0EE467AA0EE667A30EE470A37EEB0
:10F17000C00A08BDB7EE007A30EE070AF6EE007A54
:10F1800060EE277ADFED236A9FED236ADFED234AE5
:10F19000DFED245A9FED225A9FED278AA7EEA66A3B
:10F1A000DFED216AE6EE274AE7EEA56ADFED205A99
:10F1B0009FED1E6AA4EEA75AE6EEA75ADFED1D6A80
:10F1C000A5EE276AE5EEA76AA6EE278AA6EEA77A3D
:10F1D00028EE278AF0EE478AB0EE670AFFF746FE70
:10F1E00088EE286A9FED177ADFED177AA0EE067A8F
:10F1F000F0EE006A37EE007AE7EE667AB0EE670A64
:10F200001CE7BDEC028B9FED110A08BDDB0FC93F67
:10F210000000000008EF1138047F4F3A461124BD6A
:10F22000A80A4E3E2EC69D3D613330BF90B0A6BEAB
:10F230002D57014039D119C0ABAA2A3E6821A2330B
:10F24000DA0FC93F6821A2B3DA0F4940DB0F49400A
:10F2500038B510EE105A25F00044B4F17E5F2DED64
:10F26000048BF0EE407A7FD077D8B4F17C5F0ED279
:10F27000B4F1485F80F090809FED627A30EE077ABB
:10F28000F7EE006AB4EEE67AF1EE10FA62DCB0EE68
:10F29000670AFFF757FDF7EE007A37EEC08AB6EE41
:10F2A000007A28EE078ADFED586A9FED587A9FEDC5
:10F2B000586A9FED585ADFED585ADFED588AE8EE4C
:10F2C000076A9FED577AA8EE067AA6EE885A9FED58
:10F2D000556ADFED556AA7EE086AE5EE085A9FED1C
:10F2E000537AA6EE087AE5EE886AE7EE087AE6EE4B
:10F2F000888AB0EE480AB0EE679AFFF7B7FD4C4B2C
:10F3000068EE888A9C4288EE896A38D810EE103AF6
:10F310006FF30B0306EE903AA6EEE68A70EE267ABD
:10F320009FED447AC8EE274AF0EE005AA4EEE57A43
:10F33000DFED417A30EE000AB0EE675A90EE067AC1
:10F34000A6EEE55A37EE457A37EEC70A002D01DC06
:10F35000B1EE400ABDEC048B38BDBDEC048B70EE01
:10F36000407A87EEA70A38BDBDEC048B9FED310AC9
:10F370009FED327A27EE800AA7EE870A38BDA0EE0D
:10F38000060A9FED2F7ADFED2D7AF0EE006AA0EEEF
:10F39000267A37EEC70AD9E720EE007ADFED1B6A3E
:10F3A0009FED196ADFED1B5A9FED195ADFED1A4ADE
:10F3B000A7EE266ABDEC048BE6EE075ADFED186A6D
:10F3C0009FED186AE7EE056AE5EE874AA6EE876AC2
:10F3D0009FED155ADFED155ADFED106AA4EE875A3E
:10F3E000E6EE075AE5EE076AB7EE006AA5EE876A11
:10F3F00026EE877AC7EE066AE0EE267AB0EE670A56
:10F4000038BD00BFCAF24971047F4F3A08EF113886
:10F410002EC69D3D461124BDA80A4E3EABAA2A3EEB
:10F42000613330BF2D57014090B0A6BE39D119C00D
:10F430009999793F2EBD3BB3DB0F493FDB0FC93FA5
:10F440002EBD3B3310B582B0CDED010A019B23F0F8
:10F450000042B2F1FF4FF0EE407A30D810EE100AC1
:10F4600020F00041B1F1FF4F29D8B3F17E5F3ED0CB
:10F470009C1704F0020444EAD07431B37AB3B2F1B9
:10F48000FF4F3FD0B1F1FF4F29D0891AB1F1F45F9E
:10F490004FEAE15233DA002B41DA3C323FDA9FED9A
:10F4A000330A012C4DD0022C42D064B19FED307A4A
:10F4B000DFED307A30EE070A30EE670A03E09DEDAB
:10F4C000017A37EE270A02B010BD022C0CD09FED56
:10F4D0002A7A032C08BFB0EE470A02B010BD0028FC
:10F4E0000ADB9FED260AEEE79FED220AEBE702B06A
:10F4F000BDE8104000F07CBA9FED210AE3E79FEDE4
:10F500001F0ACEE7B1F1FF4F04F1FF3420D0022CE7
:10F5100026D81C4B03EB840393ED000AD3E79DED43
:10F52000017A87EE870AFFF70DFC00F061FAB8E771
:10F530009FED0F7ADFED0F7A30EE070A37EEC00A43
:10F54000C1E710EE103A03F1004300EE103ABAE7BB
:10F55000022C08D80C4B03EB840393ED000AB2E7AE
:10F560009FED020AAFE79FED090AACE7000000003B
:10F570002EBDBB33DB0F4940DB0F49C0DB0FC93F5A
:10F58000DB0FC9BF9C210108A8210108DB0F493FFF
:10F5900010EE102A32F000432FD0002A134633DB3E
:10F5A000B2F1FF4F40DAB2F5000F34DB4FF0000C40
:10F5B0006448C3F31601084400F4000282F07E524E
:10F5C0000A43DB1500EE102A7F3B5F4A634401F1DA
:10F5D0000F0CF7EE007A0CEA020230EE670A03EB3A
:10F5E000D05322BBB5EE400AF1EE10FA62D1002BE7
:10F5F00040F090809FED550A70479FED557ADFED02
:10F60000537A87EE270A704770EE407A9FED4F7A63
:10F6100087EE870A7047DFED4F7A60EE277A6FF04A
:10F62000180C17EE903AC3E730EE000A7047F0EE80
:10F63000007A70EE277A07EE103A80EE274A4648A5
:10F64000C1F55712084402F522720243002A9FEDC9
:10F65000433ADFED434ADFED435ADFED433A9FED96
:10F66000435ADFED437ADFED436A24EE046AF8EE95
:10F67000C72A26EE067AE7EE034AA7EE235AE4EEFF
:10F68000875AE5EE076AE5EE877A67EE867AE6EE58
:10F69000877A2ADDB6EE007A20EE077A27EE007A26
:10F6A00077EE877A67EE847A3BBB37EE677A30EE87
:10F6B000470A70479FED307AF6EE007AE0EE477A1F
:10F6C00020EE007A27EE277A002BF0D007EE903A52
:10F6D0009FED2A6ADFED2A6AF8EEE77AA7EEC67A8E
:10F6E00037EE400A97EEA60A704770EE677A67EE2B
:10F6F000847AE3B930EE670A70479FED206ADFED48
:10F70000206AE2EE867A37EE677A37EE400A92EEAA
:10F71000A60A704707EE903A9FED180A9FED187AF7
:10F72000F8EEE77A27EE800AA7EE870A7047DFED4A
:10F73000136A9FED137AE2EEE67A37EEC00A92EE94
:10F74000870A704720FB4A00F0FF7F00000000009E
:10F75000000000CC0000004C305CCFFF9788173EC3
:10F7600025333A3E2549923E4FD01C3E298E633EBA
:10F77000ABAA2A3FCDCCCC3EABAAAA3ED1F71737D5
:10F780008071313F70B510EE103A8B4A23F000447F
:10F79000944286B0054671D9884A94421E4624D8C0
:10F7A00023F00042002BDFED867A864922F00F021B
:10F7B000B0EE407A40F3E6808A4270EE677A09BF85
:10F7C0009FED817ADFED816ADFED816A77EEC77A9E
:10F7D00037EEE67A77EEC77A80ED007A77EEE67A52
:10F7E000C0ED017A012006B070BD7A4A944253D927
:10F7F000B4F1FF4F49D2E215863AA4EBC25307EEAB
:10F80000903ABDEEE77ADFED746AB8EEC77A77EE2C
:10F81000C77A8DED037A67EEA67ABDEEE77AB8EE89
:10F82000C77A77EEC77A8DED047A67EEA67AF5EEA1
:10F83000407AF1EE10FACDED057A40F08E80B5EE0B
:10F84000407AF1EE10FA40F08A8001236349019179
:10F850000221009103A8294600F00AFA002EC2DA1C
:10F8600095ED007AD5ED017AB1EE477AF1EE677A3F
:10F8700085ED007AC5ED017A4042B4E7002285EDBE
:10F88000000A4260002006B070BD70EE407AC0ED04
:10F89000017AC0ED007AF5E7FFF754FA9FED507A50
:10F8A0009FED476AF6EE007AE0EE077A9FED477A21
:10F8B000FDEEE77AF8EEE76A17EE900AA6EEC60AC2
:10F8C0001F2866EE877AB1EE666A30EE677A1EDC34
:10F8D000444A411E26F0004352F8212023F0FF0342
:10F8E000934214D085ED007A30EE470A002E30EEB8
:10F8F000670A85ED010ABFF676AFB1EE477AB1EE41
:10F90000400A85ED007A85ED010A40426BE717EE6B
:10F91000103AC3F3C753C3EBD453082B4FEAE45256
:10F92000E0DD9FED297A9FED2A5AF0EE405AE6EE8F
:10F93000075A70EE657AE6EE077AD6EE857A35EEEE
:10F94000E77A17EE103AC3F3C753D21A192A08DC24
:10F95000B0EE650A85ED007AC6E7032376E7022359
:10F9600074E79FED217A9FED215AB0EE650AA6EE6D
:10F97000070A75EEC07AE6EE077AD6EE857A30EEA3
:10F98000677AAFE78A4270EE277A09BF9FED0E7A59
:10F99000DFED0E6ADFED0E6A77EE877A37EEA67A34
:10F9A00077EEC77A80ED007A77EEA67AC0ED017A1D
:10F9B0004FF0FF3017E700BFD80F493FE3CB1640A9
:10F9C000800FC93FD00FC93F004435374344353716
:10F9D00008A3852E800F494300008043342201088C
:10F9E00084F9223FB421010800A3852E32318D24F1
:10F9F00038B510EE105A25F00044B4F1A14FF0EEE6
:10FA0000407A07D3B4F1FF4F55D8002D77DD9FED35
:10FA10004E0A38BD4D4B9C425CD8B4F1445F4DD387
:10FA20004FF0FF3327EEA76A9FED495A9FED497AC1
:10FA3000DFED495ADFED494A66EE066A5A1CA6EE2A
:10FA4000857AE6EEA54A9FED465ADFED465AA7EEC7
:10FA5000265AE4EEA65A9FED447ADFED444AA5EE1D
:10FA6000267AE5EEA64A9FED425ADFED425AA7EE0E
:10FA7000265A9FED417AA4EEA67AE5EE265A27EEA5
:10FA8000267AA5EE867A27EE877A3BD03B493C4A18
:10FA900001EB8301D1ED006A37EE667A02EB830356
:10FAA000D3ED006A37EE677A002D36EEC70AB0DA7A
:10FAB000B1EE400A38BD30EE000A38BD9FED317A14
:10FAC00030EE077AF7EE006AB4EEE67AF1EE10FA5D
:10FAD000A6DD38BDFFF736F92B4B9C4215D8A3F5B0
:10FAE000D0039C4226D8F0EE007ABFEE007AA0EE5A
:10FAF000277A002330EE270AC7EE007A92E79FEDBF
:10FB0000230A38BD37EEC70A38BD214B9C420BD8BB
:10FB1000F7EE087AB7EE007AA0EE277A022330EEED
:10FB2000670AC0EE077A7DE7BFEE007AC7EE007A7B
:10FB3000032377E7F7EE007A30EE677A30EE270A94
:10FB40000123C7EE007A6DE7DB0FC93FFFFFDF3E01
:10FB5000D769853C59DA4B3D21A215BD6BF16EBDCD
:10FB6000356B883D95879DBD6E2EBA3D388EE3BDC1
:10FB70002549123EABAAAA3ECDCC4CBE4C2501086D
:10FB80005C250108CAF24971FFFF973FDB0FC9BF2F
:10FB9000FFFF1B4010EE103A33F000411A4625D00B
:10FBA000B1F1FF4F1FD213F0FF4F20D1DFED297AC3
:10FBB000294A60EE277A904217EE903A31DB4CF2F8
:10FBC000503CC3F3C75160451A46A1F1190114DD39
:10FBD000002BDFED227A9FED210AB8BFDFED207AFE
:10FBE00027EE800A704730EE000A704770474CF2EB
:10FBF000503C60454FEAD151EADC0144FE29E7DC84
:10FC0000002915DC11F1160F19DB193122F0FF4222
:10FC100042EAC15207EE902A9FED120A27EE800AAF
:10FC20007047DFED117A07EE103A27EE270A70478A
:10FC300022F0FF4242EAC15300EE103A7047002B17
:10FC4000DFED097A9FED080AB8BFDFED087A27EEED
:10FC5000800A70470000004CB03CFFFFCAF24971B7
:10FC6000CAF249F1000000336042A20D6042A28D49
:10FC70002DE9F04F2DED048BDBB01C469446039329
:10FC80000A46BA4B68991CF1040F53F8217082465A
:10FC900004F1FF39C0F25682BCF1030348BF0CF1F6
:10FCA0000403DB10029301334FEAC30EACEB0E03E7
:10FCB0000593029B17EB0900A3EB090316D401304F
:10FCC0009FEDAB7A699C18441EA9002BA4BF54F881
:10FCD000235007EE905A03F10103ACBFF8EEE77A28
:10FCE000F0EE477A8342E1EC017AEED1002FC0F2C8
:10FCF000E28203991EA800EB81004FEA81087E187A
:10FD0000002346AD4C460AEB8101B9F1000F80F2A9
:10FD1000C8800134B44245F8043B00F10400F4D13A
:10FD20000DF1280B0BEB8703CDE9062E043B9FED6D
:10FD3000929ADFED908A059804930AEB080446AE88
:10FD40000BEB87080097CDF820C00DEB8703002F41
:10FD500093ED460A4FEA870515DD73195A4660EEA2
:10FD6000097AB0EE407AFDEEE77A73ED016AF8EEBB
:10FD7000E77AB342A7EEE87A37EEA60ABDEEC77A75
:10FD8000A2EC017AEBD10190FFF704FFF4EE007AC8
:10FD9000B0EE408A20EE270A00F0B0FAF2EE007AC8
:10FDA000A0EE678A01980028FDEEC89AF8EEE97A7D
:10FDB00038EE678A40F38280791EC0F108035BF851
:10FDC00021E04EFA03FC0CFA03F3AEEB030EC0F194
:10FDD000070219EE903A4EFA02F26344002A09EE45
:10FDE000903A4BF821E000F3AF80B5EE408AF1EE97
:10FDF00010FA74D1009B9F420ADD5D44002355F840
:10FE0000041D454543EA0103F9D1002B40F002816E
:10FE1000009B013B5BF823207B1C9C46002A40F0A2
:10FE2000F780049A012152F8045D0131002DFAD0C7
:10FE30003944029D039A05EB030E0EF1804E699D35
:10FE40000EF1FF3E3A4405EB8E0E1EAD06EB830726
:10FE500005EB8205DEED017AF8EEE77AB9F1000FE5
:10FE60000EF1040EE5EC017ADFED417A09DB2A465A
:10FE70005346F3EC016A32ED017AA342E6EE877A4B
:10FE8000F7D10CF1010C8C45E7EC017AE2DD0F466D
:10FE90005BE70134B442E5EC017A00F104003FF481
:10FEA0003FAFDFED337A83465346F3EC016A3BED17
:10FEB000017A8B42E6EE877AF7D1EAE700F091808B
:10FEC000F6EE007AB4EEE78AF1EE10FA80F22981BC
:10FED000B5EE408AF1EE10FA4FF000028AD0924659
:10FEE000DDE9062EDDF820C00197AEEB0C00B0EE88
:10FEF000480A009F0092FFF74DFEDFED1E6AB4EE48
:10FF0000E60AF1EE10FADDE90023F0EE407AC0F2E5
:10FF10009C819FED197A059920EE077A0831BDEE94
:10FF2000C77A0591B8EEC77A5C1CE7EE667ABDEE3B
:10FF3000C77AFDEEE77A17EE901A4BF8231017EE0A
:10FF4000103A4BF824307EE00133002F09EE903A4E
:10FF500040F39D8159464FF0000E51F8043B002BB1
:10FF600039D0C3F5807341F8043C0CE098250108B2
:10FF700000000000000080430000803B0B68C3F1DC
:10FF8000FF0341F8043B0EF1010E7745F6DC012337
:10FF90009E4600280BDD012800F0BB80022806D118
:10FFA000791E5BF8213003F03F0C4BF821C0022A88
:10FFB0007FF41BAFB7EE000A734630EE488A002B81
:10FFC0003FF413AF09920190FFF7E4FD0198099AFD
:10FFD00038EE408A09E70EF1010E7745BDDC9E46FA
:10FFE000D7E77B1E5BF82320D211002A7FF7FDAEF6
:10FFF00019EE903A002F03F1010309EE903AA9DCC3
:020000040801F1
:10000000022A7FF4F2AEF7EE007A37EEC88AECE609
:1000100019460EE73B469246DDE905125C1EA1F14A
:1000200008005BF82410009F059061B903F180433C
:10003000013B0BEB8303014653F8040D013C0839E7
:100040000028F9D0059105980092B7EE000AFFF755
:10005000A1FD002C009AB0EE407AC0F22281601C13
:1000600046AD5FED3B6A81000BEB800305EB800042
:1000700073ED017AF8EEE77A5B4567EE877A27EE53
:10008000267A60ED017AF3D10DF1C8080E1F2E44D7
:10009000C646A4460025002F7DDBDFF85C92DFED2D
:1000A000957A3046002307E0F9EC016AB0EC017A5A
:1000B0009F42E6EE877A03DBAB4203F10103F3DDF7
:1000C0000CF1FF3CBCF1FF3FEEEC017A05F10105BC
:1000D000A6F10406E1D1689B022B6ADC002B36DC1A
:1000E0000ED1DFED847A414431ED017A414577EE5E
:1000F000877AF9D15346002B40F0C680C2ED007AD2
:1001000019EE903A03F007005BB0BDEC048BBDE83C
:10011000F08F791E5BF8213003F07F0C4BF821C083
:1001200045E719EE903A002F03F1010309EE903AEA
:10013000C8BF02223FF70EAFF7EE007A37EEC88A4B
:10014000022252E600234FF0080E0293AEE5DDEDE9
:10015000327A9FED687A414471ED016A414537EE8C
:10016000267AF9D15346002B40F0848077EEC77A87
:1001700082ED007A64B133A90123B1EC017A013335
:100180009C4277EE877AF8DA53460BB1F1EE677A44
:10019000C2ED017AB4E70CF1FF3C0023BCF1FF3F54
:1001A0004EF8043B05F10105A6F104067FF473AF98
:1001B00091E7689B032BA3D1002C00F08C8008EB07
:1001C000840595ED007AA0002B46294671ED017A51
:1001D000F0EE476A37EE277A414577EEC77A81ED30
:1001E000007A77EEA67AC1ED017AEFD1012C72D0B8
:1001F00095ED007A08F1040173ED017AF0EE476A9B
:1002000037EE277A994277EEC77A83ED007A77EE58
:10021000A67AC3ED017AEFD1031DDFED367A4344B0
:1002200008F1080833ED017A984577EE877AF9D11D
:100230005346DDED326A9DED337A73B9C2ED006A43
:1002400082ED017AC2ED027A5AE7FDEEC07A1C46D1
:1002500017EE901A4BF82310F5E6F1EE666AB1EE50
:10026000477AF1EE677AC2ED006A82ED017AC2ED5B
:10027000027A45E7F1EE476A77EEC77AC2ED006A87
:10028000002C7FF478AF81E7F1EE677A36E701283A
:1002900015D002287FF4B4AE0EF03F034BF82130A6
:1002A000AEE6689B022B12DC002B17DC7FF428AF34
:1002B000DFED107A1EE7039B4FEA830830E50EF06E
:1002C0007F03022A4BF821307FF48FAD9BE6689BB9
:1002D000032B7FF415AFDFED077AA9E75346DDED79
:1002E000327A1BB14FF0004313604FE700231360D5
:1002F0004EE700BF000000006C25010810EE102A38
:10030000C2F3C7537F3B162B22F000411BDC002BAE
:1003100010461EDB1A4919410A4223D0DFED197A33
:1003200070EE277AF5EEC07AF1EE10FA1ADD002AA7
:1003300004DA4FF4000242FA03F3184420EA0103FE
:1003400000EE103A7047B1F1FF4F0BD330EE000AC8
:100350007047DFED0C7A70EE277AF5EEC07AF1EE99
:1003600010FA00DC7047002A02DB9FED070A704795
:1003700011B99FED060A7047BFEE000AF2E700BF11
:10038000FFFF7F00CAF249710000000000000080FA
:10039000014B1868704700BF18030020830730B571
:1003A00046D08418844604E003F8011B9D0704D05E
:1003B0009C46A4456346F7D130BD013A0244A2EB06
:1003C0000C02032A29D9CCB204EB04240F2A04EB33
:1003D00004442FD9A2F1100C2CF00F0C03F11005DE
:1003E000AC44C3E90044C3E9024410336345F8D187
:1003F00012F00C0F02F00F0E18D02EF0030C9C44DC
:10040000AEF104051A4642F8044B6245FBD125F0D3
:10041000030404330EF003022344002ACCD0C9B2F3
:100420001A4403F8011B9342FBD130BD7246F4E736
:100430000346C6E79646E0E711F0FF01034600F0E9
:10044000030239D08ABB026810B501EB012E0EEB16
:100450000E4E8EEA0204A2F1013323EA0203A4F154
:10046000013222EA0402134313F0803F0FD150F807
:10047000044F84EA0E0CA4F10133ACF1013223EAFB
:10048000040322EA0C02134313F0803FEFD00378F9
:1004900023B936E010F8013F002B32D09942F9D150
:1004A00010BD8A4228D09A0729D01A7818460133FD
:1004B000002AF6D110467047CAB90268A2F101338A
:1004C00023EA020313F0803F08D150F8042FA2F171
:1004D000013323EA020313F0803FF6D003785BB1C7
:1004E00010F8013F002BFBD17047990705D0184643
:1004F00013F8012B002AF8D170471846DDE718469B
:10050000A1E7184610BD00BF024B58221A604FF0F9
:10051000FF307047B0200020024B58221A604FF085
:10052000FF307047B0200020FEE700BF2DE9F04704
:10053000089D0F4604468C46002B48D18A42164639
:1005400061D9B2FA82F34BB1C3F1200201FA03FC84
:1005500020FA02F29E4042EA0C0C9C404FEA164EF2
:10056000B7B2BCFBFEF1220C0EFB11CC42EA0C42EE
:1005700001FB07F0904209D9B21801F1FF3C80F06D
:10058000EE80904240F2EB8002393244121AA4B25B
:10059000B2FBFEF00EFB102244EA024400FB07F718
:1005A000A74209D9341900F1FF3280F0DA80A7425E
:1005B00040F2D7803444023840EA0140E41B002175
:1005C0001DB1DC400023C5E90043BDE8F0878B4244
:1005D00006D90DB1C5E9000100210846BDE8F08744
:1005E000B3FA83F1002948D1BB4202D3824200F220
:1005F0000781841A67EB030201209446002DE4D0A2
:10060000C5E9004CE1E7002A00F09280B2FA82F3DB
:10061000002B40F0A8808A1A4FEA164E1FFA86FC7B
:100620000121200CB2FBFEF70EFB172240EA02422A
:100630000CFB07F0904207D9B21807F1FF3802D23D
:10064000904200F2E2804746121AA4B2B2FBFEF0DA
:100650000EFB102244EA02440CFB00FCA44507D91F
:10066000341900F1FF3202D2A44500F2CB801046CB
:10067000A4EB0C0440EA0740A2E7C1F120068B403E
:1006800022FA06FC4CEA030C07FA01F420FA06F3FE
:10069000F7404FEA1C49234300FA01F81FFA8CFE89
:1006A000B7FBF9F01C0C09FB107744EA074400FB88
:1006B0000EF7A74202FA01F20AD91CEB040400F17A
:1006C000FF3A80F09B80A74240F298800238644451
:1006D000E41B9FB2B4FBF9F309FB134447EA04445B
:1006E00003FB0EFEA64509D91CEB040403F1FF37FA
:1006F00080F08280A6457FD9023B644443EA0040F3
:10070000A4EB0E04A0FB02E7BC427346B94663D3D8
:1007100060D05DB1B8EB030264EB090404FA06F69D
:1007200022FA01F31E43CC40C5E9006400214CE7E6
:100730006208480842EAC1710B0C43EA00438AB2DE
:1007400042EA0342B3FBF6F1E407B4463746B64645
:100750001F23B0FBF6F0D21B41EA004161E761467E
:1007600014E7104628E7C3F1200120FA01F29E4069
:1007700027FA01F19F403A434FEA164E1FFA86FCD2
:10078000B1FBFEF70EFB1710110C41EA004107FB0D
:100790000CF8884504FA03F43AD9711807F1FF30D0
:1007A00001D288451FD8A1EB0801B1FBFEF808FB78
:1007B0000CF70EFB181192B242EA0142BA422FD254
:1007C000B21808F1FF31C6D2BA42C4D2A8F1020170
:1007D0003244C0E7F0459CD2BEEB020367EB0C0746
:1007E0000138B94695E7A6EB08084144B81EB1FBAD
:1007F000FEF808FB0CF7DCE73B467FE7504667E76F
:100800000846FBE63444023832E7023F32441BE735
:10081000A1EB08013846B1FBFEF808FB0CF7C8E76E
:10082000414698E703685A004CBF43F0004323F069
:1008300000431844704700BF2DE9F04759B301F158
:10084000FF380546164647464FF0000A0AEB0701F7
:1008500001EBD171491005EBC1094846FFF7E2FFF2
:1008600088454FEAC104034610D004F10800B342A2
:10087000284407D8FFF7D6FF0138B04208D201F16B
:10088000010AE3E78A4506D04F1EDFE7B042F9D8F8
:100890004846BDE8F0874FF000094846BDE8F087BC
:1008A000012806D0022802D028B90448704704481D
:1008B0007047044870470020704700BF910F01083F
:1008C000A10F0108990F010830B5224B83B00446EF
:1008D0008D1E43B301A92846AFF30080F0B1019902
:1008E0002A46FFF7A9FF0146C0B1FFF79BFF4B68FF
:1008F000A064012B2BD0002B01F1040025DBFFF7B6
:1009000091FF002323650368E064002B12DBFFF7EF
:1009100089FF03460020236103B030BD0023092076
:10092000236103B030BD0C4B0C49C91AC9101846DD
:100930000191D5E7C3F30360FFF7B2FF031E0CBFBD
:1009400009200020236103B030BD0123DAE7002332
:100950000520E0E700000000D42501081427010865
:100960000368DA0710B5044606D49B0700F150006F
:1009700009D5FCF75DF82368590709D51A070ED584
:10098000DB0613D510BDFCF74BF823685907F5D4E7
:1009900004F1D800FCF754F823681A07F0D404F5E2
:1009A000AC70FCF755F82368DB06EBD404F5EC706B
:1009B000BDE81040FCF790B80346006800B1184449
:1009C000704700BF704700BF70B504460E46316CDB
:1009D0002046FFF779FF054688B9326C62612369CA
:1009E00032462146012098470828F0D0072806D132
:1009F0002846316CFFF7E6FF301DFCF705F800F0E4
:100A0000E5FD00BF2DE9F04F0D1DD0F80C90D0F89A
:100A100018A0074614460FCDADF5777D0DF10C0CEF
:100A2000ACE80F000FCDACE80F000FCDACE80F0025
:100A300095E80F0002AE4FF0000E8CE80F000DF5A8
:100A4000F878C6F800E021E0336C7B614FF4F47273
:100A500031464046FBF7A2FE3B69424639465846BE
:100A60009847D8F83830B3642146CDE9006A054686
:100A70003B4601203A46C847044618BB4FF4F4727F
:100A800041463046FBF78AFE082D19D1316C3846B5
:100A9000FFF71AFF093405465FFA84FB0028D3D01C
:100AA000B36BB3643A46CDE9006A3B464BF01001A4
:100AB0000120C84730B928460DF5777DBDE8F08F95
:100AC000072D05D0092528460DF5777DBDE8F08F67
:100AD0002046316CFFF776FF03A8FBF795FF00BFB8
:100AE000F0B5CB6BFBB001F1040C0B640F4605466F
:100AF000BCE80F0001AC0FC4BCE80F000FC4BCE899
:100B00000F000FC49CE80F004FF0FF3E84E80F0079
:100B10006E46CDF800E006E02B693246294698473C
:100B20000828044608D1316C2846FFF7CDFE00287E
:100B3000F2D009207BB0F0BD3046FFF711FF062C44
:100B4000F7D139462846FFF73FFF00BFC160D96B98
:100B50008261196400221946FFF754BF70B5C66858
:100B600043690B64AEB903690A4604460D46014663
:100B700002209847072805D008280FD1294620468B
:100B8000FFF722FF3046296CFFF71CFF281DFBF7FB
:100B90003BFF0122FFF736FF00F018FD00F016FDC5
:100BA000C26808B532B1CA6B0A64BDE808400022C9
:100BB000FFF728BFFFF794FF092008BD052915D8C6
:100BC000DFE801F00A031403030501207047009ACF
:100BD000436C13600020704743B90F2A06D800EB1E
:100BE000820200205368009A136070470220704709
:100BF00000B585B00A46002303A900911946FFF706
:100C0000DDFF039805B05DF804FB00BF052915D88A
:100C1000DFE801F00A031403030501207047009B7D
:100C20001B6843640020704743B90F2A06D8009B15
:100C300000EB82021B68536000207047022070475F
:100C400010B584B0002303AC039200940A46194601
:100C5000FFF7DCFF04B010BD2DE9F041D36BADF51B
:100C6000107D02F1040C136407460E46BCE80F0029
:100C70000DF15C0EAEE80F00BCE80F00AEE80F000F
:100C8000BCE80F00AEE80F009CE80F0016AC4FF078
:100C9000FF388EE80F006D46C4F8008010E0FFF7C3
:100CA000CFFF31462046B847034622460820294652
:100CB00083B92B699847052880460DD0092809D0AB
:100CC000216C2846FFF700FE03460C212A462046E9
:100CD000002BE4D04FF009082046FFF741FE4046C4
:100CE0000DF5107DBDE8F0812DE9F04F1646CA6C78
:100CF00089B00D4652F8041B069200F0030CE3B1D4
:100D00000C0C8DF81D400904E4B2059102EB84023D
:100D100002218DF81C10296DBCF1020F08BFAA6BCF
:100D200011F001080FD005A9304600F0CFFA0028D5
:100D300039D1082009B0BDE8F08F090205918DF87E
:100D40001D300321E5E71768002FECD000F0080103
:100D50000191E346CDF808809A46BAF1020F26D0F9
:100D60001788548802F10409AA6C24F001030F21AA
:100D7000304603EB0208FFF73BFF804515D827F00C
:100D8000010202EB0803834294BF002301236400A5
:100D900004F0020407F001072743012F0BD0022FB4
:100DA00050D0002F45D00920C4E70023EFE7546856
:100DB00002F10809D8E7BBF1000F73D1CBB1D9F824
:100DC0000430D9F80020991C4FEAD272EBD005F11B
:100DD00058040133049400F0CC8009F10400FFF7BB
:100DE000EBFD04AB01462846AFF30080002840F03D
:100DF000978009F108021768002FAED105A9304687
:100E0000DDF8088000F062FA0028CCD1B8F1000FBC
:100E10008FD00F213046FFF7EBFE0E210246304601
:100E2000FFF70EFF594A0F213046FFF709FF072051
:100E300080E7BBF1000F02D0002B40F0878009F162
:100E40000402D8E7D9F8004024F00048BBF1000FB5
:100E50000FD12BB1019B002B3CD0B8F1000F39D042
:100E6000002C01DA09F1040908F1010209EB820200
:100E7000C1E70D213046FFF7BBFE2F6A8742EFD155
:100E8000AB6A9945ECD100240423C5E90B434B44DC
:100E9000C5F828806B63D9F80030A34270DB0123CA
:100EA0000293E1E70D213046FFF7A2FE2C6A84424F
:100EB0009FD1AB6A99459CD14846FFF7B3FC0F21FF
:100EC00002463046FFF7BCFE2A4600213046FFF7B7
:100ED000B7FEACE705F15803CDF80CB009F10407F3
:100EE000B34600241E460BE038460496FFF764FD27
:100EF0000022014604AB2846AFF300800437F8B95E
:100F0000444504F10104EFD10D215846FFF770FE6E
:100F1000049BC5F828900246C5E90823062009E786
:100F200004460D213046FFF763FE049E2862022C22
:100F300004BFEE6205F12C06C5E909690620F9E651
:100F40005E46D9F80040DDF80CB089E74846FFF767
:100F500069FC09F104030446AB632846AFF3008043
:100F600000283FF420AF22460F213046FFF768FEED
:100F70005DE730460D21FFF73BFE26462862DBE7A2
:100F800008F1010209EB820097E700BF00000000B2
:100F90000023FFF7A9BE00BF0123FFF7A5BE00BFD6
:100FA0000223FFF7A1BE00BF2DE9F0410646C4B001
:100FB0001446052908D8DFE801F016300773980BAE
:100FC0003A19102A40F2B780022044B0BDE8F081FF
:100FD000836B002CF8D153F8042B42648363002008
:100FE00044B0BDE8F081002BEED1856B1FFA84FC84
:100FF000012006F1040E00FA03F111EA0C0F2A4653
:1010000004D052F8041B4EF8231015460133102B60
:10101000F1D1A004E3D4B563E1E7012B4FEA144713
:10102000A4B2CDD0052BCFD107EB0408B8F1200F27
:10103000CAD80F2F40F2BD80002CD0D002685107D3
:10104000A04600F11B81019302AC2046FBF7FCFC9B
:10105000D6F838C0019B102F4FF0FF3239464FF0C1
:10106000020E38BF102118FB0E2E04EBC10184398B
:101070007246604650F8045B41F8045F013A551C23
:10108000F8D10CF1040C012B0CEB8E0200F0D58092
:101090000F2FB26340F2FA802046FBF7D1FC9EE7A7
:1010A000032B91D1A7B207EB1443102B4FEA144442
:1010B0008AD80368190700F1A38022AD2846FBF700
:1010C000E9FC7A00B06B05EBC404531E42B1011B6E
:1010D000625844F8042B013B5A1CF9D100EBC700BD
:1010E000B0632846FBF7B4FC79E7002B7FF46CAFC4
:1010F000102C3FF669AF0368D80679D422AD284694
:10110000FBF7F4FCB76B294600234FF0010C0CFAF7
:1011100003F22242384603F1010303D050F8042BB6
:101120000A600746042B01F10401F0D1B763284699
:10113000FBF7D2FC53E7102F3FF446AF0268D1070C
:1011400008D5304622F0030240F8502B0193FBF7FC
:101150006BFC019B019322AD2846FBF765FCD6F89A
:1011600038C0002C6BD0019B4FF0000802214FF0DB
:10117000FF3214FB012E05EBC701043972466046AD
:1011800050F8044B41F8044F013A541CF8D10CF1CB
:10119000040C0CEB8E0CB8F1000F39D1012B4ED0A2
:1011A0000F2FC6F838C03FF61AAF2846FBF740FCB1
:1011B00015E70268B8F1100F02F001012AD851B109
:1011C000304622F0010242F0020240F8502B019317
:1011D000FBF732FC019B019322AD2846FBF72CFC68
:1011E000019B002CE1D0D6F838C04FF00008BDE7D5
:1011F00023F01003336006F5EC70FBF777FC7DE716
:1012000023F00803036000F5AC70FBF743FC54E7E0
:1012100002AC20E7D1B9550726D422AD2846019368
:10122000FBF70AFC02A8FBF70FFCA8F11008D6F8A0
:1012300038C0019BC7F1100498E7944622AD0CF129
:101240000403B3632846FBF7EBFBC8E622F0010278
:1012500042F0020240F8502B0193FBF7EDFB32689D
:10126000019B12F0040FD8D0304622F0040240F85F
:10127000D82B0193FBF7E8FB019BCEE722F0040299
:1012800040F8D82B0193FBF7DFFBDDE622A8FBF744
:10129000CFFB01E7027A03467AB9427AA2B14168EC
:1012A000013A10B44272086803220C1D1A7202023D
:1012B0005C60000E10BC1A6070470068013A1A7238
:1012C00002021A60000E7047B02070472DE9F0430B
:1012D000064685B00D4600272846FFF7DBFFB028FD
:1012E000044600F0218103065ED500F0F003A02B38
:1012F0001DD033D8802B00F08780902B2AD100F0AE
:101300000D030D2B26D00DF10808002300F00F026D
:101310001946CDF800803046FFF750FC0023CDF889
:1013200000800D2219463046FFF770FCD4E7C34316
:1013300003F007034FF47F621A41010702F47F6252
:1013400001D542F48042002319463046FFF72CFEB7
:101350000028C1D0092005B0BDE8F083B02B68D0CB
:10136000C02B3FD1C62800F0CC80C72800F0DF801A
:1013700000F0F803C02B00F0EC80C82800F0F780E4
:10138000C928E7D12846FFF785FF020300F00F00C8
:1013900002F4702201300243012105233046FFF799
:1013A00003FE002898D0D5E78300DBB203F10408E0
:1013B0000DF1080900231946CDF800900D223046A2
:1013C000FFF7FCFB029ACDF8009060064CBFA2EB41
:1013D000080242440023029219460D223046FFF7CC
:1013E00015FC79E700F0F803D02BB3D100F0070229
:1013F0000132052342F4002201213046FFF7D4FDDB
:1014000000283FF469AFA5E72846FFF743FF240211
:101410002043B0F5004F9DD004010023A2B219462D
:101420003046FFF7C1FD002894D1C4F3C030074314
:1014300052E7A0F1B103042B00F2B580DFE803F01E
:101440005729160C030003AA0023009219460D2207
:101450003046FFF7B3FB3FE700231A46052130462D
:10146000FFF7A2FD00283FF437AF73E72846FFF7E8
:1014700011FF020300F00F00013002F4702201237B
:10148000024319463046FFF78FFD00283FF424AF92
:1014900060E700230DF108090D221946CDF80090F0
:1014A0003046FFF78BFB2846FFF7F4FE0206029C4E
:1014B0004FF002080CD500F07F0000FA08F0044459
:1014C00028460294FFF7E6FE030608F10708F2D467
:1014D00000FA08F004F50174204400230290CDF8CE
:1014E00000900D2219463046FFF790FBF4E628469F
:1014F000FFF7D0FE431EDBB20E2B02467FF623AF72
:1015000028E72846FFF7C6FE020300F00F0001306F
:1015100002F470220323024319463046FFF744FDCC
:1015200000283FF4D9AE15E76FB3002013E7284633
:10153000FFF7B0FE431EDBB20E2B02463FF60AAFAA
:10154000002304213046FFF72FFD00283FF4C4AEEE
:1015500000E700F00F020132032342F42022194673
:101560003046FFF721FD00283FF4B6AEF2E62846EC
:10157000FFF790FE00F0F00200F00F03103201338D
:1015800043EA023208E702AC3B46394600940E2299
:101590003046FFF713FB0F2200943B463946304696
:1015A000FFF734FBC1E700F0FC03B42B3FF4D2AEED
:1015B00000F007020132012342F4002219463046AE
:1015C000FFF7F2FC00283FF487AEC3E608B506201B
:1015D00000F004F80120FEF7A7FF00BF38B5144B58
:1015E0001F281D681ED8D5F83821044662B152F86C
:1015F00020304BB1012B05D0591C0FD0002142F8EF
:1016000020109847002038BD284600F029F82246CF
:1016100001462846BDE8384000F00CB816232B6080
:10162000012038BD16232B604FF0FF3038BD00BFBE
:101630001803002070B50C46084D034600262046CE
:1016400011461C462E60FEF767FF431C00D070BD9C
:101650002B68002BFBD0236070BD00BFB0200020A2
:10166000FEF752BF414552543132333435363738A4
:10167000616263646566676800524F4C4C3B504939
:101680005443483B5941573B414C543B506F733B8B
:10169000506F73523B4E6176523B4C4556454C3B26
:1016A0004D41473B56454C3B000000000000000008
:1016B0000B200108000000000100000010200108BC
:1016C00001000000020000001720010802000000D5
:1016D00003000000202001080300000004000000B7
:1016E0002620010805000000050000002B2001084D
:1016F0000600000006000000352001080700000079
:10170000070000003E20010808000000080000005B
:1017100047200108090000000900000050200108CE
:101720000A0000000A0000005A2001080B00000017
:101730000B000000642001080C0000000C000000F9
:101740006E2001080D0000000D0000007620010849
:101750000E0000000E0000007E2001080F000000B7
:101760000F0000008620010810000000100000009B
:101770008F200108110000001100000096200108D0
:101780001200000012000000A02001081300000059
:1017900013000000A820010814000000140000003D
:1017A000B32001081500000015000000BA20010850
:1017B0001600000016000000C120010817000000FC
:1017C00017000000C92001081800000018000000E0
:1017D000D12001081900000019000000D9200108DB
:1017E0001A0000001A000000E32001081B0000009E
:1017F0001B00000000000000FF00000001000102CB
:1018000000010300010400010500010600010700BA
:10181000010800010900010A00010B00010C01038D
:101820000D00010E00010F00011000011100011256
:1018300000011300011400010008004800400102EB
:101840000008004800200102000800480080010252
:1018500000000048100001020000004820000102C2
:101860000000004840000102C59500669C00000091
:101870000000000080250000004B000000960000E2
:1018800000E1000000C201000084030090D00300CA
:1018900000040040000000484000001D0102060254
:1018A00000040040000000488000041D01020702FF
:1018B00000000040000400480004081C01020A0166
:1018C000000000400004004800080C1C01020B014D
:1018D00000000040000000480200041C0102010159
:1018E00000000040000000480100001C010200014F
:1018F000002C0140000000480001001B000A0806FF
:10190000801901086C1901086A1901086819010891
:101910000000803F000080BF0000803F000080BFCB
:101920000000803F000080BF000080BF0000803FBB
:101930000000803F0000803F0000803F0000803FAB
:101940000000803F0000803F000080BF000080BF9B
:10195000000400480000004800000048000400485F
:101960000004004800040048FFFFFFFF00030103DC
:101970000203030304010503060307030804FFFF32
:101980000003010302030303040205030603070324
:1019900008040903FFFF000000A24A040001000040
:1019A00001000000AB1E0108ED200108020100004B
:1019B000981E0108FD20010803020000951E010881
:1019C0000D21010804030000901E010815210108E3
:1019D000050400008B1E01081821010806050000FF
:1019E000821E01081F210108070600007F1E010852
:1019F0002E210108080700007C1E01083B21010878
:101A000009080000C8190020000000000A090000B1
:101A1000791E0108432101080C0A0000741E010808
:101A20004A2101080D0B00006F1E01085A21010810
:101A30000E0C0000601E01086F2101080F0D000050
:101A4000C8190020000000000B0E00005C1E0108F9
:101A50007A210108100F0000571E01088821010893
:101A60000000000001020304010203040607080944
:101A7000010002000400060008000A000C0010002B
:101A80002000400080000001000000000000000075
:101A900000000048000100000000020000040048AF
:101AA00004000000000004000004004840000000A2
:101AB0000000040000040048800000000000040052
:101AC00000040048008000000000040000040048FA
:101AD0000040000000000400000400480020000056
:101AE0000000040000040048001000000000040092
:101AF0000000004810000000000002000000004844
:101B0000002000000000020000000048004000002B
:101B10000000020000040048100000000000040063
:101B200000040048200000000000040000000048FD
:101B3000200000000000020000040048080000002F
:101B400000000400000000480080000000000200C7
:101B500000000048080000000000020000000048EB
:101B60000400000000000200956400089164000871
:101B7000996400080A000000050000000000000051
:101B800005000000000408012567000885660008BC
:101B9000B9660008F5660008E98E0008DF660008EF
:101BA000ED8E0008000000000000004F000000075C
:101BB000000700147F147F14242A7F2A122313089D
:101BC000646236495522500005030000001C224182
:101BD000000041221C0014083E081408083E0808B2
:101BE000005030000008080808080060600000206D
:101BF000100804023E5149453E00427F40004261C8
:101C00005149462141454B311814127F1027454553
:101C100045393C4A4949300171090503364949496A
:101C200036064949291E00363600000056360000A7
:101C30000814224100141414141400412214080240
:101C400001510906324979413E7E1111117E7F49C9
:101C50004949363E414141227F4141221C7F494949
:101C600049417F090909013E4149497A7F0808082D
:101C70007F00417F41002040413F017F0814224105
:101C80007F404040407F020C027F7F0408107F3E6F
:101C90004141413E7F090909063E4151215E7F09CC
:101CA000192946464949493101017F01013F404018
:101CB000403F1F2040201F3F4038403F631408141E
:101CC0006307087008076151494543007F4141009F
:101CD00002040810200041417F0004020102044078
:101CE00040404040010204000020545454787F4892
:101CF0004444383844444420384444487F38545499
:101D00005418087E090102064949493F7F08040426
:101D10007800447D40002040443D007F102844006E
:101D200000417F40007C0418047C7C08040478385F
:101D3000444444387C14141408081414187C7C0897
:101D40000404084854545420043F4440203C40407C
:101D5000207C1C2040201C3C4030403C4428102863
:101D6000440C5050503C4464544C440008364100EC
:101D700000007F0000004136080002010204023E1C
:101D80005555412200000000000000790000182491
:101D9000742E24487E4942405D2222225D15167C25
:101DA000161500007700000A55555528000100015E
:101DB00000000A0D0A0408142A1422040404041C56
:101DC00000080808000101010101000205020044A9
:101DD000445F444400000402017E2020103E060FB0
:101DE0007F007F00181800000040502000000A0DFE
:101DF0000A0022142A14081708342A7D1708046AD6
:101E000059304845402042004200427E4200420094
:101E10007E7E0042007E7E7E42007E7E7E7E007E52
:101E20007E7E7E7E5A0000005A5A4040405A7A60B8
:101E300060607A7A7070707A7A7878787A7A7C7C56
:101E40007C7A7A7E7E7E7A0000000000000000012D
:101E50000203040607080900F50A05FF00640AFFEB
:101E60000405040508050F05080504050405FF140D
:101E70000F2305FF05050505FF0A0AFF1932FF328A
:101E800002FF05050F0505050F1EFF1E050505FFD1
:101E90000F050F05FF3232FF0A0A0A0A0A28280A2C
:101EA000280A28280A0A0A0A0A46FF140A140A14E9
:101EB0000AFF444556207C00202020207C005258F8
:101EC00020207C007C2041524D007C2020202000DE
:101ED000204143432043414C2000204D41472043B3
:101EE000414C2000204C4F572042415420002052AA
:101EF00058204C4F53532000202043524153482038
:101F000020004E4F54205245414459002020524554
:101F1000414459202000494E20464C49474854002E
:101F2000202020202020202020007C2025642E2519
:101F300064002530326C75203A002530326C750013
:101F400050203A2025642020200052203A20256489
:101F50002020200059203A202564202020007020D5
:101F60003A2025642020200054203A202564202097
:101F700020004145545231323334004D41474953DA
:101F8000205632005052494D555320583220763158
:101F900000323032352D31302D31300031303A328F
:101FA000323A303900302E302E30000C010200055C
:101FB0000403005052494D55535F58325F7631004B
:101FC0004D41474953563200257320666F722025D4
:101FD000730042792044524F4E41204156494154AA
:101FE000494F4E00302E32342E3000322E332E30F8
:101FF0000046573A2573207C204150493A2573000A
:102000004275696C64203A2025730041524D3B00B3
:10201000414E474C453B00484F52495A4F4E3B00BA
:102020004241524F3B004D41473B004845414446E9
:102030005245453B004845414441444A3B004341E9
:102040004D535441423B0043414D545249473B009C
:1020500047505320484F4D453B0047505320484F71
:102060004C443B0050415353544852553B00424569
:10207000455045523B004C45444D41583B004C4572
:10208000444C4F573B004C4C49474854533B00434A
:10209000414C49423B00474F5645524E4F523B0040
:1020A0004F53442053573B0054454C454D455452E3
:1020B000593B004754554E453B00534F4E41523B10
:1020C00000534552564F313B00534552564F323B19
:1020D00000534552564F333B00424C41434B424F15
:1020E000583B004641494C534146453B00475952F5
:1020F0004F5F43414C494252415445440052585F5E
:102100004C4F53545F4C414E44494E470052585F28
:102110004C4F53540044495341524D494E4700419E
:10212000524D494E475F4750535F46495800424120
:10213000545F435249545F4C4F57004241545F4CE7
:102140004F570052585F534554004143435F43414A
:102150004C4942524154494F4E004143435F434131
:102160004C4942524154494F4E5F4641494C0052FE
:10217000454144595F424545500044495341524D01
:102180005F5245504541540041524D4544000000C6
:10219000000000000000004B000000CB00000080A9
:1021A000DB0F4940DB0F49C0DB0F49BFE4CB1640D2
:1021B000E4CB16C0000FC93F000F494000CB96404A
:1021C000000FC9400053FB4000CB164100ED2F41EA
:1021D000000F49410031624100537B41003A8A417E
:1021E00000CB9641005CA34100EDAF41007EBC41B5
:1021F000000FC94100A0D5410031E24100C2EE41CB
:102200000053FB4100F20342003A0A4200831042AD
:1022100000CB164200141D42005C234200A5294257
:1022200000ED2F4200363642007E3C4200C742425B
:10223000000F4942A2000000F900000083000000E6
:102240006E0000004E000000440000001500000079
:1022500029000000FC0000002700000057000000DB
:10226000D1000000F500000034000000DD00000097
:10227000C0000000DB0000006200000095000000CC
:10228000990000003C0000004300000090000000A6
:1022900041000000FE00000051000000630000004B
:1022A000AB000000DE000000BB000000C500000025
:1022B00061000000B7000000240000006E00000074
:1022C0003A000000420000004D000000D200000073
:1022D000E000000006000000490000002E000000A1
:1022E000EA00000009000000D10000009200000098
:1022F0001C000000FE0000001D000000EB000000BC
:102300001C000000B100000029000000A700000030
:102310003E000000E80000008200000035000000E0
:10232000F50000002E000000BB000000440000008B
:1023300084000000E90000009C0000007000000024
:1023400026000000B40000005F0000007E000000D6
:10235000410000003900000091000000D60000009C
:102360003900000083000000530000003900000025
:10237000F40000009C000000840000005F000000EA
:102380008B000000BD000000F900000028000000E4
:102390003B0000001F000000F80000009700000054
:1023A000FF000000DE0000000500000098000000B3
:1023B0000F000000EF0000002F00000011000000DF
:1023C0008B0000005A0000000A0000006D000000B1
:1023D0001F0000006D000000360000007E000000BD
:1023E000CF00000027000000CB0000000900000023
:1023F000B70000004F000000460000003F00000052
:10240000660000009E0000005F000000EA0000007F
:102410002D0000007500000027000000BA00000039
:10242000C7000000EB000000E5000000F100000024
:102430007B0000003D0000000700000039000000A4
:10244000F70000008A000000520000009200000027
:10245000EA0000006B000000FB0000005F000000CD
:10246000B10000001F0000008D0000005D000000B2
:1024700008000000560000000300000030000000CB
:1024800046000000FC0000007B0000006B00000024
:10249000AB000000F0000000CF000000BC00000016
:1024A000200000009A000000F40000003600000048
:1024B0001D000000A9000000E300000091000000E2
:1024C000610000005E000000E60000001B0000004C
:1024D0000800000065000000990000008500000071
:1024E0005F00000014000000A00000006800000071
:1024F000400000008D000000FF000000D800000038
:10250000800000004D000000730000002700000064
:102510003100000006000000060000001500000069
:1025200056000000CA00000073000000A800000070
:10253000C900000060000000E20000007B00000015
:10254000C00000008C0000006B0000006937AC3157
:1025500068212233B40F14336821A2333863ED3E6F
:10256000DA0F493F5E987B3FDA0FC93F0000C93F51
:102570000000F0390000DA370000A2330000842E9A
:102580000000502B0000C2270000D0220000C41F12
:102590000000C61B000044170400000007000000F4
:0425A000090000002E
:1025A400C9280181B0B0AF8100000000C9300181A9
:1025B400B0B0AF8000000000C90A0181B0B0AF879D
:1025C4000000000008B10181B0B0008400000000E8
:1025D400ECDBFE7F0100000034F0FE7FC4FFFF7FD0
:1025E400380DFF7F01000000440DFF7FB0AF0A806B
:1025F400B01CFF7F01000000C022FF7FB0FFFF7FFF
:102604009C3BFF7F01000000BC3EFF7FB0A902801D
:102614001C3FFF7F01000000AE41FF7FB0B0AC80E3
:102624003042FF7F010000009C61FF7FB0B0A880B2
:10263400B861FF7FA908B180EC61FF7FB0B0A880CA
:102644000862FF7F01000000748BFF7FB0B0A88098
:10265400CC8BFF7F01000000048DFF7FAF08B180A9
:10266400A48DFF7F01000000CC90FF7FB0B0AA8052
:102674001C91FF7F01000000A8A5FF7F3CFFFF7FA6
:10268400E8C4FF7F010000003CE2FF7FB0A90280A4
:10269400CCE2FF7FB0B0A8801CE3FF7F0100000004
:1026A40024E3FF7FB0B0AA8058E3FF7FAF76B28007
:1026B4002CE4FF7FAB3F3A8090E4FF7F01000000F1
:1026C40098E4FF7FB0B0AA80D4E4FF7FF8FEFF7FD8
:1026D400E8E4FF7F010000007CE5FF7FAC0FB280DF
:1026E40004E6FF7FB0AF0880A4E8FF7F010000008C
:1026F400B4E8FF7FAC3F038098EBFF7F010000004C
:10270400C8EBFF7FB0AD0480C0EEFF7F0100000086
:042714006DEB000861
:10271800F401000064000000010100000000004016
:1027280002017800140553000101FFFF01000001B8
:102738000000000000010000000000000000000090
:102748001162000801010101FFFF01000000803F44
:102758000000000000000000000000000000803FB2
:102768000000000000000000000000000000803FA2
:10277800CDCC4C3ECDCC4C3EFD70000801FF000195
:10278800800101FF0101000001FF01014F0201FF6B
:102798000E01000301018401020A01030301040878
:1027A8000105C801060301078D0108080109C601D2
:1027B8000A01010B02010C00010DD5010E18010FD1
:1027C800120110010111820112000113D501141820
:1027D80001151301160301178601180A01190901C9
:1027E8001A08011BC2011C03011D8F011E0A011FCB
:1027F800060120010121020122000123D50124182C
:102808000125220126010127820128000129D5017D
:102818002A18012B0B012C28012D78012E28012FB5
:102828009101300001310B01320001330B013400FA
:102838000135A10136000137A00138000139040132
:102848003A28013B30013C0C013D04013E0F013F99
:102858007901402801411E01422F014387014400AC
:1028680001450B01460001470B0148000149A7013A
:102878004A00014BA6014C00014D04014E01014FD5
:10288800000150000151800152090153080154010F
:1028980001550001560F01577901580901590501E1
:1028A8005A00015B60015C05015DD1015E0C015FAE
:1028B8003C0160000161D001620B016303016428DF
:1028C80001651001662A01673901680B0169020177
:1028D8006A28016B10016C2A016D61016E0C016F91
:1028E8000001700F01717901720001730B0174000E
:1028F80001750B0176000177A10178000179A0012B
:102908007A00017B0401FF0401791D017B270196F0
:102918000E0197FE0198030199EF019A02019B4469
:1029280001730701700101FF0101000101FF0000AF
:10293800000001FF0101000001FF00010900011072
:10294800000111000124010125FF01750001FF01AB
:10295800014E2C01480001302001FF00013009011F
:10296800540001310401320301408301462501600E
:102978000001270001500601510001529601560836
:102988000157300161000162000164000165000126
:1029980066A001FF010122320147140149FF014AE3
:1029A8000001FF00017A0A017B0001782101FF0183
:1029B8000123340142000144FF0145260146050177
:1029C8004040010E0601201A01434001FF00013476
:1029D8000301354401FF01013104014B09014C0594
:1029E800014D0401FF000144000145200147080191
:1029F80048280167000170040171010172FE017627
:102A08000001770001FF01010D0101FF00018001B4
:102A18000101F801FF01018E0101000101FF000120
:102A280080000000000000002003002000000000DB
:102A380000000000781F0020E01F00204820002030
:102A4800000000000000000000000000000000007E
:102A5800000000000000000000000000000000006E
:102A6800000000000000000000000000000000005E
:102A7800000000000000000000000000000000004E
:102A8800000000000000000000000000000000003E
:102A9800000000000000000000000000000000002E
:102AA800000000000000000000000000000000001E
:102AB800000000000000000000000000000000000E
:102AC80000000000000000000100000000000000FD
:102AD8000E33CDAB34126DE6ECDE05000B000000C2
:102AE80000000000000000000000000000000000DE
:102AF80000000000000000000000000000000000CE
:102B080000000000000000000000000000000000BD
:102B180000000000000000000000000000000000AD
:102B2800000000000000000000000000000000009D
:102B3800000000000000000000000000000000008D
:102B4800000000000000000000000000000000007D
:102B5800000000000000000000000000000000006D
:102B6800000000000000000000000000000000005D
:0400000508000000EF
:00000001FF
